norm_name,verdict,division,season,clubs
aadit bhatia,auto-merged,club,2025,roundhouse; u54
aahil keshwani,auto-merged,college,2023,california-san diego-b (air squids lite ); california-san diego-c (air squids select)
aakash davasam,auto-merged,college,2023,california-san diego-b (air squids lite ); california-san diego-c (air squids select)
aaron barcio,auto-merged,club,2017,swangos; texas swing
aaron barcio,auto-merged,club,2021,clutch; joe sefton's little heroes
aaron bartlett,auto-merged,club,2019,foggy bottom boys; watchdogs
aaron bartlett,auto-merged,club,2021,nain rouge; truck stop
aaron coleman,auto-merged,club,2022,low point; powderhogs
aaron ginsburg,auto-merged,college,2026,dayton (flud); dayton-b (ud flud b)
aaron leitschuh,auto-merged,club,2022,raptor; reptar
aaron leitschuh,auto-merged,club,2023,bloomin' reptars; raptor
aaron li,split,college,2026,california-davis (davis dogs); toronto (tula)
aaron liu,split,college,2022,boise state (mamu zaldi); georgia tech-b (tribe); virginia-b (night train b)
aaron liu,split,college,2023,boise state (mamu zaldi); virginia-b (night train b)
aaron maymin,auto-merged,club,2019,festive salmon; overcast
aaron maymin,auto-merged,club,2021,bartle boys; sawtooth
aaron miller,auto-merged,club,2026,bodega cats; long island riff raff
aaron monahan,auto-merged,club,2022,fungi; spicey-freshman
aaron moredock,auto-merged,club,2018,duel; johnny walker
aaron reynolds,auto-merged,club,2019,hail mary; richmond floodwall
aaron richards,auto-merged,club,2023,jen city executives; kalakala wiffleball club
aaron rosenthal,auto-merged,club,2022,redwolves; truck stop
aaron shelton,auto-merged,college,2026,cal poly-slo-b (slob); cal poly-slo-c (sloc)
aaron smith,auto-merged,college,2023,messiah (falcons); oklahoma christian (eagles)
aaron wei,auto-merged,club,2024,cash crop 2; raleigh-durham united
aaron wida,auto-merged,club,2021,fungi; icy boyz
aaron wida,auto-merged,club,2022,fungi; icey boyz
aaron wynmor,auto-merged,club,2017,cash crop; triforce
aarush panda,auto-merged,club,2025,east bay earthworms; pittsburgh stealers
abe gambert,auto-merged,club,2026,dreadnought; warao
abe mckay,auto-merged,club,2017,bayonet; green river swordfish
abe passman,auto-merged,college,2022,tulane (tucks); tulane-b (tulane b)
abhinav burju,auto-merged,club,2025,a la carte-b; dallas delinquents
abraham frolichstein-appel,auto-merged,college,2024,wisconsin-milwaukee (black cat); wisconsin-milwaukee-b (blackout)
abraham roisman,auto-merged,club,2025,hb woodlawn flatball club; virginia vortex
ace suasola,auto-merged,club,2024,blackfish; joe fisher
adam blake,auto-merged,college,2024,west chester (west chester (a)); west chester-b (west chester (b))
adam britt,auto-merged,college,2025,clemson (joint chiefs of waft); clemson-b (joint biefs)
adam burgess,auto-merged,club,2023,chain lightning; little red wagon
adam burgess,auto-merged,club,2025,chain lightning; little red wagon
adam choi,auto-merged,club,2017,ham; voodoo
adam cohen,auto-merged,club,2022,bartle boys; zyzzyva
adam croissant,auto-merged,club,2019,messengers-b; riverside
adam douillet,auto-merged,club,2022,bonsoon; monsoon
adam douillet,auto-merged,college,2023,arizona state (prime); arizona state-b (pleasure)
adam ehrenberg,auto-merged,club,2018,reddy 2 die line; town hall stars
adam flesher,auto-merged,college,2025,ave maria (gyrenes); ave maria-b (ave maria b team)
adam gunn,auto-merged,club,2017,ghost train; gravy train wreck
adam klopfenstein,auto-merged,club,2017,baemaker; haymaker
adam levine,auto-merged,club,2021,firemen; surly
adam meckstroth,auto-merged,club,2023,mallard; mallard x
adam miller,split,college,2024,georgia (jojah); johns hopkins (dangerzone); johns hopkins-b (dangerzone b)
adam norrbom,auto-merged,club,2017,foggy bottom boys; munch box
adam pomeranz,auto-merged,club,2024,beef depot; haze
adam reed,auto-merged,club,2025,atliens; town hall stars
adam richardson,auto-merged,college,2024,kansas (horrorzontals); kansas-b (kansas b (vertikills))
adam riley,split,club,2021,alibi; swans
adam rose,auto-merged,club,2025,"bgf sl,ut; fat stacks; zombie tidal wave"
adam stautberg,auto-merged,club,2019,mango tree; nain rouge
adam thornton,auto-merged,college,2024,cincinnati (bearcats); cincinnati -b (bearcats b)
adam venton,auto-merged,college,2025,wisconsin-b (fauxdags); wisconsin-c (daglets)
adam weingast,auto-merged,club,2023,citywide special; jawn
adam weiss,auto-merged,club,2018,medicine men; town hall stars
adam wright,auto-merged,club,2018,black market ii; blacker market
adam yates,auto-merged,club,2024,grand trunk; pipe
addison hanson,auto-merged,club,2017,bruises; somerville bag
addison hanson,auto-merged,club,2021,11th hour; inception
adin stoller,auto-merged,college,2024,dayton (flud); dayton-b (ud flud b)
adin stoller,auto-merged,college,2025,dayton (flud); dayton-b (ud flud b)
adin stoller,auto-merged,college,2026,dayton (flud); dayton-b (ud flud b)
adithya deepak,auto-merged,club,2022,big booty men; flying pig
aditya vunnum,auto-merged,club,2023,ursa; zyzzyva
admiral oreilly,auto-merged,college,2025,grand canyon (lopes); grand canyon-b (g-force)
adnan raslan,auto-merged,club,2019,cle smokestack; makawua
adrian cisneros,auto-merged,club,2021,fungi; spicy
adrian kieback,auto-merged,college,2023,san diego state (federales ); san diego state-b (bomberos)
adrian lin,auto-merged,club,2023,diy; scoop
adrian staples,auto-merged,club,2022,red squirrels; trout
advaith subramanian,auto-merged,college,2024,tulane (tucks); tulane-b (tulane b)
aeron skubic,auto-merged,club,2025,colorado cutthroat u-17 boys; colorado cutthroat u-20 boys two
agustin pace,auto-merged,college,2025,santa clara (scab); santa clara-b (scratch)
ahanu reiva,auto-merged,club,2023,false summit; iso atmo
aidan callahan,auto-merged,college,2022,oklahoma (apes of wrath); oregon state-b (oregon state b)
aidan catalano,auto-merged,college,2023,carnegie mellon (mr. yuk); carnegie mellon-b (poison control)
aidan cloos,auto-merged,college,2025,dayton (flud); dayton-b (ud flud b)
aidan cloos,auto-merged,college,2026,dayton (flud); dayton-b (ud flud b)
aidan comer,auto-merged,college,2023,south carolina (gamecock ultimate); south carolina-b (south carolina)
aidan gold,auto-merged,club,2024,adelphi (adelphi ultimate); long island riff raff
aidan hale,auto-merged,club,2025,mango tree-a; seven gills; souf
aidan helmberger,auto-merged,college,2024,wisconsin-eau claire (eauzone); wisconsin-eau claire-b (breauzone)
aidan obregon,auto-merged,club,2025,conspiracy theory; dangerous unidentified mystical beast; zoboomafoo
aidan oneill,auto-merged,club,2024,haymaker; haymaker x; roundhouse
aidan reedy-schneider,auto-merged,college,2023,california-san diego-b (air squids lite ); california-san diego-c (air squids select)
aidan williams,split,club,2021,butterflies; colorado cutthroat: youth club u-20 boys
aidan williams,split,club,2024,choice city hops; mort
aidan williams,split,college,2021,colorado state-b (hibida); depaul (duc)
aidan williams,split,college,2023,colorado state (hibida); georgetown (justice)
aidan williams,split,college,2024,colorado state (hibida); davenport (panthers); georgetown (justice)
aidan williams,split,college,2025,colorado state (hibida); davenport (panthers); georgetown (justice)
aidan williams,split,college,2026,davenport (panthers); georgetown (justice)
aiden burkhart,auto-merged,college,2026,denver (sourdough); denver-b (sourdough b team)
aiden fields,auto-merged,club,2025,nc brickhouse-upper; raleigh-durham united; ring of fire
aiden frank,auto-merged,club,2017,black market; black market x
aiden holman,auto-merged,college,2025,tennessee-chattanooga (swamp donkeys); tennessee-chattanooga -b (tennessee-chattanooga b)
aiden jacobs,split,college,2025,kansas (horrorzontals); lewis & clark (bacchus )
aiden jacobs,split,college,2026,kansas (horrorzontals); lewis & clark (bacchus )
aiden travers,auto-merged,club,2019,foggy bottom boys; hb woodlawn (hbw united)
aidyn rosochowicz,auto-merged,college,2024,south florida (scallywags); south florida-b (scourge)
aidyn rosochowicz,auto-merged,college,2025,south florida (scallywags); south florida-b (scourge)
aistis boertje,auto-merged,college,2023,suny-stony brook (panic); suny-stony brook-b (brick)
aj larson,auto-merged,club,2019,mallard; minnesota superior u20b
aj merriman,auto-merged,club,2018,foggy bottom boys; watchdogs
akash mcminnn,auto-merged,club,2024,amigos-jv; texas united
akifumi muraoka,auto-merged,club,2023,bunka shutter buzz bullets; goat
akos konkoly,auto-merged,club,2023,dinkytown doughboys; kenji's bbb; mallard
akram abudheer,auto-merged,club,2026,crypt; truck stop
alaister mcfarren,auto-merged,club,2024,on ramp; parking lot
alan chi,auto-merged,club,2024,dallas delinquents; lafayette street dogs
alan chi,auto-merged,club,2025,dallas delinquents; sprawl
alan flores,auto-merged,club,2024,sonoran dog; sonoran pups
alan huang,auto-merged,club,2026,cache valley high ground; souf
alan wu,auto-merged,club,2023,helots; pride of rowan newark
alan wu,auto-merged,club,2025,mbta; pennsylvania (void); rugrat knights-a
alan yuen,auto-merged,club,2024,oc crows; seven gills
albert lee,auto-merged,club,2023,shade; smoak (u20)
alden beck,auto-merged,college,2023,suny-stony brook (panic); suny-stony brook-b (brick)
alden rosakranse,auto-merged,club,2023,dirty laundry; python
alec bakholdin,auto-merged,club,2023,garden state ultimate; pride of rowan newark
alejandro (alex) perez,auto-merged,club,2023,mallard; mallard x
alessandro gibson,auto-merged,club,2023,trident iii; triiident
alessandro gibson,auto-merged,college,2023,illinois state (gnomes); illinois state-b (illinois state gnomes b)
alex ballentine,auto-merged,club,2024,banc; raleigh-durham united
alex berhosky,auto-merged,college,2024,ohio (trout); ohio-b (trout b)
alex burkhardt,auto-merged,college,2025,dayton (flud); dayton-b (ud flud b)
alex castillo,auto-merged,club,2021,beachfront property; satellite
alex caulfield,auto-merged,club,2017,big wrench; somerville bag; somerville youth
alex chen,auto-merged,club,2026,anchor; firefall
alex chen,auto-merged,college,2026,california-b (ursa minor); california-santa cruz-b (ucsc b (ooze))
alex cronin,auto-merged,club,2017,cerb werb-b; cerberus
alex dagostino,auto-merged,college,2022,stevens tech (stevens tech); stevens tech-b (stevens tech)
alex desouza,auto-merged,club,2019,daybreak; uproar
alex desouza,auto-merged,club,2021,bbb; choice city hops
alex dibetta,auto-merged,club,2018,bromintum; momintum
alex fernandez,auto-merged,club,2017,singlewide; texas two step
alex henderson,auto-merged,club,2019,brickyard; chicago machine
alex herman,auto-merged,college,2025,cal poly-slo-b (slob); cal poly-slo-c (sloc)
alex hughes,split,club,2025,forge; hazard
alex jacobson,auto-merged,club,2021,beachfront property; satellite
alex jenkins,auto-merged,club,2019,lantern; silence of the clams
alex liu,split,club,2019,deathsquad; dig; garden state ultimate
alex liu,split,club,2021,mad men; vault
alex liu,split,club,2023,chain lightning; little red wagon
alex liu,split,club,2024,black market; little red wagon; mad men
alex liu,split,club,2025,little red wagon; mad men
alex liu,split,club,2026,mad men; mint
alex liu,split,college,2021,brown (brownian motion); illinois (rise)
alex molkin,auto-merged,club,2017,black market ii; black market y
alex nelson,split,college,2021,cal poly-slo (slocore); central florida (dogs of war)
alex nelson,split,college,2022,cal poly-slo (slocore); central florida (dogs of war)
alex nelson,split,college,2023,cal poly-slo (slocore); central florida (dogs of war)
alex nelson,split,college,2024,cal poly-slo (slocore); central florida (dogs of war)
alex parikh-briggs,auto-merged,club,2024,battery; east bay earthworms
alex prodan,auto-merged,college,2023,san diego state (federales ); san diego state-b (bomberos)
alex schell,auto-merged,college,2022,villanova (main line ultimate); villanova-b (villanova b)
alex simmons,auto-merged,club,2018,sub zero; yeuth-and-age-sia
alex spring,auto-merged,college,2025,dayton (flud); dayton-b (ud flud b)
alex spring,auto-merged,college,2026,dayton (flud); dayton-b (ud flud b)
alex storrer,auto-merged,club,2024,mbta; scoop
alex straczek,auto-merged,club,2018,black market ii; blackest market
alex tam,auto-merged,club,2018,black market ii; blacker market; blackest market
alex tsvetkov,auto-merged,club,2023,dinkytown doughboys; kenji's bbb; mallard
alex turney,auto-merged,club,2023,puzzles; vault
alexander bork,auto-merged,college,2024,colorado-b (cucu); colorado-c (rooster tussle)
alexander brewster,auto-merged,club,2025,carbon; iso atmo
alexander chen,auto-merged,club,2025,chimney; rugrat knights-a
alexander daley,auto-merged,college,2024,charlottesville clownies; delaware (sideshow)
alexander davis,auto-merged,club,2017,cash crop; garden state ultimate
alexander hopp,auto-merged,club,2024,anchor; trout
alexander huynh,auto-merged,college,2026,south florida (scallywags); south florida-b (scourge)
alexander johnson,split,college,2023,colorado-b (cucu); colorado-c (rooster tussle)
alexander johnson,split,college,2024,colorado-c (rooster tussle); wisconsin-stevens point (homegrown)
alexander johnson,split,college,2025,colorado-b (cucu); texas tech (tumbleweed)
alexander johnson,split,college,2026,colorado-b (cucu); colorado-c (rooster tussle)
alexander kirages,auto-merged,club,2023,trident ii; trident iii
alexander lewis,split,college,2026,cal poly-pomona (cow ultimate); georgia southern (eagles)
alexander mcniel,auto-merged,club,2017,dallas united: desperados; texas two step
alexander oneil,auto-merged,college,2025,syracuse (doom); syracuse university-b (boom)
alexander prescott,auto-merged,club,2024,sonoran dog; sonoran pups
alexander roche,auto-merged,club,2022,big wrench; old fat and saggy
alexander rodriguez,auto-merged,club,2023,el niño; uproar
alexander thomas,auto-merged,club,2025,colorado cutthroat u-17 boys; colorado cutthroat u-20 boys two
alexander tovar,auto-merged,club,2022,hazard; zyzzyva
alexander truong,auto-merged,college,2024,british columbia (thunderbirds); british columbia -b (shipwreck)
alexander vasserman,auto-merged,college,2024,johns hopkins (dangerzone); johns hopkins-b (dangerzone b)
alexander von banck,auto-merged,college,2025,santa clara (scab); santa clara-b (scratch)
alexander von banck,auto-merged,college,2026,santa clara (scab); santa clara-b (scratch)
alexander vu,auto-merged,club,2025,oat; scoop
alexander webster,split,college,2023,florida gulf coast (eagles ultimate); texas a&m-b (dozen matter)
alexander webster,split,college,2024,florida gulf coast (eagles ultimate); texas a&m-b (dozen matter)
alexandre bedard,auto-merged,club,2024,furious george; team canada open
alif mohd-amir,auto-merged,club,2019,a-block; flying dutchmen
alistair lovekin,auto-merged,club,2017,flying pig; the boys
allan laviolette,auto-merged,club,2023,pony; raleigh-durham united
aloha das,auto-merged,college,2024,arizona state (prime); arizona state-b (pleasure)
alvin miles,auto-merged,club,2024,bonsoon; drought
alvin miles,auto-merged,college,2023,arizona state (prime); arizona state-b (pleasure)
alvin miles,auto-merged,college,2024,arizona state (prime); arizona state-b (pleasure)
amanze oleru,auto-merged,club,2018,ham; souf
ambrose vellequette,auto-merged,college,2026,santa clara (scab); santa clara-b (scratch)
amer sangha,auto-merged,college,2026,santa clara (scab); santa clara-b (scratch)
amit patel,auto-merged,college,2024,colorado state (hibida); colorado state-b (bibida)
anders butsch,auto-merged,club,2026,burning river; forest city
anders juengst,auto-merged,club,2017,cash crop; foggy bottom boys
anders pearson,auto-merged,club,2026,fungi; tugboat
anderson ortega,auto-merged,club,2023,chicago dart frogs; spoon x-freshman; trident i
anderson to,auto-merged,college,2026,washington-b (washington b); washington-c (uw c)
andong li,auto-merged,club,2023,colt; spring break '93
andong li,auto-merged,club,2025,colt; spring break '93
andre coates,auto-merged,club,2023,kansas city smokestack; nox
andre dumez,auto-merged,college,2022,tulane (tucks); tulane-b (tulane b)
andreas romero,auto-merged,college,2026,south florida (scallywags); south florida-b (scourge)
andres chesnut,auto-merged,club,2026,texas duffy; warao
andres granofsky,auto-merged,club,2025,buda u20b; puppies
andres huenneke,auto-merged,club,2025,john doe; la maquina -a
andrew allen,split,club,2021,space cowboys; vamonos; watchdogs
andrew allen,split,club,2022,redwolves; space cowboys
andrew allen,split,club,2023,green river swordfish; space cowboys
andrew allen,split,club,2024,carolina summer; ope
andrew allen,split,club,2025,gvl trout; ope
andrew barber,auto-merged,club,2017,phoenix; shrike
andrew barnard,auto-merged,club,2023,dinkytown doughboys; kenji's bbb
andrew brandenburg,auto-merged,college,2023,arizona state (prime); arizona state-b (pleasure)
andrew dizney,auto-merged,club,2023,bloomin' reptars; raptor
andrew doyle,auto-merged,college,2026,skidmore (wombats); stonehill (stonehill college men's ultimate)
andrew ehrig,auto-merged,college,2026,denver (sourdough); denver-b (sourdough b team)
andrew elliott,auto-merged,club,2025,powderhogs; reál hogs fc-b
andrew fretz,auto-merged,college,2023,messiah (falcons); messiah-b (b)
andrew gasson,auto-merged,club,2022,big booty men; flying pig
andrew gasson,auto-merged,club,2023,cmen; flying pig
andrew gasson,auto-merged,club,2024,flying pig; lafayette street dogs
andrew goldstein,auto-merged,club,2018,greater gary goblins x; greater gary goblins y
andrew gray,auto-merged,college,2022,carnegie mellon-b (poison control); trinity university (turbulence)
andrew grogan,auto-merged,club,2019,a-block; omen
andrew hayse,auto-merged,college,2025,grand canyon (lopes); grand canyon-b (g-force)
andrew holmes,auto-merged,college,2023,butler-b (big dog - developmental); whitworth (bangarang)
andrew hooker,auto-merged,club,2017,boston baked beans; ironside
andrew kiminski,auto-merged,club,2022,fungi; spicey-freshman
andrew kroft,auto-merged,club,2025,a la carte-b; dallas delinquents
andrew lamberson,auto-merged,club,2023,space cowboys; truck stop
andrew lau,auto-merged,college,2022,yale (süperfly); yale - y (süperfly - y)
andrew lehmberg,auto-merged,club,2017,pittsburgh puppies; pittsburgh temper
andrew letson,auto-merged,club,2022,alliance; arnold palmer alert
andrew lewis,auto-merged,club,2018,flicky stardust and the cutters from mars; rougaroux
andrew li,auto-merged,club,2017,brickhouse; triforce
andrew london,auto-merged,club,2019,foggy bottom boys; hb woodlawn (hbw united)
andrew macisaac,auto-merged,club,2023,bonsoon; expendables
andrew macisaac,auto-merged,club,2024,bonsoon; expendables
andrew macisaac,auto-merged,college,2022,arizona state (prime); arizona state-b (pleasure)
andrew mcnally,auto-merged,club,2018,bromintum; momintum
andrew mcnally,auto-merged,club,2024,on ramp; parking lot
andrew minocha,auto-merged,college,2026,santa clara (scab); santa clara-b (scratch)
andrew moore,split,club,2018,guerrilla; iso atmo
andrew moore,split,club,2021,clarkson (high dive); revolver
andrew mosler,auto-merged,college,2024,dayton (flud); dayton-b (ud flud b)
andrew mosler,auto-merged,college,2026,dayton (flud); dayton-b (ud flud b)
andrew mueller,auto-merged,college,2022,colorado mines (entropy); colorado mines-b (entropy - b)
andrew muller,auto-merged,club,2021,fungi; icy boyz; johnny bravo
andrew novak,auto-merged,club,2024,kfc; timber
andrew potter,auto-merged,college,2024,cincinnati (bearcats); cincinnati -b (bearcats b)
andrew rake,auto-merged,club,2024,on ramp; ronin
andrew rake,auto-merged,college,2024,alabama (yellow hammer); alabama-c (yellowhammer c)
andrew rogers,split,club,2023,cash crop 2; crossfire
andrew rogers,split,club,2024,banc; crossfire
andrew roth,auto-merged,college,2023,illinois state (gnomes); illinois state-b (illinois state gnomes b)
andrew roy,auto-merged,club,2017,foggy bottom boys; john doe
andrew sheehan,auto-merged,club,2017,chicago machine; johnny encore
andrew sheehan,auto-merged,club,2018,chicago machine; johnny encore
andrew shen,split,club,2024,bag; east bay earthworms
andrew shen,split,club,2025,east bay earthworms; hazard
andrew shen,split,college,2022,california-b (ursa minor); california-san diego (air squids)
andrew shen,split,college,2023,california-b (ursa minor); california-san diego (air squids)
andrew shen,split,college,2024,california-b (ursa minor); northwestern (lake effect)
andrew sin,auto-merged,club,2023,blink-122 weekends; i-69
andrew sjogren,auto-merged,club,2019,mango tree; nain rouge
andrew soto,auto-merged,club,2023,helots; makawua
andrew stewart,auto-merged,club,2017,flash flood; texas two step
andrew swanson,split,club,2022,bonafide scrubs; dawg pound
andrew swanson,split,club,2025,red lotus; ring of fire
andrew swanson,split,club,2026,iso atmo; red lotus; ring of fire
andrew thoennes,auto-merged,club,2024,dark star; oregon trainwreck
andrew thompson,split,club,2017,chimney; johnny encore
andrew thompson,split,club,2018,cle smokestack; johnny encore
andrew thompson,split,club,2022,chasing shade; flying dutchmen
andrew thompson,split,club,2023,flying dutchmen; johnny walker
andrew thompson,split,college,2022,ohio (trout); wooster (wooster hawks )
andrew thompson,split,college,2023,ohio (trout); suny-geneseo (snail)
andrew thompson,split,college,2024,ohio (trout); suny-geneseo (snail)
andrew thompson,split,college,2026,boise state (mamu zaldi); suny-geneseo (snail)
andrew weitzman,auto-merged,college,2022,yale (süperfly); yale - y (süperfly - y)
andrew wright,auto-merged,college,2023,florida (florida); florida-b (florida b)
andrew yang,auto-merged,college,2022,yale (süperfly); yale - y (süperfly - y)
andrew zaccardi,auto-merged,club,2017,beach wrench; big wrench
andy huang,auto-merged,college,2023,california-san diego-b (air squids lite ); california-san diego-c (air squids select)
andy lee,split,club,2019,glycerine; shrike
andy martinez,auto-merged,college,2026,purdue-b (ctrl-z); purdue-c (ctrl x)
andy wang,split,club,2023,puppies; texas duffy; texas united
andy wang,split,college,2024,johns hopkins (dangerzone); johns hopkins-b (dangerzone b); pittsburgh (en sabah nur)
andy wang,split,college,2025,johns hopkins (dangerzone); texas (tuff)
andy wang,split,college,2026,johns hopkins (dangerzone); texas (tuff)
andy zhou,auto-merged,club,2023,texas duffy; texas united
andy zhou,auto-merged,club,2025,heatwave; texas united
angel garcia silva,auto-merged,club,2023,bloom; bloomin' reptars
angel garcia silva,auto-merged,college,2024,central florida (dogs of war); central florida-b (havoc)
angelo olcese,auto-merged,club,2023,blueprint; mystery box; raleigh-durham united
angus grant,auto-merged,club,2024,oregon trainwreck; portland tremor
anish indhupuru,auto-merged,club,2025,el niño; florida untied
anish indhupuru,auto-merged,club,2026,florida untied; warao
anshuman boonapalli,auto-merged,club,2021,bighorn; boulder united flatiron hammers
anthony bernard-sasges,auto-merged,club,2017,john doe; paranoia
anthony bevilacqua,auto-merged,club,2017,breakers; bruises; somerville bag
anthony davis,split,club,2017,beachfront property; cle smokestack
anthony davis,split,club,2018,cle smokestack; haymaker
anthony davis,split,club,2019,cle smokestack; haymaker
anthony grigoletti,auto-merged,club,2018,bromintum; momintum
anthony gutierrez,auto-merged,club,2022,og turbine; tampa tempest
anthony gutowsky,auto-merged,club,2024,bux; mad men
anthony gutowsky,auto-merged,club,2025,chicago machine; mad men
anthony jirele,auto-merged,club,2019,mallard; minnesota superior u20b
anthony jirele,auto-merged,club,2023,dinkytown doughboys; kenji's bbb; mallard
anthony marolda,auto-merged,club,2018,black market ii; blacker market; blackest market
anthony marolda,auto-merged,club,2019,black market iii; blacker market y
anthony ruzzo,auto-merged,club,2023,spoon x-freshman; trident i
anthony saint john,auto-merged,club,2022,raptor; reptar
anthony scibelli,auto-merged,club,2024,haymaker; roundhouse
anthony shelton,auto-merged,club,2025,cozy boys; gamble
anthony soeung,auto-merged,college,2026,washington-b (washington b); washington-c (uw c)
antonio cervantes,auto-merged,club,2025,kenji's bbb; minnesota superior u20b
antonio rivas,auto-merged,club,2025,dallas delinquents; vintage velocity
arda gurel,auto-merged,college,2023,california-san diego-b (air squids lite ); california-san diego-c (air squids select)
ari mondrow,auto-merged,college,2023,colorado-b (cucu); colorado-c (rooster tussle)
ari pincus,auto-merged,club,2023,red wolves; town hall stars
ari pincus,auto-merged,college,2025,cal poly-ccwr (ccwr); cal poly-slo (slocore)
ari siegel,auto-merged,college,2023,florida (florida); florida-b (florida b)
ari wechsler,auto-merged,club,2024,bartle boys; suny-binghamton (suny-binghamton)
ariel rascoe,auto-merged,club,2017,big wrench; somerville youth
arj tripathy,auto-merged,club,2023,make it rain; orcats
arjun deshmukh,auto-merged,club,2025,cash crop 2; nc brickhouse-upper
arjun samudrala,auto-merged,club,2025,odyssey; u54
arnav manchala,auto-merged,club,2025,buda u20b; skeleton squad
arnav poddar,auto-merged,club,2025,beef depot (development)-dev; u54
arni hoang,auto-merged,college,2026,washington-b (washington b); washington-c (uw c)
aron szanto,auto-merged,club,2023,blueprint; shade
arthur aucoin,auto-merged,club,2025,pony; yew nork yew nork
arthur feller,auto-merged,club,2025,mooncatchers; raleigh-durham united
arthur maiorella,auto-merged,club,2021,black market i; black market ii
asa bowen,auto-merged,club,2019,black market iii; nasty girls
asa kahle,auto-merged,college,2026,oregon (ego); oregon -b (bucks)
asa mohammed,auto-merged,college,2022,suny oswego (flying monkeys); suny-buffalo (green eggs and ham)
ashan kiridena,auto-merged,club,2022,ballston booya; deepfake; haze
asher gottlieb,auto-merged,club,2025,dangerous unidentified mystical beast; roundhouse
ashton hoffman,auto-merged,club,2019,mango tree; nain rouge
atlas lehoczky escobar,auto-merged,college,2025,purdue-b (ctrl-z); purdue-c (ctrl x)
audie hauptman,auto-merged,college,2026,mississippi state (dark horse); mississippi state-b (trenches )
august dutille,auto-merged,club,2017,flying pig; solar eclipse
august santoro,auto-merged,college,2026,iowa (ihuc); iowa-b (iowa-b (hucititis))
aum shah,auto-merged,college,2025,cal poly-slo-b (slob); cal poly-slo-c (sloc)
austin alvarado,auto-merged,club,2017,foggy bottom boys; hb boys
austin alvarado,auto-merged,club,2018,foggy bottom boys; puppies
austin chee,auto-merged,college,2026,boston university (boston university); boston university-b (boston university b)
austin cottarel,auto-merged,college,2023,arizona state (prime); arizona state-b (pleasure)
austin engel,auto-merged,club,2021,indy club; nain rouge
austin ferrari,split,club,2019,defunct; e.v.i.l.
austin gin,auto-merged,club,2023,kenji's bbb; sub zero
austin gothard,auto-merged,college,2024,mississippi state (dark horse); mississippi state -b (trenches )
austin hasbrook,auto-merged,club,2019,low point; powderhogs
austin howell,auto-merged,club,2025,carbon; iso atmo
austin hwang,auto-merged,club,2021,nsfw; yee-haw
austin kelly,auto-merged,club,2019,dohrk stor; rhino slam!
austin king,split,college,2023,minnesota (grey duck); missouri s&t (miner threat)
austin lee,split,club,2018,illinois youth ultimate - u20; scythe
austin lee,split,club,2019,black market ii; blacker market y
austin masselink,auto-merged,club,2024,beacon; east lansing detroit lions
austin miller,auto-merged,college,2022,towson (pandamonium); towson -b (bamboozle)
austin outhavong,auto-merged,club,2022,choice city hops; dawg pound
austin roach,auto-merged,college,2025,purdue-b (ctrl-z); purdue-c (ctrl x)
austin smith,split,college,2021,drexel (spitfire); virginia commonwealth (biscuit villains)
austin smith,split,college,2022,drexel (spitfire); virginia commonwealth (biscuit villains)
austin workman,auto-merged,club,2017,plex; singlewide
austin yuan,auto-merged,club,2025,powerline; stl moonar
avery carlson,auto-merged,college,2023,pacific lutheran (reign men); pacific lutheran-b (plu reign b)
avery johnson,auto-merged,club,2017,mad men; madison club
avery smith,split,college,2024,boston university (boston university); georgia tech-b (tribe)
avery smith,split,college,2025,boston university (boston university); georgia tech-b (tribe)
avery smith,split,college,2026,boston university (boston university); georgia tech-b (tribe)
avery van brussel,auto-merged,club,2017,coastal empire; shrimp boat
avery van brussel,auto-merged,club,2018,coastal empire; omen
avi skolnick,auto-merged,club,2024,dapper; pgz
avi zucker,auto-merged,club,2023,bloomin' reptars; raptor
aviel rosen,auto-merged,college,2024,johns hopkins (dangerzone); johns hopkins-b (dangerzone b)
axel agami contreras,auto-merged,club,2018,babe; flying pig
axel baumeister,auto-merged,college,2023,illinois state (gnomes); illinois state-b (illinois state gnomes b)
axel nielsen,auto-merged,college,2023,tulane (tucks); tulane-b (tulane b)
axel williams,auto-merged,club,2021,butterflies; colorado cutthroat: youth club u-20 boys
barnes lowry,auto-merged,college,2023,mississippi state (dark horse); mississippi state-b (pony express)
barnes lowry,auto-merged,college,2024,mississippi state (dark horse); mississippi state -b (trenches ); mississippi state-c (trenches b)
bastian tully,auto-merged,college,2024,mississippi state (dark horse); mississippi state -b (trenches )
bastian tully,auto-merged,college,2025,mississippi state (dark horse); mississippi state-b (trenches )
batu cam,auto-merged,college,2022,villanova (main line ultimate); villanova-b (villanova b)
beau usry,auto-merged,college,2025,cal poly-slo-b (slob); cal poly-slo-c (sloc)
beck buskirk,auto-merged,college,2026,colorado-b (cucu); colorado-c (rooster tussle)
becker mathie,auto-merged,club,2023,mallard; mallard x
ben armstrong,auto-merged,club,2024,gambit; nc brickhouse-upper
ben armstrong,auto-merged,college,2023,charlotte flight; north carolina-b (batch)
ben baird,auto-merged,club,2023,dcviii; surf
ben campbell,split,club,2018,blud; fat and mediocre
ben chamis,auto-merged,club,2023,diz; scoop
ben edelman,auto-merged,college,2025,richmond (spidermonkeys); richmond-b (spider pigs)
ben feldman,auto-merged,club,2017,buffalo ultimate; sub zero
ben field,auto-merged,club,2017,red tide; rising tide
ben field,auto-merged,club,2022,dig; slugfest
ben guerrero,auto-merged,club,2024,on ramp; parking lot
ben hanson,split,college,2024,marquette (birdhouse); western washington (dirt)
ben hanson,split,college,2025,marquette (birdhouse); western washington (dirt)
ben hanson,split,college,2026,marquette (birdhouse); western washington (dirt)
ben horrisberger,auto-merged,club,2019,red tide; rising tide u20b
ben kleaveland,auto-merged,club,2017,ampersand; boston baked beans
ben lee,auto-merged,club,2019,black market iii; nasty girls
ben martinez,auto-merged,club,2024,amigos-jv; riptide; texas united
ben martinez,auto-merged,club,2026,doublewide; lil heroes
ben moody,auto-merged,club,2023,choice city hops; nashville mudcats
ben phifer,auto-merged,college,2022,yale (süperfly); yale - y (süperfly - y)
ben ritzman,auto-merged,college,2026,colorado mines (entropy); colorado mines-b (orediggers)
ben sabourin,auto-merged,club,2017,black market; black market x
ben schreibman,auto-merged,college,2025,florida (florida); florida-b (florida b)
ben slade,auto-merged,club,2025,town hall stars; yacht club
ben thoennes,auto-merged,club,2019,dark star; oregon eruption!
benen shea,auto-merged,club,2022,cosmic u-20 boys; springs open team
benjamin adair,auto-merged,club,2023,cmen; rotisserie chicken
benjamin blackmun,auto-merged,college,2026,lewis & clark (bacchus ); lewis & clark-b (bbacchus)
benjamin brauer,auto-merged,club,2023,dinkytown doughboys; kenji's bbb
benjamin broser,auto-merged,club,2017,fludwhale; richmond floodwall
benjamin carini,auto-merged,college,2026,dayton (flud); dayton-b (ud flud b)
benjamin crosbie,auto-merged,club,2023,oakay; vicious cycle
benjamin davis,split,college,2022,towson (pandamonium); towson -b (bamboozle)
benjamin davis,split,college,2023,depaul (duc); towson (pandamonium)
benjamin feuer,auto-merged,college,2026,purdue-b (ctrl-z); purdue-c (ctrl x)
benjamin forton,auto-merged,club,2025,alliance; ronin
benjamin forton,auto-merged,college,2024,alabama (yellow hammer); alabama-c (yellowhammer c)
benjamin garcia,auto-merged,college,2023,carleton college-karls-c (karls); south florida (scallywags)
benjamin garcia,auto-merged,college,2024,central florida (dogs of war); central florida-b (havoc)
benjamin greenberg,auto-merged,club,2019,foggy bottom boys; hb woodlawn (hbw united)
benjamin hanson,split,club,2023,san antonio warhawks; ufo
benjamin harris,split,college,2021,colorado (mamabird); purdue (undue ultimate)
benjamin harris,split,college,2022,colorado (mamabird); purdue (undue ultimate)
benjamin harris,split,college,2023,colorado (mamabird); purdue (undue ultimate)
benjamin hiniker,auto-merged,college,2025,iowa (ihuc); iowa-b (iowa-b (hucititis))
benjamin hodson,auto-merged,club,2018,ncfo; powderhogs
benjamin holt,auto-merged,college,2024,arizona state (prime); arizona state-b (pleasure)
benjamin johnson,split,college,2022,george mason (massacre); salisbury (buzz ultimate a)
benjamin jones,auto-merged,college,2025,bentley (icehouse); toledo (savage)
benjamin kass-mullet,auto-merged,club,2022,bag; dig
benjamin kass-mullet,auto-merged,club,2023,diy; scoop
benjamin kass-mullet,auto-merged,club,2025,dig; scoop
benjamin knepper,auto-merged,college,2024,tulane (tucks); tulane-b (tulane b)
benjamin michalak,auto-merged,club,2023,fork x-senior; trident ii; trident iii
benjamin nevis,auto-merged,college,2023,tulane (tucks); tulane-b (tulane b)
benjamin page,auto-merged,club,2021,iso atmo; isosceles; nain rouge
benjamin price,split,club,2023,brawl; villains
benjamin price,split,club,2025,doublewide; villains
benjamin putano,auto-merged,club,2024,haymaker; haymaker x
benjamin raab,auto-merged,college,2022,yale (süperfly); yale - y (süperfly - y)
benjamin rogers,split,club,2017,flash flood; texas two step
benjamin rogers,split,club,2018,gamble; texas two step
benjamin rogers,split,club,2019,dreadnought; flash flood
benjamin rowland,split,college,2024,radford (scoundrels); tufts-b (tufts b)
benjamin rowland,split,college,2025,radford (scoundrels); tufts (elephant men)
benjamin sadok,auto-merged,club,2018,chuck wagon; dig
benjamin sadok,auto-merged,club,2023,dig; diz
benjamin saterbak,auto-merged,club,2024,cash crop 2; nc brickhouse-upper
benjamin scharadin,auto-merged,club,2018,medicine men; richmond floodwall
benjamin sebastian,auto-merged,college,2025,dayton (flud); dayton-b (ud flud b)
benjamin sherwood,auto-merged,club,2017,flying pig; solar eclipse
benjamin stiehl,auto-merged,club,2024,adelphi (adelphi ultimate); long island riff raff
benjamin tseytlin,auto-merged,club,2018,chuck wagon; dig
benjamin waltman,auto-merged,club,2023,hardta spelots; magma bears
benjamin weinstein,auto-merged,club,2023,retired; tirebizfriz
benjamin wiggins,auto-merged,club,2017,dragon army; t.r.w.f.b.; voodoo
benjamin wittenberg,auto-merged,club,2017,big wrench; somerville youth
benjamin wrenn,auto-merged,club,2025,milwaukee breaker; riptide-b
benjamin zhu,auto-merged,college,2021,north carolina-charlotte (charlotte skyrise); penn state (spank)
benjy keren,auto-merged,club,2024,bux; mad men
benjy keren,auto-merged,club,2025,fuse; happyboise-jv
bennett allen,auto-merged,club,2017,red tide; red tide black
bennett bernardoni,auto-merged,club,2017,black market ii; nasty girls
bennett bernardoni,auto-merged,club,2018,black market ii; blackest market
bennett taren,auto-merged,club,2017,shade; sleepover at lenin's
benny rider,auto-merged,club,2021,omen; yogosbo
benoit lapointe,auto-merged,club,2018,club m - magma; club m - rage
benson cady,auto-merged,college,2025,cal poly-ccwr (ccwr); cal poly-slo (slocore)
beorn morrow-caron,auto-merged,club,2023,tire; tirebizfriz
bill soohoo,auto-merged,club,2019,black market iii; blacker market y
bill soohoo,auto-merged,club,2021,black market i; black market ii
bill soohoo,auto-merged,club,2023,trident ii; triiident
blaine garner,auto-merged,college,2025,heartbreak; north carolina state-b (sixpack)
blake lundin,auto-merged,club,2022,trident ii; trident iii
blake lundin,auto-merged,club,2023,trident iii; triiident
blake musfeldt,auto-merged,college,2026,colorado-b (cucu); colorado-c (rooster tussle)
blake trantina,auto-merged,club,2023,mallard; mallard x
blayne hisquierdo,auto-merged,club,2023,san antonio warhawks; throwing shade
bo bershatsky,auto-merged,college,2026,denver (sourdough); denver-b (sourdough b team)
bobby talerico,auto-merged,club,2024,bloom; bud
bobby talerico,auto-merged,club,2025,bud; certified scrubs
bobby talerico,auto-merged,college,2024,central florida (dogs of war); central florida-b (havoc)
boden iris,auto-merged,club,2025,johnny bravo; red tide
bodhi harmony,auto-merged,club,2023,cash crop 2; ring of fire
bodhi tompkins,auto-merged,college,2026,denver (sourdough); denver-b (sourdough b team)
bodhi weston,auto-merged,club,2024,amigos-jv; riptide
boru chen,auto-merged,college,2022,southern california (usc lockdown); southern california-b (usc blockdown)
bowen liu,split,club,2023,bazooka 2: the zookening; blackfish
braden beebe,auto-merged,club,2022,tennessee folklore; villains
braden distel,auto-merged,college,2022,arizona state (prime); arizona state-b (pleasure)
bradley johnson-bice,auto-merged,club,2017,black market ii; black market y
brady grogan,auto-merged,college,2024,alabama (yellow hammer); alabama-c (yellowhammer c)
brady hammond,auto-merged,club,2023,san antonio warhawks; sprawl
brady smith,auto-merged,club,2024,flying pig; omen
bradyn andres,auto-merged,college,2025,colorado mines (entropy) (orediggers); colorado mines-b (orediggers)
braedan robinson,auto-merged,club,2022,furious george; phoenix
bram allahdadi,auto-merged,club,2022,oregon trainwreck; trainwreck and friends
branavan yogarajah,auto-merged,club,2021,mad men; yogosbo
brando nguyen,auto-merged,club,2023,make it rain; orcats
brandon allen,auto-merged,club,2018,scooberdivers; space coast ultimate
brandon allen,auto-merged,club,2021,black market i; scooberdivers; uproar
brandon beers,auto-merged,club,2023,alliance; chain lightning
brandon brown,auto-merged,college,2024,kansas (horrorzontals); kansas-b (kansas b (vertikills))
brandon duong,auto-merged,club,2024,pipe; suspect
brandon french,auto-merged,club,2017,jaybirds; shrimp boat
brandon garcia,auto-merged,club,2025,carbon; iso atmo
brandon garcia,auto-merged,college,2026,california-davis-b (beagles); iso atmo
brandon griffith,auto-merged,club,2023,meadowlark; supercell
brandon grosser,auto-merged,college,2025,dayton (flud); dayton-b (ud flud b)
brandon hill,auto-merged,college,2023,illinois state (gnomes); illinois state-b (illinois state gnomes b)
brandon howell,auto-merged,college,2024,cal poly-slo-b (slob); cal poly-slo-c (sloc)
brandon ma,auto-merged,college,2023,suny-stony brook (panic); suny-stony brook-b (brick)
brandon macho,auto-merged,club,2021,mallard; sub zero
brandon macho,auto-merged,club,2023,kenji's bbb; sub zero
brandon matis,auto-merged,club,2019,general strike; sub zero
brandon mestnik,auto-merged,club,2021,fungi; isosceles
brandon rishi,split,club,2019,flying dutchmen; space force
brandon shunk,auto-merged,club,2024,chemical x; happy valley roofing and mustache supply
brandon skoba,auto-merged,club,2023,stl lounar; stl moonar
brandon vanlandingham,auto-merged,college,2023,mississippi state (dark horse); mississippi state-b (pony express)
brannan tisdale,auto-merged,club,2025,prism; southern hospitality
brannan tisdale,auto-merged,college,2025,mississippi state (dark horse); mississippi state-b (trenches )
brayden dangelo,auto-merged,college,2023,suny-stony brook (panic); suny-stony brook-b (brick)
brayden nelson,auto-merged,club,2024,kfc; timber
brayden nemetchek,auto-merged,club,2023,general strike; streetcar-c
brayden walker,auto-merged,club,2025,dallas delinquents; riverside
brendan dwyer,auto-merged,club,2022,dawg pound; iso atmo
brendan eltzroth,auto-merged,club,2021,black market i; black market ii
brendan keith,auto-merged,club,2022,drought; iso atmo
brendan lemieux,auto-merged,club,2024,bang; deluxe
brendan mccann,auto-merged,club,2023,dig; diy
brendan miller,auto-merged,college,2025,ohio (trout); ohio-b (bass)
brendan sheets,auto-merged,club,2021,bbb; lotus
brenden baty,auto-merged,club,2023,dinkytown doughboys; kenji's bbb
brenden hershman,auto-merged,club,2023,hardta spelots; helots
brendon harrington,auto-merged,club,2023,creaky; smoak (u20)
brendon sackey,auto-merged,club,2023,knights of ni; the body
brendon sylvester,auto-merged,club,2025,rebels; revolt
brent lo,auto-merged,club,2021,ghost train; sockeye
brent studenroth,auto-merged,club,2018,black market ii; blacker market
brent studenroth,auto-merged,club,2019,black market ii; blacker market x
brenton dolan,auto-merged,college,2025,richmond (spidermonkeys); richmond-b (spider pigs)
brett dare,auto-merged,club,2022,kansas city smokestack; nox
brett kaiser,auto-merged,club,2017,shade; sleepover at lenin's
brett kolinek,auto-merged,club,2018,inception; johnny encore
brett kolinek,auto-merged,club,2021,inception; johnny encore
brett kolinek,auto-merged,club,2024,(washed); johnny walker
brett kolinek,auto-merged,club,2025,(washed); little john
brett prill,auto-merged,club,2019,trent's team; war machine
brian howard,auto-merged,club,2019,club m - manic; mockingbird
brian lafrance,auto-merged,club,2024,dingwop; knights of ni
brian murphy,auto-merged,club,2017,baemaker; haymaker
brian murphy,auto-merged,club,2021,apollo 7; haymaker
brian novotny,auto-merged,club,2017,ironmen; jaybirds
brian payne,auto-merged,club,2019,black market ii; blacker market x
brian perry,auto-merged,club,2018,phoenix; shrike
brian powell,auto-merged,club,2022,8-bit; age against the machine ggm
brian rathunde,auto-merged,club,2017,black market; black market x
brian rodriguez,auto-merged,club,2017,defy the meta; shades
brian strothman,auto-merged,club,2024,bag; john doe
brian trowbridge,auto-merged,club,2023,banc; ring of fire
brian ward,auto-merged,club,2021,iso atmo; isosceles
brian ward,auto-merged,club,2022,iso atmo; iso cardio
brigham schellenberg,auto-merged,club,2025,popperton ultimate frisbee; reál hogs fc-b
brogen kapela,auto-merged,college,2025,ohio (trout); ohio-b (bass)
bryan downey,auto-merged,club,2021,fungi; johnny encore; spicy
bryan downey,auto-merged,club,2025,h.i.p; little john
bryan walsh,auto-merged,club,2021,nain rouge; omen
bryant grafton,auto-merged,club,2023,bloom; el niño
bryce jackson,auto-merged,college,2026,oregon (ego); oregon -b (bucks)
bryce markel,auto-merged,club,2019,banc; colt
bryce potter,split,club,2017,buffalo ultimate; shockoe slip flatball club
bryce taneri,auto-merged,college,2025,mississippi state (dark horse); mississippi state-b (trenches )
bryce taneri,auto-merged,college,2026,mississippi state (dark horse); mississippi state-b (trenches )
brycen prock,auto-merged,college,2023,dayton (flud); dayton-b (ud flud b)
brycen prock,auto-merged,college,2024,dayton (flud); dayton-b (ud flud b)
brycen prock,auto-merged,college,2025,dayton (flud); dayton-b (ud flud b)
brycen prock,auto-merged,college,2026,dayton (flud); dayton-b (ud flud b)
bryn huxley-reicher,auto-merged,club,2018,bruises; shred line
bryson levisay,split,club,2019,bullet; doggpound
cade besaw,auto-merged,college,2025,mississippi state (dark horse); mississippi state-b (trenches )
cade culbertson,auto-merged,college,2022,illinois (rise); illinois-b (boomland)
caden canavan,auto-merged,club,2017,baemaker; haymaker
caden canavan,auto-merged,club,2018,baemaker; haymaker
caden jarausch,auto-merged,college,2024,purdue (undue ultimate); purdue-b (ctrl-z)
caden jarausch,auto-merged,college,2025,purdue-b (ctrl-z); purdue-c (ctrl x)
caden labbe,auto-merged,college,2024,dayton (flud); dayton-b (ud flud b)
caden labbe,auto-merged,college,2026,dayton (flud); dayton-b (ud flud b)
caelan mcsweeney,auto-merged,club,2022,redwolves; tirebizfriz; truck stop
caelan mcsweeney,auto-merged,club,2023,dig; dix
cajetan evans,auto-merged,club,2023,expendables; red squirrels
cale everroad,auto-merged,club,2025,scoop; zoo animals
caleb batchelder,auto-merged,club,2026,electricity; tennessee folklore
caleb bevers,auto-merged,club,2021,ice bros; iso atmo
caleb bevers,auto-merged,club,2022,iso atmo; iso cardio
caleb byers,auto-merged,college,2024,mississippi state (dark horse); mississippi state-c (trenches b)
caleb carpenter,auto-merged,college,2022,suny binghamton-b (binghamton [b] y); suny-binghamton-b (suny-binghamton b)
caleb christensen,auto-merged,college,2023,arizona state (prime); arizona state-b (pleasure)
caleb depledge,auto-merged,club,2025,colorado cutthroat u-17 boys; colorado cutthroat u-20 boys two
caleb mahle,auto-merged,college,2024,johns hopkins (dangerzone); johns hopkins-b (dangerzone b)
caleb montgomery,auto-merged,club,2017,flying pig; solar eclipse
caleb posey,split,club,2017,h.o.g. ultimate; jaybirds
caleb posey,split,club,2019,h.o.g. ultimate; traffic (m)
caleb rosen,auto-merged,college,2025,cal poly-slo-b (slob); cal poly-slo-c (sloc)
caleb spears,auto-merged,college,2026,ave maria (gyrenes); ave maria-b (ave maria b team)
callahan bosworth,auto-merged,club,2022,dark star; oregon trainwreck
calvin stoughton,auto-merged,club,2019,red tide; rising tide u20b
calvin vannoy,auto-merged,club,2017,shade; sleepover at lenin's
calvin wicks,auto-merged,club,2023,diz; scoop
cam barnhardt,auto-merged,club,2017,fludwhale; richmond floodwall
cam copeland,auto-merged,club,2024,alliance; chain lightning
camden mah,auto-merged,club,2023,ursa; zyzzyva
cameron breding,auto-merged,club,2017,flash flood; texas two step
cameron breding,auto-merged,club,2018,prime; texas two step
cameron brown,auto-merged,club,2019,alamode; bates (orange whip)
cameron davis,split,college,2025,southern california (usc lockdown); southern california-b (usc blockdown)
cameron gray,split,college,2021,eastern michigan (fighting hellfish); ucla-b (ucla smoke)
cameron gray,split,college,2022,eastern michigan (fighting hellfish); ucla (smaug); ucla-b (ucla smoke)
cameron guidry,auto-merged,club,2017,plex; supercell
cameron hartman,auto-merged,club,2018,blackest market; coastal empire; omen
cameron jack,auto-merged,club,2017,red tide; red tide black
cameron levine,auto-merged,club,2025,buda u20b; sprout
cameron welp,auto-merged,college,2024,arizona state (prime); arizona state-b (pleasure)
cameron white,auto-merged,club,2023,false summit; supercell
cameron winston,auto-merged,club,2017,dreadnought; the bucket brigade
campbell darlington,auto-merged,college,2024,colorado state (hibida); colorado state-b (bibida)
cannon spelman,auto-merged,club,2017,cincinnati flying piglet; the boys
carl crawford,auto-merged,club,2023,retired; tirebizfriz
carlin shaw,auto-merged,club,2022,raptor; reptar
carlos avila,auto-merged,college,2022,depaul (duc); grace (lancer ultimate)
carlos avila,auto-merged,college,2023,depaul (duc); grace (lancer ultimate)
carlos huerta,auto-merged,club,2022,raptor; reptar
carlos huerta,auto-merged,club,2023,bloomin' reptars; raptor
carlson chiles,auto-merged,club,2021,black market i; black market ii
carson crouch,auto-merged,club,2021,choice city hops; iso atmo
carson russell,auto-merged,college,2025,grand canyon (lopes); grand canyon-b (g-force)
carson turner,split,club,2018,phoenix; surrillic audovice
carson turner,split,club,2019,e.v.i.l.; phoenix
carson wright,split,college,2024,central florida (dogs of war); rice (cloud 9)
carson wright,split,college,2025,central florida (dogs of war); rice (cloud 9)
carter anderson,auto-merged,club,2024,haze; virginia vortex
carter franklin,auto-merged,club,2025,popperton ultimate frisbee; powderhogs
carter gonzalez,split,club,2025,psychedelic; tugboat
carter lyng,auto-merged,college,2022,suny binghamton-b (binghamton [b] y); suny-binghamton-b (suny-binghamton b)
carter shelton,auto-merged,college,2024,west chester (west chester (a)); west chester-b (west chester (b))
carter veen,auto-merged,college,2026,iowa (ihuc); iowa-b (iowa-b (hucititis))
casey degnan,auto-merged,club,2022,og turbine; raleigh-durham united
casey greenfield,auto-merged,college,2024,ohio (trout); ohio-b (trout b)
casey hepburn,auto-merged,club,2024,oak grove boys; puzzles
casey jenkins,auto-merged,club,2022,dawg pound; iso atmo
casey kelley,auto-merged,college,2025,syracuse (doom); syracuse university-b (boom)
casey vaughn,auto-merged,club,2017,citywide special; patrol
casey zhu,auto-merged,club,2019,garden state ultimate; town hall stars
cash barber,auto-merged,club,2023,mallard; mallard x
casper graham,auto-merged,college,2023,tulane (tucks); tulane-b (tulane b)
cavan hicks,auto-merged,college,2025,suny-binghamton (suny-binghamton); suny-binghamton-b (suny-binghamton b)
chackgarin brown,auto-merged,club,2019,cojones; souf
chad brinker,auto-merged,club,2022,dingwop; st. cloud swans
charles bitler,auto-merged,club,2023,mavericks; smoak (u20)
charles canata,auto-merged,college,2022,stevens tech (stevens tech); stevens tech-b (stevens tech)
charles cooper,split,club,2024,dreadnought: battleship-b; trident ii
charles cooper,split,club,2025,dreadnought: battleship-b; shift
charles guay,auto-merged,club,2022,club m - manic; mephisto
charles jetton,auto-merged,club,2025,milwaukee breaker; riptide-b
charles labarge,auto-merged,club,2024,alibi; suny-binghamton (suny-binghamton)
charles nieckarz,auto-merged,club,2025,dark star; oregon trainwreck
charles shannon,auto-merged,college,2025,mississippi state (dark horse); mississippi state-b (trenches )
charles stimpson,auto-merged,club,2025,oak grove boys; puzzles
charles wang,auto-merged,club,2019,ditto a; ditto b
charlie anderson,auto-merged,club,2026,dark star; oregon trainwreck
charlie clark,split,club,2024,bang; texas duffy
charlie gaynor,auto-merged,club,2024,amigos-jv; texas united
charlie giannone,auto-merged,club,2025,delaware (sideshow); new jersey gemini
charlie johnson,auto-merged,club,2019,cojones; low point
charlie johnson,auto-merged,club,2022,low point; powderhogs
charlie keigwin,auto-merged,club,2025,new jersey gemini; tugboat
charlie nestman,auto-merged,college,2026,colorado state (hibida); colorado state-b (bibida)
charlie patten,auto-merged,club,2017,garden state ultimate; paranoia
chase drinkwater,auto-merged,club,2023,retired; tirebizfriz
chase hammond,auto-merged,college,2025,clemson (joint chiefs of waft); clemson-b (joint biefs)
chase kennedy,auto-merged,club,2025,psychedelic; vicious cycle
chase viscuse,auto-merged,club,2024,titans; touch of grey
chi huan lei,auto-merged,club,2025,dap lab; motive
chris birkinshaw,auto-merged,club,2017,blackfish; refinery
chris bowling,auto-merged,club,2017,fludwhale; shockoe slip flatball club
chris bubernak,auto-merged,club,2017,beach wrench; voodoo
chris chang,auto-merged,club,2026,pittsburgh stealers; pittsburgh temper
chris doan,auto-merged,club,2022,bonafide scrubs; inception
chris doan,auto-merged,club,2023,bonafide scrubs; iso atmo
chris ellis,auto-merged,club,2022,nain rouge; omen
chris kelly,split,club,2018,mailmeñ; shade
chris kelly,split,club,2019,helots; shade
chris oconnor,auto-merged,club,2018,scooberdivers; shore break
chris padilla,auto-merged,club,2017,buda; snip snip
chris salazar,auto-merged,club,2024,sonoran dog; sonoran pups
chris santiago,auto-merged,club,2017,black market; black market x
chris strawn,auto-merged,club,2023,beef depot; i-69; on ramp
chris walsh,auto-merged,club,2025,cash crop 2; eldl
christiaan sengers,auto-merged,club,2024,bdc; lafayette street dogs
christian boxley,auto-merged,club,2017,medicine men; paranoia
christian cincotta,auto-merged,college,2023,binghamton (suny-binghamton); suny-binghamton-b (suny-binghamton b)
christian contreras,auto-merged,club,2019,ditto a; ditto b
christian cortes,split,club,2019,flash flood; guerrilla
christian egli,auto-merged,college,2023,dayton (flud); dayton-b (ud flud b)
christian geary,auto-merged,club,2024,i-69; on ramp
christian holzl,auto-merged,club,2025,kenji's bbb; trident
christian jensen,auto-merged,college,2023,west virginia (wv wild); wisconsin-milwaukee-b (blackout)
christian johnson,split,club,2025,deaf fruit; truck stop
christian johnson,split,college,2022,luther (lufda); oklahoma christian (eagles)
christian johnson,split,college,2023,alabama-birmingham (inferno); luther (lufda); oklahoma christian (eagles)
christian johnson,split,college,2024,alabama-birmingham (inferno); oklahoma christian (eagles)
christian johnson,split,college,2025,alabama-birmingham (inferno); texas tech (tumbleweed)
christian kingett,auto-merged,club,2017,first order; munch box
christian lee,auto-merged,club,2024,atlanta arson; night owl
christian piccioni,split,club,2022,stl lounar; stl moonar
christian woodfin,auto-merged,club,2022,hazard; jam it in
christophe snead,auto-merged,club,2021,fathom; raleigh-durham united
christopher arevalo,auto-merged,club,2025,garden state ultimate; new jersey gemini
christopher asta,auto-merged,club,2024,haymaker; haymaker x; roundhouse
christopher baines,auto-merged,club,2022,dawg pound; iso atmo
christopher baines,auto-merged,club,2023,false summit; iso atmo
christopher bond,auto-merged,club,2022,ballston booya; haze
christopher brown,auto-merged,college,2022,mary washington (mother of george); williams (wufo)
christopher chan,split,club,2024,helots; pipe
christopher chan,split,club,2025,houndd; los buds
christopher clark,auto-merged,club,2017,rush hour; the body
christopher combs,auto-merged,college,2022,colorado mines (entropy); colorado mines-b (entropy - b)
christopher duncan,auto-merged,college,2026,mississippi state (dark horse); mississippi state-b (trenches )
christopher kiepert,auto-merged,club,2023,retired; tirebizfriz
christopher kilbridge,auto-merged,college,2025,syracuse (doom); syracuse university-b (boom)
christopher king,auto-merged,college,2023,charlottesville clownies; james madison (hellfish)
christopher lay,auto-merged,club,2019,phoenix; shrike
christopher layden,auto-merged,college,2022,mit (grim beaver); texas (tuff)
christopher lee,auto-merged,college,2023,northwestern (nut); suny-cortland (team rocket)
christopher letai,auto-merged,college,2024,charlottesville clownies; virginia (night train)
christopher lopez,auto-merged,club,2023,bryce whitney fan club; oakgrove boys
christopher mcglynn,auto-merged,club,2017,garden state ultimate; syracuse doom
christopher mclaughlin,auto-merged,club,2021,garden state ultimate; rutger colege
christopher nguyen,auto-merged,club,2019,black market iii; blacker market x
christopher ohara,auto-merged,club,2018,black market; blacker market
christopher parinella,auto-merged,club,2025,dig; scoop
christopher richmond,auto-merged,club,2018,holy city heathens; lost boys
christopher smith,auto-merged,club,2022,beacon; iso cardio
christopher sowards,auto-merged,club,2024,i-69; on ramp
christopher sowards,auto-merged,club,2026,i-69; on ramp
christopher sowards,auto-merged,college,2023,arizona state (prime); arizona state-b (pleasure)
christopher strub,auto-merged,club,2017,dark star; rhino slam!
christopher tang,auto-merged,club,2023,make it rain; orcats
christopher ward,auto-merged,club,2021,iso atmo; isosceles
christopher wells,auto-merged,club,2022,bartle boys; magma bears
christopher wells,auto-merged,club,2023,bartle boys; magma bears
christopher wells,auto-merged,club,2024,bartle boys; magma bears
christopher williams,split,club,2024,mavericks; providence poultry
christopher williams,split,club,2025,digit; riverside riptide
christopher wilson,auto-merged,club,2022,red squirrels; trout
christopher wohl,auto-merged,club,2019,a-block; omen
cian flaherty,auto-merged,club,2023,lafayette street dogs; magma bears
ciaran pratley,auto-merged,club,2025,dig; scoop
ciaran young,auto-merged,club,2017,defy the meta; shades
cisco an-torres,auto-merged,club,2024,long island riff raff; suny-stony brook (panic)
cj colicchio,auto-merged,club,2017,bayonet; turbine
clark seese,auto-merged,club,2022,chimney; scoop
clark wang,auto-merged,club,2021,socal condors; streetgang
clay hundertmark,auto-merged,club,2019,bates (orange whip); thunder boys
clayton moore,split,club,2021,glycerine; ohio (trout)
clemens liu,auto-merged,club,2026,raleigh-durham united; triumph
clinton warner,auto-merged,college,2023,arizona state (prime); arizona state-b (pleasure)
clinton warner,auto-merged,college,2024,arizona state (prime); arizona state-b (pleasure)
cody bjorklund,auto-merged,club,2019,cojones; dohrk stor
cody coates,auto-merged,club,2026,florida untied; warao
cody leveau,auto-merged,college,2025,cal poly-ccwr (ccwr); cal poly-slo (slocore)
cody rohlf,auto-merged,club,2017,illusion; midrift
cody smith,split,club,2017,dirty d; ironmen; jaybirds
cody smith,split,club,2018,dirty d; medicine men
cody spicer,auto-merged,club,2025,johnny bravo; little john
cody stone,auto-merged,club,2018,bromintum; momintum
cody woodruff,auto-merged,college,2026,dayton (flud); dayton-b (ud flud b)
cogan lawler,auto-merged,club,2023,expendables; red squirrels
colby stoughton,auto-merged,club,2022,slugfest; trout
cole aymond,auto-merged,college,2024,cal poly-slo-b (slob); cal poly-slo-c (sloc)
cole besser,auto-merged,club,2021,bobby; lotus
cole davis-brand,auto-merged,club,2019,buda u20b; sprout
cole davis-brand,auto-merged,club,2023,dig; diy
cole donat,auto-merged,college,2022,american-b (revolution); columbia (uptown local)
cole gardella,auto-merged,club,2025,rebels; revolt
cole jurek,auto-merged,club,2025,mallard; truck stop
cole kaiser,auto-merged,college,2022,denver (sourdough); denver-b (sourdough b team)
cole king,auto-merged,college,2022,colorado mines (entropy); colorado mines-b (entropy - b)
cole moore,auto-merged,club,2023,dig; diz
cole peterson,auto-merged,club,2024,dreadnought; dreadnought: battleship-b
colin daines,auto-merged,college,2023,carnegie mellon (mr. yuk); carnegie mellon-b (poison control)
colin donajkowski,auto-merged,club,2024,friendly fire; nox
colin hayter,auto-merged,college,2025,dayton (flud); dayton-b (ud flud b)
colin heslet,auto-merged,club,2019,a-block; omen
colin macgregor,split,club,2017,castle; south shore line
colin macgregor,split,club,2018,black market; black market ii; blacker market; greater gary goblins y
colin mcginnis,auto-merged,college,2024,west chester (west chester (a)); west chester-b (west chester (b))
colin mclaughlin,split,club,2021,bag; truck stop
colin mclaughlin,split,club,2023,big wrench; vault
colin mclaughlin,split,club,2026,big wrench; vault
colin mclaughlin,split,college,2021,maryland (maryland ultimate); tufts (elephant men)
colin mclaughlin,split,college,2022,maryland (maryland ultimate); tufts (elephant men)
colin mcmahon,auto-merged,club,2018,black market ii; blacker market
colin mcmahon,auto-merged,club,2019,black market ii; blacker market x
colin miller,auto-merged,club,2023,meadowlark; supercell
colin smith,split,club,2017,richmond floodwall; ultimate impact
colin smith,split,club,2018,brickhouse; oakgrove boys
colin smith,split,club,2019,journeymen; vault
colin stroehle,auto-merged,club,2025,demo; loaded panda
colin sunde,auto-merged,club,2021,mad men; yogosbo
colin sunde,auto-merged,club,2023,dix; scoop
collin eden,auto-merged,college,2026,cal poly-slo-b (slob); cal poly-slo-c (sloc)
collin kaperick,auto-merged,club,2023,dark star; oregon trainwreck
collin koury,auto-merged,club,2024,i-69; on ramp
collin lamb,auto-merged,club,2019,black market i; black market ii
collin ruprecht,auto-merged,club,2023,bonafide scrubs; mycellium
colsten spelman,auto-merged,college,2026,dayton (flud); dayton-b (ud flud b)
colton green,auto-merged,club,2017,flash flood; texas swing
colton green,auto-merged,club,2018,prime; texas two step
colton green,auto-merged,club,2019,flash flood; texas united
colton lubaszka,auto-merged,club,2023,magma bears; side hustle
conan kisor,auto-merged,college,2025,iowa (ihuc); iowa-b (iowa-b (hucititis))
conley brooks,auto-merged,college,2024,alabama (yellow hammer); alabama-c (yellowhammer c)
conner blalack,auto-merged,club,2023,anchor; colonels
conner derr,auto-merged,college,2024,arizona state (prime); arizona state-b (pleasure)
conner montgomery,auto-merged,club,2018,surrillic audovice; the bayou boys
connor anderson,auto-merged,club,2023,sub zero; truck stop
connor anderson,auto-merged,club,2024,mallard; truck stop
connor cioth,auto-merged,club,2021,nsfw; veteran move
connor garrison,auto-merged,college,2023,arizona state (prime); arizona state-b (pleasure)
connor haines,auto-merged,club,2017,big wrench; somerville bag
connor joseph,auto-merged,college,2023,suny-stony brook (panic); suny-stony brook-b (brick)
connor klitgaard,auto-merged,club,2021,berkeley zyzzyva; sawtooth
connor looney,auto-merged,college,2024,kansas (horrorzontals); kansas-b (kansas b (vertikills))
connor lund,auto-merged,club,2023,mallard; mallard x
connor mchale,auto-merged,club,2025,clapham ultimate; goat
connor messmore,auto-merged,club,2018,dynasty; omen
connor schlessinger,auto-merged,college,2022,denver (sourdough); denver-b (sourdough b team)
connor walsh,split,college,2024,boston college (eagles); george washington (g-dub hippos)
connor walsh,split,college,2025,boston college (eagles); george washington (george washington men’s club ultimate)
connor walsh,split,college,2026,boston college (eagles); george washington (george washington men’s club ultimate)
connor wozniak,auto-merged,club,2022,mke; nain rouge
connor wu,auto-merged,college,2023,california-san diego-b (air squids lite ); california-san diego-c (air squids select)
conor belfield,auto-merged,club,2017,bowdoin (clown); red tide black
conor belfield,auto-merged,club,2018,bowdoin (clown); red tide
conor mcmanamy,auto-merged,club,2022,big wrench; old fat and saggy
conor morrisroe,auto-merged,college,2025,richmond (spidermonkeys); richmond-b (spider pigs)
conor murphy,auto-merged,college,2023,san diego state (federales ); san diego state-b (bomberos)
conor tabor,auto-merged,club,2021,bobby; lotus
cooper baker,auto-merged,college,2026,purdue-b (ctrl-z); purdue-c (ctrl x)
cooper daras,auto-merged,college,2023,mississippi state (dark horse); mississippi state-b (pony express)
cooper daras,auto-merged,college,2024,mississippi state (dark horse); mississippi state -b (trenches )
cooper frederick,auto-merged,college,2022,colorado mines (entropy); colorado mines-b (entropy - b)
cooper kleibor,auto-merged,club,2025,conspiracy theory; zoboomafoo
corey gendron,auto-merged,club,2023,brawl; sprawl
cory fitzsimmons,auto-merged,club,2023,bemo; loaded panda
cory mccormack,auto-merged,club,2023,diy; scoop
cory wallace,auto-merged,club,2019,black market ii; blacker market x
couper kerns,auto-merged,club,2024,barnstorm; oak grove boys
crue savage,auto-merged,club,2019,uproar; uproar claws
cruz alvarez-machado,auto-merged,club,2022,fungi; icey boyz
cullan quitmeyer,auto-merged,college,2023,charlottesville clownies; elon (big fat bomb)
cullen baker,auto-merged,club,2024,chicago machine; haymaker
cullen cummings,auto-merged,college,2026,south florida (scallywags); south florida-b (scourge)
curtis criswell,auto-merged,college,2024,kansas (horrorzontals); kansas-b (kansas b (vertikills))
curtis knaack,auto-merged,club,2025,milwaukee breaker; riptide-b
curtis salcedo,auto-merged,club,2025,(washed); little john
daan de marree,auto-merged,club,2025,chicago machine; mooncatchers
dakota chou,auto-merged,college,2025,cal poly-ccwr (ccwr); cal poly-slo (slocore)
dakota merritt,auto-merged,club,2019,glycerine; surrilic audovice
dallon archibald,auto-merged,club,2023,diz; scoop
damascene niyongere,auto-merged,club,2024,bang; deluxe
damian woodard,auto-merged,club,2017,big wrench; boston baked beans; somerville bag
damon chen,auto-merged,club,2024,brooklyn tech support plus; vassar (swinging monks)
dan goldstein,auto-merged,club,2021,pittsburgh temper; sord
dan goldstein,auto-merged,club,2023,diz; scoop
daniel bates,auto-merged,club,2022,dingwop; st. cloud swans
daniel bauman,auto-merged,club,2022,oakland ultimate; oat
daniel brown,split,club,2017,black knights; four
daniel cade,auto-merged,college,2022,towson (pandamonium); towson -b (bamboozle)
daniel chen,split,club,2024,diesel; sockeye
daniel chen,split,college,2022,carleton college (cut); dartmouth (pain train)
daniel chen,split,college,2023,carleton college (cut); dartmouth (pain train)
daniel chen,split,college,2024,carleton college (cut); dartmouth (pain train)
daniel conner,auto-merged,club,2018,colt; southern hospitality
daniel corbo,auto-merged,college,2026,lewis & clark (bacchus ); lewis & clark-b (bbacchus)
daniel dimascio,auto-merged,club,2019,one night; silence of the clams
daniel flink,auto-merged,college,2022,tulane (tucks); tulane-b (tulane b)
daniel flores,auto-merged,college,2025,santa clara (scab); santa clara-b (scratch)
daniel friedman-brown,auto-merged,club,2022,town hall stars; vault
daniel garlock,auto-merged,club,2018,ironside; mad men
daniel gerregano,auto-merged,college,2025,santa clara (scab); santa clara-b (scratch)
daniel gerregano,auto-merged,college,2026,santa clara (scab); santa clara-b (scratch)
daniel gribbin,auto-merged,club,2026,oak grove boys; truck stop
daniel grisham,auto-merged,college,2024,mississippi state (dark horse); mississippi state -b (trenches )
daniel grosch,auto-merged,club,2023,spoon x-freshman; trident ii
daniel guyll,auto-merged,club,2017,brawl; thundersnow
daniel han,auto-merged,club,2023,helots; pride of rowan newark
daniel harrison,split,college,2026,notre dame (papal rage); suny-buffalo-b (buffalo grinch)
daniel herrick,auto-merged,college,2023,california-san diego-b (air squids lite ); california-san diego-c (air squids select)
daniel hurley,auto-merged,college,2024,mississippi state (dark horse); mississippi state -b (trenches )
daniel kelley,split,college,2024,purdue (undue ultimate); purdue-b (ctrl-z)
daniel kelley,split,college,2026,purdue-b (ctrl-z); purdue-c (ctrl x)
daniel lang,auto-merged,club,2023,mad men; timber
daniel lee,split,club,2017,banc; high five
daniel lee,split,club,2018,banc; mango tree; tune-up
daniel lee,split,club,2019,rhino slam!; space force
daniel lee,split,club,2024,rhino slam!; skeleton squad
daniel lee,split,club,2025,rhino slam!; suspect
daniel lee,split,club,2026,etobicoke; rhino slam!
daniel lepsch,auto-merged,college,2026,colorado-b (cucu); colorado-c (rooster tussle)
daniel lockyer,auto-merged,college,2022,suny binghamton-b (binghamton [b] y); suny-binghamton-b (suny-binghamton b)
daniel lucas,auto-merged,college,2024,colorado state (hibida); colorado state-b (bibida)
daniel maldonado,auto-merged,college,2023,arizona state (prime); arizona state-b (pleasure)
daniel miller,split,club,2017,beachfront property; black market; black market ii; shrimp boat
daniel miller,split,club,2018,black market; uproar
daniel miller,split,club,2019,black market i; black market ii; blacker market y; scootlyfe; uproar
daniel miller,split,club,2021,beachfront property; choice city hops; citywide special
daniel miller,split,club,2022,iso atmo; trident i
daniel miller,split,club,2023,iso atmo; mad men; mavericks
daniel miller,split,club,2024,(washed); iso atmo; mad men
daniel monge,auto-merged,college,2024,cal poly-slo-b (slob); cal poly-slo-c (sloc)
daniel neese,auto-merged,club,2023,bemo; demo
daniel odell,auto-merged,club,2017,black market ii; black market y
daniel odell,auto-merged,club,2018,black market; black market ii; blacker market
daniel odell,auto-merged,club,2019,black market ii; blacker market y
daniel pfaff,auto-merged,club,2022,meadowlark; supercell
daniel pham,split,club,2023,atlanta arson; offshore
daniel pryke,auto-merged,club,2024,skipjack; socal condors
daniel rabinovich,auto-merged,college,2022,charlotte flight; southern california (usc lockdown)
daniel ramirez,auto-merged,club,2022,riverside messengers-b; stuff
daniel robinson,auto-merged,club,2022,tanasi; tennessee folklore
daniel ruskay-kidd,auto-merged,club,2025,roundhouse; yew nork yew nork
daniel sawai,auto-merged,college,2026,colorado-b (cucu); colorado-c (rooster tussle)
daniel silva,auto-merged,club,2018,shore break; space coast ultimate; swamp horse
daniel smith,auto-merged,club,2025,cowtown cannons; vassar (swinging monks)
daniel snyder,auto-merged,club,2021,knights of ni; surly
daniel spillane,auto-merged,club,2024,dallas delinquents; lafayette street dogs
daniel spillane,auto-merged,college,2024,purdue (undue ultimate); purdue-b (ctrl-z)
daniel sullivan,auto-merged,club,2017,castle; demo
daniel vockeroth,auto-merged,club,2017,black market; black market x
daniel welkener,auto-merged,club,2019,flash flood; texas united
daniel williams,auto-merged,club,2022,jam it in; red hots - u20
daniel williams,auto-merged,club,2024,endless sunset; iso atmo
daniel williams,auto-merged,club,2025,haymaker; phx sprout
daniel wysong,auto-merged,club,2022,big booty men; flying pig
daniel zambrano,auto-merged,club,2025,el niño; ele
daniel zhang,split,club,2024,cash crop 2; triumph
daniel zhang,split,college,2022,north carolina-b (batch); texas tech (tumbleweed); triangle tourists boys-b
daniel zhang,split,college,2023,north carolina-b (batch); texas tech (tumbleweed)
daniel zhang,split,college,2024,north carolina (darkside); north carolina-b (batch); texas tech (tumbleweed)
daniel zhang,split,college,2025,north carolina (darkside); north carolina-b (batch)
danny hobday,auto-merged,club,2025,forward motion; sub zero
danny klein,auto-merged,club,2024,blueprint; white sauce hot sauce
danny nguyen,split,club,2018,omen; somerville bag
danny nguyen,split,club,2023,false summit; iso atmo
danny nguyen,split,club,2025,carbon; red lotus
danny obrien,auto-merged,club,2021,black market i; black market ii
danny wilson,auto-merged,club,2021,fathom; raleigh-durham united
dany gallant,auto-merged,club,2017,club m - inferno; club m - magma
daonysos hatzigiannis,auto-merged,club,2024,colorado college (wasabi); the incline
darian ahler,auto-merged,club,2026,mayhem-dev; mischief
darrell davis,auto-merged,club,2022,alamode; san antonio warhawks
darrin speegle,auto-merged,club,2018,confluence; fifty-fifty
dashiell stevanovich,auto-merged,college,2022,yale (süperfly); yale - y (süperfly - y)
david addison,auto-merged,club,2025,heatwave; hofstra (flying dutchmen)
david allen,split,club,2024,alliance; portland tremor
david allen,split,club,2025,gvl trout; revolt
david braden,auto-merged,club,2025,flying dutchmen; mango tree-a
david brandolph,auto-merged,club,2017,patrol; trollvolver
david brandolph,auto-merged,club,2025,citywide special; rumspringa
david brown,auto-merged,college,2022,suny binghamton-b (binghamton [b] y); suny-binghamton-b (suny-binghamton b)
david collier,auto-merged,college,2023,pacific lutheran (reign men); pacific lutheran-b (plu reign b)
david comeau-cadieux,auto-merged,club,2017,club m - manic; club m - rage
david gallagher,split,club,2019,sandbaggers; sky hook
david gomez,auto-merged,club,2025,dallas delinquents; vintage velocity
david guo,auto-merged,club,2023,blackfish; oni
david guo,auto-merged,club,2024,blackfish; joe fisher
david haeussler,auto-merged,club,2025,cozy boys; gamble
david hwang,auto-merged,club,2022,garden state ultimate; helots
david jensen,auto-merged,club,2018,mr. scott and the tots; town hall stars
david jensen,auto-merged,club,2021,fungi; icy boyz
david leibert,auto-merged,club,2019,somerville bag; white sauce hot sauce
david lyle,auto-merged,club,2017,big wrench; somerville youth
david miguel,auto-merged,club,2025,certified scrubs; players into serious sports
david nester,auto-merged,club,2021,mad men; yogosbo
david peterson,split,club,2024,barnstorm; powderhogs
david peterson,split,club,2025,barnstorm; dallas delinquents
david peterson,split,college,2022,oklahoma christian (eagles); utah state (scotsmen)
david pinheiro,auto-merged,club,2023,bloomin' reptars; raptor
david pinto,auto-merged,club,2023,diz; scoop
david pinto,auto-merged,club,2025,dig; scoop
david popp,auto-merged,club,2021,ice bros; iso atmo
david purackal,auto-merged,college,2022,suny binghamton-b (binghamton [b] y); suny-binghamton-b (suny-binghamton b)
david rogers,auto-merged,college,2023,santa clara (scab); santa clara-b (scratch)
david sawaya,auto-merged,college,2026,mississippi state (dark horse); mississippi state-b (trenches )
david schroettner,auto-merged,college,2026,ave maria (gyrenes); ave maria-b (ave maria b team)
david sullivan,auto-merged,college,2024,johns hopkins (dangerzone); johns hopkins-b (dangerzone b)
david urban,auto-merged,college,2025,syracuse (doom); syracuse university-b (boom)
david yu,auto-merged,club,2017,mad men; mango tree
david zwettler,auto-merged,college,2026,mississippi state (dark horse); mississippi state-b (trenches )
davis lenz,auto-merged,club,2023,blink-122 weekends; choice city hops
davis orr,auto-merged,college,2023,florida (florida); florida-b (florida b)
dawson archer,auto-merged,college,2024,mississippi state (dark horse); mississippi state -b (trenches )
dawson archer,auto-merged,college,2025,mississippi state (dark horse); mississippi state-b (trenches )
dawson johns,auto-merged,college,2023,mississippi state (dark horse); mississippi state-b (pony express)
dawson johns,auto-merged,college,2024,mississippi state (dark horse); mississippi state -b (trenches ); mississippi state-c (trenches b)
dax chase,auto-merged,club,2025,colorado cutthroat u-17 boys; colorado cutthroat u-20 boys two
daylan sears,auto-merged,club,2026,town hall stars; truck stop
dayne meyer,auto-merged,club,2021,sawtooth; the killjoys
dayne ware,auto-merged,club,2017,swangos; texas swing
dean klimek,auto-merged,club,2019,garden state ultimate; not a sport
dean lourenco,auto-merged,college,2025,syracuse (doom); syracuse university-b (boom)
dean merritt,auto-merged,club,2017,brickhouse; triforce
declan gillespie,auto-merged,college,2023,suny-stony brook (panic); suny-stony brook-b (brick)
declan haas,auto-merged,college,2024,ohio (trout); ohio-b (trout b)
declan jackson,auto-merged,club,2025,heatwave; texas duffy
declan kervick,auto-merged,club,2023,tire; tirebizfriz
declan kervick,auto-merged,club,2025,dig; scoop
declan le warn,auto-merged,club,2023,cmen; rotisserie chicken
declan norris,auto-merged,college,2025,grand canyon (lopes); grand canyon-b (g-force)
delmar tarrago,auto-merged,club,2023,diesel; stl lounar
delrico johnson,auto-merged,club,2017,bayonet; truck stop
denny corson,auto-merged,college,2023,pacific lutheran (reign men); pacific lutheran-b (plu reign b)
derek chen,auto-merged,college,2023,columbia (uptown local); wesleyan (nietzsch factor)
derek johnson,split,college,2022,edinboro (haggis); massachusetts-lowell (riverhawks); north park (lost boys)
derek johnson,split,college,2023,edinboro (haggis); massachusetts-lowell (riverhawks); suny-geneseo (snail)
derek rizzi,auto-merged,club,2022,dyno; el niño
derek wiseman,auto-merged,club,2019,lantern; silence of the clams
derik knighton,auto-merged,club,2025,lil’ huckers; shrimp
derik knighton,auto-merged,club,2026,evolution; lil’ huckers
devan biggs,auto-merged,club,2025,"bgf sl,ut; zombie tidal wave"
deven amann-rao,split,club,2019,axial tilt; sky hook
deven amann-rao,split,club,2023,blueprint; magma bears
deven bender,auto-merged,club,2025,atlanta arson; atlanta outlaws
deven walsh,auto-merged,college,2023,denver (sourdough); denver-b (sourdough b team)
devin smith,split,club,2017,buffalo ultimate; hb boys
devin spahn,auto-merged,club,2025,demo; loaded panda
devon huang,auto-merged,club,2018,all bashed out; stuyvesant sticky fingers alumni
devon jones-stanley,auto-merged,college,2022,oregon state (beavers); oregon state-b (oregon state b)
devon shepherd,auto-merged,college,2025,richmond (spidermonkeys); richmond-b (spider pigs)
devon terry,auto-merged,club,2018,ncfo; the killjoys
devon umeozor,auto-merged,college,2022,suny binghamton-b (binghamton [b] y); suny-binghamton-b (suny-binghamton b)
dex dremann,auto-merged,club,2017,four; rising tide
dexter clyburn,auto-merged,club,2022,garden state ultimate; zyzzyva
dexter clyburn,auto-merged,club,2024,garden state ultimate; revolver
dexter luecke,auto-merged,club,2021,butterflies; colorado cutthroat: youth club u-20 boys
dexter miller,auto-merged,club,2023,mavericks; smoak (u20)
dexter stevens,auto-merged,college,2026,washington-b (washington b); washington-c (uw c)
dexter straczek,auto-merged,club,2018,black market ii; blackest market
dexter straczek,auto-merged,club,2021,black market i; black market ii
diego morales,auto-merged,club,2024,parking lot; tennessee folklore
diego soto,auto-merged,club,2024,bdc; beef depot
diego torrez,auto-merged,college,2024,mississippi state (dark horse); mississippi state -b (trenches ); mississippi state-c (trenches b)
diego torrez,auto-merged,college,2025,mississippi state (dark horse); mississippi state-b (trenches )
dilan patel,auto-merged,college,2022,ucla (smaug); ucla-b (ucla smoke)
dillon doubrava,auto-merged,club,2024,amigos-jv; texas united
dillon yocum,auto-merged,college,2023,illinois state (gnomes); illinois state-b (illinois state gnomes b)
dodger middlebrook,auto-merged,club,2021,fungi; sundowners
dodger middlebrook,auto-merged,club,2025,socal condors; unrestricted free agents
dolan patrick,auto-merged,club,2025,bang; tbd
dong lam,auto-merged,club,2025,banc; parlay
donnelly roberts,auto-merged,club,2019,one night; silence of the clams
donovan duffy,auto-merged,club,2017,cincinnati flying piglet; the boys
doug hendry,auto-merged,club,2025,rebels; revolt
douglas fox,auto-merged,club,2022,oat; offshore
douglas kawasaki,auto-merged,club,2017,cloverleaf; dragon army
douglas self,auto-merged,club,2019,richmond floodwall; vault
drake hill,auto-merged,club,2024,black market; lounar
drake robertson,auto-merged,college,2024,mississippi state (dark horse); mississippi state-c (trenches b)
drake slater,auto-merged,club,2017,black market; black market ii
drake slater,auto-merged,club,2018,black market ii; blacker market
drake slater,auto-merged,club,2019,black market ii; blacker market y
drew davidson,auto-merged,club,2018,surrillic audovice; the bayou boys
drew fitzwater,auto-merged,club,2017,austin amigos; riverside ultimate
drew galle,auto-merged,club,2023,i-69; on ramp
drew galle,auto-merged,club,2024,i-69; on ramp
drew girard,auto-merged,club,2024,hazard; impulse
drew girard,auto-merged,club,2025,cash crop 2; pittsburgh temper
drew laird,split,club,2024,brawl; cookie mon$terz
drew laird,split,college,2024,mississippi state (dark horse); mississippi state -b (trenches ); mississippi state-c (trenches b)
drew larson,auto-merged,college,2024,cal poly-slo-b (slob); cal poly-slo-c (sloc)
drew loughnane,auto-merged,club,2024,ghostbusters; vault
drew schramm,auto-merged,club,2024,on ramp; parking lot
drew scola,auto-merged,college,2024,arizona state (prime); arizona state-b (pleasure)
duncan fitzgerald,auto-merged,club,2018,dark star; rhino slam
dustin becker,auto-merged,club,2017,garden party; garden state ultimate
dustin berck,auto-merged,college,2026,lewis & clark (bacchus ); lewis & clark-b (bbacchus)
dustin campbell,auto-merged,club,2018,bromintum; momintum
dyan peifer,auto-merged,college,2023,tufts-b (tufts b); tufts-c (tufts c)
dylan brack,auto-merged,club,2022,oregon trainwreck; trainwreck and friends
dylan cobean,auto-merged,club,2024,sonoran dog; sonoran pups
dylan doherty,auto-merged,college,2024,alabama (yellow hammer); alabama-c (yellowhammer c)
dylan fernandez,auto-merged,college,2024,california-san diego-b (air squids lite ); california-san diego-c (air squids select)
dylan gammarato,auto-merged,club,2024,adelphi (adelphi ultimate); long island riff raff
dylan habecker,auto-merged,college,2023,california-san diego-b (air squids lite ); california-san diego-c (air squids select)
dylan lacombe burgoyne,auto-merged,club,2017,club m - magma; club m - rage
dylan latham mcgraw,auto-merged,club,2021,11th hour; inception
dylan magahis,auto-merged,club,2021,black market i; black market ii
dylan mcgarr,auto-merged,club,2023,fork x-senior; trident ii
dylan orlando,auto-merged,college,2024,florida gulf coast (eagles ultimate); suny-albany-b (scam)
dylan ryfe,auto-merged,college,2023,california-san diego (air squids); california-san diego-b (air squids lite ); california-san diego-c (air squids select)
dylan schroeder,auto-merged,club,2024,oregon trainwreck; portland tremor
dylan shoemaker,auto-merged,college,2024,lsu (purple haze); lsu-b (purple haze)
dylan smith,split,club,2019,citywide special; hail mary
dylan south,auto-merged,club,2024,sonoran dog; sonoran pups
dylan tams,auto-merged,club,2023,mavericks; smoak (u20)
dylan tams,auto-merged,club,2025,oat; scooby coupy coup
eamon wick,auto-merged,club,2017,somerville bag; somerville youth
ed fox,auto-merged,club,2024,hex panthers-c; ronin
eddie kim,auto-merged,club,2025,garden state ultimate; nyu (new york university ); rugrat knights-a
edgar brito,auto-merged,college,2023,san diego state (federales ); san diego state-b (bomberos)
eduardo cea,auto-merged,college,2025,clemson (joint chiefs of waft); clemson-b (joint biefs)
edward ditolla,auto-merged,college,2022,new york university (purple blaze); nyu (new york university )
edward helderop,auto-merged,club,2023,anchor; journeymen
edward wong,auto-merged,club,2022,bartle boys; deepfake
eitan rosenheim,auto-merged,club,2022,buda u20b; journeymen
elan mcminn,auto-merged,club,2019,gaucho; texas united
eli amantia,auto-merged,college,2025,richmond (spidermonkeys); richmond-b (spider pigs)
eli artemakis,split,club,2019,haymaker; red hots - u20
eli chang,auto-merged,club,2023,diy; scoop
eli filner-hutchison,auto-merged,college,2025,santa clara (scab); santa clara-b (scratch)
eli filner-hutchison,auto-merged,college,2026,santa clara (scab); santa clara-b (scratch)
eli friedman,split,club,2019,ditto a; ditto b; sockeye
eli friedman,split,club,2021,rhino slam!; slimjim fc
eli friedman,split,club,2023,rhino slam!; you need to calm down
eli friedman,split,club,2025,"bgf sl,ut; rhino slam!"
eli friedman,split,college,2022,dartmouth-b (discomfort trolley); michigan (magnum)
eli friedman,split,college,2023,dartmouth-b (discomfort trolley); michigan (magnum)
eli lathrop,auto-merged,college,2025,heartbreak; washington state (air raid)
eli shapera,auto-merged,club,2023,blackfish; oni
eli standard,auto-merged,club,2023,dig; diy
eli wolk,auto-merged,club,2025,popperton ultimate frisbee; powderhogs
elias casper,auto-merged,club,2025,dark star; oregon trainwreck
elias mansbach,auto-merged,club,2017,defy the meta; shades
elijah beard,auto-merged,club,2026,iso atmo; red lotus
elijah beard,auto-merged,college,2026,colorado-b (cucu); colorado-c (rooster tussle)
elijah ditto,auto-merged,college,2024,kansas (horrorzontals); kansas-b (kansas b (vertikills))
elijah gornik,auto-merged,club,2024,i-69; on ramp
elijah gornik,auto-merged,club,2025,i-69; on ramp
elijah kennard,auto-merged,college,2022,yale (süperfly); yale - y (süperfly - y)
elijah mckinley,auto-merged,club,2023,ronin; second nature
elijah mishkind,auto-merged,club,2017,big wrench; shades
elijah phillips,auto-merged,college,2026,air force (afterburn); pittsburgh-b (university of pittsburgh- b)
elijah singleton,split,college,2025,maryland-b (astro quakers); pacific lutheran (reign men)
eliot lajaunie,auto-merged,club,2024,riverside messengers; roundhouse
eliott heloir,auto-merged,club,2019,club m - manic; mockingbird
elliot deleger,auto-merged,college,2026,lewis & clark (bacchus ); lewis & clark-b (bbacchus)
elliot meyer,auto-merged,club,2024,citywide special; parlay
elliot miller,auto-merged,college,2025,"wake forest (well oiled machine, baby); wesleyan (nietzsch factor)"
elliot mitchell larson,auto-merged,college,2024,wisconsin-eau claire (eauzone); wisconsin-eau claire-b (breauzone)
elliot rivera,auto-merged,college,2022,suny oswego (flying monkeys); suny-buffalo (green eggs and ham)
elliot sakach,auto-merged,club,2017,defy the meta; shades
elliot shin,auto-merged,club,2024,roundhouse; trident
elliot tutaj-blaz,auto-merged,college,2025,wisconsin-b (fauxdags); wisconsin-c (daglets)
elliott goldberg,auto-merged,club,2026,colorado cutthroat u-20 boys; colorado cutthroat u-20 boys two
elliott haberman,auto-merged,college,2022,oregon state (beavers); oregon state-b (oregon state b)
elliott haberman,auto-merged,college,2023,oregon state (beavers); oregon state-b (oregon state b)
elliott kimball,split,college,2025,lehigh (lehigh ); lehigh-b (lehigh-b)
elliott mclaughlin,auto-merged,college,2025,dayton (flud); dayton-b (ud flud b)
elliott moore,auto-merged,club,2018,doublewide; gamble
ellis newhouse,auto-merged,club,2023,mallard; mallard x; minnesota superior a
elton howard,auto-merged,club,2024,east lansing detroit lions; tydl
emanuel coleman,auto-merged,club,2022,old fat and saggy; trout
emerson alexander,auto-merged,club,2025,colorado cutthroat u-17 boys; colorado cutthroat u-20 boys two
emery slothower,auto-merged,college,2026,lewis & clark (bacchus ); lewis & clark-b (bbacchus)
emil broemmelsiek,auto-merged,club,2018,black market ii; blacker market; blackest market
emmett andrews,auto-merged,club,2022,oregon trainwreck; trainwreck and friends
emmett donnelly,auto-merged,college,2024,colorado state (hibida); colorado state-b (bibida)
emmett williamson,auto-merged,club,2018,fusion; shades
emmett young,auto-merged,club,2023,tire; tirebizfriz
emory koeppel,auto-merged,club,2024,bonsoon; expendables
endymion ashton liu,auto-merged,club,2026,raleigh-durham united; triumph
eric chen,split,club,2019,flash flood; glycerine; somerville bag; white sauce hot sauce
eric chen,split,club,2021,blueprint; white sauce hot sauce
eric chin,auto-merged,club,2019,shred line; white sauce hot sauce
eric crosby lehmann,auto-merged,club,2025,forward motion; sub zero
eric delgado,auto-merged,club,2019,black market iii; blacker market x
eric flyr,auto-merged,club,2023,bemo; loaded panda
eric flyr,auto-merged,club,2025,demo; loaded panda
eric gillwald,auto-merged,club,2021,iso atmo; isosceles
eric gilmore,auto-merged,club,2018,grandmaster flash; shore break
eric he,auto-merged,club,2024,long island riff raff; suny-stony brook (panic)
eric holtmeyer,auto-merged,club,2024,stl goonar; stl moonar
eric johnson,split,club,2017,beachfront property; sub zero
eric johnson,split,club,2024,east bay earthworms; hazard; pittsburgh temper
eric lederman,auto-merged,club,2025,rebels; revolt
eric liu,auto-merged,college,2023,suny-stony brook (panic); suny-stony brook-b (brick)
eric mcalexander,auto-merged,college,2024,johns hopkins (dangerzone); johns hopkins-b (dangerzone b)
eric miner,auto-merged,club,2017,paranoia; truck stop
eric nardelli,auto-merged,club,2017,citywide special; patrol
eric peters,auto-merged,club,2019,lantern; silence of the clams
eric rosenfeld,auto-merged,club,2026,dark star; odot
eric shen,auto-merged,club,2022,rush hour atl; yee-haw
eric siegmund,auto-merged,club,2024,oakay; touch of grey
eric silverman,auto-merged,club,2021,fungi; spicy
eric sun,auto-merged,club,2019,foxtrot; messengers-b
eric teng,auto-merged,club,2017,blackfish; dna
eric teng,auto-merged,club,2018,blackfish; dna
eric tran,auto-merged,college,2023,california-san diego-b (air squids lite ); california-san diego-c (air squids select)
eric williams,auto-merged,college,2023,delaware (sideshow); spring hill (shuc)
eric wilson,auto-merged,club,2018,flying pig; omen
eric wilson,auto-merged,club,2019,flying pig; omen
eric zhang,split,club,2025,atlanta outlaws; magma bears
eric zhang,split,college,2021,emory (emory juice); nyu (new york university )
eric zhang,split,college,2022,emory (emory juice); nyu (new york university )
eric zhang,split,college,2026,british columbia -b (b-birds); simon fraser (sfu red leafs)
erich phang-lyn,auto-merged,club,2018,phoenix; shrike
erick neilson,auto-merged,club,2022,alamode; san antonio warhawks
erik aadalen,auto-merged,club,2023,mallard; mallard x
erik anaya,auto-merged,club,2024,battery; mort
erik atwell,auto-merged,club,2018,austin amigos; gaucho
erik drost,auto-merged,college,2026,boston university (boston university); boston university-b (boston university b)
erik hotaling,auto-merged,club,2021,bobby; johnny bravo
erik olsen,auto-merged,club,2024,i-69; on ramp
erik swanson,auto-merged,college,2025,cal poly-slo-b (slob); cal poly-slo-c (sloc)
erik swanson,auto-merged,college,2026,cal poly-slo-b (slob); cal poly-slo-c (sloc)
erikas paulauskas,auto-merged,club,2023,trident ii; trident iii
erikas paulauskas,auto-merged,club,2024,trident; trident ii
ethan anderson,auto-merged,college,2023,clark university (woo town killer bees); nyu (new york university )
ethan austin-cruse,auto-merged,club,2025,atliens; little red wagon
ethan benenson,auto-merged,club,2021,black sheep; glycerine
ethan chen,auto-merged,college,2026,brown-b (brown - b); washington-b (washington b)
ethan fortin,auto-merged,club,2023,dig; dix
ethan goedelman,auto-merged,college,2024,central florida (dogs of war); central florida-b (havoc)
ethan harris,auto-merged,club,2025,la maquina -a; spring break '93
ethan heiss,auto-merged,club,2022,chimney; yee-haw
ethan hoffman,auto-merged,college,2024,arizona state (prime); arizona state-b (pleasure)
ethan hood,auto-merged,club,2024,bang; deluxe
ethan kilpatrick,auto-merged,college,2023,mississippi state (dark horse); mississippi state-b (pony express)
ethan kilpatrick,auto-merged,college,2024,mississippi state (dark horse); mississippi state -b (trenches )
ethan kim,auto-merged,college,2023,california-santa barbara-b (black out); virginia tech (burn)
ethan king,auto-merged,club,2024,crossfire; frizz
ethan king,auto-merged,college,2024,florida (florida); wesleyan (nietzsch factor)
ethan king,auto-merged,college,2025,florida (florida); wesleyan (nietzsch factor)
ethan landis,auto-merged,club,2024,chemical x; happy valley roofing and mustache supply
ethan low,auto-merged,club,2023,blackfish; oni
ethan low,auto-merged,club,2024,blackfish; joe fisher
ethan meyers,auto-merged,college,2024,indiana (hoosiermama?s); indiana-b (hoosierdaddy!s)
ethan moldofsky,auto-merged,club,2021,black market ii; rampage
ethan moldofsky,auto-merged,club,2023,delirium; ronin
ethan moldofsky,auto-merged,club,2024,little red wagon; ronin
ethan moore,split,college,2023,illinois state (gnomes); illinois state-b (illinois state gnomes b)
ethan moore,split,college,2025,illinois state (gnomes); james madison (hellfish)
ethan moore,split,college,2026,illinois state (gnomes); james madison (hellfish)
ethan niedzwiedz,auto-merged,club,2023,queen city kings; texas duffy
ethan niedzwiedz,auto-merged,club,2024,dyno; texas duffy
ethan niedzwiedz,auto-merged,club,2025,chain lightning; little red wagon
ethan ode,auto-merged,club,2023,knights of ni; minnesota superior b
ethan peck,auto-merged,club,2017,patrol; trollvolver
ethan schiff,auto-merged,club,2025,blueprint; yew nork yew nork
ethan smith,split,club,2018,illinois youth ultimate - u20; mailmeñ
ethan smith,split,club,2023,garden state ultimate; sepda night owl
ethan smith,split,college,2026,tufts (elephant men); utah-b (shower curtain ultimate)
ethan snyderman,auto-merged,club,2025,arcane edge; long island riff raff
ethan spraggon,auto-merged,college,2023,california-san diego-b (air squids lite ); california-san diego-c (air squids select)
ethan teplitzky,auto-merged,college,2023,colorado-b (cucu); colorado-c (rooster tussle)
ethan tsirulik,auto-merged,club,2019,helots; town hall stars
ethan wagner,auto-merged,college,2023,kenyon (serf); whitworth (bangarang)
ethan wang,split,club,2024,long island riff raff; nyu (new york university )
ethan wang,split,college,2023,california-san diego (air squids); california-san diego-b (air squids lite ); california-san diego-c (air squids select)
ethan wang,split,college,2024,california-san diego (air squids); johns hopkins (dangerzone); johns hopkins-b (dangerzone b)
ethan wang,split,college,2025,california-san diego (air squids); nyu (new york university )
ethan wang,split,college,2026,california-san diego (air squids); nyu (new york university )
ethan weiss,auto-merged,college,2022,suny binghamton-b (binghamton [b] y); suny-binghamton-b (suny-binghamton b)
ethan wimmer,auto-merged,club,2026,evolution; powderhogs
ethan zhao,auto-merged,college,2025,cornell (buds); cornell-b (cornell-b (shake))
eugene wentworth,auto-merged,club,2018,dynasty; those magnificent bastards
evan brown,auto-merged,club,2024,on ramp; parking lot
evan brown,auto-merged,club,2025,on ramp; virginia vortex
evan brown,auto-merged,club,2026,on ramp; virginia vortex
evan brown,auto-merged,college,2022,bowdoin (clown); pennsbury (pennsbury)
evan card,auto-merged,club,2024,barnstorm; spring break '93
evan card,auto-merged,college,2022,central connecticut state (blue barracudas); oklahoma christian (eagles)
evan carroll,auto-merged,college,2024,dayton (flud); dayton-b (ud flud b)
evan carroll,auto-merged,college,2025,dayton (flud); dayton-b (ud flud b)
evan carry,auto-merged,college,2026,dayton (flud); dayton-b (ud flud b)
evan carter,auto-merged,club,2017,blueprint; sleepover at lenin's
evan davies,auto-merged,club,2024,dyno; little red wagon
evan duplessis,auto-merged,college,2024,lsu (purple haze); lsu-b (purple haze)
evan ellis,auto-merged,club,2023,dinkytown doughboys; kenji's bbb
evan foster,auto-merged,college,2026,carnegie mellon (mr. yuk); north park (vikings)
evan frias,auto-merged,club,2023,milwaukee revival; timber
evan garrison,auto-merged,college,2024,mississippi state (dark horse); mississippi state -b (trenches )
evan harris,auto-merged,college,2026,colorado state (hibida); colorado state-b (bibida)
evan johnson,auto-merged,club,2017,defy the meta; shades
evan lutz,split,college,2025,depaul (duc); penn state (spank)
evan lutz,split,college,2026,depaul (duc); penn state (spank)
evan mclean,auto-merged,club,2017,foggy bottom boys; munch box
evan miller,split,club,2022,black lung; pando; utah hatu
evan miller,split,club,2024,bonneville flatball club; sundance kids; touch of grey
evan miller,split,college,2022,appalachian state (nomads); brigham young (chi)
evan miller,split,college,2023,appalachian state (nomads); brigham young (chi)
evan miller,split,college,2024,appalachian state (nomads); brigham young (chi)
evan miller,split,college,2025,appalachian state (nomads); brigham young (chi)
evan parizot,auto-merged,club,2019,mango tree; nain rouge
evan peaco,auto-merged,college,2025,dayton (flud); dayton-b (ud flud b)
evan perry,auto-merged,club,2024,anchor; bonsoon
evan power,auto-merged,club,2017,black market; black market x
evan ross,auto-merged,college,2025,dayton (flud); dayton-b (ud flud b)
evan sapirman,auto-merged,club,2023,buffalo frostbite; helots
evan sebastian,auto-merged,club,2023,alliance; triiident
evan sebastian,auto-merged,club,2024,black market; stl moonar
evan smith,split,college,2025,cal state-long beach (pyramid scheme); grand valley (lakers); mit (grim beaver)
evan snyder,split,club,2023,minnesota superior a; music city mafia; the body
evan snyder,split,club,2024,minnesota superior u20b; watchmen
evan snyder,split,club,2025,forward motion; kenji's bbb
evan taylor,auto-merged,club,2017,riverside messengers-b; thundersnow
evan thompson,auto-merged,college,2024,florida state (duf); florida state-b (duf eyyy)
evan varner,split,club,2017,choice city hops; scythe
evan washo,auto-merged,club,2024,on ramp; parking lot
evan washo,auto-merged,club,2025,i-69; on ramp
evan washo,auto-merged,college,2026,purdue (undue ultimate); purdue-b (ctrl-z)
evan weinstein,auto-merged,club,2025,"bay dog; bgf sl,ut; reál hogs fc-b"
everest shapiro,auto-merged,club,2019,rougaroux; supercell
everett arruda,auto-merged,club,2024,kansas city smokestack; nox
everett woo,auto-merged,club,2025,buda u20b; la maquina -a
ewan casper,auto-merged,club,2026,dark star; oregon trainwreck
eytan zakai,auto-merged,college,2026,lewis & clark (bacchus ); lewis & clark-b (bbacchus)
ezra beidler-shenk,auto-merged,club,2023,adelphos; sepda night owl
ezra gold,auto-merged,college,2024,tulane (tucks); tulane-b (tulane b)
ezra kennedy,auto-merged,club,2025,popperton ultimate frisbee; powderhogs
ezra tinsky,auto-merged,club,2023,beef depot; red wolves
fabian briesmoore,auto-merged,club,2017,sa spares; scythe
fabian galvan,auto-merged,club,2022,fungi; spicey-freshman
fabian galvan,auto-merged,club,2023,fungi; makawua
felix airhart,auto-merged,college,2025,mississippi state (dark horse); mississippi state-b (trenches )
felix leonard,auto-merged,club,2024,ascension; mephisto
felix pronove,auto-merged,club,2021,11th hour; johnny bravo
filip wilk,auto-merged,club,2021,ditto a; haymaker
fin fuhrmann,auto-merged,club,2025,mallard; sockeye
finley bray,auto-merged,college,2025,purdue-b (ctrl-z); purdue-c (ctrl x)
finn garside,auto-merged,college,2025,richmond (spidermonkeys); richmond-b (spider pigs)
finnegan barr,auto-merged,club,2022,oat; red dawn
fischer dastrup,auto-merged,club,2022,haymaker; red hots - u20; utah hatu
fischer hewitt,auto-merged,college,2026,cal poly-slo-b (slob); cal poly-slo-c (sloc)
flavius penescu,auto-merged,club,2023,atlanta arson; python
fletcher hare,auto-merged,club,2024,alliance; chain lightning
fletcher hayden,auto-merged,club,2023,cash crop 2; puppies
fletcher turner,auto-merged,club,2025,popperton ultimate frisbee; reál hogs fc-b
fletcher weld,auto-merged,college,2026,colorado-b (cucu); colorado-c (rooster tussle)
forrest vargyas,auto-merged,college,2023,oregon state (beavers); oregon state-b (oregon state b)
francisco fernandez,auto-merged,club,2022,chain lightning; harvard (red line); rush hour atl
frank dore,auto-merged,club,2018,black market ii; blacker market
frank mcgee,auto-merged,college,2023,mississippi state (dark horse); mississippi state-b (pony express)
frank noboa,auto-merged,club,2024,bloom; bud
frankie arreguin,split,college,2025,southern california (usc lockdown); southern california-b (usc blockdown)
franz reiser,auto-merged,club,2021,colorado cutthroat: youth club u-20 boys; cosmic elite
frederic maire,auto-merged,club,2017,defunct; east rock candy mountain
frederick perlman,auto-merged,club,2021,fungi; icy boyz
frederick perlman,auto-merged,club,2022,fungi; icey boyz; magma bears
gabe ellias,auto-merged,college,2022,tulane (tucks); tulane-b (tulane b)
gabe ellias,auto-merged,college,2023,tulane (tucks); tulane-b (tulane b)
gabe fletcher,auto-merged,club,2022,cosmic u-20 boys; springs open team
gabe hamilton,auto-merged,club,2021,bighorn; boulder united flatiron hammers
gabe retzlaff,auto-merged,club,2024,kfc; timber
gabe schoepke,auto-merged,club,2023,spoon x-freshman; trident i
gabe smith,auto-merged,college,2025,heartbreak; whitworth (bangarang)
gabe thomas,split,college,2021,arkansas (ludicrous speed ); north carolina-wilmington (seamen)
gabe thomas,split,college,2022,arkansas (ludicrous speed ); north carolina-wilmington (seamen)
gabe westergren,auto-merged,club,2017,foggy bottom boys; jelly straus
gabriel bassin,auto-merged,club,2024,haymaker; haymaker x; roundhouse
gabriel colton,auto-merged,club,2017,patrol; trollvolver
gabriel colton,auto-merged,club,2023,dig; diz
gabriel dorsey,auto-merged,club,2019,flying pig; omen
gabriel dowd,auto-merged,club,2025,mango tree-a; vault
gabriel gehtland,auto-merged,college,2025,richmond (spidermonkeys); richmond-b (spider pigs)
gabriel henry,auto-merged,college,2023,messiah (falcons); messiah-b (b)
gabriel hernandez,split,college,2021,suny-stony brook (panic); western michigan (dark horse)
gabriel janus,auto-merged,college,2022,dayton (flud); dayton-b (ud flud b)
gabriel johnson,split,college,2026,grand valley (lakers); kent state (klockwork); tarleton state (texan ultimate)
gabriel kritz,auto-merged,college,2024,hofstra (flying dutchmen); maryland (maryland ultimate)
gabriel lloyd,auto-merged,club,2025,bryce whitney fan club; zyzzyva
gabriel martinez,auto-merged,club,2017,austin amigos; swangos
gabriel schmitt,auto-merged,club,2017,big wrench; somerville bag
gabriel smerillo,auto-merged,college,2024,wisconsin-eau claire (eauzone); wisconsin-eau claire-b (breauzone)
gabriel valencia,auto-merged,club,2019,black market ii; blacker market x
gabriele kautz,auto-merged,club,2023,tire; tirebizfriz
galen moll,auto-merged,college,2022,oregon state (beavers); oregon state-b (oregon state b)
gang yang,auto-merged,college,2023,california-san diego-b (air squids lite ); california-san diego-c (air squids select)
gannon mcshane,auto-merged,college,2025,grand canyon (lopes); grand canyon-b (g-force)
garet lipinski,auto-merged,club,2017,swangos; texas swing
garrett braun,auto-merged,club,2017,fludwhale; richmond floodwall
garrett bush,auto-merged,club,2022,oat; revolver
garrett gonta,auto-merged,college,2023,california-san diego-b (air squids lite ); california-san diego-c (air squids select)
garrett jay,auto-merged,college,2025,richmond (spidermonkeys); richmond-b (spider pigs)
garrett knobel,auto-merged,club,2026,florida untied; warao
garrett kunkler,auto-merged,college,2024,cal poly-slo-b (slob); cal poly-slo-c (sloc)
garrett kunkler,auto-merged,college,2026,cal poly-slo-b (slob); cal poly-slo-c (sloc)
garrett martin,auto-merged,club,2018,powderhogs; rhino slam
garrett murphy,auto-merged,club,2023,fork x-senior; trident ii; trident iii
garrett wilson,split,club,2017,memphis belle; riverside ultimate; syndicate
garrett wilson,split,club,2018,gaucho; memphis belle; syndicate
garrett wilson,split,club,2019,gaucho; villains
gavin abrahamsson,auto-merged,club,2025,dig; scoop
gavin babbitt,auto-merged,club,2019,black market ii; blacker market y; red hots - u20
gavin babbitt,auto-merged,club,2021,black market i; joe sefton's little heroes
gavin davis,auto-merged,club,2017,flash flood; texas two step
gavin gee,auto-merged,club,2022,oregon trainwreck; trainwreck and friends
gavin gee,auto-merged,club,2024,oregon trainwreck; portland tremor
gavin ocarroll,auto-merged,college,2025,santa clara (scab); santa clara-b (scratch)
gavin ocarroll,auto-merged,college,2026,santa clara (scab); santa clara-b (scratch)
gavin smith,auto-merged,club,2026,on ramp; virginia vortex
gavin wilczynski,auto-merged,club,2024,bang; deluxe
gavin wilczynski,auto-merged,club,2025,bang; green mountain boys; tbd
gavriel luis feria,auto-merged,college,2024,california-san diego-b (air squids lite ); california-san diego-c (air squids select)
gene buonaccorsi,auto-merged,club,2017,beach wrench; big wrench
geoffrey cheng,auto-merged,club,2022,nox; stl moonar
geordie van witbeck,auto-merged,college,2026,lewis & clark (bacchus ); lewis & clark-b (bbacchus)
george gust,auto-merged,club,2024,amigos-jv; riptide; texas united
george liacouras,auto-merged,club,2025,john doe; la maquina -a
george neely,auto-merged,club,2024,dallas delinquents; forge
german aldana,auto-merged,club,2025,riverside; texas duffy
gerry mcmanus,auto-merged,club,2025,iso atmo; x wives-a
gianluca pagano,auto-merged,club,2023,garden state ultimate; pride of rowan newark
gianni caiazzo,auto-merged,college,2026,lewis & clark (bacchus ); lewis & clark-b (bbacchus)
gideon miller,auto-merged,college,2023,mississippi state (dark horse); mississippi state-b (pony express)
gideon miller,auto-merged,college,2024,mississippi state (dark horse); mississippi state -b (trenches ); mississippi state-c (trenches b)
gideon miller,auto-merged,college,2025,mississippi state (dark horse); mississippi state-b (trenches )
giri peters,auto-merged,club,2024,haymaker; haymaker x; roundhouse
girolamo s kelly,auto-merged,club,2017,black market; black market ii
glenn poole,auto-merged,club,2017,madison club; paranoia
godlove nkembo,auto-merged,college,2024,south florida (scallywags); south florida-b (scourge)
gordon larson,auto-merged,club,2023,mutiny; sub zero
gordon larson,auto-merged,club,2025,forward motion; sub zero
gordon meyer,auto-merged,club,2017,gravy train wreck; sure
grady nautel,auto-merged,college,2025,vermont-b (chill dev); vermont-c (chill b)
grady richman,auto-merged,club,2025,atliens; elysium
grady watkins,auto-merged,club,2021,socal condors; wavestorms
graeme alexander,auto-merged,club,2023,bux; mad men
graham barton,auto-merged,club,2023,helots; puppies
graham blocher,auto-merged,club,2024,cosmic u-20 boys; the incline
graham williams,auto-merged,college,2024,mississippi state (dark horse); mississippi state -b (trenches )
graham williams,auto-merged,college,2025,mississippi state (dark horse); mississippi state-b (trenches )
grant geissler,auto-merged,club,2023,colorado cutthroat: youth club u-20 boys; ycc u20 developmental team
grant good,auto-merged,club,2019,black market ii; blacker market x
grant harris,auto-merged,club,2023,spoon y-d; trident i
grant houston,auto-merged,college,2024,mississippi state (dark horse); mississippi state -b (trenches )
grant johnson,auto-merged,club,2025,fat stacks; zombie tidal wave
grant kern,auto-merged,club,2019,black market ii; blacker market y; ironmen
grant loehrke,auto-merged,club,2025,nyu (new york university ); shift
grant white,auto-merged,college,2024,purdue (undue ultimate); purdue-b (ctrl-z)
grayson broderick,auto-merged,club,2024,battery; gang of disc
grayson broderick,auto-merged,college,2022,tulane (tucks); tulane-b (tulane b)
grayson broderick,auto-merged,college,2023,tulane (tucks); tulane-b (tulane b)
grayson pangburn,auto-merged,club,2022,battery; knights of ni
grayson rettberg,auto-merged,club,2025,shrimp; x wives-a
greg olson,auto-merged,club,2021,fungi; spicy
gregory cho,auto-merged,college,2024,charlottesville clownies; virginia (night train)
gregory pullen,auto-merged,club,2021,ice bros; iso atmo
grey esposito-krier,auto-merged,club,2018,colorado cutthroat (colorado cutthroat); inception
greyson ballesteros,auto-merged,college,2026,cal poly-slo-b (slob); cal poly-slo-c (sloc)
griffin dyal,auto-merged,college,2024,cal poly-slo-b (slob); cal poly-slo-c (sloc)
griffin fielding,auto-merged,college,2025,suny-buffalo (green eggs and ham); suny-buffalo-b (buffalo grinch)
griffin fielding,auto-merged,college,2026,suny-buffalo (green eggs and ham); suny-buffalo-b (buffalo grinch)
griffin gee,auto-merged,club,2023,dix; scoop
griffin ghiraldini,auto-merged,college,2022,suny-albany (scam); suny-albany-b (scam)
griffin wilczynski,auto-merged,club,2024,bang; deluxe
gunnar etzkorn,auto-merged,club,2022,central arkansas surge; second nature
gus norrbom,split,club,2017,foggy bottom boys; john doe
gustav haflin,auto-merged,club,2023,dig; diy
guy lockhart,split,club,2025,supercell; the incline
habib atallah,auto-merged,club,2018,phoenix; shrike
haedon cunningham,auto-merged,club,2025,heatwave; texas united
hai trang,auto-merged,club,2025,avenue -a; souf
haijian wu,auto-merged,college,2023,columbia (uptown local); uptown local y
hakeem adeyemi,auto-merged,club,2017,blueprint; somerville bag
haroon matties,auto-merged,club,2017,foggy bottom boys; oakgrove boys
haroun-rabah aramis,auto-merged,club,2018,club m - magma; club m - rage
harrison coorey,auto-merged,club,2023,little red wagon; pulp
harrison krebs,auto-merged,club,2018,black market ii; blacker market
harrison reed,auto-merged,club,2017,phoenix; shrike
harrison schell,auto-merged,club,2019,adelphos; green means bro
harrison tratnik,auto-merged,club,2024,drought; grand trunk
harrison tucker,auto-merged,club,2023,bonsoon; texas united
harrison tucker,auto-merged,club,2024,drought; riptide
harrison tucker,auto-merged,college,2024,arizona state (prime); arizona state-b (pleasure)
harrison wolfson,auto-merged,club,2017,foggy bottom boys; hb boys
harry greenblatt,auto-merged,college,2022,yale (süperfly); yale - y (süperfly - y)
hartley greenwald,auto-merged,club,2018,big wrench; dig
haven lo,auto-merged,college,2023,california-san diego-b (air squids lite ); california-san diego-c (air squids select)
hayden austin-knab,auto-merged,club,2018,atliens; h.o.g. ultimate
hayden bosch,split,club,2024,on ramp; shenanigans
hayden bosch,split,club,2025,on ramp; shenanigans
hayden bosch,split,college,2024,indiana (hoosiermama?s); oklahoma state (ultimato)
hayden butts,auto-merged,college,2023,mississippi state (dark horse); mississippi state-b (pony express)
hayden daley,auto-merged,club,2023,hazard; impulse
hayden king,auto-merged,college,2025,cal poly-ccwr (ccwr); cal poly-slo (slocore)
hayden lehman,auto-merged,club,2019,trent's team; war machine
hayden lehman,auto-merged,club,2025,prism; southern hospitality
hayden mans,auto-merged,club,2021,battery; haymaker
heath kalaba,auto-merged,club,2017,brickyard; the roofing co.
hederik kosten,auto-merged,club,2025,roundhouse; tempe tantrum
hederik kosten,auto-merged,college,2024,arizona state (prime); arizona state-b (pleasure)
henri labonte,auto-merged,club,2017,club m - manic; club m - rage
henri nault,auto-merged,club,2026,club m - manic; general strike
henry adamson,auto-merged,college,2022,oregon state (beavers); oregon state-b (oregon state b)
henry berger,auto-merged,college,2022,yale (süperfly); yale - y (süperfly - y)
henry berget,auto-merged,club,2025,colorado cutthroat u-17 boys; colorado cutthroat u-20 boys two
henry charbeneau,auto-merged,club,2022,riverside; riverside messengers-b
henry clark,auto-merged,college,2023,pacific lutheran (reign men); pacific lutheran-b (plu reign b)
henry cooper,auto-merged,college,2024,purdue (undue ultimate); purdue-b (ctrl-z)
henry davis,auto-merged,college,2026,saint louis (archangel); towson (pandamonium)
henry dodd,auto-merged,college,2026,lewis & clark (bacchus ); lewis & clark-b (bbacchus)
henry everett,auto-merged,club,2023,cash crop 2; puppies
henry fisher,split,club,2026,red dawn; ring of fire
henry frierson,auto-merged,college,2025,cal poly-slo-b (slob); cal poly-slo-c (sloc)
henry holland,split,college,2025,alabama-huntsville (nightmares); north carolina (darkside)
henry ing,auto-merged,club,2021,pittsburgh temper; sord
henry kennedy,auto-merged,college,2022,triangle tourists boys 2-b; triangle tourists boys-b
henry konker,auto-merged,club,2025,(washed); little john
henry laseter,auto-merged,club,2019,bullet; deathsquad
henry laseter,auto-merged,club,2022,needham squad; yee-haw
henry laseter,auto-merged,club,2023,dix; scoop
henry loftus,auto-merged,club,2022,slugfest; trout
henry sorpol,auto-merged,college,2023,tufts-b (tufts b); tufts-c (tufts c)
henry soto anselmi,auto-merged,club,2023,el niño; uproar
henry staats,auto-merged,college,2026,denver (sourdough); denver-b (sourdough b team)
henry stewart,auto-merged,college,2022,tulane (tucks); tulane-b (tulane b)
henry vahl,auto-merged,club,2025,carbon; shenanigans
henry wayte,auto-merged,club,2022,dark star; oregon trainwreck
henry winter,auto-merged,club,2025,citywide special; sebastopol orchard
hessain tamang,auto-merged,club,2024,bang; deluxe
hibiki jige,auto-merged,club,2024,bonsoon; riptide
hibiki jige,auto-merged,college,2024,arizona state (prime); arizona state-b (pleasure)
hillel avital,auto-merged,college,2025,california-san diego (air squids); california-san diego-b (air squids lite )
himalaya mehta,auto-merged,club,2017,patrol; trollvolver
hiro schmidt,auto-merged,club,2023,ursa; zyzzyva
hobart yeager,auto-merged,club,2022,slugfest; trout
homer labranche,auto-merged,club,2022,bowdoin (clown); red tide
hongyu mu,auto-merged,college,2023,california-san diego-b (air squids lite ); california-san diego-c (air squids select)
horacio guzman,auto-merged,club,2023,bonafide scrubs; mycellium
houston shrader,auto-merged,club,2024,bloom; bud
hudson thomas,auto-merged,college,2026,colorado mines (entropy); colorado mines-b (orediggers)
hugh carey,auto-merged,club,2021,almostimate; johnny encore
hugh finnigan,auto-merged,club,2023,marc; rochester open club
hugo pare,auto-merged,club,2017,club m - manic; mockingbird
huy nguyen,split,club,2025,h.i.p; texas tea-a
huy nguyen,split,college,2024,luther (lufda); texas (tuff)
huy nguyen,split,college,2025,luther (lufda); texas (tuff)
huy nguyen,split,college,2026,luther (lufda); texas (tuff)
iain mackenzie,auto-merged,club,2024,goat; team canada open
iain tracton,auto-merged,club,2023,adelphos; citywide special
ian ang,auto-merged,college,2025,cal poly-ccwr (ccwr); cal poly-slo (slocore)
ian choe,auto-merged,college,2026,purdue-b (ctrl-z); purdue-c (ctrl x)
ian cote,auto-merged,club,2018,club m - manic; club m - rage
ian erly,auto-merged,club,2024,bang; dreadnought
ian falck,auto-merged,club,2022,haymaker; red hots - u20
ian filippi,auto-merged,college,2024,south florida (scallywags); south florida-b (scourge)
ian foley,auto-merged,club,2019,black market ii; blacker market y; festive salmon
ian hill,auto-merged,club,2024,expendables; pgz
ian kinder-pyle,auto-merged,college,2025,heartbreak; parkland - plu alumni
ian klasky,auto-merged,club,2017,bowdoin (clown); red tide black
ian kyle antonio,auto-merged,club,2018,dreadnought; memphis belle
ian mccosky,auto-merged,club,2021,mallard; yogosbo
ian nickerson,auto-merged,college,2023,oregon state (beavers); oregon state-b (oregon state b)
ian robertson,auto-merged,club,2025,"bgf sl,ut; fat stacks; zombie tidal wave"
ian silver,auto-merged,college,2025,richmond (spidermonkeys); richmond-b (spider pigs)
ian spick,auto-merged,college,2025,cal poly-ccwr (ccwr); cal poly-slo (slocore)
ian thompson,auto-merged,college,2024,kennesaw state (parliament); rit (rit spudheds)
ian tsubooka,auto-merged,college,2024,south florida (scallywags); south florida-b (scourge)
ian tuski,auto-merged,college,2026,washington-b (washington b); washington-c (uw c)
ian wissel,auto-merged,club,2024,bryce whitney fan club; garden state ultimate
ido ofek,auto-merged,club,2024,battery; rubicon rapids
ido ofek,auto-merged,club,2025,battery; dangerous unidentified mystical beast
ilan gronowetter,auto-merged,college,2024,tulane (tucks); tulane-b (tulane b)
ilkin groh,auto-merged,college,2025,cincinnati (bearcats); cincinnati -b (bearcats b)
ilya yudkovich,auto-merged,club,2022,big wrench; slugfest
iram liu,auto-merged,club,2025,blueprint; los buds
isaac blumklotz,auto-merged,club,2024,oregon trainwreck; portland tremor
isaac boardman,auto-merged,club,2026,mallard; minnesota superior u20b
isaac boothe,auto-merged,club,2025,heatwave; texas united
isaac cardwell,auto-merged,college,2026,washington-b (washington b); washington-c (uw c)
isaac degenhart,auto-merged,club,2021,beachfront property; satellite
isaac esuary,auto-merged,college,2025,clemson (joint chiefs of waft); clemson-b (joint biefs)
isaac johnson,auto-merged,college,2026,cincinnati -b (bearcats b); st john's (minnesota) (bam)
isaac king,auto-merged,club,2025,cash crop 2; nc brickhouse-upper
isaac lee,split,college,2026,british columbia -b (b-birds); maryland (maryland ultimate)
isaac timm,auto-merged,club,2025,demo; loaded panda
isaac warren,auto-merged,club,2024,alliance; alliance 2
isaiah cottrell,auto-merged,college,2023,messiah (falcons); messiah-b (b)
isaiah jones,auto-merged,club,2024,expendables; pineapple
isaiah klepfer,auto-merged,club,2023,minnesota superior b; nomad
isaiah manewitz,auto-merged,club,2024,amigos-jv; texas united
issac ruiz,auto-merged,club,2025,popperton ultimate frisbee; reál hogs fc-b
issacc noal,auto-merged,club,2021,boulder united flatiron hammers; choice city hops
itay chang,auto-merged,club,2019,little teapots; red dawn
jac carreiro,auto-merged,club,2023,dig; diy
jace dean,auto-merged,college,2023,carleton college (cut); charlottesville clownies
jace drennan,auto-merged,club,2017,banc; deaf fruit
jack aubin,auto-merged,club,2017,ghost train; gravy train wreck
jack cloherty,auto-merged,college,2022,yale (süperfly); yale - y (süperfly - y)
jack clydesdale,auto-merged,club,2025,florida untied; vicious cycle
jack connelly,split,college,2023,grinnell (grinnellephants); ohio (trout)
jack connelly,split,college,2024,grinnell (grinnellephants); ohio (trout)
jack davis,auto-merged,college,2024,indiana-b (hoosierdaddy!s); michigan (magnum)
jack deaver,auto-merged,club,2025,colorado cutthroat u-17 boys; colorado cutthroat u-20 boys two
jack dehmer,auto-merged,college,2023,oregon state (beavers); oregon state-b (oregon state b)
jack dipaolo,auto-merged,club,2024,bux; mad men; zoboomafoo
jack dipaolo,auto-merged,club,2025,mad men; zoboomafoo
jack dowling,auto-merged,club,2019,mango tree; nain rouge
jack downing,auto-merged,college,2025,grand canyon (lopes); grand canyon-b (g-force)
jack field,auto-merged,club,2017,fludwhale; richmond floodwall
jack forgione,auto-merged,college,2023,west chester (west chester (a)); west chester-b (west chester (b))
jack giese,auto-merged,college,2025,vermont-b (chill dev); vermont-c (chill b)
jack griffin,split,club,2024,san antonio warhawks; sungho moon
jack griffin,split,college,2026,massachusetts-lowell (riverhawks); yale (süperfly)
jack guidry,auto-merged,club,2017,flash flood; premium; texas two step
jack guidry,auto-merged,club,2021,rhino slam!; trainwreck and friends
jack hayes,auto-merged,club,2019,foggy bottom boys; hb woodlawn (hbw united)
jack healey,auto-merged,college,2025,richmond (spidermonkeys); richmond-b (spider pigs)
jack hinchsliff,auto-merged,club,2017,interesting tummy birds; johnny bravo
jack hogan,auto-merged,college,2022,boston university (boston university); maine (blackfly)
jack hollander,auto-merged,club,2022,la raid s.c.; mad men b-b
jack johnson,split,college,2022,loyola-chicago (darkwing); west virginia (wv wild)
jack johnson,split,college,2023,loyola-chicago (darkwing); west virginia (wv wild); wisconsin-la crosse (badluc)
jack kelly,auto-merged,club,2017,illusion; madison club
jack kirby,auto-merged,club,2021,genny never leaves; log jam
jack krugler,auto-merged,club,2019,atliens; bullet
jack lange,auto-merged,college,2022,connecticut (uconn huskies); connecticut-b (grind)
jack liebling,auto-merged,club,2022,right coast; triumph
jack mccarthy,split,club,2018,babe; fusion
jack mccarthy,split,club,2019,babe; fusion
jack mccleary,auto-merged,club,2023,cash crop 2; ring of fire
jack meermans,auto-merged,college,2025,ohio (trout); ohio-b (bass)
jack miller,split,college,2026,michigan-b (michigan-b); wisconsin-stevens point (homegrown)
jack molloy,split,club,2024,bartle boys; helots; suny-binghamton (suny-binghamton)
jack molloy,split,college,2024,southern california (usc lockdown); suny-binghamton (suny-binghamton)
jack molloy,split,college,2025,southern california (usc lockdown); suny-binghamton (suny-binghamton)
jack nelson,split,club,2022,mad men; oregon trainwreck
jack nelson,split,club,2025,mad men; portland tremor
jack nelson,split,club,2026,mad men; portland tremor
jack rice,auto-merged,club,2023,retired; tirebizfriz
jack sanford,auto-merged,club,2024,san antonio warhawks; shrimp discs
jack schmader,auto-merged,college,2024,michigan (magnum); michigan-b (michigan-b)
jack thompson,split,college,2025,ohio (trout); ohio-b (bass)
jack thompson,split,college,2026,iowa-b (iowa-b (hucititis)); ohio (trout)
jack toyama,auto-merged,college,2024,cal poly-slo-b (slob); cal poly-slo-c (sloc)
jack weinberg,auto-merged,college,2022,oregon state (beavers); oregon state-b (oregon state b)
jack weinberg,auto-merged,college,2023,oregon state (beavers); oregon state-b (oregon state b)
jack wellons,auto-merged,club,2024,tanasi; villains
jack zemke,auto-merged,college,2024,tulane (tucks); tulane-b (tulane b)
jackson allen,split,club,2025,firefall; lil’ huckers
jackson allen,split,club,2026,firefall; lil’ huckers
jackson ayers,auto-merged,college,2026,washington-b (washington b); washington-c (uw c)
jackson baldwin,auto-merged,club,2025,dap lab; dapper
jackson biggs,auto-merged,club,2022,mbta; overdrive
jackson carbonier,auto-merged,college,2025,richmond (spidermonkeys); richmond-b (spider pigs)
jackson chidiac,auto-merged,club,2024,brooklyn tech support plus; vassar (swinging monks)
jackson cole,auto-merged,club,2019,flash flood; texas united
jackson danley,auto-merged,college,2022,colorado mines (entropy); colorado mines-b (entropy - b)
jackson gillenwaters,auto-merged,club,2018,ducs; surrillic audovice
jackson hoewing,auto-merged,college,2026,iowa (ihuc); iowa-b (iowa-b (hucititis))
jackson hollander,auto-merged,club,2023,spoon y-d; trident i
jackson knox,split,club,2019,little teapots; red dawn
jackson knox,split,college,2024,berry (bucks); oregon (ego)
jackson ludtke,auto-merged,college,2023,california-san diego-b (air squids lite ); california-san diego-c (air squids select)
jackson lutz,auto-merged,club,2024,mystik dan; phantom
jackson mccool,auto-merged,college,2025,colorado mines (entropy) (orediggers); colorado mines-b (orediggers)
jackson potts,auto-merged,club,2017,flash flood; texas swing
jackson potts,auto-merged,club,2019,flash flood; texas united
jackson riddle,auto-merged,club,2024,kfc; timber
jackson russo,split,college,2022,bryant (bryant craze); suny-geneseo (snail)
jackson shannon,auto-merged,college,2025,clemson (joint chiefs of waft); clemson-b (joint biefs)
jackson stoneham,auto-merged,college,2025,mississippi state (dark horse); mississippi state-b (trenches )
jackson thomas,split,club,2026,charleston heat stroke; cookie mon$terz
jackson thomas,split,college,2023,mississippi state (dark horse); mississippi state-b (pony express)
jackson thomas,split,college,2024,mississippi state (dark horse); mississippi state -b (trenches ); mississippi state-c (trenches b)
jackson thomas,split,college,2025,charleston (palmetto bums); mississippi state (dark horse); mississippi state-b (trenches )
jackson thomas,split,college,2026,charleston (palmetto bums); mississippi state (dark horse)
jackson waite-himmelwright,auto-merged,club,2021,battery; wavestorms
jackson werner,auto-merged,college,2022,dayton (flud); dayton-b (ud flud b)
jackson werner,auto-merged,college,2023,dayton (flud); dayton-b (ud flud b)
jackson yeager,auto-merged,college,2025,ohio (trout); ohio-b (bass)
jacky chung,auto-merged,club,2018,puppies; watchdogs
jacky chung,auto-merged,club,2021,sord; town hall stars
jacky feng,auto-merged,club,2024,adventure time; riverside messengers
jacob arnold,split,club,2018,adelphos; cryptic
jacob arnold,split,club,2019,adelphos; cryptic
jacob arnold,split,club,2021,adelphos; cryptic
jacob arnold,split,club,2022,adelphos; cryptic
jacob bell,auto-merged,club,2019,gamble; scootlyfe
jacob bultman,auto-merged,club,2019,gentlemen's club; ironmen
jacob cruzan,auto-merged,college,2023,messiah (falcons); messiah-b (b)
jacob cuthbert,auto-merged,club,2023,spoon y-d; trident i
jacob davis,auto-merged,college,2025,mississippi state (dark horse); mississippi state-b (trenches )
jacob davis,auto-merged,college,2026,mississippi state (dark horse); mississippi state-b (trenches )
jacob duquette,auto-merged,club,2019,club m - magma; mockingbird
jacob estel,auto-merged,college,2026,mississippi state (dark horse); mississippi state-b (trenches )
jacob evans,auto-merged,college,2024,colorado state (hibida); colorado state-b (bibida)
jacob gaines,auto-merged,club,2026,florida untied; warao
jacob geisen,auto-merged,club,2024,lounar; stl moonar
jacob greenhill,auto-merged,college,2023,tulane (tucks); tulane-b (tulane b)
jacob hesik,auto-merged,club,2025,buda u20b; skeleton squad
jacob hoffman,auto-merged,college,2026,purdue (undue ultimate); purdue-b (ctrl-z)
jacob jackson,split,club,2017,castle; premium
jacob jespersen,auto-merged,club,2025,"bgf sl,ut; fat stacks; zombie tidal wave"
jacob koons,auto-merged,club,2024,on ramp; parking lot
jacob marsh,auto-merged,club,2017,big wrench; john doe; paranoia
jacob mceachern,auto-merged,club,2017,flying pig; solar eclipse
jacob miller,auto-merged,club,2018,omen; powderhogs
jacob miller,auto-merged,club,2025,shrimp; southern hospitality
jacob moore,split,college,2023,indiana (hoosiermama?s); ohio state-b (big buckin' chicken)
jacob mulugeta,auto-merged,club,2025,seven gills; souf
jacob ngo,auto-merged,club,2022,trident ii; trident iii
jacob ploeger,auto-merged,club,2021,ice bros; iso atmo
jacob ploeger,auto-merged,club,2025,carbon; tugboat
jacob robblee,auto-merged,college,2025,heartbreak; whitworth (bangarang)
jacob rosen,auto-merged,club,2022,alamode; san antonio warhawks
jacob runnels,auto-merged,college,2024,mississippi state (dark horse); mississippi state -b (trenches )
jacob russell,auto-merged,club,2026,green mountain boys; tugboat
jacob schlaefer,auto-merged,club,2021,mad men; yogosbo
jacob schlaefer,auto-merged,club,2023,bux; mad men
jacob schwartz,split,club,2024,chimney; providence poultry
jacob schwartz,split,college,2022,maryland (maryland ultimate); wooster (wooster hawks )
jacob smith,auto-merged,club,2025,revolver; southern hospitality
jacob spiegel,auto-merged,club,2025,bud; certified scrubs
jacob spiegel,auto-merged,college,2024,central florida (dogs of war); central florida-b (havoc)
jacob szafranski,auto-merged,college,2022,dayton (flud); dayton-b (ud flud b)
jacob taylor,split,club,2017,and the warhawks; ironside
jacob taylor,split,club,2025,big wrench; supa fc
jacob taylor,split,club,2026,big wrench; gummy bear hitmen
jacob taylor,split,college,2023,west chester (west chester (a)); west chester-b (west chester (b))
jacob taylor,split,college,2026,florida state-b (duf eyyy); west chester (west chester)
jacob ward,split,club,2024,rawhide; roundhouse
jacob ward,split,club,2025,rawhide; roundhouse
jacob ward,split,club,2026,rawhide; roundhouse
jacob wham,auto-merged,college,2024,wisconsin (hodags); wisconsin-b (fauxdags)
jacob williams,split,club,2024,on ramp; parking lot
jacob williams,split,college,2026,california-davis (davis dogs); towson (pandamonium)
jacques nissen,auto-merged,club,2018,foggy bottom boys; john doe
jacques nissen,auto-merged,club,2019,foggy bottom boys; truck stop
jaden lash,auto-merged,college,2023,pacific lutheran (reign men); pacific lutheran-b (plu reign b)
jaden verlaan,auto-merged,club,2026,club m - manic; mephisto
jae lee,auto-merged,club,2023,retired; tirebizfriz
jae lee,auto-merged,club,2024,amherst orlando magic; sprout
jaiden mcguinness-cook,auto-merged,college,2023,arizona state (prime); arizona state-b (pleasure)
jaime arambula,auto-merged,club,2017,dragon army; t.r.w.f.b.
jaime perez,auto-merged,club,2026,florida untied; warao
jake altom,auto-merged,college,2025,purdue-b (ctrl-z); purdue-c (ctrl x)
jake altom,auto-merged,college,2026,purdue (undue ultimate); purdue-b (ctrl-z)
jake atwood,auto-merged,club,2018,bates college (orange whip); bruises
jake cumberland,auto-merged,college,2025,grand canyon (lopes); grand canyon-b (g-force)
jake doyle,auto-merged,club,2018,garden state ultimate; trenton takers
jake gershon,auto-merged,club,2019,festive salmon; overcast
jake hadziev,auto-merged,club,2024,drought; endless sunset
jake heimlich,auto-merged,club,2023,choice city hops; lafayette street dogs
jake kovalic,auto-merged,club,2019,mango tree; nain rouge
jake nemiroff,auto-merged,club,2022,ballston booya; haze
jake nielesen,auto-merged,club,2024,barnstorm; friendly fire
jake rainwater,auto-merged,club,2017,patrol; trollvolver
jake reinhardt,auto-merged,club,2022,chain lightning; gamble
jake repperger,auto-merged,college,2024,central florida (dogs of war); central florida-b (havoc)
jake roberson,auto-merged,club,2024,mutiny; the incline
jake schachter,auto-merged,club,2025,citywide special; happy valley roofing and mustache supply
jake taylor,auto-merged,club,2017,cash crop; triforce
jake webster,auto-merged,club,2019,uproar; uproar claws
jalal sylvester,auto-merged,club,2025,black gold; texas tea-a
jalal sylvester,auto-merged,college,2025,cincinnati (bearcats); cincinnati -b (bearcats b)
jalen li,auto-merged,college,2026,washington-b (washington b); washington-c (uw c)
jamal taylor,auto-merged,college,2024,south florida (scallywags); south florida-b (scourge)
jamal taylor,auto-merged,college,2025,south florida (scallywags); south florida-b (scourge)
jamal taylor,auto-merged,college,2026,south florida (scallywags); south florida-b (scourge)
james (jim) parinella,auto-merged,club,2018,baked beans; yeuth-and-age-sia
james arcata,auto-merged,club,2019,big muscle boys; those magnificent bastards
james boyd,auto-merged,club,2017,brickhouse; triforce
james bray,auto-merged,club,2024,night owl; the dingoes - australian open team
james brennan,split,college,2026,dartmouth (pain train); ohio (trout)
james butz,auto-merged,college,2024,cincinnati (bearcats); cincinnati -b (bearcats b)
james butz,auto-merged,college,2025,cincinnati (bearcats); cincinnati -b (bearcats b)
james byrd,auto-merged,college,2023,columbia (uptown local); uptown local y
james cairn,auto-merged,club,2018,buda; shades
james cairn,auto-merged,club,2019,buda u20b; burly
james cantwell,auto-merged,club,2025,(washed); little john
james dwyer,auto-merged,college,2026,santa clara (scab); santa clara-b (scratch)
james fiala,auto-merged,club,2018,ncfo; the killjoys
james flynn,auto-merged,club,2018,allen's adolescents; maine (nor'easter)
james freeman,auto-merged,college,2023,santa clara (scab); santa clara-b (scratch)
james friscia,auto-merged,club,2022,oakgrove boys; vault
james harms,auto-merged,college,2025,mississippi state (dark horse); mississippi state-b (trenches )
james hawk,auto-merged,club,2025,a la carte-b; san antonio warhawks
james hean,auto-merged,club,2017,illusion; midrift
james hill,split,club,2025,crypt; mango tree-a
james hill,split,club,2026,chicago machine; crypt
james kaminski,auto-merged,college,2022,suny binghamton-b (binghamton [b] y); suny-binghamton-b (suny-binghamton b)
james karl,auto-merged,club,2023,spoon x-freshman; trident i
james karl,auto-merged,club,2024,haymaker; haymaker x
james lewis,auto-merged,club,2024,goat; team canada open
james lingelbach,auto-merged,club,2018,scooberdivers; shore break
james lingelbach,auto-merged,club,2024,bloom; bud
james miller,auto-merged,club,2026,fungi; savannah wild
james morgan,auto-merged,college,2023,tulane (tucks); tulane-b (tulane b)
james pardo,split,club,2022,bartle boys; shade
james pardo,split,club,2023,bartle boys; shade; you need to calm down
james pardo,split,club,2024,bartle boys; blueprint; suny-binghamton (suny-binghamton)
james pollard,split,club,2017,ampersand; citywide special; guerrilla
james pollard,split,club,2024,phantom; zyzzyva
james quinn,auto-merged,college,2024,brandeis (tron); wisconsin-b (fauxdags)
james reed,auto-merged,club,2017,foggy bottom boys; hb boys
james ross,split,club,2024,choice city hops; float
james severn,auto-merged,club,2017,madd dogg; the killjoys
james shorey,auto-merged,club,2022,fine giant; seven out
james stuermer,auto-merged,college,2024,arizona state (prime); arizona state-b (pleasure)
james sykora,auto-merged,club,2025,(washed); little john
james tarantino,auto-merged,college,2023,west chester (west chester (a)); west chester-b (west chester (b))
james thomas,auto-merged,college,2023,alabama-b (yellow hammer); north carolina-wilmington (seamen)
james tindell,auto-merged,college,2023,mississippi state (dark horse); mississippi state-b (pony express)
james tindell,auto-merged,college,2024,mississippi state (dark horse); mississippi state -b (trenches )
james tindell,auto-merged,college,2025,mississippi state (dark horse); mississippi state-b (trenches )
jameson hinkle,auto-merged,club,2017,fludwhale; richmond floodwall
jamie riggs,auto-merged,club,2025,hb woodlawn flatball club; virginia vortex
jamison klang,auto-merged,club,2022,anchor; journeymen
jamison orton,auto-merged,club,2025,"bgf sl,ut; fat stacks; zombie tidal wave"
jan mazur,auto-merged,club,2025,emu; endgame
jared anderson,auto-merged,club,2022,nomads; raleigh-durham united
jared cooper,auto-merged,club,2021,ballston booya; oakgrove boys
jared fuls,auto-merged,club,2024,kfc; timber
jared jose,auto-merged,college,2023,california-san diego-b (air squids lite ); california-san diego-c (air squids select)
jared mckay,auto-merged,club,2022,mad-at-door; stl moonar; supercell
jared regruth,auto-merged,club,2017,flying pig; the boys
jared schueler,auto-merged,club,2018,clutch; the bayou boys
jared schwallie,auto-merged,club,2019,mango tree; nain rouge
jared stegman,auto-merged,club,2022,big booty men; flying pig
jared thornberry,auto-merged,club,2024,stl goonar; stl moonar
jared tobin,auto-merged,college,2024,mississippi state (dark horse); mississippi state-c (trenches b)
jaron casio,auto-merged,college,2026,washington-b (washington b); washington-c (uw c)
jarrod banks,auto-merged,club,2023,mutiny; vault
jason belzer,auto-merged,club,2019,black market ii; blacker market x
jason chen,split,club,2017,journeymen; science leadership academy (rockets)
jason chen,split,club,2022,cryptic; journeymen
jason chen,split,club,2023,demo; journeymen
jason chen,split,club,2026,journeymen; zodiac
jason chen,split,college,2022,iowa (ihuc); west chester (west chester (a))
jason chen,split,college,2023,iowa (ihuc); west chester (west chester (a))
jason combs,auto-merged,club,2024,omen; swarm
jason eames,auto-merged,club,2019,rampage; war machine
jason huang,auto-merged,club,2019,little teapots; red dawn
jason kovalsky,auto-merged,college,2023,california-san diego-b (air squids lite ); california-san diego-c (air squids select)
jason miller,split,club,2018,babe; riverside
jason pagan,auto-merged,college,2022,stevens tech (stevens tech); stevens tech-b (stevens tech)
jason sullivan,auto-merged,college,2026,purdue-b (ctrl-z); purdue-c (ctrl x)
jason williams,auto-merged,club,2017,cle smokestack; freaks
jasper pearcy-kahn,auto-merged,club,2024,fungi; red lotus
jasper priest,auto-merged,club,2023,mallard x; minnesota superior a
jasper skinner-sloan,auto-merged,club,2023,mallard; mallard x
jasper smith,auto-merged,club,2024,brooklyn tech support plus; vassar (swinging monks)
jasper turner,auto-merged,club,2025,bang; popperton ultimate frisbee; reál hogs fc-b
javier pardo,auto-merged,college,2022,yale (süperfly); yale - y (süperfly - y)
javier sahagun,auto-merged,club,2017,iso atmo; vicious cycle
jaxon boudreau,auto-merged,college,2024,new hampshire (new hampshire ultimate team); virginia (night train)
jaxson baty,auto-merged,club,2023,dinkytown doughboys; kenji's bbb
jay froude,auto-merged,club,2021,johnny bravo; spicy
jay sehgal,auto-merged,club,2017,shade; sleepover at lenin's
jay spangler,auto-merged,club,2025,rebels; revolt
jay tugend,auto-merged,college,2025,cal poly-slo-b (slob); cal poly-slo-c (sloc)
jay tugend,auto-merged,college,2026,cal poly-slo-b (slob); cal poly-slo-c (sloc)
jayden kazantsev,auto-merged,club,2021,butterflies; colorado cutthroat: youth club u-20 boys
jayson herrera,auto-merged,college,2023,arizona state (prime); arizona state-b (pleasure)
jayson herrera,auto-merged,college,2024,arizona state (prime); arizona state-b (pleasure)
jean-philippe riopel,auto-merged,club,2018,club m - manic; mockingbird
jedidiah friendly,auto-merged,college,2026,lewis & clark (bacchus ); lewis & clark-b (bbacchus)
jedidiah pratt,auto-merged,club,2026,mallard; ope
jeff loperfido,auto-merged,club,2018,all bashed out; ra
jeff shultz,auto-merged,college,2025,ohio (trout); ohio-b (bass)
jeff zeng,auto-merged,club,2021,adelphos; citywide special
jeffery lewis,auto-merged,college,2023,california-san diego-b (air squids lite ); california-san diego-c (air squids select)
jeffery lewis,auto-merged,college,2024,california-san diego-b (air squids lite ); california-san diego-c (air squids select)
jeffrey abbott,auto-merged,college,2025,ave maria (gyrenes); ave maria-b (ave maria b team)
jeffrey burdette,auto-merged,college,2023,florida (florida); florida-b (florida b)
jeffrey burris,auto-merged,club,2022,colonels; nashville mudcats
jeffrey flanagan,auto-merged,club,2022,tanasi; tennessee folklore
jeffrey gao,auto-merged,club,2019,mango tree; nain rouge
jeffrey greenblatt,auto-merged,college,2022,tulane (tucks); tulane-b (tulane b)
jeffrey greenblatt,auto-merged,college,2023,tulane (tucks); tulane-b (tulane b)
jeffrey he,auto-merged,club,2019,brickhouse; vault
jeffrey holm,auto-merged,club,2017,inception; iso atmo
jeffrey holm,auto-merged,club,2018,greater gary goblins x; greater gary goblins y
jeffrey marshall,auto-merged,college,2024,tulane (tucks); tulane-b (tulane b)
jeffrey shevlin,auto-merged,club,2019,buffalo open; hazard
jeffrey zhou,split,club,2023,phantom; red wolves
jeffy joshy,auto-merged,club,2024,barnstorm; queen city kings
jener balk,auto-merged,college,2025,michigan (magnum); michigan-b (michigan-b)
jerald keister,auto-merged,club,2017,cloverleaf; dragon army
jeremiah matthews,auto-merged,club,2023,fork x-senior; trident iii
jeremiah smith,auto-merged,club,2025,cosmic u-20 boys; the incline
jeremy baxter,auto-merged,college,2024,mississippi state (dark horse); mississippi state -b (trenches ); mississippi state-c (trenches b)
jeremy baxter,auto-merged,college,2025,mississippi state (dark horse); mississippi state-b (trenches )
jeremy becker,auto-merged,club,2025,crossfire; gambit
jeremy hess,auto-merged,club,2021,town hall stars; truck stop
jeremy jacob lagace,auto-merged,club,2017,club m - manic; club m - rage
jeremy keusch,auto-merged,club,2022,colonels; doublewide
jeremy mack,auto-merged,college,2025,penn state (spank); penn state-b (lovetap)
jeremy marchesani,auto-merged,club,2023,demo; loaded panda
jeremy moon,auto-merged,college,2026,purdue-b (ctrl-z); purdue-c (ctrl x)
jeremy moore,split,club,2019,bearproof; powderhogs
jeremy morris,auto-merged,club,2022,raptor; reptar
jeremy sellers,auto-merged,club,2025,fat stacks; zombie tidal wave
jeremy teela,auto-merged,club,2025,"bgf sl,ut; fat stacks; zombie tidal wave"
jeron dastrup,auto-merged,club,2022,haymaker; utah hatu
jerry tan,auto-merged,college,2022,yale (süperfly); yale - y (süperfly - y)
jerry wang,auto-merged,club,2023,diy; scoop
jesse james,auto-merged,college,2025,bentley (icehouse); harvard (red line)
jesse katz,auto-merged,college,2023,tulane (tucks); tulane-b (tulane b)
jesse lauderbaugh,auto-merged,college,2023,dayton (flud); dayton-b (ud flud b)
jesse newman,split,club,2017,dredge; syracuse doom
jesse newman,split,club,2018,esf mighty oaks; the semple temple
jesse roehm,auto-merged,club,2025,(washed); little john
jesse rumsey,auto-merged,club,2025,i-69; on ramp
jesse wang,auto-merged,college,2022,southern california (usc lockdown); southern california-b (usc blockdown)
jet bristol-ramsay,auto-merged,club,2019,little teapots; red dawn
jeyaraj keeley,auto-merged,college,2025,richmond (spidermonkeys); richmond-b (spider pigs)
jhoan castellanos,auto-merged,club,2025,carbon; lake city inversion; powderhogs; reál hogs fc-b
jhonathan salcedo,auto-merged,club,2023,hardta spelots; helots
jimmy chaudoin,auto-merged,club,2021,black market i; house
jimmy holtzman,auto-merged,club,2022,og turbine; triumph
jody ayers,auto-merged,club,2024,dreadnought; dreadnought: battleship-b
joe (peanut) dweck,auto-merged,club,2021,black sheep; watchdogs
joe berry,auto-merged,club,2018,black market ii; blacker market
joe berry,auto-merged,club,2019,black market ii; blacker market y
joe berry,auto-merged,club,2023,trident ii; trident iii
joe blidy,auto-merged,club,2022,bonsoon; monsoon
joe bosshardt,auto-merged,club,2023,mallard; mallard x
joe cercello,auto-merged,club,2023,spoon x-freshman; trident i
joe dosch,auto-merged,college,2023,carnegie mellon (mr. yuk); carnegie mellon-b (poison control)
joe hendrickson,auto-merged,club,2023,minnesota superior a; the body
joe michaud,auto-merged,club,2022,bonafide scrubs; buda u20b
joe michaud,auto-merged,club,2023,diz; scoop
joe mirra,auto-merged,club,2025,citywide special; ez
joe neglia,auto-merged,club,2026,electricity; tennessee folklore
joe sidrys,auto-merged,club,2017,black market; black market x
joe sidrys,auto-merged,club,2018,black market ii; blacker market
joe sidrys,auto-merged,club,2019,black market ii; blacker market x
joe sidrys,auto-merged,club,2023,trident ii; trident iii
joe spengel,auto-merged,club,2019,black market iii; blacker market x
joe warner,auto-merged,club,2024,bonsoon; expendables
joel crandall,auto-merged,club,2018,inception; johnny encore
joel crandall,auto-merged,club,2021,inception; johnny encore
joel escobar amurrio,auto-merged,club,2024,crossfire; pgz
joel lee,auto-merged,club,2024,little red wagon; ronin
joel maiman,auto-merged,club,2019,town hall stars; vault
joel maiman,auto-merged,club,2022,redwolves; town hall stars
joel mortimer,auto-merged,club,2022,cosmic u-20 boys; springs open team
joel peterson,auto-merged,club,2018,black market ii; blacker market; blackest market
joel peterson,auto-merged,club,2022,trident ii; trident iii
joey camacho,auto-merged,club,2018,omen; space coast ultimate
johan viafara,auto-merged,club,2019,black market i; comunidad el oso
john (jack) odonoghue,auto-merged,club,2018,allen's adolescents; maine (nor'easter)
john badgley,auto-merged,club,2024,friendly fire; nox
john baggenstoss,auto-merged,club,2026,evolution; mint
john bagley,auto-merged,club,2025,barnstorm; rawhide
john bagley,auto-merged,club,2026,rawhide; warao
john blair,auto-merged,club,2024,black lung; swarm
john blume,auto-merged,club,2024,kfc; timber
john bruehler,auto-merged,club,2017,black market ii; black market y
john david thor,auto-merged,college,2024,kansas (horrorzontals); kansas-b (kansas b (vertikills))
john davis,split,college,2026,georgia tech (tribe); kansas state (wizards)
john dunlop,auto-merged,club,2019,inception; johnny encore
john dunlop,auto-merged,club,2021,inception; johnny encore
john dunlop,auto-merged,club,2025,(washed); little john
john helgeson,auto-merged,club,2023,dinkytown doughboys; kenji's bbb; mallard
john jones,split,college,2022,denver (sourdough); purdue (undue ultimate)
john kiely,auto-merged,college,2022,yale (süperfly); yale - y (süperfly - y)
john kulikowski,auto-merged,club,2018,black market ii; blacker market
john kulikowski,auto-merged,club,2019,black market ii; blacker market x
john layton,auto-merged,club,2026,mayhem-dev; mischief
john lovrinic,auto-merged,club,2023,i-69; on ramp
john lovrinic,auto-merged,club,2024,i-69; on ramp
john mc guinness,auto-merged,club,2025,arcane edge; long island riff raff
john mcelmeel,auto-merged,club,2018,black market ii; blacker market
john mcgrath,auto-merged,club,2023,oakgrove boys; puzzles
john miller,split,club,2017,interesting tummy birds; premium
john miller,split,club,2025,fungi; goat
john miller,split,club,2026,fungi; goat
john mismash,auto-merged,club,2025,popperton ultimate frisbee; powderhogs
john priest,auto-merged,club,2024,sonoran dog; sonoran pups
john redmond,auto-merged,college,2024,kansas (horrorzontals); kansas-b (kansas b (vertikills))
john repucci,auto-merged,club,2019,chuck wagon; lantern
john riley,auto-merged,club,2025,bag; cash crop 2
john robinson,auto-merged,college,2025,tennessee-chattanooga (swamp donkeys); tennessee-chattanooga -b (tennessee-chattanooga b)
john shelley,auto-merged,club,2022,alamode; san antonio warhawks
john shelley,auto-merged,club,2026,banc; gambit
john slot,auto-merged,club,2023,bloom; bloomin' reptars
john slot,auto-merged,college,2024,central florida (dogs of war); central florida-b (havoc)
john symeonidis,auto-merged,club,2023,bemo; loaded panda
john van horn,auto-merged,college,2025,college of new jersey (revolution); princeton (clockwork)
john walsh,split,club,2021,magma bears; s l u r p
john whitmore,auto-merged,college,2022,dayton (flud); dayton-b (ud flud b)
john whitmore,auto-merged,college,2023,dayton (flud); dayton-b (ud flud b)
john whitmore,auto-merged,college,2025,dayton (flud); dayton-b (ud flud b)
john-patrick duffy,auto-merged,college,2023,west chester (west chester (a)); west chester-b (west chester (b))
johnathan pratt,auto-merged,club,2025,dingwop; ope
johnathon dickey,auto-merged,college,2025,santa clara (scab); santa clara-b (scratch)
johnathon dickey,auto-merged,college,2026,santa clara (scab); santa clara-b (scratch)
johnny frohlichstein,auto-merged,club,2021,clutch; shade
johnny gregorio,auto-merged,college,2023,colorado-b (cucu); colorado-c (rooster tussle)
johnny jiang,auto-merged,club,2018,shade; stuyvesant sticky fingers alumni
johnny sims,auto-merged,club,2019,clutch; h.o.g. ultimate
johnthomas atema,auto-merged,club,2023,nashville mudcats; villains
jon cox,auto-merged,club,2017,and the warhawks; pony
jonah engelmann,auto-merged,college,2025,santa clara (scab); santa clara-b (scratch)
jonah engelmann,auto-merged,college,2026,santa clara (scab); santa clara-b (scratch)
jonah goldberg,auto-merged,club,2022,oregon trainwreck; trainwreck and friends
jonah munoz,auto-merged,club,2019,phoenix; shrike
jonah perlman,auto-merged,college,2026,denver (sourdough); denver-b (sourdough b team)
jonah sparling,auto-merged,college,2022,yale (süperfly); yale - y (süperfly - y)
jonah yurman,auto-merged,college,2022,tulane (tucks); tulane-b (tulane b)
jonah yurman,auto-merged,college,2023,tulane (tucks); tulane-b (tulane b)
jonas geere,auto-merged,club,2025,knights of ni; sub zero
jonathan appel,auto-merged,club,2024,long island riff raff; suny-binghamton (suny-binghamton)
jonathan aycock,auto-merged,club,2022,dark star; oc crows
jonathan beavers,auto-merged,club,2017,illusion; midrift
jonathan coombs,auto-merged,club,2026,odyssey; sprout
jonathan he,auto-merged,club,2017,blackfish; dna
jonathan humer,auto-merged,club,2019,black market iii; blacker market y
jonathan israel,auto-merged,college,2022,tulane (tucks); tulane-b (tulane b)
jonathan israel,auto-merged,college,2023,tulane (tucks); tulane-b (tulane b)
jonathan kalberg,auto-merged,club,2019,one night; silence of the clams
jonathan kazmaier,auto-merged,college,2024,kansas (horrorzontals); kansas-b (kansas b (vertikills))
jonathan kelly,auto-merged,college,2022,suny-albany (scam); suny-albany-b (scam)
jonathan kim,auto-merged,college,2026,florida polytechnic (florida poly ultimate); florida tech (f-it)
jonathan king,auto-merged,club,2019,barefoot; predator
jonathan larios,auto-merged,college,2024,florida state (duf); florida state-b (duf eyyy)
jonathan lee,split,club,2017,four; rhino slam!
jonathan lee,split,club,2018,dirty d; rhino slam
jonathan lee,split,club,2022,rhino slam!; second nature
jonathan lee,split,club,2024,portland tremor; rhino slam!
jonathan lee,split,club,2025,oregon trainwreck; ronin
jonathan lerner,auto-merged,club,2019,ditto a; ditto b
jonathan miller,split,club,2022,pando; utah hatu
jonathan miller,split,club,2023,sundance kids; town hall stars
jonathan miller,split,college,2023,brigham young (chi); maryland (maryland ultimate)
jonathan miller,split,college,2024,brigham young (chi); maryland (maryland ultimate)
jonathan nethercutt,auto-merged,club,2021,lotus; ring of fire
jonathan peng,auto-merged,college,2026,purdue-b (ctrl-z); purdue-c (ctrl x)
jonathan schlaefer,auto-merged,club,2023,bux; dcviii
jonathan stirk,auto-merged,club,2021,11th hour; inception; johnny bravo
jonathan summers,auto-merged,club,2023,barnstorm; supercell
jonathan wheeler,auto-merged,college,2024,dayton (flud); dayton-b (ud flud b)
jonathan wheeler,auto-merged,college,2025,dayton (flud); dayton-b (ud flud b)
jonathon morris,auto-merged,club,2021,johnny bravo; spicy
jonathon morris,auto-merged,club,2023,fungi; makawua
jones kill,auto-merged,college,2026,colorado mines (entropy); colorado mines-b (orediggers)
joniah helperin-lange,auto-merged,college,2026,lewis & clark (bacchus ); lewis & clark-b (bbacchus)
jonny malks,auto-merged,club,2017,foggy bottom boys; truck stop
jordan blunt,auto-merged,club,2017,austin amigos; swangos
jordan hill,split,club,2017,cerberus; the killjoys
jordan hill,split,club,2018,el niño; powderhogs
jordan huntoon,auto-merged,club,2021,ice bros; iso atmo
jordan irvin,auto-merged,club,2021,bighorn; boulder united flatiron hammers
jordan jaucian,auto-merged,college,2024,mississippi state (dark horse); mississippi state -b (trenches ); mississippi state-c (trenches b)
jordan kaufman,auto-merged,club,2017,big wrench; deathsquad
jordan mills,auto-merged,club,2025,demo; loaded panda
jordan parry,auto-merged,club,2017,foggy bottom boys; hb boys
jordan perry,auto-merged,club,2017,brickhouse; triforce
jordan richmond,auto-merged,club,2018,big wrench; garden state ultimate
jordan salazar,auto-merged,club,2022,alamode; san antonio warhawks
jordan smith,split,club,2023,capitol city chaos; souf
jordan stern,auto-merged,club,2021,denver -upper (four more dough ); iso atmo
jordan stern,auto-merged,club,2022,iso atmo; iso cardio
jordan taylor,split,club,2019,h.i.p; sub zero
jordan taylor,split,club,2021,h.i.p; sub zero
jordan taylor,split,club,2023,h.i.p; sub zero
jordan taylor,split,club,2024,h.i.p; sub zero
jordan varghese,auto-merged,college,2024,central florida (dogs of war); central florida-b (havoc)
jordan whittington,auto-merged,college,2022,towson (pandamonium); towson -b (bamboozle)
jordan wong,auto-merged,college,2025,santa clara (scab); santa clara-b (scratch)
jordan wong,auto-merged,college,2026,santa clara (scab); santa clara-b (scratch)
jorge delgado,auto-merged,club,2026,fungi; warao
jorge ramirez ruiz,auto-merged,club,2017,fénix ultimate; sherbrooke gentlemen's club
jorge rodriguez,auto-merged,college,2026,lewis & clark (bacchus ); lewis & clark-b (bbacchus)
jose bolanos,auto-merged,college,2023,florida (florida); florida-b (florida b)
jose mikalauskas,auto-merged,club,2017,enigma; flying pig
joseph blackman,auto-merged,college,2026,ave maria (gyrenes); ave maria-b (ave maria b team)
joseph chen,auto-merged,club,2017,banc; first order
joseph conerty,auto-merged,club,2017,black market; black market ii
joseph cooper,auto-merged,college,2024,ave maria (gyrenes); ave maria-b (ave maria b team)
joseph copeland,auto-merged,club,2022,blueprint; haze; old fat and saggy
joseph feinstein,auto-merged,club,2017,cloverleaf; dragon army
joseph filipek,auto-merged,club,2022,raptor; reptar
joseph gyman,auto-merged,club,2025,r&d; reál hogs fc-b
joseph hibbs,auto-merged,college,2023,san diego state (federales ); san diego state-b (bomberos)
joseph lenzo,auto-merged,club,2025,delaware (sideshow); mob ultimate
joseph lodahl,auto-merged,club,2025,forward motion; kenji's bbb
joseph mcloughlin,auto-merged,college,2025,purdue-b (ctrl-z); purdue-c (ctrl x)
joseph mcloughlin,auto-merged,college,2026,purdue-b (ctrl-z); purdue-c (ctrl x)
joseph merrill,auto-merged,club,2018,ncfo; the killjoys
joseph murphy,auto-merged,college,2023,illinois state (gnomes); illinois state-b (illinois state gnomes b)
joseph oberholzer,split,college,2025,southern california (usc lockdown); southern california-b (usc blockdown)
joseph parks,split,college,2023,christopher newport (skymaul); west virginia (wv wild)
joseph parks,split,college,2024,christopher newport (skymaul); west virginia (wv wild)
joseph patterson,auto-merged,club,2021,icy boyz; johnny bravo
joseph robertson,auto-merged,college,2025,grand canyon (lopes); grand canyon-b (g-force)
joseph schindler,auto-merged,club,2021,battery; wavestorms
joseph sifakis,auto-merged,club,2023,spoon x-freshman; trident i
joseph sifakis,auto-merged,club,2024,haymaker; roundhouse; trident
joseph stonebraker,auto-merged,club,2024,kfc; timber
joseph sunukjian,auto-merged,club,2024,amigos-jv; riptide
joseph threlkeld,auto-merged,club,2025,popperton ultimate frisbee; reál hogs fc-b
joseph torres,auto-merged,college,2022,sul ross state (sul ross ultimate); texas christian (high noon)
joseph wagner,auto-merged,college,2023,tulane (tucks); tulane-b (tulane b)
joseph woessner,auto-merged,college,2026,lewis & clark (bacchus ); lewis & clark-b (bbacchus)
joseph wylie,auto-merged,club,2017,austin amigos; swangos
josh breer,auto-merged,college,2024,tulane (tucks); tulane-b (tulane b)
josh cook,auto-merged,college,2023,messiah (falcons); messiah-b (b)
josh hall,auto-merged,college,2024,cal poly-slo-b (slob); cal poly-slo-c (sloc)
josh hendrickson,auto-merged,club,2023,minnesota superior a; the body
josh johnson,auto-merged,club,2017,chattanooga gentlemen's club; mississippi valley tundra swans
josh kautz,auto-merged,club,2023,mallard; mallard x
josh khoury,auto-merged,club,2022,firefly tx; gamble
josh kreth,auto-merged,club,2017,swangos; texas swing
josh lillie,auto-merged,club,2025,colorado college (wasabi); cosmic u-20 boys
josh markette,auto-merged,club,2017,and the warhawks; ironside
josh markette,auto-merged,club,2018,dig; yeuth-and-age-sia
josh markette,auto-merged,club,2023,dig; dix
josh mckisic,auto-merged,club,2017,florida united; uproar
josh moore,split,club,2017,jaybirds; john doe; memphis belle
josh purman,auto-merged,club,2017,illusion; midrift
josh solomon,split,college,2024,michigan (magnum); syracuse (doom)
joshua (slater) levey,auto-merged,club,2019,black knights; magma bears
joshua blum,auto-merged,college,2023,tufts-b (tufts b); tufts-c (tufts c)
joshua cagle,auto-merged,college,2023,mississippi state (dark horse); mississippi state-b (pony express)
joshua christensen,auto-merged,club,2019,cojones; old ephraim
joshua colleran,auto-merged,college,2026,santa clara (scab); santa clara-b (scratch)
joshua creasman,auto-merged,college,2022,california-san diego (air squids); california-san diego-b (air squids lite )
joshua dinicola,auto-merged,college,2025,suny-buffalo (green eggs and ham); suny-buffalo-b (buffalo grinch)
joshua fassett,auto-merged,club,2025,"bgf sl,ut; fat stacks; zombie tidal wave"
joshua friedman,split,club,2022,adk mountain crew; overdrive; spring break '93
joshua friedman,split,club,2023,magma bears; spring break '93
joshua friedman,split,club,2024,magma bears; spring break '93
joshua frojelin,auto-merged,college,2023,san diego state (federales ); san diego state-b (bomberos)
joshua gill,auto-merged,club,2023,barnstorm; odyssey
joshua hamann,auto-merged,college,2023,mississippi state (dark horse); mississippi state-b (pony express)
joshua hamann,auto-merged,college,2024,mississippi state (dark horse); mississippi state -b (trenches )
joshua hamann,auto-merged,college,2025,mississippi state (dark horse); mississippi state-b (trenches )
joshua ho,auto-merged,club,2025,dangerous unidentified mystical beast; red lotus
joshua kozlowski,auto-merged,club,2025,timber; zoo animals
joshua krause,auto-merged,club,2017,brickhouse; carolina sky
joshua lee,auto-merged,college,2021,harvard-b (bred line); ucla-b (ucla smoke)
joshua lewis,auto-merged,club,2023,oakay; triumph
joshua lewis,auto-merged,college,2024,alabama (yellow hammer); alabama-c (yellowhammer c)
joshua maltese,auto-merged,college,2022,dayton (flud); dayton-b (ud flud b)
joshua maltese,auto-merged,college,2023,dayton (flud); dayton-b (ud flud b)
joshua mebane,auto-merged,college,2023,west chester (west chester (a)); west chester-b (west chester (b))
joshua mitchell,auto-merged,college,2023,mississippi state (dark horse); mississippi state-b (pony express)
joshua mitchell,auto-merged,college,2024,mississippi state (dark horse); mississippi state -b (trenches )
joshua mitchell,auto-merged,college,2025,mississippi state (dark horse); mississippi state-b (trenches )
joshua morris,auto-merged,club,2021,johnny bravo; spicy
joshua morris,auto-merged,club,2023,fungi; makawua
joshua morton,auto-merged,club,2023,impulse; pittsburgh stealers
joshua newman,split,club,2019,banc; swamp horse
joshua norton,auto-merged,club,2019,citywide special; green means bro
joshua reed,auto-merged,club,2024,alliance; alliance 2
joshua romani,auto-merged,club,2021,crutch city; harvey cats
joshua sasson,auto-merged,college,2024,tulane (tucks); tulane-b (tulane b)
joshua van abel,auto-merged,club,2024,kfc; timber
joshua wang,auto-merged,club,2023,dcviii; marc
joshua wang,auto-merged,club,2024,dcviii; east lansing detroit lions
joshua wilson,split,club,2022,banc; la raid s.c.
joshua wright,auto-merged,college,2023,alabama-b (yellow hammer); michigan state-b (riot control)
josiah misk,auto-merged,college,2026,santa clara (scab); santa clara-b (scratch)
jotony guerra,auto-merged,club,2023,brawl; las vegas nuke
jt delongchamp,auto-merged,college,2025,illinois-b (boomland); illinois-c (cornland)
juan amador,auto-merged,club,2018,black market ii; blacker market
juan amador,auto-merged,club,2019,black market ii; blacker market x
juan amador,auto-merged,club,2021,black market i; black market ii
juan arias,auto-merged,club,2023,el niño; uproar
juan cirilo fulgencio,auto-merged,college,2023,illinois state (gnomes); illinois state-b (illinois state gnomes b)
juan gonzalez,auto-merged,club,2024,chicago dart frogs; on ramp
jude larene,auto-merged,club,2017,cloverleaf; dragon army
judson miller,auto-merged,college,2024,kansas (horrorzontals); kansas-b (kansas b (vertikills))
julian cortes,auto-merged,club,2025,carbon; powderhogs; reál hogs fc-b
julian kagi,auto-merged,club,2024,oregon trainwreck; portland tremor
jun bo lau,auto-merged,college,2023,california-san diego-b (air squids lite ); california-san diego-c (air squids select)
june bae,split,college,2025,southern california (usc lockdown); southern california-b (usc blockdown)
june rapisura,auto-merged,club,2019,souf; voodoo
junzhe (jimmy) feng,auto-merged,college,2023,southern california (usc lockdown); southern california-b (usc blockdown)
justin arney,auto-merged,club,2023,fork x-senior; trident ii; trident iii
justin cheung,auto-merged,club,2025,houndd; nyu (new york university )
justin davis,split,club,2023,fork x-senior; pulp; trident iii
justin davis,split,college,2023,emory (emory juice); texas a&m (dozen)
justin davis,split,college,2024,emory (emory juice); texas a&m (dozen)
justin fereshetian,auto-merged,club,2017,red tide; red tide black
justin hill,auto-merged,club,2018,atliens; bullet
justin jones,auto-merged,club,2024,mohawk valley wild; souf
justin lee,auto-merged,college,2022,gunn (control); maryland-b (astro quakers)
justin li,auto-merged,club,2023,helots; rebels
justin morrison,auto-merged,club,2017,fludwhale; richmond floodwall
justin petre,auto-merged,college,2024,texas a&m (dozen); texas a&m-b (dozen matter)
justin reeverts,auto-merged,club,2018,black market; blacker market
justin robertson,auto-merged,college,2023,pennsylvania (void); pennsylvania-b (null)
justin tate,auto-merged,college,2025,purdue-b (ctrl-z); purdue-c (ctrl x)
justin weaver,auto-merged,college,2024,alabama (yellow hammer); alabama-c (yellowhammer c)
justine cherwink,auto-merged,club,2025,powderhogs; reál hogs fc-b
kacper wujda,auto-merged,college,2023,illinois state (gnomes); illinois state-b (illinois state gnomes b)
kade morris,auto-merged,club,2023,doublewide; riverside
kaden bambach,auto-merged,college,2026,south florida (scallywags); south florida-b (scourge)
kaeden batz,auto-merged,college,2024,colorado-b (cucu); colorado-c (rooster tussle)
kaeden batz,auto-merged,college,2026,colorado-b (cucu); colorado-c (rooster tussle)
kahlil knick,auto-merged,college,2026,dayton (flud); dayton-b (ud flud b)
kai bowen,auto-merged,club,2021,beachfront property; mallard
kai delorenzo,auto-merged,club,2017,buda; defy the meta
kai delorenzo,auto-merged,club,2021,choice city hops; mad men
kai lambert,auto-merged,college,2026,cal poly-slo-b (slob); cal poly-slo-c (sloc)
kaiden thiers,auto-merged,club,2025,kenji's bbb; sub zero
kaitao luo,auto-merged,college,2023,carnegie mellon (mr. yuk); carnegie mellon-b (poison control)
kaleb istvan,auto-merged,college,2023,binghamton (suny-binghamton); suny-binghamton-b (suny-binghamton b)
kaleb zuckerman,auto-merged,college,2022,brown (brownian motion); brown-b (brown - b)
kason nicholas,auto-merged,club,2025,colorado cutthroat u-17 boys; colorado cutthroat u-20 boys two
kaushik jampala,auto-merged,club,2017,flash flood; texas swing
kavon spivey,auto-merged,college,2024,mississippi state (dark horse); mississippi state -b (trenches ); mississippi state-c (trenches b)
kavon spivey,auto-merged,college,2026,mississippi state (dark horse); mississippi state-b (trenches )
ke li,auto-merged,college,2023,arizona state (prime); arizona state-b (pleasure)
keagan gustin,auto-merged,club,2023,stag; supercell
keaton viadro,auto-merged,club,2019,little teapots; red dawn
keegan mcmenamin,auto-merged,club,2024,crypt; l.u.t $ack
kellen klapatch,auto-merged,club,2023,on ramp; trident ii
kellen klapatch,auto-merged,club,2024,on ramp; trident ii
kelly mauntel,auto-merged,club,2024,stl goonar; stl moonar
kempster horne,auto-merged,college,2024,alabama (yellow hammer); alabama-b (yellow hammer)
ken adams,auto-merged,club,2023,bux; mad men
ken adams,auto-merged,club,2024,bux; mad men
ken portillo,auto-merged,club,2024,resurgam; vassar (swinging monks)
ken snyder,auto-merged,club,2021,bighorn; boulder united flatiron hammers
kenan tucker,auto-merged,college,2024,south florida (scallywags); south florida-b (scourge)
kendrick hougen,auto-merged,club,2022,dawg pound; i-69
kenji her,auto-merged,club,2023,dinkytown doughboys; kenji's bbb; mallard
kenneth debacker,auto-merged,club,2019,mango tree; nain rouge
kenneth xuan,auto-merged,club,2018,greater gary goblins x; greater gary goblins y
kenneth xuan,auto-merged,club,2021,flash flood; knights of ni
kenni taylor,auto-merged,club,2022,alliance; chain lightning
kennon arnold,auto-merged,club,2025,bdc; la maquina -a
kent hoyama,auto-merged,college,2023,suny-stony brook (panic); suny-stony brook-b (brick)
kent mcdonell,auto-merged,club,2018,black market ii; blacker market; blackest market
kento mitsuda,auto-merged,college,2023,suny-stony brook (panic); suny-stony brook-b (brick)
keshav vembar,auto-merged,college,2022,colorado mines (entropy); colorado mines-b (entropy - b)
kevin castell,auto-merged,club,2019,low point; powderhogs
kevin chen,split,college,2022,davidson (duff); north carolina-b (batch)
kevin chow,auto-merged,club,2019,dna; komori
kevin cleary,auto-merged,club,2017,black market; black market x
kevin deangelis,auto-merged,club,2019,black market ii; blacker market y
kevin deangelis,auto-merged,club,2021,black market i; castle
kevin diaz,auto-merged,college,2022,suny binghamton-b (binghamton [b] y); suny-binghamton-b (suny-binghamton b)
kevin dwork,auto-merged,club,2017,streetgang; thundersnow
kevin goldberg,auto-merged,club,2017,bruises; defy the meta; shades
kevin huerta,auto-merged,club,2021,raleigh-durham united; right coast
kevin hwang,auto-merged,club,2022,bonafide scrubs; inception
kevin hwang,auto-merged,club,2023,bonafide scrubs; mycellium
kevin johnson,auto-merged,club,2021,bobby; lotus
kevin liang,auto-merged,club,2024,oni; white sauce hot sauce
kevin lin,auto-merged,club,2017,cash crop; nasty girls
kevin lin,auto-merged,club,2018,garden state ultimate; trenton takers
kevin lui,split,college,2023,illinois (rise); illinois-b (boomland)
kevin obrien,split,club,2017,somerville bag; westchester magma bears
kevin obrien,split,club,2019,magma bears; somerville bag
kevin obrien,split,club,2023,magma bears; mohawk valley wild
kevin pettit-scantling,auto-merged,club,2019,house; sub zero
kevin pettit-scantling,auto-merged,club,2021,chicago machine; mad men; yogosbo
kevin reardon,auto-merged,club,2021,bighorn; boulder united flatiron hammers
kevin tiernan,auto-merged,college,2024,kansas (horrorzontals); kansas-b (kansas b (vertikills))
kevin underhill,auto-merged,club,2024,furious george; team canada open
kevin yngve,auto-merged,club,2018,greater gary goblins x; greater gary goblins y
kevin zhang,split,club,2019,ditto a; ditto b
kevin zhang,split,club,2021,black market i; slimjim fc
kevin zhang,split,college,2021,johns hopkins (dangerzone); northwestern (nut)
kevin zhang,split,college,2022,johns hopkins (dangerzone); north carolina-charlotte (charlotte skyrise); northwestern (nut)
kevin zhang,split,college,2023,illinois (rise); north carolina-charlotte (charlotte skyrise); texas-b (graze)
kevin zhou,auto-merged,club,2026,burning river; forest city
kfir shoham,auto-merged,college,2025,syracuse (doom); syracuse university-b (boom)
khalid al-zahrani,auto-merged,club,2017,phoenix; shrike
khoji ybarra,auto-merged,club,2022,bonsoon; dallas united outlaws
kianu dolce,auto-merged,college,2025,arizona state (prime); arizona state-b (pleasure)
kiarash valipour,auto-merged,college,2023,suny-stony brook (panic); suny-stony brook-b (brick)
kieran greeley,auto-merged,college,2023,santa clara (scab); santa clara-b (scratch)
kieran greeley,auto-merged,college,2026,santa clara (scab); santa clara-b (scratch)
kieran wagner,auto-merged,club,2025,battery; journeymen
kieran winthrop,auto-merged,college,2024,dayton (flud); dayton-b (ud flud b)
kieu duong,auto-merged,club,2021,cold cuts; kansas city smokestack
kieu duong,auto-merged,club,2024,friendly fire; nox
kirby leitner,auto-merged,college,2025,clemson (joint chiefs of waft); clemson-b (joint biefs)
kishan patel,auto-merged,club,2023,dyno; ronin
kobe oley,auto-merged,club,2026,oak grove boys; truck stop
kobi mccracken,auto-merged,club,2023,oc crows; socal condors
kody crockett,auto-merged,club,2025,"bgf sl,ut; zombie tidal wave"
kohen kilburn,auto-merged,club,2026,electricity; tennessee folklore
kolbe bauer,auto-merged,club,2024,doublewide; public menemy
kole ketner,auto-merged,college,2025,cal poly-ccwr (ccwr); cal poly-slo (slocore)
kole pempek,auto-merged,club,2023,i-69; lafayette street dogs
kosuke tominaga,auto-merged,college,2022,yale (süperfly); yale - y (süperfly - y)
koushik thiyagarajan,auto-merged,college,2024,charlottesville clownies; maryland (maryland ultimate)
krish patel,split,college,2025,emory (emory juice); michigan-b (michigan-b)
krish patel,split,college,2026,california-irvine (nightlife); emory (emory juice)
krishan chib,auto-merged,club,2017,atliens; h.o.g. ultimate
krishna chundi,auto-merged,college,2024,south florida (scallywags); south florida-b (scourge)
krishna chundi,auto-merged,college,2025,south florida (scallywags); south florida-b (scourge)
krishna chundi,auto-merged,college,2026,south florida (scallywags); south florida-b (scourge)
kristian johnson,auto-merged,club,2023,mutiny; sub zero
kristof rohaly-medved,auto-merged,club,2023,diy; scoop
kuochuan ponzio,auto-merged,club,2022,rhino slam!; tirebizfriz
kurt gibson,auto-merged,club,2018,chicago machine; doublewide
kwamae delva,auto-merged,club,2017,bates (bates orange whip); gargantuan spider dragons-senior
kwunho wu,auto-merged,club,2018,ironside; prime
kyle bates,auto-merged,college,2024,cincinnati (bearcats); cincinnati -b (bearcats b)
kyle behrenfeld,auto-merged,club,2023,dirty laundry; rochester open club
kyle ben-gera,auto-merged,college,2022,towson (pandamonium); towson -b (bamboozle)
kyle bjornson,auto-merged,college,2025,richmond (spidermonkeys); richmond-b (spider pigs)
kyle cagno,auto-merged,college,2024,arizona state (prime); arizona state-b (pleasure)
kyle cantal,auto-merged,club,2017,phoenix; shrike
kyle dejesus,auto-merged,club,2021,dingwop; overdrive
kyle dreger,auto-merged,club,2021,mad men; mke
kyle ezell,auto-merged,club,2018,black market ii; blacker market
kyle forrest,auto-merged,college,2025,santa clara (scab); santa clara-b (scratch)
kyle gebhardt,auto-merged,college,2023,west chester (west chester (a)); west chester-b (west chester (b))
kyle henke,auto-merged,club,2017,austin amigos; deaf fruit
kyle henke,auto-merged,club,2018,doublewide; gamble
kyle isler,auto-merged,club,2023,hardta spelots; helots
kyle johnson,split,club,2019,miner magic; sundowners
kyle johnson,split,club,2022,drought; oat
kyle johnson,split,club,2023,hooch; oat; stl lounar; stl moonar
kyle johnson,split,club,2024,hooch; stl moonar
kyle johnson,split,club,2025,drought; sebastopol orchard
kyle lew,auto-merged,club,2019,little teapots; red dawn
kyle morgan,split,club,2021,genny never leaves; watchdogs
kyle murray,auto-merged,club,2019,makawua; omen
kyle ooley,auto-merged,club,2023,trident ii; triiident
kyle reader,auto-merged,club,2023,milwaukee revival; timber
kyle rich,auto-merged,college,2023,california-san diego-b (air squids lite ); california-san diego-c (air squids select)
kyle rogers,auto-merged,club,2021,ice bros; iso atmo
kyle rogers,auto-merged,club,2025,carbon; iso atmo
kyle schluben,auto-merged,club,2023,meadowlark; supercell
kyle stromberg,auto-merged,college,2023,florida (florida); florida-b (florida b)
kyle wolf,split,club,2021,milwaukee revival; rumspringa
kyle woodward,auto-merged,club,2017,fludwhale; richmond floodwall
lachlan campbell,auto-merged,college,2024,alabama (yellow hammer); alabama-c (yellowhammer c)
lachlan myers,auto-merged,college,2026,lewis & clark (bacchus ); lewis & clark-b (bbacchus)
lamar anderson,auto-merged,club,2023,dirty laundry; spring break '93
lamson nguyen,auto-merged,club,2021,harvey cats; riverside
landon evans,auto-merged,club,2025,gamble; haymaker
landon kyle,auto-merged,college,2025,tennessee-chattanooga (swamp donkeys); tennessee-chattanooga -b (tennessee-chattanooga b)
landon lavoie,auto-merged,club,2024,furious george; team canada open
landon lavoie,auto-merged,club,2025,afc rumble; furious george
landon sagle,auto-merged,club,2018,ironmen; war machine
lane wunderlich,auto-merged,club,2025,demo; loaded panda
larry (butch) brown,auto-merged,club,2019,uproar; uproar claws
larry uhlman,auto-merged,club,2017,cloverleaf; dragon army
lawrence ringwald,auto-merged,college,2026,dayton (flud); dayton-b (ud flud b)
leif hansen,auto-merged,club,2025,oak grove boys; puzzles
leland engelking,auto-merged,club,2025,forward motion; mallard
leo andrade,auto-merged,college,2026,washington-b (washington b); washington-c (uw c)
leo chiaverini,auto-merged,club,2026,buda u20b; odyssey
leo gold,auto-merged,club,2025,new jersey gemini; red lotus
leo gordon,auto-merged,club,2023,dig; dix
leo joseph,auto-merged,college,2023,california-san diego-b (air squids lite ); california-san diego-c (air squids select)
leo krumpe,auto-merged,club,2025,heatwave; texas united
leo mcgaraghan,auto-merged,club,2024,colorado college (wasabi); fungi
leo murrell,auto-merged,college,2026,denver (sourdough); denver-b (sourdough b team)
leo narbonne,auto-merged,club,2023,bag; chimney
leo sarandos,auto-merged,club,2023,retired; tirebizfriz
leo wolf,auto-merged,college,2022,oregon state (beavers); oregon state-b (oregon state b)
leo xiao,auto-merged,college,2025,carleton college (cut); cornell (buds)
leon tan,auto-merged,club,2022,7am; deepfake
leon tan,auto-merged,club,2023,crossfire; dirty laundry
leon tan,auto-merged,club,2024,chicago dart frogs; roundhouse
leonardo tapia,auto-merged,club,2025,nc brickhouse-upper; yacht club
leopold fell,auto-merged,club,2024,bartle boys; suny-binghamton (suny-binghamton)
leopold lefebre,auto-merged,club,2017,swangos; texas swing
levi dohman,auto-merged,club,2023,kenji's bbb; sub zero
levi jeske,auto-merged,club,2017,blackfish; dna
levi pelletier,auto-merged,club,2025,red tide; resurgam ultimate
levi smetana,auto-merged,college,2023,tulane (tucks); tulane-b (tulane b)
liam bass,auto-merged,college,2026,lewis & clark (bacchus ); lewis & clark-b (bbacchus)
liam dimick,auto-merged,club,2024,buffalo frostbite; buffalo practice players
liam dunn,auto-merged,club,2023,bryce whitney fan club; red wolves
liam ereneta,auto-merged,club,2019,little teapots; red dawn
liam gallinagh,auto-merged,club,2018,big wrench; shades
liam henry,auto-merged,club,2022,iditarod; slugfest
liam jay,auto-merged,club,2021,battery; wavestorms
liam marsh,auto-merged,club,2026,kansas city smokestack; nox
liam searles-bohs,auto-merged,club,2017,cash crop; triforce
liam vander wyk,auto-merged,college,2026,colorado-b (cucu); colorado-c (rooster tussle)
lior cohen,auto-merged,college,2025,vermont-b (chill dev); vermont-c (chill b)
lloyd furuta,auto-merged,club,2017,browatch; low five
lloyd goldstein,auto-merged,college,2025,cincinnati (bearcats); cincinnati -b (bearcats b)
lloyd goldstein,auto-merged,college,2026,cincinnati (bearcats); cincinnati -b (bearcats b)
logan ashwell,auto-merged,college,2024,alabama (yellow hammer); alabama-c (yellowhammer c)
logan dudley,auto-merged,college,2023,illinois state (gnomes); illinois state-b (illinois state gnomes b)
logan hall,split,college,2022,charleston (palmetto bums); shippensburg (scapegoats)
logan johnson,auto-merged,club,2017,swangos; texas swing
logan johnson,auto-merged,club,2019,flash flood; texas toast
logan krehbiel,auto-merged,club,2023,barnstorm; false summit
logan marcel,auto-merged,college,2026,mississippi state (dark horse); mississippi state-b (trenches )
logan martin,split,club,2017,brawl; mad men
logan piercy,auto-merged,club,2025,gvl trout; philadelphia pacmen
logan white,auto-merged,college,2024,mississippi state (dark horse); mississippi state -b (trenches ); mississippi state-c (trenches b)
logan williams,auto-merged,club,2023,blink-122 weekends; i-69
lorenzo castaneda,auto-merged,college,2023,pennsylvania (void); pennsylvania-b (null)
lorenzo holben,auto-merged,college,2026,lewis & clark (bacchus ); lewis & clark-b (bbacchus)
louis douville beaudoin,auto-merged,club,2023,dig; diz
louis nagle,auto-merged,club,2021,black market i; el niño
louis nagle,auto-merged,club,2024,el niño; florida untied
louis-pierre lauzon,auto-merged,club,2018,mockingbird; nsom
luc comire,auto-merged,club,2024,goat; team canada open
luca adams,auto-merged,club,2025,bart; oat
luca perri,auto-merged,college,2024,cal poly-slo-b (slob); cal poly-slo-c (sloc)
luca perri,auto-merged,college,2025,cal poly-slo-b (slob); cal poly-slo-c (sloc)
luca spycher,auto-merged,club,2019,doggpound; red dawn
lucas de almeida neves aguiar,auto-merged,club,2024,florida untied; mutiny
lucas de almeida neves aguiar,auto-merged,club,2025,el niño; florida untied
lucas kim,auto-merged,club,2023,little red wagon; pulp
lucas schiff,auto-merged,college,2023,west chester (west chester (a)); west chester-b (west chester (b))
lucas winch,auto-merged,club,2024,beef depot; haze
lucas woodman,auto-merged,college,2026,santa clara (scab); santa clara-b (scratch)
lucien betancourt,split,college,2026,suny-binghamton (suny-binghamton); suny-binghamton-b (suny-binghamton b)
lucien noel,auto-merged,club,2024,cash crop 2; the dingoes - australian open team
lucius kahng,auto-merged,club,2023,bearfax; john doe
luis caballero,auto-merged,club,2023,mallard; mallard x
luis zamudio,auto-merged,college,2025,santa clara (scab); santa clara-b (scratch)
luis zamudio,auto-merged,college,2026,santa clara (scab); santa clara-b (scratch)
luiz astorga,auto-merged,club,2023,brawl; san antonio warhawks
luka govedic,auto-merged,club,2023,big wrench; shade
luka zrnich,auto-merged,college,2025,south florida (scallywags); south florida-b (scourge)
lukas kersh,auto-merged,club,2023,trident ii; triiident
lukas kersh,auto-merged,club,2025,riptide-b; trident
luke alexander,auto-merged,club,2024,florida untied; haymaker x
luke brockmeier,auto-merged,college,2026,mississippi state (dark horse); mississippi state-b (trenches )
luke cornelius,auto-merged,club,2023,music city mafia; nashville mudcats
luke greseth,auto-merged,college,2024,kansas (horrorzontals); kansas-b (kansas b (vertikills))
luke hampton,auto-merged,club,2023,meadowlark; supercell
luke hatcher,auto-merged,club,2025,barefoot; cookie mon$terz
luke henke,auto-merged,club,2023,texas duffy; texas united
luke hobday,auto-merged,club,2026,mallard; minnesota superior u20b
luke hoven,auto-merged,college,2025,grand canyon (lopes); grand canyon-b (g-force)
luke huffman,auto-merged,club,2023,colonels; raleigh-durham united
luke jackson,auto-merged,club,2025,heatwave; texas duffy
luke laboy,auto-merged,club,2024,buffalo frostbite; buffalo practice players
luke martelli,auto-merged,club,2019,madhouse; red circus
luke merrill,auto-merged,club,2022,adelphos; right coast
luke meyer,auto-merged,club,2025,happy valley roofing and mustache supply; pennsylvania (void)
luke monnin,auto-merged,club,2018,flying pig; omen
luke owen,auto-merged,club,2025,roundhouse; tempe tantrum
luke owen,auto-merged,college,2024,arizona state (prime); arizona state-b (pleasure)
luke pascale,auto-merged,club,2018,medicine men; town hall stars
luke rubin,auto-merged,club,2025,nocturnal; nomad
luke sadler,auto-merged,club,2018,duel; nashvillians
luke schoolland,auto-merged,college,2025,grand canyon (lopes); grand canyon-b (g-force)
luke smith,split,club,2024,bartle boys; colt
luke smith,split,college,2023,binghamton (suny-binghamton); union (tennessee) (union jaxx)
luke stegall,auto-merged,college,2026,mississippi state (dark horse); mississippi state-b (trenches )
luke sunderman,auto-merged,college,2023,pacific lutheran (reign men); pacific lutheran-b (plu reign b)
luke thomas,auto-merged,club,2024,alliance; alliance 2
maaz zubair,auto-merged,college,2026,purdue-b (ctrl-z); purdue-c (ctrl x)
mac harris,auto-merged,club,2018,ironmen; war machine
mac hecht,auto-merged,club,2023,dig; dix
mackenzie stogner,auto-merged,college,2025,cal poly-slo-b (slob); cal poly-slo-c (sloc)
mackenzie stogner,auto-merged,college,2026,cal poly-slo-b (slob); cal poly-slo-c (sloc)
maddox weisz,auto-merged,college,2023,tufts-b (tufts b); tufts-c (tufts c)
madison glidewell,auto-merged,college,2024,mississippi state (dark horse); mississippi state -b (trenches )
madison glidewell,auto-merged,college,2025,mississippi state (dark horse); mississippi state-b (trenches )
malachi merriam,auto-merged,college,2025,cal poly-ccwr (ccwr); cal poly-slo (slocore)
malcolm bryson,auto-merged,club,2024,furious george; team canada open
malcolm chow,auto-merged,club,2023,bemo; loaded panda
malcolm fano,auto-merged,club,2024,carbon; the incline
malik auger-semmar,auto-merged,club,2024,chicago machine; team canada open
mamadou thiam,auto-merged,college,2024,johns hopkins (dangerzone); johns hopkins-b (dangerzone b)
manan kothari,auto-merged,club,2017,black market ii; black market y
manan kothari,auto-merged,club,2018,black market ii; blacker market
manan kothari,auto-merged,club,2019,black market ii; black market iii; blacker market x
manan kothari,auto-merged,club,2021,black market i; black market ii
manan kothari,auto-merged,club,2023,fork x-senior; trident ii
manny king,auto-merged,college,2022,suny binghamton-b (binghamton [b] y); suny-binghamton-b (suny-binghamton b)
manov jain,auto-merged,club,2017,flash flood; texas two step
manu redd,auto-merged,college,2024,kansas (horrorzontals); kansas-b (kansas b (vertikills))
marc kaylor,auto-merged,club,2021,inception; johnny bravo
marc soldini,auto-merged,club,2019,chuck wagon; colt
marc-alexandre houle,auto-merged,club,2018,club m - magma; club m - rage
marcel oliart,auto-merged,club,2017,buda; pittsburgh puppies
marcelo ruggiero,auto-merged,college,2023,charlottesville clownies; mary washington (mother of george)
marco dewey,split,club,2024,mutiny; the incline
marco dewey,split,club,2026,digit; zodiac
marco dregni,auto-merged,club,2023,mallard; mallard x
marcus andres,auto-merged,club,2025,colorado cutthroat u-17 boys; colorado cutthroat u-20 boys two
marcus beidler,auto-merged,club,2023,sockeye; souf
marcus beidler,auto-merged,club,2025,rhino slam!; souf
marcus hawley,auto-merged,college,2024,cal poly-slo-b (slob); cal poly-slo-c (sloc)
marcus lee,split,club,2022,oakland ultimate; redwolves
marcus lee,split,club,2023,red wolves; smoak (u20)
marcus lee,split,college,2025,oregon (ego); william & mary (merry men)
marcus mondrow,auto-merged,college,2023,colorado-b (cucu); colorado-c (rooster tussle)
marcus yeung,auto-merged,club,2018,blackfish; dna
marcus yeung,auto-merged,club,2019,blackfish; dna
maren proplesch,auto-merged,college,2024,kansas (horrorzontals); kansas-b (kansas b (vertikills))
mario ambrose,auto-merged,club,2024,revolver; wavestorms
mario bellavia,auto-merged,club,2025,heatwave; shenanigans
mario moran,auto-merged,club,2023,chicago dart frogs; trident ii
mario obrien,auto-merged,club,2017,beach wrench; sockeye
mario plaza,auto-merged,club,2026,rawhide; warao
mario weiler,auto-merged,club,2023,sonoran dog; sonoran pups
mario weiler,auto-merged,club,2024,sonoran dog; sonoran pups
mark aaron dela cruz,auto-merged,college,2023,suny-stony brook (panic); suny-stony brook-b (brick)
mark bangcaya,auto-merged,club,2017,ghost train; gravy train wreck
mark belvardi,auto-merged,club,2023,dreadnought; dreadnought: battleship-b
mark donohue,auto-merged,club,2021,fungi; johnny bravo; spicy
mark donohue,auto-merged,club,2023,diy; scoop
mark gulian,auto-merged,college,2023,california-san diego-b (air squids lite ); california-san diego-c (air squids select)
mark martirosian,auto-merged,college,2023,tufts-b (tufts b); tufts-c (tufts c)
mark philbin,auto-merged,college,2025,clemson (joint chiefs of waft); clemson-b (joint biefs)
mark pollard,auto-merged,club,2024,kfc; timber
mark roos,auto-merged,club,2023,mallard; mallard x
mark strazzer,auto-merged,club,2024,parlay; touch of grey
mark yonker,auto-merged,club,2022,kansas city smokestack; nox
markian kuzmowycz,auto-merged,club,2017,and the warhawks; pony
markus olson,auto-merged,college,2024,colorado state (hibida); colorado state-b (bibida)
markus wolf,auto-merged,club,2021,ballston booya; john doe
marley sussman,auto-merged,college,2025,cal poly-ccwr (ccwr); cal poly-slo (slocore)
marshall wildmann,auto-merged,club,2019,little teapots; red dawn
marshall wildmann,auto-merged,club,2021,nsfw; revolver
marshall wildmann,auto-merged,club,2022,oat; revolver
martin bustamante,auto-merged,club,2021,geh; magma bears
martin doherty,auto-merged,college,2025,cal poly-ccwr (ccwr); cal poly-slo (slocore)
martin fuller,auto-merged,college,2023,arizona state (prime); arizona state-b (pleasure)
martin gallant,auto-merged,club,2024,phoenix; team canada open
martin le,auto-merged,club,2019,seattle blacklist; souf
martin le,auto-merged,club,2021,sockeye; souf
martin sieniawski,auto-merged,club,2024,pipe; suspect
marvin garcia gomez,auto-merged,college,2025,grand canyon (lopes); grand canyon-b (g-force)
mason james,split,college,2025,cal poly-slo-b (slob); cal poly-slo-c (sloc); colorado state-b (bibida)
mason james,split,college,2026,cal poly-slo-b (slob); cal poly-slo-c (sloc)
mason mikeska,auto-merged,college,2025,cal poly-slo-b (slob); cal poly-slo-c (sloc)
mason myler,split,club,2023,dyno; ronin
mason myler,split,club,2024,atlanta arson; ronin
mateo bolen,auto-merged,college,2025,vermont-b (chill dev); vermont-c (chill b)
mateo schneider,auto-merged,club,2025,bdc; la maquina -a
mathew berg,auto-merged,club,2018,phoenix; shrike
mathew berg,auto-merged,club,2019,phoenix; shrike
mathieu agee,auto-merged,club,2021,bobby; lotus
mathieu petit,auto-merged,club,2023,club m - manic; clubm - mesa
matt blaylock,auto-merged,college,2024,mississippi state (dark horse); mississippi state -b (trenches ); mississippi state-c (trenches b)
matt blaylock,auto-merged,college,2025,mississippi state (dark horse); mississippi state-b (trenches )
matt bode,auto-merged,club,2018,ring of fire; turbine
matt bristol,auto-merged,club,2021,11th hour; inception; johnny bravo; lotus
matt brown,split,club,2024,portland tremor; skeleton squad
matt chambers,auto-merged,club,2017,dallas united: desperados; texas two step
matt chambers,auto-merged,club,2019,gamble; texas united
matt henry,split,club,2018,black lung; rawhide
matt jamison,auto-merged,club,2024,bonneville flatball club; sundance kids
matt latvis,auto-merged,college,2025,syracuse (doom); syracuse university-b (boom)
matt markiewicz,auto-merged,club,2023,arkansas (ludicrous speed ); stl moonar
matt markiewicz,auto-merged,club,2024,dreadnought: battleship-b; stl moonar
matt mcgoogan,auto-merged,club,2019,green means bro; vault
matt mcgoogan,auto-merged,club,2023,puzzles; vault
matt outlaw,auto-merged,club,2023,bloomin' reptars; raptor
matt paparone,auto-merged,club,2017,patrol; trollvolver
matt rebholz,auto-merged,club,2017,and the warhawks; boston baked beans
matt reilly,auto-merged,college,2022,arizona state (prime); arizona state-b (pleasure)
matt rekart,auto-merged,club,2025,a la carte-b; san antonio warhawks
matt rix,auto-merged,club,2023,make it rain; sawtooth
matt rix,auto-merged,college,2022,oregon state (beavers); oregon state-b (oregon state b)
matt shannon,auto-merged,club,2023,creaky; smoak (u20)
matt varney,auto-merged,club,2024,sonoran dog; sonoran pups
matt vernon,auto-merged,club,2018,grandmaster flash; shore break
matt west,split,club,2019,inception; oat
matteo bowman,auto-merged,club,2025,bay dog; unrestricted free agents
matteo magnan,auto-merged,club,2022,raptor; reptar
matteo magnan,auto-merged,club,2023,bloomin' reptars; raptor
matteo maricich,auto-merged,college,2026,santa clara (scab); santa clara-b (scratch)
matthew berdel,auto-merged,club,2023,hardta spelots; helots
matthew bergin,auto-merged,college,2026,lehigh (lehigh ); lehigh-b (lehigh-b)
matthew cao,auto-merged,college,2025,michigan (magnum); michigan-b (michigan-b)
matthew carpenter,auto-merged,college,2025,dayton (flud); dayton-b (ud flud b)
matthew carpenter,auto-merged,college,2026,dayton (flud); dayton-b (ud flud b)
matthew chak,auto-merged,college,2024,cal poly-slo-b (slob); cal poly-slo-c (sloc)
matthew chak,auto-merged,college,2025,cal poly-slo-b (slob); cal poly-slo-c (sloc)
matthew chamberlain,auto-merged,club,2023,marc; red wolves
matthew chamberlain,auto-merged,club,2024,beacon; east lansing detroit lions
matthew cook,split,club,2018,big wrench; h.o.g. ultimate
matthew cook,split,club,2019,h.o.g. ultimate; white sauce hot sauce
matthew cook,split,club,2021,iditarod; white sauce hot sauce
matthew cook,split,college,2021,georgia (jojah); tennessee-chattanooga (swamp donkeys)
matthew cook,split,college,2022,georgia (jojah); tennessee-chattanooga (swamp donkeys)
matthew cromaz,auto-merged,college,2025,cal poly-slo-b (slob); cal poly-slo-c (sloc)
matthew cueva,auto-merged,club,2021,almostimate; choice city hops
matthew cunanan,auto-merged,college,2023,california-san diego-b (air squids lite ); california-san diego-c (air squids select)
matthew dacosta,auto-merged,college,2023,california-san diego-b (air squids lite ); california-san diego-c (air squids select)
matthew dankwerth,auto-merged,club,2024,bonsoon; expendables; skeleton squad
matthew dankwerth,auto-merged,college,2024,arizona state (prime); arizona state-b (pleasure)
matthew ding,auto-merged,college,2023,santa clara-b (scratch); ucla-b (ucla smoke)
matthew fasano,auto-merged,club,2017,somerville bag; somerville youth
matthew gilligan,auto-merged,college,2025,oregon state (beavers); oregon state-b (oregon state b)
matthew green,split,club,2023,adventure time; alliance
matthew green,split,college,2022,auburn (aetos); sam houston state (deuce ultimate)
matthew greenberg,auto-merged,college,2024,connecticut college (deimos); rose-hulman (elephantitis)
matthew grinde,auto-merged,club,2018,ironside; mad men
matthew gunter,auto-merged,club,2023,edina high school (edina high school varsity); minnesota superior b
matthew hogue,auto-merged,club,2018,cockfight; lost boys
matthew hui,split,college,2024,cornell (buds); texas-dallas (woof)
matthew johnson,split,club,2017,red tide; red tide black; riverside ultimate
matthew jones,auto-merged,college,2024,marist (red fox ultimate); suny-buffalo (green eggs and ham)
matthew lu,split,club,2023,impulse; offshore; puppies
matthew lu,split,college,2024,cal poly-slo-b (slob); cal poly-slo-c (sloc); duke (brimstone); pittsburgh-b (university of pittsburgh- b)
matthew martell,auto-merged,club,2024,beacon; phantom
matthew mayorga,auto-merged,club,2018,black market ii; blacker market
matthew mcdonald,auto-merged,club,2019,el niño; general strike
matthew mcroberts,auto-merged,college,2024,cincinnati (bearcats); cincinnati -b (bearcats b)
matthew merlo,auto-merged,college,2023,messiah (falcons); messiah-b (b)
matthew mills,auto-merged,club,2023,dyno; python
matthew morin,auto-merged,college,2024,mississippi state (dark horse); mississippi state -b (trenches ); mississippi state-c (trenches b)
matthew morin,auto-merged,college,2025,mississippi state (dark horse); mississippi state-b (trenches )
matthew morin,auto-merged,college,2026,mississippi state (dark horse); mississippi state-b (trenches )
matthew muhlenkamp,auto-merged,club,2021,enigma; yogosbo
matthew nightingale,auto-merged,club,2023,raleigh-durham united; ring of fire
matthew nk smith,auto-merged,club,2025,bang; tbd
matthew northway,auto-merged,club,2023,sonoran dog; sonoran pups
matthew northway,auto-merged,club,2024,sonoran dog; sonoran pups
matthew olson,auto-merged,college,2022,brigham young-b (chi b); dayton-b (ud flud b)
matthew orr,auto-merged,club,2023,dix; scoop
matthew pabin,auto-merged,club,2023,cmen; rotisserie chicken
matthew pfeil,auto-merged,college,2022,dayton (flud); dayton-b (ud flud b)
matthew pfeil,auto-merged,college,2023,dayton (flud); dayton-b (ud flud b)
matthew piszcz,auto-merged,college,2026,cincinnati (bearcats); cincinnati -b (bearcats b)
matthew pollard,auto-merged,club,2021,bbb; iso atmo
matthew pollard,auto-merged,club,2022,dawg pound; iso atmo
matthew ramirez,auto-merged,college,2023,columbia (uptown local); uptown local y
matthew reluzco,auto-merged,club,2021,clarkson (high dive); log jam
matthew reynolds,auto-merged,club,2017,fludwhale; richmond floodwall
matthew robinson,auto-merged,club,2018,grandmaster flash; shore break
matthew rock,auto-merged,college,2025,northeastern-b (beastern); northeastern-c (salty c dogs)
matthew rothrock,auto-merged,college,2023,santa clara (scab); santa clara-b (scratch)
matthew rukavina,auto-merged,club,2024,blackfish; joe fisher
matthew rylander,split,college,2023,illinois (rise); illinois-b (boomland)
matthew schroettner,auto-merged,college,2024,ave maria (gyrenes); ave maria-b (ave maria b team)
matthew silverman,auto-merged,club,2019,lantern; silence of the clams
matthew simpson,auto-merged,club,2018,flying pig; omen
matthew skinner,auto-merged,club,2023,battleship; capitol city chaos
matthew smith,split,club,2017,chain lightning; chattanooga gentlemen's club
matthew smith,split,club,2018,chain lightning; tanasi
matthew smith,split,club,2019,chain lightning; h.o.g. ultimate; tanasi
matthew smith,split,club,2021,chain lightning; tanasi
matthew smith,split,club,2023,barnstorm; tanasi
matthew smith,split,college,2021,humboldt state (humboldt state buds); oklahoma (apes of wrath)
matthew smith,split,college,2022,cal poly humboldt (humboldt state buds); oklahoma (apes of wrath)
matthew smith,split,college,2023,humboldt state (humboldt state buds); oklahoma (apes of wrath)
matthew stancampiano,auto-merged,club,2024,long island riff raff; suny-binghamton-b (suny-binghamton b)
matthew straus,auto-merged,club,2017,jelly straus; oakgrove boys
matthew sullivan,auto-merged,club,2023,chimney; exhaust pipe
matthew vandokkenburg,auto-merged,club,2018,bromintum; momintum
matthew victoria,auto-merged,college,2023,california-san diego-b (air squids lite ); california-san diego-c (air squids select)
matthew wang,auto-merged,college,2024,georgia tech (tribe); northeastern-b (beastern)
matthew wang,auto-merged,college,2025,georgia tech (tribe); northeastern-b (beastern)
matthew werenski,auto-merged,club,2017,defy the meta; shades
matthew williams,auto-merged,college,2022,villanova (main line ultimate); villanova-b (villanova b)
matthew wilson,split,club,2017,singlewide; texas two step
matthew wilson,split,club,2018,gamble; jawn
matthew wilson,split,club,2019,gamble; jawn; quaze
matthew wood,auto-merged,college,2025,british columbia (thunderbirds); cedarville (swarm)
matthew yang,split,college,2024,california-b (ursa minor); carnegie mellon (mr. yuk)
matthew yang,split,college,2025,california (ursa major); carnegie mellon (mr. yuk)
matthew yang,split,college,2026,california (ursa major); carnegie mellon (mr. yuk)
mauricio badillo moorman,auto-merged,club,2019,mallard; minnesota superior u20b
mauricio galeano rios,auto-merged,club,2023,chicago dart frogs; trident ii
mauricio muller,auto-merged,club,2018,arizona society of underachievers; prime
max coe,auto-merged,club,2025,dig; scoop
max cohen,auto-merged,club,2017,blueprint; sleepover at lenin's
max dinkin,auto-merged,college,2025,wisconsin-b (fauxdags); wisconsin-c (daglets)
max feinendegen,auto-merged,college,2023,butler (butler big dog); butler-b (big dog - developmental)
max gombiner,auto-merged,college,2023,pennsylvania (void); pennsylvania-b (null)
max hemeon,auto-merged,club,2023,diz; red tide
max jansen,auto-merged,club,2025,"bgf sl,ut; reál hogs fc-b"
max moore,auto-merged,club,2018,greater gary goblins x; greater gary goblins y
max saffer-meng,auto-merged,college,2022,yale (süperfly); yale - y (süperfly - y)
max scheer,auto-merged,college,2026,washington-b (washington b); washington-c (uw c)
max schreffler,auto-merged,college,2026,ave maria (gyrenes); ave maria-b (ave maria b team)
max vandervelden,auto-merged,club,2023,citywide special; phantom
max williams,split,club,2023,power point ultimate; zyzzyva
max williams,split,club,2024,power point ultimate; zyzzyva
maxim berard,auto-merged,club,2025,club m - manic; magma
maximilian dewberry,auto-merged,club,2023,dinkytown doughboys; kenji's bbb
maxton fil,auto-merged,club,2019,mango tree; nain rouge
maxwell friedmann,auto-merged,club,2021,battery; wavestorms
maxwell hamilton,auto-merged,club,2018,black market; blacker market
maxwell hamilton,auto-merged,club,2021,black sheep; fungi
maxwell hanson,auto-merged,club,2023,cmen; rotisserie chicken
maxwell majersik,auto-merged,club,2025,los buds; x wives-a
maxwell tran,auto-merged,club,2024,ghostbusters; pennsylvania (void)
maxwell tran,auto-merged,club,2025,pennsylvania (void); philadelphia pacmen
maxwell twitmyer,auto-merged,college,2025,south florida (scallywags); south florida-b (scourge)
mccarley root,auto-merged,college,2023,colorado-b (cucu); colorado-c (rooster tussle)
mccarley root,auto-merged,college,2024,colorado-b (cucu); colorado-c (rooster tussle)
melesio huizar,auto-merged,college,2023,california-san diego-b (air squids lite ); california-san diego-c (air squids select)
mendel socolovsky,auto-merged,college,2023,pennsylvania (void); pennsylvania-b (null)
mercer mann,auto-merged,college,2026,washington-b (washington b); washington-c (uw c)
micah andrews,auto-merged,college,2024,ohio (trout); ohio-b (trout b)
micah craine,auto-merged,club,2025,john doe; la maquina -a
micah davis,auto-merged,club,2023,puppies; sub zero
micah derringer,auto-merged,college,2022,yale (süperfly); yale - y (süperfly - y)
micah fong,auto-merged,college,2025,cal poly-ccwr (ccwr); cal poly-slo (slocore)
micah harter,auto-merged,club,2025,oregon trainwreck; portland tremor
micah jo,auto-merged,club,2018,bullet; voodoo
micah mcdew,auto-merged,club,2022,deaf fruit; san antonio warhawks
micah simonton,auto-merged,club,2024,on ramp; parking lot
michael allen,split,college,2021,ohio (trout); tennessee-chattanooga (swamp donkeys)
michael allen,split,college,2022,ohio (trout); tennessee-chattanooga (swamp donkeys)
michael arbutine,auto-merged,club,2026,florida untied; warao
michael arcata,auto-merged,club,2018,colt; those magnificent bastards
michael barnes,split,club,2023,rgv tlacuaches; stag
michael carando,auto-merged,club,2019,lantern; silence of the clams
michael catucci,auto-merged,club,2022,atlanta arson; hooch
michael catucci,auto-merged,club,2025,hooch; two-headed goose
michael chen,auto-merged,club,2018,stuyvesant sticky fingers alumni; westchester magma bears
michael cohen,auto-merged,college,2024,tulane (tucks); tulane-b (tulane b)
michael cooper,auto-merged,college,2025,santa clara (scab); santa clara-b (scratch)
michael cooper,auto-merged,college,2026,santa clara (scab); santa clara-b (scratch)
michael dillard,auto-merged,club,2017,big wrench; somerville youth
michael drost,auto-merged,club,2017,paranoia; pony
michael ferjak,auto-merged,club,2018,black market ii; blacker market; blackest market
michael fife,auto-merged,club,2018,baked beans; chuck wagon
michael friese,auto-merged,club,2024,kfc; timber
michael hammond,auto-merged,club,2019,makawua; omen
michael hlavaty,auto-merged,club,2024,roundhouse; trident
michael johnson,split,club,2019,charleston heat stroke; hb woodlawn (hbw united)
michael johnson,split,club,2025,la maquina -a; romulus
michael johnson,split,college,2022,berry (bucks); florida gulf coast (eagles ultimate)
michael johnson,split,college,2023,berry (bucks); dickinson (junkyard turkeys)
michael johnson,split,college,2024,berry (bucks); dickinson (junkyard turkeys)
michael kovash,auto-merged,club,2023,mallard; mallard x
michael lee,auto-merged,club,2017,brickhouse; triforce
michael lee,auto-merged,club,2024,raleigh-durham united; ring of fire
michael levy,auto-merged,club,2024,bartle boys; magma bears
michael lun,auto-merged,club,2017,inception; johnny encore
michael lun,auto-merged,club,2021,bobby; lotus
michael lun,auto-merged,club,2024,(washed); johnny walker
michael mackenzie,auto-merged,club,2024,goat; team canada open
michael maroon,auto-merged,club,2025,garden state ultimate; philadelphia pacmen
michael mccall,auto-merged,college,2025,clemson (joint chiefs of waft); clemson-b (joint biefs)
michael mccormick,auto-merged,club,2024,stl goonar; stl moonar
michael miller,auto-merged,club,2018,all bashed out; cockfight
michael miller,auto-merged,club,2023,all bashed out; lost boys
michael mills,auto-merged,club,2025,bud; ele
michael monroy,auto-merged,club,2023,hardta spelots; makawua
michael montiel,auto-merged,club,2024,sonoran dog; sonoran pups
michael montiel,auto-merged,club,2025,carbon; sonoran dog
michael murawski,auto-merged,club,2023,spoon y-d; trident ii; trident iii
michael newman,auto-merged,club,2018,black market ii; blacker market
michael newman,auto-merged,club,2019,black market ii; blacker market y
michael newman,auto-merged,club,2023,john doe; puzzles
michael novarese,auto-merged,college,2025,tennessee-chattanooga (swamp donkeys); tennessee-chattanooga -b (tennessee-chattanooga b)
michael oshea,auto-merged,club,2025,black gold; texas duffy
michael otradovec,auto-merged,club,2024,kfc; timber
michael paniagua,auto-merged,club,2022,harvey cats; triumph
michael panna,auto-merged,club,2017,patrol; trollvolver
michael perry,auto-merged,club,2021,11th hour; inception
michael richards,auto-merged,club,2025,john doe; la maquina -a
michael roper,auto-merged,college,2024,iowa (ihuc); iowa-b (iowa-b (hucititis))
michael savas,auto-merged,college,2022,delaware (sideshow); delaware-b (sideshow)
michael schneider,auto-merged,college,2022,boston college (eagles); siena (siena saints)
michael shannon,auto-merged,college,2022,suny-albany (scam); suny-albany-b (scam)
michael sipes,split,college,2025,southern california (usc lockdown); southern california-b (usc blockdown)
michael solis,auto-merged,club,2024,san antonio warhawks; shrimp discs
michael steele,split,college,2025,southern california (usc lockdown); southern california-b (usc blockdown)
michael strobel,auto-merged,club,2017,freaks; jaybirds
michael tao,auto-merged,club,2019,little teapots; red dawn
michael walsh,split,club,2018,colorado cutthroat (colorado cutthroat); inception
michael walsh,split,club,2019,inception; regiment
michael walsh,split,club,2023,mutiny; regiment; sub zero
michael wormley,auto-merged,club,2023,trident ii; trident iii
michael wormley,auto-merged,club,2024,haymaker; haymaker x
micheal peters,auto-merged,college,2023,pacific lutheran (reign men); pacific lutheran-b (plu reign b)
miguel sotomayor,auto-merged,club,2022,cosmic u-20 boys; springs open team
mihir savalia,auto-merged,college,2022,stevens tech (stevens tech); stevens tech-b (stevens tech)
mike duffy,split,club,2026,gambit; winc city fog
mike lhommedieu,auto-merged,club,2017,baemaker; black market ii; black market y
mike montaruli,auto-merged,club,2023,alibi; dirty laundry
mikey williams,auto-merged,club,2018,black market ii; blackest market
milan rivas,auto-merged,club,2018,greater gary goblins x; greater gary goblins y
milan rivas,auto-merged,club,2021,haymaker; nain rouge
miles eckardt,auto-merged,club,2017,garden state ultimate; shade
miles green,split,college,2026,georgia tech-b (tribe); pittsburgh-b (university of pittsburgh- b)
miles katzen,auto-merged,club,2024,colorado college (wasabi); the incline
miles mukamal,auto-merged,college,2022,tulane (tucks); tulane-b (tulane b)
miles mukamal,auto-merged,college,2023,tulane (tucks); tulane-b (tulane b)
miles samant,auto-merged,college,2026,lewis & clark (bacchus ); lewis & clark-b (bbacchus)
miles schiefer,auto-merged,club,2025,buda u20b; lantern
miles stoddard,auto-merged,college,2025,cal poly-slo-b (slob); cal poly-slo-c (sloc)
miles wachsteter,auto-merged,college,2023,tulane (tucks); tulane-b (tulane b)
milo ciccone,auto-merged,club,2025,cash crop 2; nc brickhouse-upper
milo korman,auto-merged,club,2019,chimney; cle smokestack
misha herscu,auto-merged,club,2017,and the warhawks; ironside
misha sidorsky,auto-merged,club,2017,and the warhawks; dig
mitch cihon,auto-merged,club,2017,browatch; high five
mitch whisner,auto-merged,club,2023,trident ii; trident iii
mitchel oday,auto-merged,club,2019,black market iii; blacker market y
mitchell blaha,split,club,2025,gamble; vault
mitchell denooyer,auto-merged,club,2018,four; midnight meat train
mitchell glore,auto-merged,club,2022,atlanta arson; hooch
mo scott,auto-merged,club,2017,inception; interesting tummy birds
mohammed judeh,auto-merged,club,2019,uproar; uproar claws
mohammed judeh,auto-merged,club,2022,el niño; tampa tempest
morgan robinson,auto-merged,club,2017,fludwhale; richmond floodwall
moses oh,auto-merged,club,2018,black market ii; blacker market
moses oh,auto-merged,club,2019,black market iii; blacker market y
mouhammed badrani,auto-merged,college,2023,california-san diego-b (air squids lite ); california-san diego-c (air squids select)
munir ben jemaa,auto-merged,club,2022,redwolves; vicious cycle
murray chen,auto-merged,club,2017,black market ii; black market y; nasty girls
muthuu svs,auto-merged,club,2025,milwaukee breaker; riptide-b
mykael cooper,auto-merged,club,2017,austin amigos; swangos
myles moore,auto-merged,club,2022,fli-b honeybees; magma bears
myles moore,auto-merged,club,2024,magma bears; suny-stony brook (panic)
myles robinson,auto-merged,college,2023,oregon state (beavers); oregon state-b (oregon state b)
nadeem kamel,auto-merged,college,2024,california-san diego-b (air squids lite ); california-san diego-c (air squids select)
nadir nimry,auto-merged,club,2024,demo; loaded panda
nadir nimry,auto-merged,club,2025,demo; loaded panda
naldo robancho,auto-merged,club,2024,ave; souf
naldo robancho,auto-merged,club,2025,avenue -a; souf
nanda min-fink,auto-merged,club,2023,bonafide scrubs; truck stop
naomi anderson,auto-merged,club,2017,h.o.g. ultimate; jaybirds
nat taylor,auto-merged,club,2022,og turbine; triumph
nate boddy,auto-merged,club,2024,chicago dart frogs; trident
nate clancy,auto-merged,club,2022,stl lounar; stl moonar
nate hopp,auto-merged,club,2019,daybreak; johnny encore
nate hopp,auto-merged,club,2023,beacon; iso atmo
nate long,auto-merged,club,2019,citywide special; green means bro
nate maddux,auto-merged,club,2017,flying pig; solar eclipse
nate reiss,auto-merged,college,2023,south carolina (gamecock ultimate); south carolina-b (south carolina)
nate sciara,auto-merged,club,2025,arcane edge; buffalo frostbite
nathan ashworth,auto-merged,club,2025,a la carte-b; dallas delinquents
nathan barry,auto-merged,college,2023,butler (butler big dog); butler-b (big dog - developmental)
nathan blum,auto-merged,club,2019,bowdoin (clown); red tide
nathan brown,auto-merged,college,2022,yale (süperfly); yale - y (süperfly - y)
nathan bussberg,auto-merged,club,2023,i-69; on ramp
nathan bussberg,auto-merged,club,2024,i-69; on ramp
nathan close,auto-merged,club,2023,i-69; on ramp
nathan getz,auto-merged,club,2019,big muscle boys; spring break '93
nathan green,auto-merged,college,2023,california-santa barbara-b (black out); dayton-b (ud flud b)
nathan green,auto-merged,college,2026,dayton (flud); dayton-b (ud flud b)
nathan heckel,auto-merged,college,2026,colorado state (hibida); colorado state-b (bibida)
nathan hershberger,auto-merged,club,2024,blink; i-69
nathan huff,auto-merged,club,2019,low point; powderhogs
nathan hunt,auto-merged,club,2024,barnstorm; chemical x
nathan jones,auto-merged,club,2025,"bgf sl,ut; fat stacks; zombie tidal wave"
nathan kinsinger,auto-merged,club,2017,black market; black market x
nathan kinsinger,auto-merged,club,2023,spoon x-freshman; trident i
nathan lee,auto-merged,club,2024,east bay earthworms; mavericks
nathan lee,auto-merged,club,2025,digit; heatwave
nathan levy,auto-merged,college,2024,gold rush; gunn (control)
nathan lyle,auto-merged,club,2017,banc; blade
nathan parker,split,college,2025,carleton college (cut); texas tech (tumbleweed)
nathan reynolds,split,club,2023,cowtown cannons; dreadnought
nathan reynolds,split,college,2021,arkansas (ludicrous speed ); mississippi state (dark horse)
nathan reynolds,split,college,2022,arkansas (ludicrous speed ); mississippi state (dark horse)
nathan reynolds,split,college,2023,arkansas (ludicrous speed ); mississippi state (dark horse); mississippi state-b (pony express)
nathan reynolds,split,college,2024,arkansas (ludicrous speed ); mississippi state (dark horse); mississippi state -b (trenches )
nathan smith,auto-merged,college,2026,denver (sourdough); denver-b (sourdough b team)
nathan taylor,auto-merged,club,2022,enigma; old ephraim
nathan wadlinger,auto-merged,club,2022,raptor; reptar
nathan warden,auto-merged,club,2023,adelphos; citywide special
nathan wells,auto-merged,club,2017,black market; black market x
nathan wells,auto-merged,club,2018,black market; blacker market
nathan williams,split,college,2021,arizona (sunburn); jacksonville state (firebird )
nathan williams,split,college,2022,arizona (sunburn); jacksonville state (firebird )
nathan williams,split,college,2023,arizona (sunburn); jacksonville state (firebird )
nathan wong,split,college,2022,georgia tech-b (tribe); mary washington (mother of george)
nathaniel astrom,auto-merged,club,2023,kenji's bbb; spoon y-d; trident i
nathaniel cramer,auto-merged,club,2024,mbta; skeleton squad
nathaniel dick,auto-merged,club,2023,dig; diy
nathaniel goodman,auto-merged,college,2023,arizona state (prime); arizona state-b (pleasure)
nathaniel haley,auto-merged,college,2023,mississippi state (dark horse); mississippi state-b (pony express)
nathaniel hodges,auto-merged,club,2023,citywide special; sepda night owl
nathaniel leonard,auto-merged,club,2025,ascension; magnitude (quake)-senior
nathaniel moffatt,auto-merged,club,2024,dreadnought; dreadnought: battleship-b
naveed asghar,auto-merged,club,2017,munch box; winc city fog of war
nayan birnbach,auto-merged,college,2022,yale (süperfly); yale - y (süperfly - y)
neal ma,auto-merged,college,2022,yale (süperfly); yale - y (süperfly - y)
neal ma,auto-merged,college,2023,uptown local y; yale (süperfly)
neal patel,auto-merged,club,2025,demo; shift
neelie fisher,auto-merged,college,2026,cal poly-slo-b (slob); cal poly-slo-c (sloc)
neil barry,auto-merged,club,2023,delirium; python
neil costa,auto-merged,club,2024,bartle boys; suny-binghamton (suny-binghamton)
neil franklin,auto-merged,club,2017,red tide; red tide black
nelson alonso muete forero,auto-merged,club,2023,hardta spelots; helots; makawua
nelson liu,auto-merged,college,2022,central washington (wind machin); cornell-b (cornell-b (shake))
nelson siliet,auto-merged,club,2025,rawhide; supercell
nicholas adolph,auto-merged,club,2017,beach wrench; big wrench; somerville bag
nicholas andrews,auto-merged,college,2024,denver-b (sourdough b team); georgia tech-b (tribe)
nicholas beno,auto-merged,club,2022,bonsoon; monsoon
nicholas carle,auto-merged,college,2024,dayton (flud); dayton-b (ud flud b)
nicholas dacquisto,auto-merged,club,2018,general strike; goat
nicholas fournier,auto-merged,club,2019,highlight reel; those magnificent bastards
nicholas gerber,auto-merged,club,2019,mango tree; nain rouge
nicholas grzadzielewski,auto-merged,club,2024,kfc; timber
nicholas heavilin,auto-merged,college,2025,dayton (flud); dayton-b (ud flud b)
nicholas heavilin,auto-merged,college,2026,dayton (flud); dayton-b (ud flud b)
nicholas hocking,auto-merged,club,2017,holy city heathens; shade
nicholas hon,auto-merged,college,2023,san diego state (federales ); san diego state-b (bomberos)
nicholas house,auto-merged,club,2019,red circus; regiment
nicholas kaiser,auto-merged,club,2022,big booty men; omen
nicholas lake,auto-merged,college,2025,mississippi state (dark horse); mississippi state-b (trenches )
nicholas lopez,split,college,2025,cal poly-pomona (cow ultimate); south carolina (gamecock ultimate)
nicholas lopez,split,college,2026,cal poly-pomona (cow ultimate); south carolina (gamecock ultimate)
nicholas messerges,auto-merged,club,2023,fork x-senior; trident ii
nicholas palmieri,auto-merged,college,2023,california-san diego-b (air squids lite ); california-san diego-c (air squids select)
nicholas quast,auto-merged,club,2023,edina high school (edina high school varsity); nomad
nicholas schulz,auto-merged,college,2022,dayton (flud); dayton-b (ud flud b)
nicholas schulz,auto-merged,college,2023,dayton (flud); dayton-b (ud flud b)
nicholas schulz,auto-merged,college,2024,dayton (flud); dayton-b (ud flud b)
nicholas schulz,auto-merged,college,2025,dayton (flud); dayton-b (ud flud b)
nicholas smith,auto-merged,club,2017,blade; socal condors
nicholas snuszka,auto-merged,club,2021,almostimate; johnny encore
nicholas stambo,auto-merged,club,2023,brawl; sprawl
nicholas williams,auto-merged,college,2023,florida-b (florida b); mary washington (mother of george)
nicholas wood,auto-merged,club,2026,black lung; demo
nicholas yin,auto-merged,club,2022,oregon trainwreck; trainwreck and friends
nick amano,auto-merged,club,2023,battery; pittsburgh stealers
nick banks,auto-merged,club,2021,11th hour; inception; johnny bravo
nick banks,auto-merged,club,2022,inception; spicey-freshman
nick goebel,auto-merged,college,2026,colorado state (hibida); colorado state-b (bibida)
nick grace,auto-merged,college,2025,santa clara (scab); santa clara-b (scratch)
nick grace,auto-merged,college,2026,santa clara (scab); santa clara-b (scratch)
nick hirannet,auto-merged,club,2017,patrol; trollvolver
nick loughran,auto-merged,club,2018,greater gary goblins x; greater gary goblins y
nick patel,auto-merged,club,2017,patrol; trollvolver
nick rider,auto-merged,club,2023,bemo; demo; loaded panda
nick robinson,split,club,2017,first order; house
nick snyder,auto-merged,club,2023,bux; knights of ni
nickolas azanov,auto-merged,college,2025,purdue-b (ctrl-z); purdue-c (ctrl x)
nickolas azanov,auto-merged,college,2026,purdue (undue ultimate); purdue-b (ctrl-z)
nickolas hutton,auto-merged,club,2018,brickyard; osaka spirits
nico christakos,auto-merged,club,2023,retired; tirebizfriz
nico laurenson,auto-merged,club,2025,swordfish; unrestricted free agents
nico laurenson,auto-merged,college,2025,cal poly-ccwr (ccwr); cal poly-slo (slocore)
nico marino,auto-merged,club,2021,nsfw; veteran move
nico martinez,auto-merged,club,2024,colorado college (wasabi); riptide
nico ranabhat,auto-merged,club,2021,mad men; yogosbo
nico ranabhat,auto-merged,club,2024,space cowboys; tanasi; zoboomafoo
nicolas leitmann-niimi,auto-merged,club,2023,blueprint; bomb squad
nicolas mccuistion,auto-merged,college,2023,pacific lutheran (reign men); pacific lutheran-b (plu reign b)
nigel smucker,auto-merged,club,2017,black market ii; black market y
nigel smucker,auto-merged,club,2018,black market ii; blacker market
nigel smucker,auto-merged,club,2019,black market ii; blacker market y
nihaal sidhu,auto-merged,club,2024,nighthawk; omen
niko bardacke,auto-merged,club,2025,magma; unrestricted free agents
nikunjkumar patel,auto-merged,college,2023,california-san diego-b (air squids lite ); california-san diego-c (air squids select)
noah anderson,auto-merged,college,2023,florida-b (florida b); mit (grim beaver); north carolina state-b (sixpack)
noah angles,auto-merged,club,2025,alliance; alliance 2
noah arends,auto-merged,club,2025,demo; loaded panda
noah backer,auto-merged,club,2023,dig; diz
noah beirne,auto-merged,college,2026,colorado mines (entropy); colorado mines-b (orediggers)
noah bena,auto-merged,club,2019,buffalo open; chimney
noah bulgatz,auto-merged,college,2024,kansas (horrorzontals); kansas-b (kansas b (vertikills))
noah carpenter,auto-merged,college,2024,mississippi state (dark horse); mississippi state -b (trenches ); mississippi state-c (trenches b)
noah carpenter,auto-merged,college,2025,mississippi state (dark horse); mississippi state-b (trenches )
noah celuch,auto-merged,club,2022,hazard; pittsburgh temper
noah dowdy,auto-merged,club,2023,bloom; psychedelic
noah hanson,auto-merged,club,2023,mutiny; sub zero
noah helmuth,split,college,2026,lehigh (lehigh ); lehigh-b (lehigh-b)
noah howard,auto-merged,club,2024,heartbreak; seven gills
noah johnson,split,club,2025,forward motion; kenji's bbb
noah johnson,split,college,2022,nebraska (cornfed ultimate); st. olaf (berzerkers)
noah jones,split,college,2026,colorado college (wasabi); north florida (category 5)
noah kamens,auto-merged,club,2025,bud; certified scrubs
noah keates,auto-merged,club,2018,bowdoin (clown); red tide
noah keates,auto-merged,club,2019,bowdoin (clown); red tide
noah knishkowy,auto-merged,club,2023,puppies; town hall stars
noah krumme,auto-merged,club,2017,flying pig; schweingeist
noah krumme,auto-merged,club,2018,flying pig; omen
noah krumme,auto-merged,club,2025,cash crop 2; ring of fire
noah logan,auto-merged,club,2026,johnny bravo; tugboat
noah marquez,auto-merged,college,2024,tulane (tucks); tulane-b (tulane b)
noah montgomery,auto-merged,college,2024,dayton (flud); dayton-b (ud flud b)
noah narvaez,auto-merged,college,2023,messiah (falcons); messiah-b (b)
noah nicol,auto-merged,club,2023,bux; mad men
noah probst,auto-merged,college,2024,mississippi state (dark horse); mississippi state -b (trenches ); mississippi state-c (trenches b)
noah ramirez,auto-merged,club,2024,riptide; riverside messengers
noah roy,split,college,2024,central connecticut state (yetis); iowa state-b (bsuc)
noah sawyer,auto-merged,club,2023,marc; red wolves
noah sentnor,auto-merged,college,2023,colorado-b (cucu); colorado-c (rooster tussle)
noah sentnor,auto-merged,college,2026,colorado-b (cucu); colorado-c (rooster tussle)
noah sheets,auto-merged,club,2017,austin amigos; swangos
noah sheets,auto-merged,club,2024,riptide; riverside
noah smith,split,club,2022,adventure time; battleship
noah smith,split,college,2021,colorado state-b (hibida); georgia southern (eagles)
noah sullivan,auto-merged,college,2021,florida (florida); syracuse (doom)
noah weintraub,auto-merged,club,2017,blueprint; slag dump
noah zelkin,auto-merged,college,2024,tulane (tucks); tulane-b (tulane b)
noam avrahami,auto-merged,college,2026,washington-b (washington b); washington-c (uw c)
nobi (masao) lorenz,auto-merged,club,2024,ave; souf
nolan cochran,auto-merged,club,2025,loaded panda; portland tremor
nolan dong,auto-merged,college,2023,suny-stony brook (panic); suny-stony brook-b (brick)
nolan emis,auto-merged,club,2025,hazard; zyzzyva
nolan mcginley,auto-merged,club,2023,bloom; sprawl
nolan smith,split,college,2026,george mason (meteors); penn state-b (lovetap)
noriaki to,auto-merged,club,2023,garden state ultimate; makawua
oliver cunningham,auto-merged,club,2022,fungi; spicey-freshman
oliver faase,auto-merged,club,2022,oregon trainwreck; trainwreck and friends
oliver faase,auto-merged,college,2025,cal poly-ccwr (ccwr); cal poly-slo (slocore)
oliver hughes,auto-merged,club,2025,dark star; oregon trainwreck
oliver scharer,auto-merged,club,2026,oat; zodiac
oliver walke,auto-merged,club,2023,mad men; red wolves
oliver wells,auto-merged,club,2025,colorado college (wasabi); heatwave
olivia parlow,auto-merged,college,2022,stevens tech (stevens tech); stevens tech-b (stevens tech)
olivier gamache,auto-merged,club,2017,club m - magma; club m - rage
omar bazan,auto-merged,college,2025,santa clara (scab); santa clara-b (scratch)
omar bazan,auto-merged,college,2026,santa clara (scab); santa clara-b (scratch)
omar semrin,auto-merged,club,2017,flash flood; texas swing
omar semrin,auto-merged,club,2023,fungi; makawua
orion cable,auto-merged,club,2017,buda; shades
orion cable,auto-merged,club,2018,buda; shades
orion cable,auto-merged,club,2023,dig; diz
orion greig,auto-merged,club,2022,raptor; reptar
oscar graff,auto-merged,club,2023,dig; diy
oscar lechner,auto-merged,club,2022,bonafide scrubs; dawg pound
oscar lechner,auto-merged,club,2024,iso atmo; red lotus
oscar lechner,auto-merged,college,2026,colorado-b (cucu); colorado-c (rooster tussle)
oscar mendelson,auto-merged,club,2023,mavericks; smoak (u20)
oscar stonehouse,auto-merged,club,2024,goat; team canada open
otis peterson,auto-merged,club,2023,bearfax; john doe
owen bogumil,auto-merged,club,2025,buda u20b; lantern
owen cloutier,auto-merged,club,2023,dinkytown doughboys; kenji's bbb
owen cook,split,college,2026,british columbia -b (b-birds); illinois state (gnomes)
owen cordes,auto-merged,club,2023,dix; scoop
owen duffy,auto-merged,college,2025,santa clara (scab); santa clara-b (scratch)
owen duffy,auto-merged,college,2026,santa clara (scab); santa clara-b (scratch)
owen edwards,auto-merged,club,2023,john doe; lafayette street dogs
owen edwards,auto-merged,club,2024,bdc; lafayette street dogs
owen gin,auto-merged,club,2023,dinkytown doughboys; kenji's bbb; mallard
owen gresko,auto-merged,college,2025,cal poly-ccwr (ccwr); cal poly-slo (slocore)
owen hall,split,club,2026,john doe; texas bbq
owen hall,split,college,2024,carolina flyers youth academy u20; dc recruits
owen hall,split,college,2026,pittsburgh (en sabah nur); texas-dallas (woof)
owen harris,split,college,2022,brown-b (brown - b); tulane (tucks)
owen harris,split,college,2023,brown-b (brown - b); tulane (tucks)
owen harris,split,college,2024,brown-b (brown - b); tulane (tucks)
owen hathaway hacker,auto-merged,college,2022,yale (süperfly); yale - y (süperfly - y)
owen lutz,auto-merged,college,2025,cal poly-slo-b (slob); cal poly-slo-c (sloc)
owen maskelony,auto-merged,club,2022,right coast; triumph
owen mccoy,auto-merged,college,2024,mississippi state (dark horse); mississippi state -b (trenches )
owen pastirik,auto-merged,college,2024,ohio (trout); ohio-b (trout b)
owen pastirik,auto-merged,college,2025,ohio (trout); ohio-b (bass)
owen poissant,auto-merged,club,2024,oregon trainwreck; portland tremor
owen robinson,split,club,2022,dynasty; magma bears
owen robinson,split,club,2024,goat; magma bears
owen robinson,split,club,2025,goat; magma bears
owen schigiel,auto-merged,club,2023,dinkytown doughboys; kenji's bbb; mallard
owen smith,split,college,2023,carleton university (ravens); texas (tuff)
owen smith,split,college,2024,carleton university (ravens); texas (tuff)
owen smith,split,college,2025,carleton university (ravens); richmond (spidermonkeys); richmond-b (spider pigs); texas (tuff)
owen smith,split,college,2026,richmond (spidermonkeys); texas (tuff)
owen talmadge,auto-merged,club,2025,dallas delinquents; sprawl
owen westbrook,auto-merged,club,2018,johnny bravo; johnny encore
owen williamson,split,college,2022,davidson (duff); tennessee-chattanooga (swamp donkeys)
owen woodward,auto-merged,club,2025,i-69; on ramp
pablo jonsson,auto-merged,college,2025,santa clara (scab); santa clara-b (scratch)
pablo jonsson,auto-merged,college,2026,santa clara (scab); santa clara-b (scratch)
pablo reimers,auto-merged,club,2018,bruises; shred line
paden hestorff,auto-merged,club,2018,scooberdivers; uproar
palmer bogdan,auto-merged,club,2025,crypt; yacht club
parker damon,auto-merged,club,2021,iso atmo; isosceles
parker howard,auto-merged,club,2021,emerald city; nain rouge
parker knudson,auto-merged,club,2023,minnesota superior b; nomad
parker long,auto-merged,college,2025,cal poly-slo-b (slob); cal poly-slo-c (sloc)
parker mccoleman,auto-merged,college,2024,ohio (trout); ohio-b (trout b)
parker mccoleman,auto-merged,college,2025,ohio (trout); ohio-b (bass)
parker smith,split,college,2025,ball state (wizardz); florida-b (florida b)
"parmesan ""sam williams"" mccheese",auto-merged,club,2026,iso atmo; red lotus
patrick (ted) barnett,auto-merged,club,2021,fungi; johnny encore
patrick callahan,split,club,2021,helots; us bancorp tower
patrick collins,split,college,2024,rit (rit spudheds); siena (siena saints)
patrick collins,split,college,2025,rit (rit spudheds); siena (siena saints)
patrick como,auto-merged,club,2023,bag; tire
patrick connor,auto-merged,club,2024,providence poultry; sprout
patrick connor,auto-merged,club,2025,doublewide; gamble; heatwave
patrick diviney,auto-merged,club,2017,patrol; trollvolver
patrick driscoll,auto-merged,club,2024,black market; lounar
patrick eikens,auto-merged,club,2023,knights of ni; the body
patrick flanagan,auto-merged,college,2026,boston university (boston university); boston university-b (boston university b)
patrick fossing,auto-merged,college,2023,south carolina (gamecock ultimate); south carolina-b (south carolina)
patrick gaetz,auto-merged,club,2024,sonoran dog; sonoran pups
patrick huang,auto-merged,college,2025,illinois-b (boomland); illinois-c (cornland)
patrick keenan,auto-merged,club,2017,grand trunk; phoenix
patrick keller,auto-merged,college,2026,dayton (flud); dayton-b (ud flud b)
patrick kelly,split,club,2018,8$old; clutch; jawn
patrick kelly,split,club,2021,haymaker; jawn
patrick kelly,split,club,2022,haymaker; jawn
patrick kelly,split,club,2023,haymaker; jawn
patrick kelly,split,college,2021,chicago (fission); temple (alert)
patrick kelly,split,college,2022,chicago (fission); temple (alert)
patrick kelsey,auto-merged,club,2017,beach wrench; red tide
patrick leach,auto-merged,club,2023,crossfire; expendables
patrick li,auto-merged,college,2024,johns hopkins (dangerzone); johns hopkins-b (dangerzone b)
patrick obrien,auto-merged,club,2024,haze; john doe
patrick obrien,auto-merged,college,2022,delaware-b (sideshow); penn state (spank)
patrick odonoghue,auto-merged,club,2018,allen's adolescents; maine (nor'easter)
patrick tillinghast,auto-merged,college,2026,lehigh (lehigh ); lehigh-b (lehigh-b)
patrick vorathiankul,auto-merged,club,2025,la maquina -a; vault
patrick zong,auto-merged,club,2023,helots; pride of rowan newark
paul anouna,split,club,2023,jawn; shade
paul klinger,auto-merged,college,2022,southern california (usc lockdown); southern california-b (usc blockdown)
paul lachcik,auto-merged,college,2023,dayton (flud); dayton-b (ud flud b)
paul lachcik,auto-merged,college,2024,dayton (flud); dayton-b (ud flud b)
paul lachcik,auto-merged,college,2025,dayton (flud); dayton-b (ud flud b)
paul lewis,auto-merged,college,2025,grand canyon (lopes); grand canyon-b (g-force)
paul liang,auto-merged,club,2023,dinkytown doughboys; kenji's bbb
paul mckinley,auto-merged,college,2026,colorado state (hibida); colorado state-b (bibida)
paul nassar,auto-merged,college,2025,cal poly-slo-b (slob); cal poly-slo-c (sloc)
paul nassar,auto-merged,college,2026,cal poly-slo-b (slob); cal poly-slo-c (sloc)
paul pradia,auto-merged,club,2023,san antonio warhawks; throwing shade
paul savarskyy,auto-merged,club,2017,adelphos; citywide special
paul snyder,auto-merged,college,2025,kenyon (serf); notre dame-b (opus d's)
paul wheaton,auto-merged,club,2024,alamode; endless sunset
pavel mazza,auto-merged,club,2019,mango tree; nain rouge
pavel shering,auto-merged,club,2025,scooby coupy coup; zyzzyva
permeet bhatia,auto-merged,college,2024,arizona state (prime); arizona state-b (pleasure)
perry mains,auto-merged,college,2022,tulane (tucks); tulane-b (tulane b)
perry mains,auto-merged,college,2023,tulane (tucks); tulane-b (tulane b)
peter barrette,auto-merged,college,2022,oregon state (beavers); oregon state-b (oregon state b)
peter barry,auto-merged,club,2017,brickhouse; triforce
peter bennett,auto-merged,club,2017,black market; black market x
peter boerth,auto-merged,club,2023,dig; diz
peter debrine,auto-merged,club,2024,green river swordfish; sauce
peter gardner,auto-merged,club,2023,python; ufo
peter helgeson,auto-merged,club,2023,dinkytown doughboys; kenji's bbb; mallard
peter masaki,auto-merged,club,2023,ronin; second nature
peter ngo,auto-merged,club,2019,flash flood; texas united
peter nuon,auto-merged,college,2025,minnesota-b (minnesota b); minnesota-c (minnesota c)
peter olson,split,club,2019,gentlemen's club; scythe
peter rethwisch,auto-merged,club,2023,brawl; las vegas nuke
peter seymour,auto-merged,club,2019,ditto a; ditto b
peter strauss,auto-merged,college,2026,santa clara (scab); santa clara-b (scratch)
peter wade,auto-merged,club,2025,popperton ultimate frisbee; reál hogs fc-b
peter wade,auto-merged,college,2022,colorado mines (entropy); colorado mines-b (entropy - b)
peyton brooks,auto-merged,club,2019,uproar; uproar claws
peyton crawford,split,college,2025,southern california (usc lockdown); southern california-b (usc blockdown)
peyton raggio,auto-merged,college,2024,mississippi state (dark horse); mississippi state -b (trenches ); mississippi state-c (trenches b)
peyton raggio,auto-merged,college,2025,mississippi state (dark horse); mississippi state-b (trenches )
philip ignatoff,auto-merged,club,2018,scooberdivers; shore break
philip liu,auto-merged,club,2022,fli-b honeybees; magma bears
philip rosen,auto-merged,college,2026,purdue-b (ctrl-z); purdue-c (ctrl x)
philip saba,auto-merged,college,2022,akron (goonsquad); north park (lost boys)
philip turner,auto-merged,club,2024,goat; team canada open
philippe bakhirev,auto-merged,college,2025,cal poly-slo-b (slob); cal poly-slo-c (sloc)
philippe poitras,auto-merged,club,2019,club m - manic; mockingbird
phillip johnson,auto-merged,college,2024,virginia (night train); virginia-b (night train b)
phillip parker-turner,auto-merged,club,2018,baemaker; esf mighty oaks
phillip wigoda,auto-merged,college,2026,denver (sourdough); denver-b (sourdough b team)
phillip young,auto-merged,club,2018,ducs; surrillic audovice
phuoc-an vo,auto-merged,club,2018,black market ii; blacker market
pierre-luc couturier,auto-merged,club,2018,phoenix; shrike
pierre-yves lavertu,auto-merged,club,2018,mockingbird; nsom
piers collier,auto-merged,club,2023,bemo; loaded panda
piers collier,auto-merged,club,2025,demo; loaded panda
piers mcgowin,auto-merged,college,2026,denver (sourdough); denver-b (sourdough b team)
porter barsky,auto-merged,club,2025,colorado cutthroat u-20 boys two; sonoran dog
porter barsky,auto-merged,club,2026,colorado cutthroat u-20 boys; red lotus
porter nicoll,auto-merged,college,2026,san diego state (federales ); san diego state-b (bomberos)
prakash wiese,auto-merged,college,2024,arizona state (prime); arizona state-b (pleasure)
pramod venkatesh,auto-merged,club,2019,black market iii; blacker market x
pranav mulukutla,auto-merged,club,2017,flash flood; texas swing
prashasth satish,auto-merged,college,2022,colorado mines (entropy); colorado mines-b (entropy - b)
preston frantz,auto-merged,college,2025,clemson (joint chiefs of waft); clemson-b (joint biefs)
preston goulson,auto-merged,club,2021,iso atmo; isosceles
pryce bevins,auto-merged,club,2022,tennessee folklore; villains
quincy roy,auto-merged,college,2026,colorado-b (cucu); colorado-c (rooster tussle)
quinlan schultz,auto-merged,club,2023,bartle boys; buffalo frostbite
quinn daly,auto-merged,club,2025,colt; dapper
quinn dennie,auto-merged,college,2025,clemson (joint chiefs of waft); clemson-b (joint biefs)
quinn finer,auto-merged,club,2021,bobby; johnny bravo
quinn oconnor,auto-merged,college,2025,oregon state (beavers); oregon state-b (oregon state b)
quinn scott,auto-merged,club,2025,banc; parlay
quinn snider,auto-merged,club,2024,furious george; team canada open
quinn wilson,auto-merged,club,2024,general strike; team canada open
quinton lorenz,auto-merged,college,2022,colorado mines (entropy); colorado mines-b (entropy - b)
raekwon adkins,auto-merged,club,2023,oat; smoak (u20); zyzzyva
rafael herazo,auto-merged,club,2025,club m - manic; magma
rageed basrawi,auto-merged,club,2018,black market ii; blackest market
randy peralta,auto-merged,club,2017,bates (bates orange whip); gargantuan spider dragons-senior
raphael drouin,auto-merged,club,2023,club m - manic; clubm - mesa
raphael morin,auto-merged,club,2017,club m - magma; club m - rage
raphael rosen,auto-merged,club,2022,7am; deepfake
raphael salvas,auto-merged,club,2019,club m - magma; mockingbird
raphael salvas,auto-merged,club,2022,club m - manic; mephisto
rashaad saunders,auto-merged,club,2022,queen city kings; triumph
raymond cribbs,auto-merged,club,2023,ronin; second nature
raymond feng,auto-merged,club,2024,magma bears; pineapple
raymond feng,auto-merged,club,2025,magma bears; pineapple
raymond jia,auto-merged,club,2023,python; zyzzyva
raymond li,auto-merged,college,2023,dartmouth-b (discomfort trolley); mit (grim beaver)
raymond lu,auto-merged,club,2017,garden state ultimate; mango tree
raymond lu,auto-merged,club,2021,chicago machine; nain rouge
raymond mendoza,auto-merged,club,2021,battery; truck stop
raymond tetreault,auto-merged,club,2023,dig; diy
raymond wright,auto-merged,club,2023,adelphos; buffalo frostbite
raynald nemours,auto-merged,club,2018,mockingbird; nsom
rebecca hildenbrand,auto-merged,club,2024,sonoran dog; sonoran pups
red redderson,auto-merged,club,2017,fludwhale; richmond floodwall
reece stoughton,auto-merged,club,2018,flying pig; omen
reed antonich,auto-merged,club,2017,space coast ultimate; watchdogs
reed archer,auto-merged,club,2023,mavericks; smoak (u20)
reed browning,auto-merged,club,2023,dig; diz
reed davis,auto-merged,college,2024,tulane (tucks); tulane-b (tulane b)
reed gorner,auto-merged,college,2022,colorado mines (entropy); colorado mines-b (entropy - b)
reese grailer,auto-merged,club,2023,dinkytown doughboys; kenji's bbb
reggie masket,auto-merged,club,2023,mavericks; smoak (u20)
reid bonewitz,auto-merged,college,2025,santa clara (scab); santa clara-b (scratch)
reid lancaster,auto-merged,club,2025,fuse; happyboise-jv
reid martin,auto-merged,club,2021,beachfront property; satellite
reid peterson,auto-merged,club,2021,black market ii; fine giant
reid smith,auto-merged,club,2024,dallas delinquents; monsoon
reilly bernal,auto-merged,club,2025,float; unrestricted free agents
ren salisbury,auto-merged,college,2026,lewis & clark (bacchus ); lewis & clark-b (bbacchus)
rene quintana,auto-merged,club,2017,black market ii; black market y
rene quintana,auto-merged,club,2018,black market ii; blacker market; blackest market
rex fortgang,auto-merged,club,2022,fungi; spicey-freshman
rhys lewis,split,college,2023,carleton college-karls-c (karls); reed (reeed)
ricardo deleon,auto-merged,club,2024,florida untied; frizz
ricardo rosas,auto-merged,club,2021,battery; harvey cats
richard davis,auto-merged,club,2018,black market ii; blacker market; blackest market
richard davis,auto-merged,club,2019,black market iii; blacker market y
richard dorff,auto-merged,club,2022,slugfest; trout
richard dorff,auto-merged,club,2024,expendables; pineapple
richard mcleod,auto-merged,club,2024,furious george; team canada open
richard miller,auto-merged,club,2019,uproar; uproar claws
richard stanton,auto-merged,college,2022,villanova (main line ultimate); villanova-b (villanova b)
ricky chen,auto-merged,club,2021,bartle boys; magma bears
ricky chen,auto-merged,club,2022,bartle boys; magma bears
ricky kirkpatrick,auto-merged,club,2017,black market ii; black market y
ricky ramirez,auto-merged,club,2021,beachfront property; satellite
ricky ramirez,auto-merged,club,2023,spoon y-d; trident i
rigo batiancila,auto-merged,college,2023,california-san diego-b (air squids lite ); california-san diego-c (air squids select)
riley bittman,auto-merged,college,2025,clemson (joint chiefs of waft); clemson-b (joint biefs)
riley kirkman-davis,auto-merged,club,2019,doggpound; red dawn
riley magrini,auto-merged,college,2023,san diego state (federales ); san diego state-b (bomberos)
riley mccarry,auto-merged,college,2022,villanova (main line ultimate); villanova-b (villanova b)
riley peterson,auto-merged,club,2023,streetcar-c; texas duffy
riley robertson,auto-merged,club,2017,jaybirds; shrimp boat
rishi carlton,auto-merged,college,2023,california-san diego-b (air squids lite ); california-san diego-c (air squids select)
rj christensen,auto-merged,college,2025,brigham young (chi); brigham young-b (chi b)
roarke robinson,auto-merged,club,2024,el niño; mutiny
robby fitzgerald,auto-merged,college,2024,cincinnati (bearcats); cincinnati -b (bearcats b)
robby perkins-high,auto-merged,club,2017,beach wrench; somerville bag
robert ahsens,auto-merged,college,2024,kansas (horrorzontals); kansas-b (kansas b (vertikills))
robert cicchinelli,auto-merged,college,2023,west chester (west chester (a)); west chester-b (west chester (b))
robert davenport,split,club,2022,bonsoon; colonels
robert davenport,split,club,2023,charleston heat stroke; monsoon
robert davenport,split,college,2022,arizona state-b (pleasure); charleston (palmetto bums)
robert davenport,split,college,2023,arizona state (prime); arizona state-b (pleasure)
robert dennis,auto-merged,club,2017,el niño; midrift
robert dreier,auto-merged,club,2018,baemaker; haymaker
robert johnson,split,club,2017,blade; illusion
robert johnson,split,club,2019,banc; red bat
robert johnson,split,club,2022,banc; queen city kings
robert johnson,split,club,2024,gambit; loaded panda
robert lewis,split,club,2024,h.i.p; psychedelic
robert lewis,split,club,2025,h.i.p; psychedelic
robert luo,auto-merged,club,2022,dallas united outlaws; make it rain
robert matthew hankin,auto-merged,club,2021,degens of war; uproar
robert mitchell,auto-merged,college,2023,messiah (falcons); messiah-b (b)
robert patten,auto-merged,club,2021,garden state ultimate; helots
robert van ness,auto-merged,club,2018,fusion; shades
robert vogt,auto-merged,club,2024,dapper; pgz
rocco vitalone,auto-merged,college,2023,columbia (uptown local); uptown local y
rodrigo gould rodriguez,auto-merged,club,2021,fungi; spicy
rodrigo gould rodriguez,auto-merged,club,2022,fungi; spicey-freshman
rodrigo gould rodriguez,auto-merged,club,2026,(washed); warao
roger chu,auto-merged,club,2021,adelphos; citywide special
roger zeng,auto-merged,college,2024,charlottesville clownies; pittsburgh (en sabah nur)
rohith mahalikudi radhakrishnan,auto-merged,college,2023,california-san diego-b (air squids lite ); california-san diego-c (air squids select)
rohn parylo,auto-merged,club,2025,arcane edge; buffalo frostbite
ron jenkins,auto-merged,college,2025,mississippi state (dark horse); mississippi state-b (trenches )
ronald ramon,auto-merged,club,2025,popperton ultimate frisbee; reál hogs fc-b
ronan lin,auto-merged,club,2024,amigos-jv; riptide
ronan lin,auto-merged,club,2025,bonzaiiiii!!; texas united
rory lenny,auto-merged,club,2021,butterflies; colorado cutthroat: youth club u-20 boys
russ barr,auto-merged,club,2025,popperton ultimate frisbee; powderhogs; reál hogs fc-b
russell hamilton,auto-merged,club,2017,blackfish; dna
russell hamilton,auto-merged,club,2018,blackfish; dna
ryan allenson,auto-merged,club,2021,butterflies; colorado cutthroat: youth club u-20 boys
ryan allenson,auto-merged,club,2025,iso atmo; johnny bravo
ryan baker,auto-merged,college,2025,seven hills bx; wisconsin-whitewater (sub*par)
ryan balch,auto-merged,club,2018,duel; johnny walker
ryan beck,auto-merged,club,2025,cache valley high ground; r&d
ryan bisignani,auto-merged,college,2022,dayton (flud); dayton-b (ud flud b)
ryan bisignani,auto-merged,college,2023,dayton (flud); dayton-b (ud flud b)
ryan blazejewski,auto-merged,club,2022,bartle boys; magma bears
ryan blazejewski,auto-merged,club,2023,bartle boys; magma bears
ryan blazejewski,auto-merged,club,2024,bartle boys; magma bears
ryan bliss,auto-merged,club,2022,brickhouse; tirebizfriz
ryan brown,split,club,2017,bomb squad; garden state ultimate
ryan brown,split,club,2018,bomb squad; patrol
ryan brown,split,club,2019,bomb squad; patrol
ryan casey,auto-merged,college,2025,richmond (spidermonkeys); richmond-b (spider pigs)
ryan chen,split,club,2025,blackfish; nc brickhouse-upper
ryan chen,split,college,2025,british columbia (thunderbirds); north carolina state-b (sixpack)
ryan chen,split,college,2026,british columbia (thunderbirds); north carolina state-b (sixpack)
ryan cohen,auto-merged,club,2022,bag; switchback
ryan colarusso,auto-merged,club,2025,bang; tbd
ryan coneway,auto-merged,club,2023,chimney; exhaust pipe
ryan cook,auto-merged,club,2025,rebels; revolt
ryan cornelius,split,college,2022,boston university (boston university); west chester (west chester (a))
ryan fattal,auto-merged,club,2018,four; mango tree
ryan foster,auto-merged,club,2025,citywide special; new jersey gemini
ryan hanley,auto-merged,club,2018,bromintum; momintum
ryan hill,auto-merged,college,2024,dartmouth-b (discomfort trolley); oklahoma state (ultimato)
ryan hoy,auto-merged,club,2018,blackfish; fight club
ryan hummel,auto-merged,club,2023,cmen; omen
ryan kelly,split,club,2024,beef depot; john doe
ryan kelly,split,club,2025,beef depot; john doe
ryan kern,auto-merged,club,2018,black market ii; blacker market
ryan kerr,auto-merged,club,2018,battery; reddy 2 die line
ryan kim,split,college,2023,carnegie mellon-b (poison control); marquette-b (birdfeeder)
ryan kinder,auto-merged,college,2026,washington-b (washington b); washington-c (uw c)
ryan kryscnski,auto-merged,college,2022,villanova (main line ultimate); villanova-b (villanova b)
ryan lee,split,college,2022,connecticut-b (grind); georgia tech-b (tribe); pennsylvania (void)
ryan lee,split,college,2023,connecticut-b (grind); north carolina-b (batch); pennsylvania (void)
ryan lee,split,college,2024,connecticut-b (grind); pennsylvania (void)
ryan longley,auto-merged,club,2025,bud; ele
ryan loui-ying,auto-merged,club,2023,barnstorm; blackfish
ryan martin,auto-merged,club,2019,cojones; old ephraim
ryan mccann,auto-merged,club,2023,i-69; on ramp
ryan mccorrison,split,college,2025,colorado state (hibida); colorado state-b (bibida)
ryan mccorrison,split,college,2026,colorado state (hibida); colorado state-b (bibida)
ryan mcmanus,split,club,2025,dapper; rebels
ryan mcmanus,split,college,2024,rit (rit spudheds); rowan (ruf riders)
ryan mcmanus,split,college,2025,rit (rit spudheds); rowan (ruf riders)
ryan mcmanus,split,college,2026,rit (rit spudheds); rowan (ruf riders)
ryan mikol,auto-merged,college,2025,wisconsin-b (fauxdags); wisconsin-c (daglets)
ryan miller,split,college,2025,connecticut (uconn huskies); mississippi (ole miss flagship); vassar (swinging monks)
ryan moore,split,club,2017,ak pipeline; pittsburgh puppies
ryan moore,split,club,2018,cryptic; uproar
ryan moore,split,club,2021,sord; uproar
ryan moore,split,club,2022,cryptic; uproar
ryan motta,auto-merged,college,2022,james madison (hellfish); james madison-b (smellfish)
ryan murphy,split,club,2017,bullet; thundersnow
ryan murphy,split,college,2025,massachusetts -b (umass amherst developmental); villanova (main line ultimate)
ryan oreilly,auto-merged,club,2025,riptide-b; trident
ryan piette,auto-merged,college,2023,california-san diego-b (air squids lite ); california-san diego-c (air squids select)
ryan poe,auto-merged,club,2017,flash flood; texas swing
ryan poe,auto-merged,club,2019,flash flood; texas united
ryan polka,auto-merged,club,2022,iso atmo; iso cardio
ryan ragaini,auto-merged,club,2021,adk mountain crew; bartle boys
ryan reynolds,auto-merged,college,2021,arkansas state (red wolf ultimate); tulane (tucks)
ryan rockett,auto-merged,club,2023,bag; lantern
ryan rzepka,auto-merged,club,2018,chuck wagon; dig
ryan santos,auto-merged,club,2018,prime; yeuth-and-age-sia
ryan santos,auto-merged,club,2019,lantern; yeuth-and-age-sia
ryan segal,auto-merged,club,2025,(washed); little john
ryan shigley,auto-merged,club,2022,bonafide scrubs; sockeye
ryan shore,auto-merged,club,2023,trident ii; trident iii; triiident
ryan smith,split,club,2017,black market; flash flood
ryan smith,split,club,2018,black market; clutch; gamble
ryan smith,split,club,2019,black market i; gamble; sundowners
ryan smith,split,club,2021,black market i; dreadnought; flash flood; howe caverns
ryan smith,split,club,2022,flash flood; i-69; trident i
ryan smith,split,college,2023,georgia southern (eagles); oklahoma (apes of wrath)
ryan thomas,auto-merged,club,2023,stag; uproar
ryan thompson,split,club,2017,first order; h.o.g. ultimate; sons
ryan thompson,split,club,2018,h.o.g. ultimate; neap tide
ryan tosh,auto-merged,college,2025,grand canyon (lopes); grand canyon-b (g-force)
ryan trinh,auto-merged,college,2023,california-san diego-b (air squids lite ); california-san diego-c (air squids select)
ryan wallace,auto-merged,club,2018,phoenix; shrike
ryan wallace,auto-merged,club,2019,phoenix; shrike
ryan wartenberg,auto-merged,club,2025,charleston heat stroke; colonels
ryan wartenberg,auto-merged,club,2026,charleston heat stroke; colonels
ryan watson,auto-merged,club,2021,haymaker; right coast
ryan weatherwax,auto-merged,club,2026,red lotus; tugboat
ryan welch,split,club,2017,deaf fruit; imperial
ryan welch,split,club,2021,cowtown cannons; mallard
ryan welch,split,club,2022,cowtown cannons; mallard
ryan welch,split,club,2023,mallard; mallard x
ryan wells,auto-merged,club,2026,mayhem-dev; mischief
ryan wells,auto-merged,college,2022,arizona (sunburn); colorado mines (entropy)
ryan whisenhunt,auto-merged,club,2019,flash flood; texas united
ryan williams,split,college,2025,claremont (braineaters); notre dame-b (opus d's)
ryan williams,split,college,2026,claremont (braineaters); notre dame-b (opus d's)
ryan wolfe,auto-merged,club,2021,fungi; spicy
ryan wolfe,auto-merged,club,2022,fungi; spicey-freshman
ryan wu,auto-merged,college,2026,davidson (duff); ohio state (leadbelly)
rye strand,auto-merged,club,2025,town hall stars; yacht club
ryland kane,auto-merged,college,2025,south florida (scallywags); south florida-b (scourge)
saaketh palchuru,auto-merged,club,2024,doublewide; public menemy
sai girap,auto-merged,club,2023,lafayette street dogs; trident ii
saketh chityala,auto-merged,college,2023,colorado-b (cucu); colorado-c (rooster tussle)
sam alderfer,auto-merged,college,2023,messiah (falcons); messiah-b (b)
sam alston,split,club,2018,rumspringa; the semple temple; westchester magma bears
sam anderson,auto-merged,club,2023,dark star; oregon trainwreck
sam barbaro,auto-merged,college,2024,florida state (duf); florida state-b (duf eyyy)
sam berebitsky,auto-merged,college,2024,indiana (hoosiermama?s); indiana-b (hoosierdaddy!s)
sam berger,auto-merged,college,2026,ave maria (gyrenes); ave maria-b (ave maria b team)
sam brecker,auto-merged,club,2018,town hall stars; truck stop
sam but,auto-merged,club,2018,dna; whitefish
sam dushay,auto-merged,club,2017,beach wrench; big wrench
sam elliott,split,college,2026,carleton college (cut); wisconsin-la crosse (badluc)
sam goldstein,auto-merged,club,2021,11th hour; choice city hops; inception
sam gombiner,auto-merged,club,2026,pittsburgh stealers; pittsburgh temper
sam harris,split,college,2022,samford (dogma); wesleyan (nietzsch factor)
sam harris,split,college,2023,samford (dogma); wesleyan (nietzsch factor)
sam hastings,auto-merged,club,2018,bates college (orange whip); bruises
sam hebert,auto-merged,club,2021,mad men; yogosbo
sam jordan,auto-merged,club,2023,make it rain; sawtooth
sam jordan,auto-merged,club,2024,portland tremor; roundhouse
sam jordan,auto-merged,college,2022,oregon state (beavers); oregon state-b (oregon state b)
sam keller,auto-merged,club,2023,bonafide scrubs; mycellium
sam markowitz,auto-merged,college,2023,colgate (jabberwock); tufts-b (tufts b)
sam masling,auto-merged,club,2023,blueprint; magma bears; shade
sam mayer-radke,auto-merged,club,2022,dark star; oregon trainwreck
sam monastra,auto-merged,college,2024,ave maria (gyrenes); ave maria-b (ave maria b team)
sam phippen,auto-merged,club,2022,adk mountain crew; alibi
sam pieper,auto-merged,club,2022,la raid s.c.; mad men b-b
sam pieper,auto-merged,club,2023,bux; mad men
sam pugh,auto-merged,club,2018,powderhogs; the killjoys
sam ruiz harding,auto-merged,club,2022,fire hawks; inception
sam schultz,split,club,2019,buffalo open; festive salmon
sam schultz,split,club,2021,adk mountain crew; bartle boys
sam schultz,split,club,2025,buffalo frostbite; puzzles
sam sincere,auto-merged,club,2019,mke; swans
sam singh,auto-merged,college,2026,purdue (undue ultimate); purdue-b (ctrl-z)
samson aziz,auto-merged,club,2022,oregon trainwreck; trainwreck and friends
samuel astrom,auto-merged,club,2024,black market; haymaker; haymaker x
samuel bove,auto-merged,club,2019,black market iii; blacker market x
samuel carlson,auto-merged,club,2019,ditto a; ditto b
samuel cottrell,auto-merged,college,2023,messiah (falcons); messiah-b (b)
samuel devine,auto-merged,club,2024,haymaker; haymaker x
samuel du,auto-merged,club,2025,east bay earthworms; emu
samuel gilmore,auto-merged,club,2023,brackish; deepfake
samuel goertzen,auto-merged,club,2022,dawg pound; iso atmo
samuel graham,auto-merged,college,2025,clemson (joint chiefs of waft); clemson-b (joint biefs)
samuel johnson,auto-merged,college,2023,georgia college (disconnected); john brown (ironfist)
samuel lee,split,club,2017,banc; honey bashfords; singlewide
samuel lee,split,club,2023,banc; blueprint; ronin
samuel lee,split,club,2024,banc; ronin
samuel lee,split,club,2025,banc; blueprint; ronin
samuel letcher,auto-merged,club,2022,big wrench; old fat and saggy
samuel lewis,auto-merged,club,2024,goat; team canada open
samuel marek,auto-merged,college,2024,colorado state (hibida); colorado state-b (bibida)
samuel morrall,auto-merged,club,2023,red wolves; riverside messengers-b
samuel morrall,auto-merged,club,2024,doublewide; metro
samuel munnis,auto-merged,club,2024,chain lightning; little red wagon
samuel nitkin,auto-merged,club,2021,ditto a; haymaker
samuel ramos,auto-merged,college,2022,messiah (falcons); wisconsin- la crosse (badluc)
samuel sutton,auto-merged,college,2025,syracuse (doom); syracuse university-b (boom)
samuel swenson-reinhold,auto-merged,club,2021,fathom; tanasi
samuel tagle,auto-merged,club,2017,austin amigos; swangos
samuel tagle,auto-merged,club,2018,austin amigos; riverside messengers-b
samuel tagle,auto-merged,club,2023,spoon y-d; trident i
samuel vetromile,auto-merged,club,2017,mango tree; singlewide
samuel williams,split,college,2023,alabama-huntsville (nightmares); florida-b (florida b)
samuel williams,split,college,2024,alabama-huntsville (nightmares); florida-b (florida b)
samuel williams,split,college,2025,florida-b (florida b); oregon-b (bucks)
samuel williams,split,college,2026,oregon -b (bucks); penn state-b (lovetap)
samuel wleklinski,auto-merged,college,2025,illinois-b (boomland); illinois-c (cornland)
samuel yager,auto-merged,club,2024,green mountain boys; lafayette street dogs
samuel zipes,auto-merged,college,2025,purdue-b (ctrl-z); purdue-c (ctrl x)
samuel zuckernik,auto-merged,club,2017,big wrench; somerville bag
santiago duque-baird,auto-merged,college,2023,arizona state (prime); arizona state-b (pleasure)
santino rafael diaz,auto-merged,college,2026,santa clara (scab); santa clara-b (scratch)
sarang mittal,auto-merged,club,2021,bbb; inception
sarek mallareddy,auto-merged,club,2023,mavericks; smoak (u20)
sasha frank-stempel,auto-merged,club,2018,foggy bottom boys; watchdogs
sasha frank-stempel,auto-merged,club,2019,foggy bottom boys; watchdogs
sasha frank-stempel,auto-merged,club,2023,puzzles; vault
sashit vijay,auto-merged,college,2023,arizona state (prime); arizona state-b (pleasure)
sashit vijay,auto-merged,college,2024,arizona state (prime); arizona state-b (pleasure)
sassan fahim,auto-merged,club,2023,brackish; oakay
saul diaz,auto-merged,club,2023,dcviii; mad men
sawyer blair,auto-merged,club,2022,emerald city; switchback
sawyer conklin,auto-merged,college,2026,washington-b (washington b); washington-c (uw c)
sawyer gibson,auto-merged,college,2026,santa clara (scab); santa clara-b (scratch)
scott andersen,auto-merged,club,2021,nsfw; veteran move
scott gilden,split,college,2024,purdue (undue ultimate); purdue-b (ctrl-z)
scott landers,auto-merged,college,2024,alabama (yellow hammer); alabama-c (yellowhammer c)
scott moore,auto-merged,club,2018,coastal empire; omen
scott radlauer,auto-merged,club,2018,osaka spirits; socal condors
scott sakow,auto-merged,club,2024,bloom; florida untied
sean elesh,auto-merged,college,2022,tulane (tucks); tulane-b (tulane b)
sean geran,auto-merged,club,2024,parlay; touch of grey
sean glasgow,auto-merged,college,2023,mississippi state (dark horse); mississippi state-b (pony express)
sean glasgow,auto-merged,college,2024,mississippi state (dark horse); mississippi state -b (trenches ); mississippi state-c (trenches b)
sean glasgow,auto-merged,college,2025,mississippi state (dark horse); mississippi state-b (trenches )
sean hall,auto-merged,club,2017,swangos; texas swing
sean hill,auto-merged,club,2024,kfc; timber
sean hugelmeyer,auto-merged,college,2025,wisconsin-b (fauxdags); wisconsin-c (daglets)
sean jung,auto-merged,club,2024,atlanta outlaws; bdc
sean kelley,split,club,2022,delirium; og turbine
sean kuylen,auto-merged,club,2023,riverside; riverside messengers-b
sean phippen,auto-merged,club,2022,john doe; vault
sean reich,auto-merged,club,2025,hb woodlawn flatball club; virginia vortex
sean smith,auto-merged,club,2024,sonoran dog; sonoran pups
sean stackhouse,auto-merged,club,2025,popperton ultimate frisbee; powderhogs
sean walsh,auto-merged,club,2019,fathom ii; watchdogs
sebastian miner,auto-merged,club,2018,greater gary goblins x; greater gary goblins y
sebastian reyes,auto-merged,club,2021,nsfw; veteran move
sedrik sweet,auto-merged,club,2018,bromintum; momintum
sef van kan,auto-merged,club,2021,mad men; yogosbo
sef van kan,auto-merged,club,2022,la raid s.c.; mad men
seho young,auto-merged,club,2024,haymaker; haymaker x
seiji koenigsberg,auto-merged,club,2023,dark star; sawtooth
sergio zuluaga,auto-merged,club,2023,helots; shade
seth faris,auto-merged,club,2021,johnny bravo; spicy
seth faris,auto-merged,club,2026,fungi; warao
seth fried,auto-merged,club,2024,cash crop 2; ring of fire
seth lockard,auto-merged,college,2022,oregon state (beavers); oregon state-b (oregon state b)
seth lockard,auto-merged,college,2023,oregon state (beavers); oregon state-b (oregon state b)
seth porter,auto-merged,club,2024,buffalo practice players; jerk factory
seth staton,auto-merged,club,2022,cosmic u-20 boys; springs open team
seth weaver,auto-merged,club,2024,raleigh-durham united; ring of fire
seth williams,split,college,2022,pittsburgh-b (university of pittsburgh- b); radford (scoundrels)
seth wilson,split,college,2024,cosmic u-20 boys; utah state (scotsmen)
shamaul dilmohamed,auto-merged,club,2019,ditto a; ditto b
shamaul dilmohamed,auto-merged,club,2021,ditto a; haymaker
shane eckert,auto-merged,club,2022,iso atmo; iso cardio
shane mccarthy,auto-merged,college,2022,kentucky (kult); pennsbury (pennsbury)
shane ofarrell,auto-merged,club,2017,baemaker; haymaker
shannon mosley,auto-merged,club,2017,jaybirds; omen
shayne huffman,auto-merged,college,2025,tennessee-chattanooga (swamp donkeys); tennessee-chattanooga -b (tennessee-chattanooga b)
shea sturtevant,auto-merged,college,2026,illinois (rise); illinois-b (boomland)
sheamus gunning,auto-merged,club,2024,bloom; bud
sheldon mills,auto-merged,club,2025,fat stacks; zombie tidal wave
shelly tsirulik,auto-merged,club,2018,shred line; watch city
shelly tsirulik,auto-merged,club,2019,shred line; white sauce hot sauce
shiv patel,auto-merged,club,2024,amigos-jv; riverside messengers
shivam boghra,auto-merged,club,2018,black market ii; blacker market; blackest market
shivam boghra,auto-merged,club,2019,black market iii; blacker market x
shivam boghra,auto-merged,club,2021,beachfront property; satellite
shivam boghra,auto-merged,club,2023,spoon y-d; trident ii; trident iii
shivansh shah,auto-merged,college,2025,virginia tech (burn); virginia tech-b (virginia tech b)
shravan ravishankar,auto-merged,club,2018,greater gary goblins x; greater gary goblins y
shravan ravishankar,auto-merged,club,2021,ditto a; haymaker
shuang wu,auto-merged,club,2025,bang; tbd
siddharth mehrotra,auto-merged,club,2021,black market i; black market ii
siddharth yende,auto-merged,club,2026,iditarod; lantern
silas casertano,auto-merged,college,2022,tulane (tucks); tulane-b (tulane b)
silas mcdermott,auto-merged,club,2023,creaky; smoak (u20)
simon alaimo,auto-merged,college,2026,colorado-b (cucu); colorado-c (rooster tussle)
simon cafiero,auto-merged,club,2025,green mountain boys; scoop
simon cafiero,auto-merged,college,2026,boston university (boston university); boston university-b (boston university b)
simon carapella,auto-merged,club,2023,dig; dix
simon dastrup,auto-merged,club,2018,haymaker; illinois youth ultimate - u20
simon hill,auto-merged,college,2025,grand canyon (lopes); grand canyon-b (g-force)
simon mulrooney,auto-merged,club,2022,overdrive; puzzles
simon mulrooney,auto-merged,club,2023,mallard; mallard x
simon mulrooney,auto-merged,club,2024,knights of ni; mort
simon mulrooney,auto-merged,club,2025,knights of ni; la maquina -a
simon phippen,auto-merged,club,2022,adk mountain crew; alibi
simon prushan,auto-merged,club,2022,dawg pound; flash flood
simon ramirez ortiz,auto-merged,club,2026,evolution; furious george
simon vickers,auto-merged,club,2017,singlewide; texas two step
skye pratley,auto-merged,college,2026,washington-b (washington b); washington-c (uw c)
skylar bates,auto-merged,college,2023,mississippi state (dark horse); mississippi state-b (pony express)
skyler holmberg,auto-merged,club,2025,colorado cutthroat u-17 boys; colorado cutthroat u-20 boys two
skyler jones,auto-merged,club,2019,cojones; old ephraim
skyler swafford,auto-merged,club,2026,electricity; tennessee folklore
skyyler buckley,auto-merged,club,2025,heatwave; texas united
sofiene bontemps,auto-merged,club,2025,chicago machine; mooncatchers
sohail syed,auto-merged,club,2021,ballston booya; richmond floodwall
solomon lissauer,auto-merged,college,2024,tulane (tucks); tulane-b (tulane b)
solomon rueschemeyer-bailey,auto-merged,club,2023,dig; dix
sora walker,auto-merged,club,2024,minnesota superior u20b; sub zero
sora walker,auto-merged,club,2025,forward motion; kenji's bbb
souichi terada,auto-merged,club,2018,dirty d; duel
spencer falk,auto-merged,college,2023,oregon state (beavers); oregon state-b (oregon state b)
spencer gee,auto-merged,college,2022,denver (sourdough); denver-b (sourdough b team)
spencer pennington,split,club,2022,atlanta arson; nox
spencer pennington,split,college,2023,georgia state (underground); kansas state (wizards)
spencer pennington,split,college,2024,georgia state (underground); kansas state (wizards)
spencer rebman,auto-merged,club,2023,bonafide scrubs; false summit; iso atmo
spencer sih,auto-merged,club,2026,oc crows; socal condors
spenser ponsford,auto-merged,club,2024,on ramp; parking lot
sriharsha aitharaju,auto-merged,college,2024,central florida (dogs of war); central florida-b (havoc)
srikur kanuparthy,auto-merged,college,2023,illinois-b (boomland); pennsylvania (void)
stanislaw strzelecki,auto-merged,college,2023,california-san diego-b (air squids lite ); california-san diego-c (air squids select)
stefan dicker,auto-merged,club,2017,shade; sleepover at lenin's
stefan mccall,auto-merged,club,2023,mavericks; smoak (u20)
stefan schulde,auto-merged,club,2018,phoenix; shrike
stefan wagner,auto-merged,college,2023,colorado-b (cucu); colorado-c (rooster tussle)
stefan wagner,auto-merged,college,2024,colorado-b (cucu); colorado-c (rooster tussle)
stefen reese,auto-merged,club,2018,allen's adolescents; maine (nor'easter)
stefen reese,auto-merged,club,2019,helots; maine (nor'easter)
stephan keo,auto-merged,club,2025,avenue -a; souf
stephen banning,auto-merged,club,2019,lantern; silence of the clams
stephen case,auto-merged,college,2023,charlottesville clownies; mary washington (mother of george)
stephen chait,auto-merged,club,2023,anchor; journeymen
stephen crew,auto-merged,club,2024,general strike; team canada open
stephen krajeski,auto-merged,club,2021,fungi; icy boyz
stephen linden,auto-merged,club,2018,black market ii; blacker market
stephen linden,auto-merged,club,2019,black market ii; blacker market y
stephen markotsis,auto-merged,college,2022,suny binghamton-b (binghamton [b] y); suny-binghamton-b (suny-binghamton b)
stephen mock,auto-merged,club,2018,bullet; h.o.g. ultimate
stephen moore,auto-merged,club,2019,enigma; omen
stephen poulos,auto-merged,club,2021,bash bros; uproar
stephen poulos,auto-merged,club,2024,hydra; touch of grey; triumph
steven calebrese,auto-merged,club,2019,magma bears; shade
steven campillo,auto-merged,club,2018,greater gary goblins x; greater gary goblins y
steven james richardson,auto-merged,club,2024,stl goonar; stl moonar
steven kwan,auto-merged,club,2017,ghost train; gravy train wreck
steven ladenberger,auto-merged,college,2024,alabama (yellow hammer); alabama-c (yellowhammer c)
steven niemczynski,auto-merged,club,2023,brawl; las vegas nuke
steven olson,auto-merged,college,2026,brigham young-b (chi b); california-santa barbara (black tide)
steven ramirez,auto-merged,college,2023,california-san diego-b (air squids lite ); california-san diego-c (air squids select)
steven trenfield,auto-merged,club,2019,messengers-b; riverside
steven valle,auto-merged,college,2024,west chester (west chester (a)); west chester-b (west chester (b))
steven wagner,auto-merged,club,2023,trident ii; trident iii
steven wartinbee,auto-merged,club,2017,john doe; paranoia
straton geddes,auto-merged,club,2025,colorado cutthroat u-17 boys; colorado cutthroat u-20 boys two
stuart card,auto-merged,club,2025,fat stacks; wretched refuse; zombie tidal wave
stuart gordon,auto-merged,club,2017,bear proof; path of totality
stuart landry,auto-merged,college,2024,ohio (trout); ohio-b (trout b)
summer zheng,auto-merged,club,2023,dirty laundry; helots; pride of rowan newark
suneet patel,auto-merged,club,2025,brawl; sprawl
sungho moon,auto-merged,college,2022,yale (süperfly); yale - y (süperfly - y)
syed akbar jaffery,auto-merged,club,2017,black market ii; black market y
syed akbar jaffery,auto-merged,club,2018,black market ii; blacker market; blackest market
syed akbar jaffery,auto-merged,club,2019,black market iii; blacker market x
syed akbar jaffery,auto-merged,club,2021,black market i; black market ii
sylas gulsby,auto-merged,club,2025,colorado cutthroat u-17 boys; colorado cutthroat u-20 boys two
syrus amedore,auto-merged,club,2024,bang; deluxe
tafika-kenan valhmu,auto-merged,club,2024,bux; zoboomafoo
talon spears,auto-merged,college,2024,tulane (tucks); tulane-b (tulane b)
tam tran,auto-merged,college,2026,colorado-b (cucu); colorado-c (rooster tussle)
tanner bilstad,auto-merged,club,2022,dawg pound; iso atmo
tanner flagg,auto-merged,club,2024,colorado college (wasabi); the incline
tanner goetsch,auto-merged,club,2023,demo; loaded panda
tanner graham,auto-merged,club,2023,spoon x-freshman; trident i
tanner holtz,auto-merged,club,2023,trident ii; trident iii
tannon hedges,auto-merged,club,2023,chain lightning; little red wagon
tate halberg,auto-merged,club,2019,mke; swans
tate halberg,auto-merged,club,2022,dingwop; knights of ni
tate mullin,auto-merged,club,2025,bang; tbd
taylor friedman,auto-merged,college,2024,tulane (tucks); tulane-b (tulane b)
taylor masterson,auto-merged,club,2023,lil heroes; texas united
taylor masterson,auto-merged,club,2024,doublewide; riverside
taylor rasco,auto-merged,club,2017,shade; sleepover at lenin's
tayshaun smith,auto-merged,college,2023,mississippi state (dark horse); mississippi state-b (pony express)
ted glenn,auto-merged,club,2024,sonoran dog; sonoran pups
ted randby,auto-merged,club,2017,brickhouse; triforce
ted skaarup,auto-merged,club,2019,green means bro; hot tamales
tennyson umlauf,auto-merged,club,2024,kfc; timber
terry akers,auto-merged,college,2024,kansas (horrorzontals); kansas-b (kansas b (vertikills))
thayne casper,auto-merged,club,2019,one night; silence of the clams
theo burdick,auto-merged,college,2025,richmond (spidermonkeys); richmond-b (spider pigs)
theo kim,auto-merged,club,2022,cosmic u-20 boys; springs open team
theo mahaffey,auto-merged,club,2023,dinkytown doughboys; town hall stars
theo shapinsky,auto-merged,club,2018,foggy bottom boys; john doe; mango tree
theo shapinsky,auto-merged,club,2019,john doe; red imp.ala
theo staff,auto-merged,college,2025,wisconsin-b (fauxdags); wisconsin-c (daglets)
theodore aspinwall,auto-merged,club,2025,cash crop 2; nc brickhouse-upper
theodore carr,auto-merged,club,2021,denver -upper (four more dough ); iso atmo
theodore faur,auto-merged,club,2024,i-69; on ramp
theodore mcgowan,auto-merged,club,2023,mallard; mallard x
theodore miller,auto-merged,club,2018,bromintum; momintum
theodore peterson,auto-merged,college,2026,lewis & clark (bacchus ); lewis & clark-b (bbacchus)
theodore watkins,split,club,2018,banc; sundowners
theodore watkins,split,club,2019,banc; sundowners
thomas (tom) brown,auto-merged,club,2018,grandmaster flash; shore break
thomas alford,auto-merged,club,2024,roundhouse; trident
thomas anderson,split,club,2023,hazard; minnesota superior b
thomas baumberger,auto-merged,college,2024,west chester (west chester (a)); west chester-b (west chester (b))
thomas baumberger,auto-merged,college,2025,west chester (west chester); west chester-b (west chester b)
thomas carroll,auto-merged,college,2024,dayton (flud); dayton-b (ud flud b)
thomas carroll,auto-merged,college,2025,dayton (flud); dayton-b (ud flud b)
thomas carroll,auto-merged,college,2026,dayton (flud); dayton-b (ud flud b)
thomas dockery,auto-merged,club,2024,dreadnought; dreadnought: battleship-b
thomas dockery,auto-merged,club,2025,dreadnought; dreadnought: battleship-b
thomas donahue,auto-merged,club,2023,dinkytown doughboys; mallard
thomas donovan,auto-merged,college,2022,suny binghamton-b (binghamton [b] y); suny-binghamton-b (suny-binghamton b)
thomas dubois,auto-merged,club,2019,club m - manic; mockingbird
thomas dyett,auto-merged,club,2023,adelphos; expendables
thomas edmonds,auto-merged,club,2022,goat; pittsburgh temper
thomas edwards,auto-merged,college,2024,james madison (hellfish); james madison-b (smellfish)
thomas faber,auto-merged,club,2017,club m - manic; mockingbird
thomas faber,auto-merged,club,2018,club m - manic; mockingbird
thomas frisch,auto-merged,college,2023,california-san diego-b (air squids lite ); california-san diego-c (air squids select)
thomas gale,auto-merged,college,2026,colorado state (hibida); colorado state-b (bibida)
thomas griffin,auto-merged,club,2023,dix; scoop
thomas griffin,auto-merged,club,2025,dig; scoop
thomas horvath,auto-merged,club,2024,alibi; motive
thomas kindred,auto-merged,club,2024,hydra; titans
thomas langloh,auto-merged,club,2025,alliance; alliance 2; atliens
thomas loar,auto-merged,club,2024,carolina summer; space cowboys
thomas mayer,auto-merged,college,2022,southern california (usc lockdown); southern california-b (usc blockdown)
thomas nardini,auto-merged,college,2022,yale (süperfly); yale - y (süperfly - y)
thomas oconnor,auto-merged,college,2023,amherst (army of darkness); notre dame-b (opus d's)
thomas orchanian,auto-merged,college,2024,alabama (yellow hammer); alabama-c (yellowhammer c)
thomas palermo,auto-merged,club,2018,babe; flying pig
thomas pannett,auto-merged,college,2023,suny-stony brook (panic); suny-stony brook-b (brick)
thomas riedl,auto-merged,college,2026,oregon (ego); oregon -b (bucks)
thomas schmitt,auto-merged,club,2023,beef depot; ghost train
thomas shope,auto-merged,club,2023,minnesota superior a; nomad; sub zero
thomas smith,auto-merged,club,2021,bighorn; boulder united flatiron hammers
thomas umlauf,auto-merged,club,2024,kfc; timber
thomas venarde,auto-merged,college,2022,yale (süperfly); yale - y (süperfly - y)
thomas von allmen,auto-merged,club,2023,dirty laundry; odyssey
thompson sasser,auto-merged,college,2025,clemson (joint chiefs of waft); clemson-b (joint biefs)
thor peterson,auto-merged,club,2022,cedarville swarm; stl moonar
tim ambery,auto-merged,club,2017,phoenix; shrike
tim clark,auto-merged,club,2019,black market ii; blacker market x
tim jackson,split,club,2017,fludwhale; richmond floodwall
tim jackson,split,club,2019,hail mary; vault
tim jackson,split,club,2021,inception; vault
tim jackson,split,club,2022,bonafide scrubs; inception; vault
tim jackson,split,club,2024,(washed); choice city hops
tim lootens,auto-merged,club,2018,coastal empire; omen
tim lootens,auto-merged,club,2025,bud; ele
timmy wei,auto-merged,college,2026,cal poly-slo-b (slob); cal poly-slo-c (sloc)
timon hruschka,auto-merged,college,2023,columbia (uptown local); uptown local y
timothy elliott,auto-merged,club,2021,colorado cutthroat: youth club u-20 boys; cosmic elite
timothy elliott,auto-merged,club,2022,cosmic u-20 boys; springs open team
timothy ferrell,auto-merged,college,2025,mississippi state (dark horse); mississippi state-b (trenches )
timothy mosher,auto-merged,club,2024,doublewide; texas duffy
timothy oei,auto-merged,college,2024,central florida (dogs of war); central florida-b (havoc)
timothy parson,auto-merged,college,2024,dayton (flud); dayton-b (ud flud b)
timothy schragel,auto-merged,club,2021,black sheep; slimjim fc
timothy sheehan,auto-merged,club,2024,haymaker; trident
tobey chang,auto-merged,club,2025,mango tree-a; scoop
tobias harvey,auto-merged,club,2018,ender's outcasts; shades
todd grace,auto-merged,club,2019,a-block; omen
todd wolma,auto-merged,club,2021,bobby; johnny bravo
tom doi,auto-merged,club,2017,and the warhawks; revolver
tom dupor,auto-merged,club,2024,roundhouse; stl moonar
tom duret,auto-merged,club,2023,mallard; mallard x
tomas romero,auto-merged,college,2022,notre dame (papal rage); notre dame-b (opus d's)
tomaso mukai,auto-merged,club,2018,somerville bag; watch city
tommaso reres,auto-merged,college,2022,villanova (main line ultimate); villanova-b (villanova b)
tommy harris,auto-merged,club,2022,iso atmo; iso cardio
tommy jackson,auto-merged,club,2021,fathom; shipyard
toms abeltins,auto-merged,club,2025,goat; mooncatchers
tony tran,split,college,2024,minnesota-b (ugly duckling); seattle (throbots)
tony tran,split,college,2025,minnesota-b (minnesota b); seattle (throbots)
topher davis,auto-merged,club,2023,dig; dix
torrian samuels,auto-merged,college,2024,wisconsin-eau claire (eauzone); wisconsin-eau claire-b (breauzone)
toshihiro nagase,auto-merged,club,2024,scoop; white sauce hot sauce
travis carpenter,auto-merged,club,2024,h.i.p; i-69
travis ellyson,auto-merged,club,2017,bruises; somerville bag
travis herink,auto-merged,college,2026,denver (sourdough); denver-b (sourdough b team)
travis tiller,auto-merged,club,2025,john doe; kenji's bbb
travis ward,auto-merged,club,2019,el niño; scootlyfe
travis wright,auto-merged,club,2025,popperton ultimate frisbee; powderhogs
trevor cook,auto-merged,club,2021,black sheep; dreadnought
trevor cook,auto-merged,club,2022,dreadnought; inception
trevor diederichs,auto-merged,club,2022,cryptic; loaded panda
trevor elam,auto-merged,club,2022,doublewide; gamble
trevor graham,auto-merged,club,2023,mallard; mallard x
trevor griesman,auto-merged,club,2024,lounar; phantom
trevor kelley,auto-merged,club,2024,bonneville flatball club; sundance kids
trevor riemer,auto-merged,college,2024,cincinnati (bearcats); cincinnati -b (bearcats b)
trevor scott,auto-merged,club,2021,beachfront property; black market ii
trevor walrath,auto-merged,college,2024,arizona state (prime); arizona state-b (pleasure)
trevor yandow,auto-merged,club,2019,ender's outcasts; thunder boys
trevyr massey,auto-merged,club,2025,bud; ele
trey anderson,auto-merged,club,2025,popperton ultimate frisbee; reál hogs fc-b
trey leonard,auto-merged,club,2019,barefoot; trent's team
tristan felke,auto-merged,club,2024,i-69; on ramp
trong nguyen,auto-merged,club,2025,popperton ultimate frisbee; reál hogs fc-b
troy abbott,auto-merged,club,2017,swangos; texas swing
troy abbott,auto-merged,club,2019,gaucho; texas united
troy abbott,auto-merged,club,2024,forge; riverside messengers
troy goddu,auto-merged,club,2018,baked beans; red tide
troy quinton,auto-merged,college,2023,oregon state (beavers); oregon state-b (oregon state b)
truman arie,auto-merged,college,2023,illinois state (gnomes); illinois state-b (illinois state gnomes b)
turner allen,auto-merged,club,2023,dig; dix
turner pahl,auto-merged,club,2023,fork x-senior; trident ii
ty banks,auto-merged,college,2025,purdue-b (ctrl-z); purdue-c (ctrl x)
ty fleming,auto-merged,college,2025,colorado mines (entropy) (orediggers); colorado mines-b (orediggers)
ty hastings,auto-merged,club,2023,riverside; riverside messengers-b
ty naquin,auto-merged,club,2021,raleigh-durham united; the expendables
ty soria,auto-merged,college,2025,cal poly-slo-b (slob); cal poly-slo-c (sloc)
ty stevens,auto-merged,club,2024,hydra; parlay; touch of grey
tyler boyer,auto-merged,club,2023,trident ii; trident iii
tyler chan,auto-merged,club,2017,ironside; somerville youth
tyler davis,auto-merged,club,2019,buffalo open; dynasty
tyler feeney,auto-merged,club,2024,amherst orlando magic; scoop
tyler hau,auto-merged,club,2025,buffalo frostbite; new jersey gemini
tyler johnson,split,club,2025,colorado cutthroat u-17 boys; colorado cutthroat u-20 boys two; fort reno flatball club
tyler johnson,split,club,2026,colorado cutthroat u-20 boys two; truck stop
tyler kenney,auto-merged,club,2018,deathsquad; yeuth-and-age-sia
tyler kinley,auto-merged,club,2017,browatch; high five
tyler kinney,auto-merged,college,2026,cal poly-slo-b (slob); cal poly-slo-c (sloc)
tyler leeds,auto-merged,club,2025,bud; ele
tyler leitner,auto-merged,club,2024,bartle boys; suny-binghamton (suny-binghamton)
tyler miller,auto-merged,college,2024,delaware-b (sideshow); new hampshire (new hampshire ultimate team)
tyler paparella,auto-merged,club,2024,beacon; east lansing detroit lions
tyler reinhardt,auto-merged,club,2018,gamble; texas two step
tyler riemer,auto-merged,club,2024,capitol city chaos; pittsburgh stealers
tyler riemer,auto-merged,club,2025,alliance; pittsburgh temper
tyler rogers,split,college,2024,clemson (joint chiefs of waft); florida-b (florida b)
tyler schmitt,auto-merged,college,2026,purdue-b (ctrl-z); purdue-c (ctrl x)
tyler shepard,auto-merged,college,2022,denver (sourdough); denver-b (sourdough b team)
tyler shepard,auto-merged,college,2023,denver (sourdough); denver-b (sourdough b team)
tyler smiles,auto-merged,club,2021,beachfront property; black market ii
tyler smith,split,club,2017,dallas united: outlaws; dingwop
tyler tierney,auto-merged,college,2025,virginia tech (burn); virginia tech-b (virginia tech b)
tyler williams,split,club,2025,smogborn; tugboat
tylere hertenstein,auto-merged,club,2018,bromintum; momintum
tyson neff,auto-merged,college,2024,cincinnati (bearcats); cincinnati -b (bearcats b)
tyson richards,auto-merged,club,2025,fat stacks; zombie tidal wave
utkarsh mandavilli,auto-merged,college,2026,colorado-b (cucu); colorado-c (rooster tussle)
vance mader,auto-merged,club,2024,amigos-jv; texas united
vance mader,auto-merged,club,2025,gamble; resurgam ultimate
vardaan shah,auto-merged,college,2022,carnegie mellon (mr. yuk); carnegie mellon-b (poison control)
varun iyer,auto-merged,college,2026,washington-b (washington b); washington-c (uw c)
vaughn dillender-kinast,auto-merged,club,2022,oregon trainwreck; trainwreck and friends
vaughn dillender-kinast,auto-merged,club,2024,dark star; portland tremor
vedanth talla,auto-merged,college,2023,california-san diego-b (air squids lite ); california-san diego-c (air squids select)
venice fan,auto-merged,club,2026,knights of ni; mallard
venice fan,auto-merged,college,2023,minnesota-b (ugly duckling); minnesota-c (rubber ducky)
victor xam,auto-merged,club,2024,joe fisher; oni
vikram deepak,auto-merged,college,2023,california (ursa major); charlottesville clownies
vikram pal singh,auto-merged,college,2023,california-san diego-b (air squids lite ); california-san diego-c (air squids select)
vincent alcantara,split,college,2025,southern california (usc lockdown); southern california-b (usc blockdown)
vincent allen-lyons,auto-merged,college,2026,lewis & clark (bacchus ); lewis & clark-b (bbacchus)
vincent bulloch,auto-merged,club,2024,furious george; team canada open
vincent chen,split,club,2017,carolina sky; iso atmo
vincent chen,split,club,2022,iso atmo; iso cardio
vincent chen,split,club,2024,bdc; iso atmo
vincent chen,split,college,2023,charlottesville clownies; elon (big fat bomb)
vincent hammer,auto-merged,club,2025,bdc; beef depot (development)-dev
vincent lo,auto-merged,college,2023,suny-stony brook (panic); suny-stony brook-b (brick)
vincent pappas,auto-merged,college,2025,iowa (ihuc); iowa-b (iowa-b (hucititis))
vincent zhang,auto-merged,club,2025,cash crop 2; ring of fire
vincent zhong,auto-merged,club,2022,town hall stars; vault
vinny fiacco,auto-merged,club,2021,almostimate; johnny encore
vivaswath naini,auto-merged,college,2024,charlottesville clownies; virginia (night train)
walker gee,auto-merged,club,2019,phoenix; shrike
walt johnson,auto-merged,club,2018,foggy bottom boys; watchdogs
walt johnson,auto-merged,club,2021,bbb; lotus
walter roosa,auto-merged,club,2023,blueprint; makawua
wesley groth,auto-merged,club,2018,osaka spirits; socal condors
wesley wong,auto-merged,club,2023,blackfish; souf
westley laughton,auto-merged,college,2024,cincinnati (bearcats); cincinnati -b (bearcats b)
westley laughton,auto-merged,college,2025,cincinnati (bearcats); cincinnati -b (bearcats b)
will armstrong,auto-merged,club,2023,oakay; triumph
will barnett,auto-merged,club,2021,nsfw; veteran move
will brandt,auto-merged,club,2023,mutiny; sub zero
will degasparis,auto-merged,college,2025,santa clara (scab); santa clara-b (scratch)
will degasparis,auto-merged,college,2026,santa clara (scab); santa clara-b (scratch)
will hager,auto-merged,club,2023,bemo; demo
will hopkins,auto-merged,club,2025,popperton ultimate frisbee; powderhogs
will jones,split,college,2024,hofstra (flying dutchmen); oklahoma state (ultimato)
will jones,split,college,2025,hofstra (flying dutchmen); oklahoma state (ultimato)
will kalahar,auto-merged,college,2024,mississippi state (dark horse); mississippi state -b (trenches )
will mcpherson,auto-merged,club,2018,bates college (orange whip); ender's outcasts
will norton,split,college,2025,creighton (colossus); princeton (clockwork)
will quigley,auto-merged,club,2022,black sheep; colonels
will roessmann,split,college,2025,colorado state (hibida); colorado state-b (bibida)
will savage,auto-merged,club,2018,bowdoin (clown); riverside messengers-b
will sharpe,auto-merged,college,2025,richmond (spidermonkeys); richmond-b (spider pigs)
will sweeney,auto-merged,club,2021,fungi; icy boyz
will thompson,split,college,2025,colorado mines-b (orediggers); tennessee (tennessee)
will thompson,split,college,2026,colorado mines-b (orediggers); tennessee (tennessee)
will trend,auto-merged,college,2026,lehigh (lehigh ); lehigh-b (lehigh-b)
will zamsky,auto-merged,club,2022,citywide special; nain rouge
william (will) imming,auto-merged,club,2024,stl goonar; stl moonar
william altschul,auto-merged,club,2023,beacon; creaky
william anderson,split,college,2023,harvard (red line); james madison (hellfish)
william anderson,split,college,2024,carleton college (carleton house of pancakes); harvard (red line); james madison (hellfish)
william anderson,split,college,2025,carleton college-chop (carleton house of pancakes); harvard (red line)
william anderson,split,college,2026,carleton college-chop (carleton house of pancakes); harvard (red line)
william bartram,auto-merged,club,2017,cloverleaf; dragon army
william basham,auto-merged,club,2025,bryce whitney fan club; heatwave
william bryan,auto-merged,college,2026,mississippi state (dark horse); mississippi state-b (trenches )
william chou,auto-merged,club,2024,impulse; practice squad
william chung park,auto-merged,club,2025,magma bears; uptown local y
william clark,auto-merged,college,2024,mississippi state (dark horse); mississippi state -b (trenches )
william dean,auto-merged,club,2018,pony; reddy 2 die line
william dougherty,split,college,2023,emory (emory juice); pittsburgh-b (university of pittsburgh- b)
william dougherty,split,college,2024,emory (emory juice); pittsburgh-b (university of pittsburgh- b)
william fisher,auto-merged,club,2025,jolly roger; yacht club
william fleming,auto-merged,club,2022,second nature; tennessee folklore
william ford,auto-merged,club,2018,shrimp boat; vicious cycle
william hagan,auto-merged,college,2024,alabama (yellow hammer); alabama-c (yellowhammer c)
william hartog,auto-merged,club,2019,lantern; shred line
william herrington,auto-merged,club,2022,raptor; reptar
william herrington,auto-merged,club,2023,bloom; bloomin' reptars
william herrington,auto-merged,club,2025,bud; certified scrubs
william hines,auto-merged,club,2023,hardta spelots; helots
william jackson,auto-merged,college,2023,colorado-b (cucu); colorado-c (rooster tussle)
william johnson,split,club,2018,atliens; bullet; mallard; overcast
william johnson,split,club,2019,bullet; mallard
william johnson,split,club,2021,mallard; yee-haw
william johnson,split,club,2022,stl lounar; yee-haw
william johnson,split,club,2023,mallard; mallard x
william leung,auto-merged,college,2023,suny-stony brook (panic); suny-stony brook-b (brick)
william lilegdon,auto-merged,club,2023,i-69; on ramp
william lilegdon,auto-merged,club,2024,i-69; on ramp
william lilegdon,auto-merged,club,2025,i-69; on ramp
william lilegdon,auto-merged,club,2026,i-69; on ramp
william mcglynn,split,club,2025,colt; pittsburgh temper
william olsen,auto-merged,college,2026,purdue-b (ctrl-z); purdue-c (ctrl x)
william sheridan,auto-merged,college,2024,cincinnati (bearcats); cincinnati -b (bearcats b)
william sheridan,auto-merged,college,2025,cincinnati (bearcats); cincinnati -b (bearcats b)
william snyder,auto-merged,club,2024,offshore; socal condors
william snyder,auto-merged,college,2025,california-santa cruz (slugs); haverford (big donkey ultimate)
william song,auto-merged,college,2024,johns hopkins (dangerzone); johns hopkins-b (dangerzone b)
william sullivan,split,college,2022,ball state (cardinals); sacred heart (laces)
william sullivan,split,college,2023,ball state (cardinals); sacred heart (laces)
william turner,auto-merged,club,2019,socal condors; sockeye
william wettengel,auto-merged,club,2022,flying pig; omen
william wettengel,auto-merged,club,2023,flying pig; omen
william wilson,auto-merged,club,2023,rawhide; supercell
william wyman,auto-merged,college,2022,cal state-long beach (pyramid scheme); north carolina state-b (six pack)
william wyman,auto-merged,college,2023,cal state-long beach (pyramid scheme); north carolina state-b (sixpack)
winston ge,auto-merged,club,2022,iditarod; slugfest
wolf boone,auto-merged,college,2022,yale (süperfly); yale - y (süperfly - y)
wyatt brooks,auto-merged,club,2019,john doe; space force
wyatt caudle,auto-merged,club,2025,heatwave; texas united
wyatt dunn,auto-merged,college,2026,california-santa barbara (black tide); southern california (usc lockdown)
wyatt kellman,auto-merged,club,2018,buda; shades
wyatt kellman,auto-merged,club,2019,buda u20b; sprout
wyatt page,auto-merged,club,2018,allen's adolescents; maine (nor'easter)
wyatt smith,split,college,2026,louisville (lucky); vermont (chill)
xander cuizon tice,auto-merged,club,2021,bobby; rhino slam!; sockeye
xander wilcox,auto-merged,club,2025,chicago machine; raleigh-durham united
xavier maxstadt,auto-merged,club,2024,oak grove boys; puzzles
xavier muzquiz,auto-merged,club,2023,bloom; bloomin' reptars
xiaoze liu,auto-merged,college,2023,maryland (maryland ultimate); maryland-b (astro quakers)
yevgen sydoruk,auto-merged,club,2017,black market ii; black market y
yongqin feng,auto-merged,club,2025,pennsylvania (void); rugrat knights-a
yongzhi si,split,college,2025,southern california (usc lockdown); southern california-b (usc blockdown)
yusuke igarashi,auto-merged,club,2021,bighorn; boulder united flatiron hammers
zac larson,auto-merged,club,2021,dingwop; overdrive
zach egge,auto-merged,club,2017,flash flood; texas swing
zach egge,auto-merged,club,2019,flash flood; texas united
zach heiden,auto-merged,club,2024,dark star; portland tremor
zach hensel,auto-merged,club,2017,dallas united: outlaws; texas two step
zach howell,auto-merged,club,2017,flash flood; texas two step
zach hungerford,auto-merged,college,2026,lewis & clark (bacchus ); lewis & clark-b (bbacchus)
zach kieffer,auto-merged,club,2017,black market; black market x
zach kwast,auto-merged,college,2025,cal poly-slo-b (slob); cal poly-slo-c (sloc)
zach phan,auto-merged,club,2025,buda u20b; odyssey
zach riley,auto-merged,club,2017,buda; shades
zach riley,auto-merged,club,2018,buda; shades
zach wang,auto-merged,college,2023,pennsylvania (void); pennsylvania-b (null)
zachary armstrong,auto-merged,club,2024,general strike; phoenix
zachary boehm,auto-merged,club,2018,black market ii; blacker market
zachary burpee,auto-merged,club,2023,pony; sprout
zachary burpee,auto-merged,club,2024,oak grove boys; truck stop
zachary chenet,auto-merged,club,2024,bloom; bud
zachary crane,auto-merged,college,2023,mississippi state (dark horse); mississippi state-b (pony express)
zachary crane,auto-merged,college,2024,mississippi state (dark horse); mississippi state -b (trenches ); mississippi state-c (trenches b)
zachary crane,auto-merged,college,2025,mississippi state (dark horse); mississippi state-b (trenches )
zachary esakof,auto-merged,club,2017,red tide; red tide black
zachary hall,split,club,2022,army - west point; john doe; puzzles
zachary johnson,auto-merged,club,2025,barnstorm; fat stacks
zachary lewis,split,college,2021,cal state-long beach (pyramid scheme); cincinnati (bearcats)
zachary lewis,split,college,2022,cal state-long beach (pyramid scheme); cincinnati (bearcats)
zachary lewis,split,college,2024,cal state-long beach (pyramid scheme); cincinnati (bearcats)
zachary marks,auto-merged,club,2022,john doe; puzzles
zachary mcintire,auto-merged,college,2024,california-san diego-c (air squids select); messiah (falcons)
zachary mcintire,auto-merged,college,2025,california-san diego-b (air squids lite ); messiah (falcons)
zachary paradis,auto-merged,club,2017,black penguins club; midnight meat train
zachary robinson,auto-merged,college,2024,cincinnati (bearcats); cincinnati -b (bearcats b)
zachary robinson,auto-merged,college,2025,cincinnati (bearcats); cincinnati -b (bearcats b)
zachary rosen,auto-merged,college,2025,california-san diego-b (air squids lite ); ucla (smaug)
zachary rosner,auto-merged,club,2019,little teapots; red dawn
zachary sanders,split,club,2026,nox; souf
zachary sanders,split,college,2023,missouri s&t (miner threat); washington-b (washington b)
zachary schwulst,auto-merged,club,2017,black market; black market x
zachary slayton,auto-merged,club,2017,flash flood; texas swing
zachary slayton,auto-merged,club,2018,nitro; texas two step
zachary slayton,auto-merged,club,2019,flash flood; texas united
zachary strong,auto-merged,college,2024,dayton (flud); dayton-b (ud flud b)
zachary strong,auto-merged,college,2025,dayton (flud); dayton-b (ud flud b)
zachary thomas,auto-merged,college,2026,denver (sourdough); denver-b (sourdough b team)
zachary watson-stevens,auto-merged,club,2023,retired; tirebizfriz
zachary yang,auto-merged,club,2023,sonoran dog; sonoran pups
zachary ziegler,auto-merged,college,2022,georgia college (disconnected); west virginia (wv wild)
zachery hanger,auto-merged,college,2024,alabama (yellow hammer); alabama-b (yellow hammer)
zack desilva,auto-merged,college,2024,ohio (trout); ohio-b (trout b)
zack kok,auto-merged,college,2025,cornell (buds); cornell-b (cornell-b (shake))
zack stern,auto-merged,club,2017,defy the meta; shades
zackary bacon,auto-merged,club,2022,colorado cutthroat: youth club u-20 boys; fire hawks
zackary bacon,auto-merged,club,2023,bonafide scrubs; iso atmo
zadoc gee,auto-merged,club,2023,magma bears; mystery box
zak diana,auto-merged,club,2025,popperton ultimate frisbee; reál hogs fc-b
zakarie massi,auto-merged,club,2018,club m - manic; mockingbird
zakarie massi,auto-merged,club,2019,club m - manic; mockingbird
zakary vermette,auto-merged,club,2025,club m - manic; magma
zaki siraj,auto-merged,club,2024,dcviii; sungho moon
zane barber,auto-merged,club,2017,jaybirds; shrimp boat
zane barber,auto-merged,club,2021,bbb; lotus
zane harbison,auto-merged,college,2023,columbia (uptown local); uptown local y
zane ransburgh,auto-merged,club,2024,nocturnal; watchmen
zane stein,auto-merged,club,2023,bux; mad men
zane tschirhart,auto-merged,college,2024,colorado state (hibida); colorado state-b (bibida)
zeke thoreson,auto-merged,club,2021,colorado cutthroat: youth club u-20 boys; legal trouble
zeno schwebel,auto-merged,club,2023,odyssey; whuf-b
zephaniah ko,auto-merged,club,2025,oat; zyzzyva
zeppelin raunig,auto-merged,club,2021,sockeye; souf
zhuocheng li,auto-merged,college,2024,california-san diego-b (air squids lite ); california-san diego-c (air squids select)
zoli ishikawa-szabo,auto-merged,club,2024,seven gills; sockeye
zoltan kapin,auto-merged,college,2024,dayton (flud); dayton-b (ud flud b)
zoltan kapin,auto-merged,college,2026,dayton (flud); dayton-b (ud flud b)
zubin birnbach,auto-merged,college,2022,yale (süperfly); yale - y (süperfly - y)
zyan jacka,auto-merged,college,2023,california-san diego-b (air squids lite ); california-san diego-c (air squids select)
