impact_rank,results_rank,coach_key,coach,impact_elo,results_elo,games,teams,last_team,last_team_key,last_season,divisions
1,16,solomon yanuck,Solomon Yanuck,1735.8,2016.3,110,7,Carleton College (CUT),carleton college (cut),2025,605028355
2,3,dylan tunnell,Dylan Tunnell,1734.3,2215.4,168,4,Valley Ultimate,valley ultimate (YCC-U20 girls),2026,135266322
3,1,courtney kiesow,Courtney Kiesow,1724.7,2325.1,200,3,Carleton College (Syzygy),carleton college (syzygy),2026,48
4,5,braedon petrus,Braedon Petrus,1719.5,2201.8,174,3,South Eugene-JV (AXE JV),south eugene-jv (axe jv) (HS),2026,1048578
5,19,jonathan nethercutt,Jonathan Nethercutt,1707.4,1997.9,133,7,North Carolina (Darkside),north carolina (darkside),2020,605028355
6,12,noah hanson,Noah Hanson,1694.9,2031.2,85,1,Carleton College (CUT),carleton college (cut),2026,2
7,17,joe white,Joe White,1688.1,2011.6,89,1,Carleton College (CUT),carleton college (cut),2026,2
8,58,dillon lanier,Dillon Lanier,1682.8,1871.4,117,1,Carleton College (CUT),carleton college (cut),2025,2
9,47,andrew buermeyer,Andrew Buermeyer,1681.9,1902.3,168,6,Oregon State (Beavers),oregon state (beavers),2026,275775491
10,53,jalal sylvester,Jalal Sylvester,1679.2,1882.1,69,4,Mason (Mason Comets Ultimate),mason (mason comets ultimate) (HS),2026,5242880
11,54,kristin baxter,Kristin Baxter,1679.2,1882.1,69,4,Mason (Mason Comets Ultimate),mason (mason comets ultimate) (HS),2026,5242880
12,27,amanda kostic,Amanda Kostic,1671.5,1953.9,99,7,Washington (Element),washington (element),2022,1210056736
13,57,jason adams,Jason Adams,1669.0,1873.5,242,3,Northeastern (Valkyries A),northeastern (valkyries a),2024,56
14,26,timothy schoch,Timothy Schoch,1663.2,1955.4,54,1,Carleton College (CUT),carleton college (cut),2026,2
15,113,alexander korb,Alexander Korb,1662.0,1777.0,256,2,UCLA (BLU),ucla (blu),2023,48
16,100,kevin bruns,Kevin Bruns,1656.7,1797.9,186,6,Minnesota (Minnesota A),minnesota (minnesota a),2026,135266307
17,13,alisha stoun,Alisha Stoun,1653.1,2028.4,118,3,Wildfire,wildfire (women's),2019,48
18,62,matt gouchoe-hanas,Matt Gouchoe-Hanas,1651.1,1857.9,145,7,Triforce,triforce (YCC-U20),2025,605028353
19,9,meriden estes,Meriden Estes,1647.4,2078.3,172,2,Tufts (EWO),tufts (ewo),2026,32
20,18,caleb merriam,Caleb Merriam,1646.3,2008.5,175,2,Cal Poly-SLO (SLOCORE),cal poly-slo (slocore),2026,2
21,49,mac hecht,Mac Hecht,1642.4,1894.3,44,1,Brown (Brownian Motion),brown (brownian motion),2022,2
22,39,tim gilligan,Tim Gilligan,1641.9,1916.4,191,1,Cal Poly-SLO (SLOCORE),cal poly-slo (slocore),2026,2
23,69,daniel silverstein,Daniel Silverstein,1639.4,1842.2,246,3,California (Ursa Major),california (ursa major),2024,6
24,295,schuyler kylstra,Schuyler Kylstra,1638.7,1667.9,147,5,Carrboro (Carrboro Clams),carrboro (carrboro clams) (HS),2026,605028352
25,38,max leonard,Max Leonard,1637.6,1918.1,95,2,Grady High School (Gauntlet),grady high school (gauntlet) (YCC-U20),2020,68157440
26,11,rustin ingold-smith,Rustin Ingold-Smith,1636.8,2033.2,95,1,Massachusetts (Zoodisc),massachusetts (zoodisc),2025,2
27,22,dylan freechild,Dylan Freechild,1633.7,1971.8,111,1,Oregon (Ego),oregon (ego),2025,2
28,195,terrence mitchell,Terrence Mitchell,1632.5,1707.3,89,5,NC Hammer,nc hammer (YCC-U17),2025,605028354
29,7,michael aderhold,Michael Aderhold,1632.4,2106.2,183,7,Scandal,scandal (women's),2026,336592921
30,71,michael dagher-margosian,Michael Dagher-Margosian,1632.4,1840.1,97,2,Michigan (MagnUM),michigan (magnum),2026,10
31,170,david wu,David Wu,1630.7,1722.5,85,11,Lexington Catholic High School (Knights),lexington catholic high school (knights) (HS),2022,271581193
32,121,angela lin,Angela Lin,1630.6,1766.6,133,2,Oregon (Fugue),oregon (fugue),2026,2097184
33,2,jessica jones,Jessica Jones,1629.8,2317.3,356,4,Phoenix,phoenix (women's),2026,1073741872
34,21,nick kaczmarek,Nick Kaczmarek,1628.3,1983.6,193,2,SORD,sord,2021,7
35,73,sam losen,Sam Losen,1628.1,1839.4,70,1,Massachusetts (Zoodisc),massachusetts (zoodisc),2026,2
36,23,david fry,David Fry,1627.9,1968.5,138,4,Holy Family Catholic (Omega),holy family catholic (omega) (HS girls),2019,1210056720
37,8,cody mills,Cody Mills,1626.9,2092.2,317,5,PoNY,pony,2026,3
38,66,darryl stanley,Darryl Stanley,1626.6,1846.0,252,4,Maryland (Maryland Ultimate),maryland (maryland ultimate),2023,3
39,218,kristine gill,Kristine Gill,1626.6,1699.0,134,3,Montgomery Blair (Blair Ultimate),montgomery blair (blair ultimate) (HS),2026,1048592
40,63,dave truesdale,Dave Truesdale,1626.5,1857.3,74,3,St Olaf (Berzerkers),st olaf (berzerkers),2024,67108870
41,780,michael lee,Michael Lee,1626.4,1584.8,257,7,North Carolina State (NC State Alpha),north carolina state (nc state alpha),2026,603979779
42,363,anne gordon,Anne Gordon,1625.7,1645.9,18,2,Cali Roll,cali roll,2025,32
43,161,joe costello,Joe Costello,1625.7,1729.0,52,5,Amherst Regional (Hurricanes),amherst regional (hurricanes),2022,68157443
44,91,adrian king,Adrian King,1625.4,1806.6,113,4,Revolver,revolver,2025,3
45,169,isaac kinton,Isaac Kinton,1625.2,1722.6,80,1,Maryland (Maryland Ultimate),maryland (maryland ultimate),2026,2
46,243,aaron stern,Aaron Stern,1624.9,1689.7,220,12,East Chapel Hill (ECHHS Open),east chapel hill (echhs open) (HS),2026,739246121
47,15,sangwha hong,Sangwha Hong,1624.2,2022.9,150,2,Tufts (EWO),tufts (ewo),2025,32
48,76,david kroupa,David Kroupa,1621.9,1828.6,229,12,The Killjoys,the killjoys,2021,443547649
49,46,russell wallack,Russell Wallack,1620.9,1902.8,111,1,Massachusetts (Zoodisc),massachusetts (zoodisc),2020,2
50,44,robin davis,Robin Davis,1620.8,1905.6,304,1,Stanford (Stanford (Superfly)),stanford (stanford (superfly)),2026,32
51,24,molica anderson,Molica Anderson,1619.8,1962.5,116,1,Revolver,revolver,2026,1
52,74,owen westbrook,Owen Westbrook,1619.5,1837.6,73,1,Colorado (Mamabird),colorado (mamabird),2022,2
53,32,logan weiss,Logan Weiss,1617.8,1943.7,93,1,Carleton College (Syzygy),carleton college (syzygy),2026,32
54,111,kevin yngve,Kevin Yngve,1617.5,1779.8,144,5,Chicago Machine,chicago machine,2023,67108867
55,608,kyle cox,Kyle Cox,1617.3,1605.5,44,1,Warren Central  (Parakeet Penguins),warren central (parakeet penguins) (HS),2019,1048576
56,1250,matthew duffy,Matthew Duffy,1616.7,1547.8,132,2,Pittsburgh Port Authority,pittsburgh port authority (mixed),2026,40
57,45,josh mccarthy,Josh McCarthy,1616.1,1903.4,152,3,Tufts (EWO (Elephant Women)),tufts (ewo (elephant women)),2023,33
58,877,deirdre abrahamsson,Deirdre Abrahamsson,1616.1,1575.2,59,3,Strath Haven High School (Strath Haven Ultimate),strath haven high school (strath haven ultimate) (HS),2024,540016640
59,98,aidan clements,Aidan Clements,1615.9,1801.5,63,2,St Olaf (Berzerkers),st olaf (berzerkers),2024,6
60,184,dylan best,Dylan Best,1615.9,1711.9,38,3,Pittsburgh (En Sabah Nur),pittsburgh (en sabah nur),2026,67108867
61,81,paul dutille,Paul Dutille,1615.7,1817.5,94,8,Pi+,pi+ (YCC-U20 mixed),2022,271581192
62,357,terry plotkin,Terry Plotkin,1614.7,1648.2,41,2,Four Rivers Charter School (Four Rivers Varsity Girls),four rivers charter school (four rivers varsity girls) (HS girls),2024,3145728
63,82,michael mccune,Michael McCune,1612.2,1817.2,99,10,Bullseye,bullseye (YCC-U20 girls),2026,141557776
64,661,lindi salasko,Lindi Salasko,1611.9,1598.1,25,3,Cali Roll,cali roll,2025,1048608
65,196,claire revere,Claire Revere,1611.5,1707.1,78,5,Chapel Hill (Chapel Hill Boys Ultimate Frisbee),chapel hill (chapel hill boys ultimate frisbee) (HS),2026,68157472
66,151,katherine wilson,Katherine Wilson,1611.4,1741.2,135,3,Oregon (Fugue),oregon (fugue),2026,2097184
67,171,joe strong,Joe Strong,1611.3,1722.5,241,21,Utah Swarm U20 Boys,utah swarm u20 boys (YCC-U20),2026,913309707
68,145,jimmy leppert,Jimmy Leppert,1611.1,1748.2,243,6,Sprocket,sprocket (mixed),2025,27
69,72,sam batson,Sam Batson,1610.8,1839.9,158,3,Truck Stop,truck stop,2025,1048579
70,149,arnoush javaherian,Arnoush Javaherian,1610.5,1742.0,75,4,Neuqua Valley - A (NV Ultimate - A),neuqua valley - a (nv ultimate - a) (HS),2018,605028352
71,190,alex wells,Alex Wells,1610.5,1709.5,174,7,Washington (Sundodgers),washington (sundodgers),2026,68157454
72,252,matt melius,Matt Melius,1609.2,1685.0,69,1,Schwa,schwa (women's),2019,16
73,292,craig harkey,Craig Harkey,1609.2,1669.5,98,2,Western Washington (DIRT),western washington (dirt),2026,3
74,89,jamie nuwer,Jamie Nuwer,1609.2,1808.6,192,1,Stanford (Stanford (Superfly)),stanford (stanford (superfly)),2023,32
75,353,marshall lian,Marshall Lian,1608.4,1649.2,61,3,Massachusetts (Zoodisc),massachusetts (zoodisc),2026,536870914
76,148,steven tong,Steven Tong,1608.3,1745.6,105,7,Flying Piglet,flying piglet (YCC-U17),2026,609222657
77,92,emma frankel,Emma Frankel,1608.2,1805.4,92,1,UCLA (BLU),ucla (blu),2017,32
78,99,morgan zajonc,Morgan Zajonc,1607.9,1798.1,151,1,Oregon (Fugue),oregon (fugue),2026,32
79,215,calan kirkpatrick,Calan Kirkpatrick,1607.7,1699.5,35,1,Massachusetts (Zoodisc),massachusetts (zoodisc),2026,2
80,216,christian foster,Christian Foster,1607.7,1699.5,35,1,Massachusetts (Zoodisc),massachusetts (zoodisc),2026,2
81,246,david webber,David Webber,1607.6,1688.3,44,3,Parkway (Parkway United Ultimate),parkway (parkway united ultimate) (HS),2026,1048576
82,93,tyler kinley,Tyler Kinley,1607.3,1805.0,140,2,Michigan (MagnUM),michigan (magnum),2022,3
83,75,nick tolfa,Nick Tolfa,1607.3,1829.8,146,7,California-Santa Cruz (Sol),california-santa cruz (sol),2026,1880096808
84,106,annelise peters,Annelise Peters,1607.1,1781.4,126,1,Pittsburgh (Danger),pittsburgh (danger),2026,32
85,112,sarah meckstroth,Sarah Meckstroth,1606.1,1777.4,101,4,Carleton College (Syzygy),carleton college (syzygy),2026,1342177312
86,84,louis abramowski,Louis Abramowski,1606.0,1812.8,53,3,Hopkins High School Varsity Boys (Hopkins Hurt Varsity Boys),hopkins high school varsity boys (hopkins hurt varsity boys) (HS),2018,68157440
87,14,elisabeth parker,Elisabeth Parker,1605.9,2023.6,86,3,North Carolina (Pleiades),north carolina (pleiades),2023,134217776
88,33,elizabeth leon,Elizabeth Leon,1605.2,1936.5,157,3,Vermont  (Ruckus),vermont (ruckus),2025,34
89,119,jennifer kwok,Jennifer Kwok,1604.4,1767.3,88,4,Traffic,traffic (women's),2022,48
90,397,gabriel gatewood-wolfe,Gabriel Gatewood-Wolfe,1604.3,1637.8,14,2,OAK Embers,oak embers (YCC-U20 girls),2026,671088640
91,36,philip bowen,Philip Bowen,1604.1,1927.1,300,4,Carleton College (CUT),carleton college (cut),2024,7
92,265,craig fleck,Craig Fleck,1603.7,1678.3,17,1,Roosevelt (Rough Riders),roosevelt (rough riders) (HS),2016,1048576
93,70,parker bray,Parker Bray,1603.4,1841.6,74,1,Georgia (Jojah),georgia (jojah),2022,2
94,157,jason zawitkowski,Jason Zawitkowski,1603.2,1736.6,48,2,Edwardsville-Varsity (Edwardsville Tigers (boys)),edwardsville-varsity (edwardsville tigers (boys)) (HS),2026,1048576
95,152,molly moore,Molly Moore,1603.0,1738.6,104,1,Pittsburgh (Danger),pittsburgh (danger),2020,32
96,110,khalif el-salaam,Khalif El-Salaam,1602.9,1780.1,60,5,DiscNW Bankroll,discnw bankroll (YCC-U20 mixed),2019,806354944
97,179,james greeno,James Greeno,1601.5,1714.6,79,2,Pittsburgh (Danger),pittsburgh (danger),2017,33
98,316,seth collins,SETH COLLINS,1601.4,1660.2,35,2,Madison West High School -JV1 (Madison West Ultimate),madison west high school -jv1 (madison west ultimate) (HS),2023,1048576
99,1224,tyler byrum,Tyler Byrum,1601.3,1549.7,25,2,Wakefield-Arlington Career Center (WACC) (WACC),wakefield-arlington career center (wacc) (wacc) (HS),2026,5242880
100,219,ian andre-knudsen,Ian Andre-Knudsen,1600.8,1698.6,50,6,Minnesota Superior U17B,minnesota superior u17b (YCC-U17),2026,605028353
101,461,andrew fan,Andrew Fan,1600.4,1626.3,35,1,East Chapel Hill (ECHHS Open),east chapel hill (echhs open) (HS),2026,1048576
102,462,daniel zhang,Daniel Zhang,1600.4,1626.3,35,1,East Chapel Hill (ECHHS Open),east chapel hill (echhs open) (HS),2026,1048576
103,278,benjamin murphy,Benjamin Murphy,1599.4,1674.9,42,2,Parcha,parcha (women's),2022,48
104,421,alyssa abbey,Alyssa Abbey,1599.4,1632.1,19,1,Michigan (Flywheel),michigan (flywheel),2015,32
105,422,sarah buranskas,Sarah Buranskas,1599.4,1632.1,19,1,Michigan (Flywheel),michigan (flywheel),2015,32
106,40,christopher strub,Christopher Strub,1599.1,1912.6,109,1,Oregon (Ego),oregon (ego),2026,2
107,41,connor matthews,Connor Matthews,1599.1,1912.6,109,1,Oregon (Ego),oregon (ego),2026,2
108,42,trevor smith,Trevor Smith,1599.1,1912.6,109,1,Oregon (Ego),oregon (ego),2026,2
109,277,peter graffy,Peter Graffy,1598.5,1674.9,78,6,Madison West High School (Madison West Ultimate),madison west high school (madison west ultimate) (HS),2019,68157440
110,378,carol li,Carol Li,1598.4,1641.3,74,3,Northwestern (GungHo),northwestern (gungho),2017,2097184
111,667,andrew roy,Andrew Roy,1598.2,1597.6,39,5,Foggy Bottom Boys,foggy bottom boys,2023,68157442
112,211,justin mattingly,Justin Mattingly,1598.1,1702.9,45,1,Grady High School (Gauntlet),grady high school (gauntlet) (HS),2017,1048576
113,128,henry laseter,Henry Laseter,1598.0,1761.2,32,1,Brown (Brownian Motion),brown (brownian motion),2022,2
114,129,nicholas plotkin,Nicholas Plotkin,1598.0,1761.2,32,1,Brown (Brownian Motion),brown (brownian motion),2022,2
115,56,claire chastain,Claire Chastain,1597.8,1875.1,280,4,Colorado (Quandary),colorado (quandary),2026,134218016
116,125,alyssa weatherford,Alyssa Weatherford,1597.2,1762.9,37,4,Brute Squad,brute squad (women's),2023,134217776
117,704,amber karkiewicz,Amber Karkiewicz,1595.3,1594.0,56,5,Lebanon (Warriors Mixed),lebanon (warriors mixed) (HS mixed),2024,7340032
118,419,jody kissane,Jody Kissane,1595.0,1632.5,29,3,Neuqua Valley Girls (eNVy),neuqua valley girls (envy) (HS girls),2015,136314880
119,375,stephen brandon,Stephen Brandon,1594.9,1643.2,88,2,Auburn (Aetos),auburn (aetos),2017,2
120,127,matthew scallet,MATTHEW SCALLET,1594.9,1761.9,81,3,Foggy Bottom Boys,foggy bottom boys (YCC-U20),2017,67108871
121,371,amira maddison,Amira Maddison,1594.6,1644.2,101,2,Victoria (Vikes),victoria (vikes),2026,32
122,29,alexander crew,Alexander Crew,1594.5,1945.1,171,5,Scandal,scandal (women's),2026,25
123,34,louis burruss,Louis Burruss,1594.1,1930.9,92,5,South Eugene (South Eugene Girls ),south eugene (south eugene girls ) (HS girls),2025,136314928
124,43,jonathan he,Jonathan He,1593.6,1905.6,74,2,British Columbia (Thunderbirds),british columbia (thunderbirds),2026,40
125,226,graham siener,Graham Siener,1593.6,1695.1,24,2,Brooklyn Technical-A (Tech Support),brooklyn technical-a (tech support) (HS),2026,1048576
126,180,michael glass,Michael Glass,1593.1,1714.3,41,4,Oregon Eruption!,oregon eruption! (YCC-U17),2019,4832886784
127,395,robert lewis,Robert Lewis,1592.2,1637.9,59,2,Doublewide,doublewide,2022,3
128,183,matthew bierschenk,Matthew Bierschenk,1591.5,1712.1,69,1,Texas (TUFF),texas (tuff),2019,2
129,25,mike payne,Mike Payne,1591.5,1956.4,75,1,Revolver,revolver,2018,1
130,268,william heyman,William Heyman,1591.5,1677.5,21,1,Pennsbury (Pennsbury),pennsbury (pennsbury) (HS),2019,1048576
131,706,marvin gray,Marvin Gray,1591.3,1594.0,41,1,Warren Central  (Parakeet Penguins),warren central (parakeet penguins) (HS),2019,1048576
132,282,matthew berezan,Matthew Berezan,1591.3,1672.0,91,2,Furious George,furious george,2026,1
133,52,brian whittier,Brian Whittier,1591.2,1882.5,101,2,Carolina Friends School (Fighting Quakers),carolina friends school (fighting quakers) (YCC-U20),2022,68157440
134,213,peter dawson,Peter Dawson,1591.2,1701.6,68,3,Lower Merion (Lady Baba),lower merion (lady baba) (HS girls),2026,2097152
135,467,johnathan predaina,Johnathan Predaina,1591.2,1625.8,29,4,Sun Prairie United - East/West High Schools (Sun Prairie Ultimate A),sun prairie united - east/west high schools (sun prairie ultimate a) (HS),2023,1048576
136,1301,josh hemann,Josh Hemann,1591.0,1545.6,32,4,New Vista (Owls),new vista (owls) (HS mixed),2025,5242880
137,238,robin anthony-petersen,Robin Anthony-Petersen,1590.7,1690.8,30,5,SmOAK,smoak (YCC-U20),2025,607125504
138,510,alex champe,Alex Champe,1590.5,1616.5,78,3,Chicago Machine,chicago machine,2023,1048579
139,231,leigh gorman,Leigh Gorman,1589.7,1693.6,23,1,Middlebury (Middlebury Pranksters),middlebury (middlebury pranksters),2026,96
140,540,mauricio moore,Mauricio Moore,1589.6,1612.8,11,2,Revolution,revolution (women's),2019,16
141,249,gregory cousins,Gregory Cousins,1589.5,1686.9,82,4,Sub Zero,sub zero,2026,68157441
142,167,jay cohen,Jay Cohen,1589.4,1724.2,44,6,Oregon Eruption!,oregon eruption! (YCC-U17),2019,4832886792
143,55,katie weatherhead,Katie Weatherhead,1589.0,1876.8,118,1,Oregon (Fugue),oregon (fugue),2018,32
144,6,robert brazile,Robert Brazile,1588.7,2120.3,187,8,Brute Squad,brute squad (women's),2026,134217840
145,236,phil cherosky,Phil Cherosky,1588.5,1691.7,39,1,Ohio State (Leadbelly),ohio state (leadbelly),2021,2
146,253,maggie bale,Maggie Bale,1588.4,1684.8,70,5,West HS Gorillaz (West HS Gorillaz),west hs gorillaz (west hs gorillaz) (HS girls),2019,140509184
147,257,tyler degirolamo,Tyler DeGirolamo,1588.0,1682.2,37,1,Pittsburgh (En Sabah Nur),pittsburgh (en sabah nur),2014,6
148,118,robert labar,Robert Labar,1587.6,1767.4,42,2,Pennsbury (Pennsbury),pennsbury (pennsbury) (HS),2019,1048578
149,429,paul runge,Paul Runge,1587.6,1630.5,39,5,Parkway (Parkway United Ultimate),parkway (parkway united ultimate) (HS),2025,1048576
150,304,tim dorsch,Tim Dorsch,1587.5,1663.3,71,7,St Louis Storm U20B,st louis storm u20b (YCC-U20),2026,68157440
151,192,andrew neilsen,Andrew Neilsen,1587.4,1709.0,157,6,Chicago Machine,chicago machine,2021,67108865
152,425,evan poulsen,Evan Poulsen,1587.2,1631.5,28,4,Green Canyon-A (Green Canyon A),green canyon-a (green canyon a) (HS),2025,1048578
153,134,josh becker,Josh Becker,1587.2,1757.7,63,1,Michigan (MagnUM),michigan (magnum),2022,2
154,485,kevin hackman,Kevin Hackman,1587.0,1621.2,32,2,Mason High School (Mason Comets Ultimate),mason high school (mason comets ultimate) (HS),2016,1048576
155,95,jackson dolan,Jackson Dolan,1587.0,1803.3,185,6,Flight,flight (women's),2026,68157489
156,420,ryan segal,Ryan Segal,1587.0,1632.3,20,4,DiscNW Blossom,discnw blossom (YCC-U17 girls),2019,1078984704
157,272,jericho barbour,Jericho Barbour,1587.0,1676.5,31,1,Georgia College (Disconnected),georgia college (disconnected),2016,6
158,178,nathan kelley,NATHAN KELLEY,1586.1,1714.7,91,1,Georgia (Jojah),georgia (jojah),2018,2
159,260,morrison smith,Morrison Smith,1586.1,1681.1,150,3,Penn State (Spank),penn state (spank),2026,269484034
160,140,heather ann brauer,Heather Ann Brauer,1586.0,1753.0,46,7,DiscNW - Eclipse,discnw - eclipse (YCC-U17 girls),2017,1075838976
161,126,shaelynn davis,Shaelynn Davis,1585.7,1762.8,56,2,EVU X (EVU X),evu x (evu x) (HS),2026,1048608
162,542,jonathan gunasingham,Jonathan Gunasingham,1585.7,1612.6,59,6,Parkway (Parkway United Ultimate),parkway (parkway united ultimate) (HS),2026,3145728
163,80,samuel lehman,Samuel Lehman,1585.6,1817.9,103,5,DiG,dig,2025,536870913
164,475,tim schoch,Tim Schoch,1585.6,1624.2,100,3,Carleton College (CUT),carleton college (cut),2024,67108867
165,339,jose cespedes,Jose Cespedes,1585.6,1653.7,98,2,Doublewide,doublewide,2018,3
166,156,parker howard,Parker Howard,1585.5,1737.0,70,2,Michigan (MagnUM),michigan (magnum),2022,3
167,281,nicholas mihulka,Nicholas Mihulka,1585.5,1672.3,54,4,Parkway (Parkway United Ultimate),parkway (parkway united ultimate) (HS),2026,1048576
168,797,ben smith,Ben Smith,1585.4,1583.7,30,1,STEM Academy of Knoxville (STEM),stem academy of knoxville (stem) (HS),2022,1048576
169,358,taylor barton,Taylor Barton,1585.4,1646.7,18,1,Brigham Young (CHI),brigham young (chi),2025,2
170,478,jeremy coe,Jeremy Coe,1585.2,1622.6,17,1,St. Charles Preparatory School (St. Charles),st. charles preparatory school (st. charles) (HS),2019,1048576
171,479,matthew perdulla,Matthew Perdulla,1585.2,1622.6,17,1,St. Charles Preparatory School (St. Charles),st. charles preparatory school (st. charles) (HS),2019,1048576
172,240,alexander lerner,Alexander Lerner,1585.0,1690.3,85,6,Triforce,triforce (YCC-U20),2024,605028354
173,138,steve thoennes,Steve Thoennes,1585.0,1753.4,45,6,South Eugene-JV (AXE JV),south eugene-jv (axe jv) (HS),2026,542113800
174,323,thomas nye,Thomas Nye,1584.9,1658.2,30,5,Philadelphia SEPDA,philadelphia sepda (YCC-U20),2025,67108865
175,2318,peter bennett,Peter Bennett,1584.9,1502.8,46,4,Elmhurst (Elmhurst Evolution),elmhurst (elmhurst evolution) (HS),2025,1048576
176,61,edward guo,Edward Guo,1584.3,1861.2,53,2,British Columbia (Thunderbirds),british columbia (thunderbirds),2026,40
177,108,seth reinhardt,Seth Reinhardt,1584.2,1781.0,39,1,BENT,bent (women's),2025,16
178,227,dan hunt,Dan Hunt,1583.7,1695.1,24,2,Hopkins High School (Hopkins Hurt Varsity),hopkins high school (hopkins hurt varsity) (HS),2015,68157440
179,239,leila tunnell,Leila Tunnell,1583.5,1690.6,67,5,Valley Ultimate,valley ultimate (YCC-U20 girls),2026,135266322
180,604,vinh bui,Vinh Bui,1583.4,1605.8,38,2,Oregon State (Beavers),oregon state (beavers),2024,4294967298
181,313,blake trantina,Blake Trantina,1583.2,1661.1,117,4,Minnesota (Minnesota A),minnesota (minnesota a),2026,537919490
182,269,dan hourigan,Dan Hourigan,1583.0,1677.4,311,10,Northeastern (Huskies),northeastern (huskies),2026,68157459
183,315,steven naji,Steven Naji,1583.0,1660.6,62,3,Doublewide,doublewide,2022,39
184,379,taylor white,Taylor White,1582.9,1641.0,62,4,Oregon Eclipse,oregon eclipse (YCC-U17),2026,542113793
185,365,reid thackerson,Reid Thackerson,1582.7,1645.1,54,1,Auburn (Aetos),auburn (aetos),2022,2
186,974,dylan mcphetres,Dylan McPhetres,1582.3,1568.5,32,9,Falmouth (Falmouth Boys Varsity),falmouth (falmouth boys varsity) (HS mixed),2021,1215299632
187,103,michael massad,Michael Massad,1582.1,1790.9,96,5,Carleton College-CHOP (Carleton House of Pancakes),carleton college-chop (carleton house of pancakes),2025,68157447
188,59,megan wilson,Megan Wilson,1582.1,1871.4,117,2,Tufts (EWO),tufts (ewo),2026,32
189,879,aaron knishkowy,Aaron Knishkowy,1581.8,1575.0,19,1,Maryland (Maryland Ultimate),maryland (maryland ultimate),2026,2
190,880,alexander kerr,Alexander Kerr,1581.8,1575.0,19,1,Maryland (Maryland Ultimate),maryland (maryland ultimate),2026,2
191,881,daniel friedman-brown,Daniel Friedman-Brown,1581.8,1575.0,19,1,Maryland (Maryland Ultimate),maryland (maryland ultimate),2026,2
192,230,michael ferguson,Michael Ferguson,1581.7,1694.2,76,3,Schwa,schwa (women's),2024,112
193,631,benjamin wiggins,Benjamin Wiggins,1581.4,1602.3,37,2,Penn State (Spank),penn state (spank),2025,3
194,1065,josh greene,Josh Greene,1581.1,1561.3,130,11,Charlotte Flight,charlotte flight (YCC-U20),2019,605028353
195,334,brian oaks,Brian Oaks,1581.1,1654.1,37,6,Lone Peak Gold (Lone Peak Gold),lone peak gold (lone peak gold) (MS mixed),2025,37748736
196,300,alexander lam,Alexander Lam,1581.0,1665.3,53,2,British Columbia (Thunderbirds),british columbia (thunderbirds),2025,10
197,719,katie gainer,Katie Gainer,1580.5,1592.4,13,2,Paideia School (PythonsGroove Varsity),paideia school (pythonsgroove varsity) (HS girls),2022,136314880
198,481,sam schurer,Sam Schurer,1580.5,1622.2,111,5,Parcha,parcha (women's),2025,136314928
199,547,andrew cohen,Andrew Cohen,1580.4,1611.6,59,3,Chapel Hill High School (Chapel Hill Ultimate Frisbee),chapel hill high school (chapel hill ultimate frisbee) (HS),2018,1048576
200,122,calvin lin,Calvin Lin,1580.2,1766.2,330,5,Texas United,texas united (YCC-U20),2026,68157443
201,87,george brell,George Brell,1580.2,1810.6,128,1,Washington University (Contra),washington university (contra),2026,2
202,399,ethan heiss,Ethan Heiss,1579.7,1637.7,60,2,Georgetown (Justice),georgetown (justice),2026,2
203,1321,chloe wade,Chloe Wade,1579.7,1544.9,9,2,Washington-Liberty (WhirlyNEGS),washington-liberty (whirlynegs) (HS mixed),2025,138412032
204,124,matthew doyle,Matthew Doyle,1579.0,1762.9,105,1,Traffic,traffic (women's),2023,16
205,60,carlos lopez,Carlos Lopez,1578.9,1867.5,165,9,Scandal,scandal (women's),2026,34696331320
206,571,marty collett,Marty Collett,1578.8,1608.8,41,5,Westfield B2 (Westfield B2),westfield b2 (westfield b2) (HS),2018,1048577
207,135,anne worth,Anne Worth,1578.6,1756.3,51,2,XIST,xist (mixed),2025,40
208,794,christopher hatton,Christopher Hatton,1578.5,1583.9,36,2,Garden State Ultimate,garden state ultimate,2017,1
209,606,madeleine frey,Madeleine Frey,1578.5,1605.6,72,3,Georgia Tech (Wreck A),georgia tech (wreck a),2018,48
210,348,brian casey,Brian Casey,1578.5,1651.3,307,5,North Carolina-Wilmington (Seamen),north carolina-wilmington (seamen),2025,70254599
211,645,scott zeman,Scott Zeman,1578.3,1600.5,65,3,Monarch A Boys (Monarch A Boys),monarch a boys (monarch a boys) (HS),2017,1048592
212,10,david allison,David Allison,1577.9,2068.5,561,5,Ring of Fire,ring of fire,2026,51
213,288,kristian johnson,Kristian Johnson,1577.8,1670.1,55,1,Minnesota (Grey Duck),minnesota (grey duck),2023,2
214,335,john cairns,John Cairns,1577.7,1654.0,48,1,Rhino Slam!,rhino slam!,2023,1
215,351,john rice,John Rice,1577.5,1649.4,53,5,BUDA U20B,buda u20b (YCC-U20),2026,603979777
216,220,james sheridan,James Sheridan,1577.4,1697.7,103,12,Berkeley (HC-R) (Berkeley High Coup - Red),berkeley (hc-r) (berkeley high coup - red) (HS),2026,269484042
217,372,cody johnston,Cody Johnston,1577.4,1643.9,27,4,Boulder High School (The Wave (Open)),boulder high school (the wave (open)) (HS),2022,68157441
218,2128,matthew wolkoff,Matthew Wolkoff,1577.3,1509.8,40,4,Bethlehem Central High School (BCHS Ultimate Eagles),bethlehem central high school (bchs ultimate eagles) (HS),2026,68157440
219,1142,joe patton barr,Joe Patton Barr,1577.3,1554.9,52,3,El Cerrito (EC HUC),el cerrito (ec huc) (HS),2024,537919488
220,120,stanley birdsong,Stanley Birdsong,1577.1,1767.2,33,2,Carleton College (CUT),carleton college (cut),2026,134217730
221,117,tallis boyd,Tallis Boyd,1576.9,1768.1,188,3,Sub Zero,sub zero,2019,15
222,529,jonathan monforti,Jonathan Monforti,1576.9,1614.0,134,10,Colorado Small Batch,colorado small batch (women's),2021,72351761
223,158,spencer sheridan,Spencer Sheridan,1576.6,1735.1,84,1,Puget Sound (Clearcut),puget sound (clearcut),2021,96
224,705,mark dicus,Mark Dicus,1576.6,1594.0,70,6,Brooklyn Technical-A (Tech Support),brooklyn technical-a (tech support) (HS),2026,68157440
225,318,rusty brown,Rusty Brown,1576.4,1659.6,80,12,List,list,2021,2081423369
226,4,andrew lovseth,Andrew Lovseth,1576.1,2214.2,185,3,Molly Brown,molly brown (women's),2024,2097168
227,223,jillian goodreau,Jillian Goodreau,1575.8,1697.2,72,2,Underground,underground (women's),2023,48
228,109,kevin johnson,Kevin Johnson,1575.7,1780.5,185,4,Colorado-B (CUCU),colorado-b (cucu),2024,2
229,306,levi archuleta,Levi Archuleta,1575.6,1663.0,17,2,Rocky Mountain High School-Upper (Rocky Mountain ),rocky mountain high school-upper (rocky mountain ) (HS mixed),2018,4194304
230,65,carlo mosca,Carlo Mosca,1575.3,1854.1,196,3,Flipside,flipside (women's),2024,48
231,954,jacob altemus,Jacob Altemus,1575.3,1570.5,48,3,Tanasi,tanasi,2022,1048577
232,1060,yiding hou,Yiding Hou,1575.3,1561.5,29,2,DC Rogue,dc rogue (YCC-U20 girls),2021,134217730
233,78,david hogan,David Hogan,1575.2,1825.7,134,4,Sockeye,sockeye,2022,7
234,773,michael boardman,Michael Boardman,1575.2,1585.3,83,8,Maynard Jackson-Varsity (Maynard Jackson Varsity),maynard jackson-varsity (maynard jackson varsity) (HS),2026,137363456
235,398,mike holt,Mike Holt,1575.1,1637.7,20,4,Utah Swarm U20 Boys,utah swarm u20 boys (YCC-U20),2025,68157442
236,910,amel awadelkarim,Amel Awadelkarim,1575.1,1573.1,36,1,Stanford (Stanford (Superfly)),stanford (stanford (superfly)),2022,32
237,176,will lohre,Will Lohre,1575.0,1718.9,55,1,Oregon (Ego),oregon (ego),2023,2
238,680,keane sumner,Keane Sumner,1574.8,1596.4,33,5,Northfield-Varsity (Northfield Nighthawks),northfield-varsity (northfield nighthawks) (HS),2026,5242880
239,77,victoria lam,Victoria Lam,1574.8,1825.8,48,1,British Columbia (Thunderbirds),british columbia (thunderbirds),2026,32
240,669,eileen murray,Eileen Murray,1574.6,1597.2,44,2,Garden State Ultimate,garden state ultimate,2018,1
241,37,michael lun,Michael Lun,1574.3,1922.8,327,3,Johnny Bravo,johnny bravo,2025,3
242,130,linda morse,Linda Morse,1574.1,1761.1,50,2,Haverford/Bryn Mawr (Sneetches),haverford/bryn mawr (sneetches),2026,2097248
243,1009,danny karlinsky,Danny Karlinsky,1574.1,1565.4,33,1,Washington (Sundodgers),washington (sundodgers),2026,2
244,490,raj maitra,Raj Maitra,1574.0,1619.5,94,2,Sub Zero,sub zero,2026,1048577
245,735,james hill,James Hill,1573.9,1590.1,29,1,Michigan (MagnUM),michigan (magnum),2024,2
246,1134,aaron leavy,Aaron Leavy,1573.8,1555.4,66,7,Boulder (The Wave (Open)),boulder (the wave (open)) (HS),2026,5242880
247,663,nathan gagnon,Nathan Gagnon,1573.7,1597.9,41,3,Charlotte Flight,charlotte flight (YCC-U20),2019,605028352
248,210,corey flynn,Corey Flynn,1573.5,1704.1,41,2,Winchester HS (Whirlwinds),winchester hs (whirlwinds) (HS mixed),2024,4194312
249,548,christopher doyle,Christopher Doyle,1573.4,1611.4,22,1,Mischief,mischief (mixed),2016,8
250,470,ben goossen,Ben Goossen,1573.3,1625.0,33,1,Northeastern (Huskies),northeastern (huskies),2019,2
251,2950,bradley johnson,Bradley Johnson,1573.3,1480.5,69,7,Elmhurst Evolution (Elmhurst Evolution),elmhurst evolution (elmhurst evolution) (HS),2024,68157463
252,264,tasia balding,TASIA BALDING,1573.2,1678.6,39,1,British Columbia (Thunderbirds),british columbia (thunderbirds),2015,32
253,567,carson crouch,Carson Crouch,1573.0,1609.1,33,1,Cal Poly-SLO (SLO Motion),cal poly-slo (slo motion),2025,32
254,568,thalia ward,Thalia Ward,1573.0,1609.1,33,1,Cal Poly-SLO (SLO Motion),cal poly-slo (slo motion),2025,32
255,160,nate wohl,Nate Wohl,1573.0,1731.0,168,19,Edina High School (Edina High School Varsity),edina high school (edina high school varsity) (HS),2023,70254592
256,234,david eddy,David Eddy,1572.5,1693.0,48,1,Minnesota (Grey Duck),minnesota (grey duck),2016,2
257,279,alan hoyle,Alan Hoyle,1572.2,1674.3,180,3,Duke (Swerve),duke (swerve),2026,40
258,310,phillip bevins,Phillip Bevins,1572.1,1662.0,29,3,River's Edge Christian Academy (RECA) (Eagles),river's edge christian academy (reca) (eagles) (HS),2026,1048576
259,544,thomas echols,Thomas Echols,1572.1,1612.1,92,11,East High School (East High School),east high school (east high school) (HS girls),2026,7340040
260,622,lily ledonne,Lily LeDonne,1571.7,1603.5,19,1,Illinois Illusion,illinois illusion (YCC-U20),2026,67108864
261,1931,michael malloy,Michael Malloy,1571.7,1516.7,30,1,Georgetown (Catholic Justice),georgetown (catholic justice),2018,2
262,101,carl chan,Carl Chan,1571.7,1797.0,78,1,Air Force (Afterburn),air force (afterburn),2019,6
263,307,zach kaylor,Zach Kaylor,1571.6,1662.7,151,10,Mason (Mason Comets Ultimate),mason (mason comets ultimate) (HS),2026,74448897
264,716,esau gotlieb,Esau Gotlieb,1571.5,1592.8,15,2,Hopkins High School Varsity Boys (Hopkins Hurt Varsity Boys),hopkins high school varsity boys (hopkins hurt varsity boys) (HS),2018,1048576
265,682,christina minecci,Christina Minecci,1571.4,1596.2,134,6,Lower Merion (Lady Baba),lower merion (lady baba) (HS girls),2026,137363504
266,302,kevin lai,Kevin Lai,1571.3,1664.5,86,2,XIST,xist (mixed),2025,11
267,175,isaiah bryant,Isaiah Bryant,1571.3,1719.0,102,3,XIST,xist (mixed),2025,42
268,328,jesse bolton,Jesse Bolton,1571.2,1656.4,34,6,Seven Hills Red Winter 2026,seven hills red winter 2026 (YCC-U20),2026,603979776
269,88,james smart,James Smart,1571.1,1810.1,119,5,DiG,dig,2026,68157441
270,601,alan broering,Alan Broering,1571.1,1605.9,88,6,Red Hots - u20,red hots - u20 (YCC-U20),2023,68157441
271,163,brittany taylor,Brittany Taylor,1571.0,1727.7,107,2,Truck Stop,truck stop,2026,33
272,86,robert gough,Robert Gough,1570.9,1810.9,124,1,Schwa,schwa (women's),2025,16
273,1074,brian maulucci,Brian Maulucci,1570.7,1560.3,13,1,NC Hammer,nc hammer (YCC-U17),2025,536870912
274,904,jack helms,Jack Helms,1570.5,1573.3,11,2,H-B Woodlawn Secondary Program (H-B Open),h-b woodlawn secondary program (h-b open) (HS),2024,1048576
275,350,eric badger,Eric Badger,1570.5,1649.4,162,4,Illinois (Rise),illinois (rise),2026,2
276,168,augie kreivenas,Augie Kreivenas,1570.5,1723.8,158,9,Raleigh-Durham United,raleigh-durham united,2026,68157441
277,327,michael baccarini,Michael Baccarini,1570.2,1656.4,84,3,Paideia-Varsity (Gruel),paideia-varsity (gruel) (HS),2026,68157440
278,50,jd hastings,JD Hastings,1569.9,1884.7,160,4,North Carolina (Darkside),north carolina (darkside),2026,67108875
279,413,mito imagawa,Mito Imagawa,1569.9,1634.1,33,2,Macalester (Pursesnatchers ),macalester (pursesnatchers ),2026,96
280,141,benjamin whitenack,Benjamin Whitenack,1569.8,1752.5,73,1,Lewis & Clark (Bacchus ),lewis & clark (bacchus ),2026,6
281,206,bryce merrill,Bryce Merrill,1569.7,1704.7,205,5,Johnny Bravo,johnny bravo,2026,19
282,259,jenny fey,Jenny Fey,1569.6,1681.3,42,3,Scandal,scandal (women's),2022,1048592
283,137,joseph cubitt,Joseph Cubitt,1569.5,1754.1,89,4,Fresh Coast Ultimate,fresh coast ultimate (HS),2026,1048694
284,64,michael denardis,Michael Denardis,1569.4,1856.2,351,3,Phoenix,phoenix (women's),2023,23
285,774,carl aanestad,Carl Aanestad,1569.3,1585.2,23,3,MN Superior U17,mn superior u17 (YCC-U17),2022,537919488
286,247,mark grenier,Mark Grenier,1569.3,1687.6,17,1,Wissahickon High School (Wissahickon Trojans (WUF)),wissahickon high school (wissahickon trojans (wuf)) (HS),2024,1048576
287,228,veronica eder,Veronica Eder,1569.3,1694.7,62,1,California-Santa Barbara (Burning Skirts),california-santa barbara (burning skirts),2019,32
288,431,ryan smith,Ryan Smith,1569.1,1630.4,51,4,Cal State-Long Beach (Pyramid Scheme),cal state-long beach (pyramid scheme),2020,1048579
289,586,denman wagstaff,Denman Wagstaff,1568.8,1607.6,20,4,Eagle High School-Senior (Mustangs A),eagle high school-senior (mustangs a) (HS mixed),2019,4194304
290,417,elijah kerns,Elijah Kerns,1568.4,1632.8,18,2,Gold Rush,gold rush (YCC-U20),2026,67108866
291,945,jayden feagans,Jayden Feagans,1568.3,1571.1,17,3,Ardrey Kell High School (AKult),ardrey kell high school (akult) (HS),2021,68157440
292,1025,james russnogle,James Russnogle,1568.2,1563.9,44,2,Utah (Zion Curtain),utah (zion curtain),2025,2
293,1188,nick hwang,Nick Hwang,1568.1,1552.0,32,3,Nemesis,nemesis (women's),2025,56
294,553,evan swiatek,Evan Swiatek,1567.9,1611.1,18,3,Red Hots - u20,red hots - u20 (YCC-U20),2019,68157441
295,3100,aaron taylor,Aaron Taylor,1567.8,1475.5,62,9,Sky View (Sky View Girls),sky view (sky view girls) (HS girls),2025,45088768
296,165,aaron bell,Aaron Bell,1567.7,1724.6,36,2,Abraham Joshua Heschel (Heschel Heat),abraham joshua heschel (heschel heat) (HS),2025,1048576
297,203,brent reeb,Brent Reeb,1567.6,1705.0,56,3,Westerville North High School (Westerville Airbenders),westerville north high school (westerville airbenders) (HS),2024,5242912
298,620,jack mccleary,Jack McCleary,1567.5,1603.9,58,3,Phoenix,phoenix (women's),2026,68157456
299,444,marc sands,Marc Sands,1567.3,1629.5,16,1,Pennsbury (Pennsbury),pennsbury (pennsbury) (HS),2024,1048576
300,392,sean mccall,Sean McCall,1567.3,1638.5,74,1,Showdown,showdown (women's),2017,16
301,20,ben van heuvelen,Ben Van Heuvelen,1567.0,1993.4,152,1,PoNY,pony,2023,1
302,471,francisco fernandez,Francisco Fernandez,1567.0,1624.5,22,1,Georgia Tech (Tribe),georgia tech (tribe),2025,2
303,359,jacob hartman-kenzler,Jacob Hartman-Kenzler,1566.9,1646.1,32,2,Berkeley High School (Coup Red),berkeley high school (coup red) (HS),2016,1048576
304,360,kyle mcbard,Kyle McBard,1566.9,1646.1,32,2,Berkeley High School (Coup Red),berkeley high school (coup red) (HS),2016,1048576
305,519,marcus lee,Marcus Lee,1566.7,1614.9,16,2,OAK Sparks,oak sparks (YCC-U17),2025,537919488
306,172,mike shyu,Mike Shyu,1566.6,1720.0,132,7,Triangle Tourists Girls,triangle tourists girls,2024,144703536
307,389,trevor graham,Trevor Graham,1566.6,1639.0,103,2,Minnesota (Minnesota A),minnesota (minnesota a),2026,2
308,96,philip hale,Philip Hale,1566.5,1803.0,139,6,Omega Continuum,omega continuum (women's),2026,72351761
309,515,maddy boyle,Maddy Boyle,1566.5,1615.2,33,2,HB Woodlawn Secondary Program (Pandamonium),hb woodlawn secondary program (pandamonium) (HS girls),2026,136314880
310,90,ashika mani,Ashika Mani,1566.4,1807.1,72,1,Pennsylvania (Venus),pennsylvania (venus),2026,32
311,271,devon huang,Devon Huang,1566.4,1677.1,80,6,Stuyvesant (Sticky Fingers ),stuyvesant (sticky fingers ) (HS),2026,1048576
312,136,reid koss,Reid Koss,1566.2,1755.0,68,7,BFG,bfg (mixed),2026,537919496
313,326,nick hamilton,Nick Hamilton,1566.1,1656.5,117,1,Ohio State (Fever),ohio state (fever),2017,32
314,441,david baer,David Baer,1566.1,1629.6,145,7,AMP,amp (mixed),2026,68157450
315,241,jonathan zawitkowski,Jonathan Zawitkowski,1565.8,1690.1,33,1,Edwardsville-Varsity (Edwardsville Tigers (boys)),edwardsville-varsity (edwardsville tigers (boys)) (HS),2026,1048576
316,458,natalie gilmor,Natalie Gilmor,1565.8,1626.7,34,4,Walt Whitman High School (Poets),walt whitman high school (poets) (HS),2023,1048608
317,626,jason draut,Jason Draut,1565.7,1602.8,19,2,OAK Embers,oak embers (YCC-U20 girls),2026,135266304
318,613,trevor charles,Trevor Charles,1565.7,1604.6,37,3,Middletown (Firestarters),middletown (firestarters) (HS),2023,1048576
319,726,gabriel webster,Gabriel Webster,1565.6,1591.3,80,12,School Without Walls X (Flightless Bird Squad),school without walls x (flightless bird squad) (HS girls),2026,544210944
320,286,matt rebholz,Matt Rebholz,1565.6,1670.5,31,1,Ironside,ironside,2016,1
321,256,noah wahl,Noah Wahl,1565.6,1683.9,81,4,Center Grove HS (A) (Trojans (A)),center grove hs (a) (trojans (a)) (HS),2026,72351744
322,221,sophia herscu,Sophia Herscu,1565.4,1697.5,101,2,Slow,slow (mixed),2026,40
323,198,becky malinowski,Becky Malinowski,1565.3,1706.9,55,2,Tufts (EWO (Elephant Women)),tufts (ewo (elephant women)),2021,32
324,727,kyung cho,Kyung Cho,1565.2,1591.1,32,3,Bard Early College (Bardbarians),bard early college (bardbarians) (HS),2025,1049600
325,1401,eileen peach french regan,Eileen Peach French Regan,1565.1,1540.7,17,1,Temple (T.U.F Broads),temple (t.u.f broads),2016,32
326,966,john selfridge,John Selfridge,1565.1,1569.3,39,6,Jordan High School (Combo Meal),jordan high school (combo meal) (HS girls),2019,4339007488
327,796,benjamin gray,Benjamin Gray,1565.1,1583.8,65,1,Georgia (Jojah),georgia (jojah),2016,6
328,556,joshua quackenbush,Joshua Quackenbush,1565.1,1610.8,14,2,Middleborough High School-B (Magic Markers),middleborough high school-b (magic markers) (HS),2016,1048576
329,1162,caleb louie,Caleb Louie,1565.0,1553.5,16,1,Raleigh-Durham United,raleigh-durham united,2025,1
330,921,noah chambers,Noah Chambers,1565.0,1572.6,107,4,Texas United,texas united (YCC-U20),2026,68157475
331,527,sean finlay,Sean Finlay,1564.9,1614.4,21,2,Midtown High School 2022 VARSITY (Gauntlet),midtown high school 2022 varsity (gauntlet) (HS),2022,1048576
332,538,katie sherer,Katie Sherer,1564.8,1613.0,31,1,Macalester (Pursesnatchers ),macalester (pursesnatchers ),2026,96
333,511,aidan mcdermott,Aidan McDermott,1564.8,1616.5,19,1,Saint Louis Priory School (Priory Rebels),saint louis priory school (priory rebels) (HS),2019,1048576
334,245,geoff rexroth,Geoff Rexroth,1564.8,1689.4,38,5,Pitman (Malala),pitman (malala) (HS girls),2018,270532648
335,1847,petter abrahamsson,Petter Abrahamsson,1564.7,1519.7,51,4,Philadelphia Padawans,philadelphia padawans,2019,537919489
336,506,patrick driscoll,Patrick Driscoll,1564.6,1617.4,36,5,Illinois Illusion,illinois illusion (YCC-U20),2026,67108867
337,435,anne westcott,Anne Westcott,1564.6,1629.9,37,5,BUDA,buda (YCC-U20),2018,68157441
338,1209,colleen templeton,Colleen Templeton,1564.6,1550.4,19,1,Queen Cake,queen cake (women's),2016,16
339,229,tracey lo,Tracey Lo,1564.5,1694.7,164,3,Michigan (Flywheel),michigan (flywheel),2026,56
340,258,steven whelan,Steven Whelan,1564.2,1681.9,43,1,Maryland (Maryland Ultimate),maryland (maryland ultimate),2025,2
341,373,nathan woolridge,Nathan Woolridge,1564.2,1643.4,19,1,Cheyenne Mountain High School (Cheyenne Ultimate),cheyenne mountain high school (cheyenne ultimate) (HS),2018,1048576
342,212,colin conner,Colin Conner,1564.1,1702.9,64,1,Pittsburgh (En Sabah Nur),pittsburgh (en sabah nur),2020,2
343,1027,jana krutsinger,Jana Krutsinger,1564.1,1563.9,18,3,Colorado Cutthroat U-20 Girls,colorado cutthroat u-20 girls (YCC-U20 girls),2026,136314896
344,83,carla difilippo,Carla DiFilippo,1563.7,1815.1,150,3,6ixers,6ixers (women's),2026,16
345,1350,joe norskov,Joe Norskov,1563.5,1543.2,37,3,STEM Academy of Knoxville (STEM),stem academy of knoxville (stem) (HS),2022,68157441
346,596,leonard magargee,Leonard Magargee,1563.5,1606.5,29,1,Strath Haven High School (Strath Haven Ultimate),strath haven high school (strath haven ultimate) (HS),2024,1048576
347,748,nicholas hung,Nicholas Hung,1563.3,1588.4,26,1,GOAT,goat,2023,1
348,381,peter van de burgt,Peter van de Burgt,1563.1,1640.4,110,1,Florida State (DUF),florida state (duf),2017,6
349,829,louie bertoncin,Louie Bertoncin,1563.1,1579.8,20,1,Missouri S&T (Miner Threat),missouri s&t (miner threat),2019,6
350,337,christopher graham,Christopher Graham,1563.1,1653.9,82,2,Igneous Ultimate,igneous ultimate (mixed),2026,10
351,589,eliza chang,Eliza Chang,1563.0,1607.5,17,2,Nightlock,nightlock (women's),2026,67108880
352,675,glenn poole,Glenn Poole,1562.9,1596.7,139,4,Wisconsin (Bella Donna),wisconsin (bella donna),2024,268435490
353,1110,dylan darling,Dylan Darling,1562.9,1556.9,23,3,Summit High School (Storm),summit high school (storm) (HS),2016,5242880
354,1491,eric eia,Eric Eia,1562.7,1535.7,7,1,Edinboro (Haggis),edinboro (haggis),2014,2
355,356,dmitriy estrin,Dmitriy Estrin,1562.6,1648.3,82,1,Case Western Reserve (Fighting Gobies[A]),case western reserve (fighting gobies[a]),2025,2
356,251,katie patterson,Katie Patterson,1562.6,1685.2,84,7,Monarch Girls A (Monarch Girls A),monarch girls a (monarch girls a) (HS girls),2024,7340032
357,516,lawrence (larry) david,Lawrence (Larry) David,1562.3,1615.1,88,7,Lexington High School-JV (Fooligans JVA),lexington high school-jv (fooligans jva) (HS),2024,3145728
358,1114,hilary egan,Hilary Egan,1562.1,1556.7,57,3,Colorado (Quandary),colorado (quandary),2022,32
359,294,michael aguilar,Michael Aguilar,1562.0,1668.5,55,2,Catholic High School (Bayou Hazard),catholic high school (bayou hazard) (HS),2017,1048576
360,105,frederic perivier,Frederic Perivier,1562.0,1783.9,181,7,Lakeside-Varsity (Vikings),lakeside-varsity (vikings) (HS),2026,68157441
361,721,mikhail stal,Mikhail Stal,1561.9,1592.2,14,1,Flipside,flipside (women's),2023,16
362,1738,jonah thiele,Jonah Thiele,1561.9,1523.9,71,1,Victoria (Vikes),victoria (vikes),2025,2
363,1043,samuel stark,Samuel Stark,1561.9,1562.9,9,2,Madison MUFAbots U20X,madison mufabots u20x (YCC-U20 mixed),2026,269484032
364,539,emilio panasci,Emilio Panasci,1561.9,1612.9,28,4,Columbia-JV (CHS JV),columbia-jv (chs jv) (HS mixed),2024,5242880
365,808,penny davis,Penny Davis,1561.8,1582.6,32,3,Open Classroom (Open Classroom Penguins),open classroom (open classroom penguins) (MS),2019,4336910336
366,224,erin mirocha,Erin Mirocha,1561.7,1696.1,46,5,St John's (Saint John's Ultimate),st john's (saint john's ultimate),2017,68157542
367,545,caitlyn lee,Caitlyn Lee,1561.7,1612.0,23,1,Brute Squad,brute squad (women's),2023,16
368,48,bob krier,Bob Krier,1561.7,1901.8,201,3,Molly Brown,molly brown (women's),2026,19
369,637,darren mace,Darren Mace,1561.7,1601.7,28,1,Air Force (Afterburn),air force (afterburn),2016,6
370,1755,james pollard,James Pollard,1561.5,1523.1,88,2,Pennsylvania (Void),pennsylvania (void),2024,3
371,782,madison david,Madison David,1561.5,1584.7,31,2,Sky View Girls (Sky View Girls),sky view girls (sky view girls) (HS girls),2019,35651584
372,728,eric zarobila,Eric Zarobila,1561.5,1590.9,44,1,Case Western Reserve (Fighting Gobies[A]),case western reserve (fighting gobies[a]),2023,2
373,254,edi lam,Edi Lam,1561.2,1684.2,47,1,Tufts (EWO),tufts (ewo),2026,32
374,1004,todd schrader,Todd Schrader,1561.1,1566.3,63,1,Texas A&M (Dozen),texas a&m (dozen),2026,2
375,1340,jonathan miles,JONATHAN MILES,1561.0,1543.8,10,1,American Barbecue,american barbecue (mixed),2014,8
376,1481,kellie koester,Kellie Koester,1560.8,1536.3,31,5,Utah Swarm U20 Girls,utah swarm u20 girls (YCC-U20 girls),2026,1210056704
377,598,rachel monnin,Rachel Monnin,1560.7,1606.4,34,3,Belle,belle (YCC-U17 girls),2018,1207959568
378,411,michael gordon,Michael Gordon,1560.7,1634.6,26,4,Pennsbury (Pennsbury),pennsbury (pennsbury) (HS),2016,1048578
379,876,david maniloff,David Maniloff,1560.6,1575.2,79,3,Rally,rally (mixed),2026,268435466
380,204,hector valdivia,Hector Valdivia,1560.6,1704.8,203,1,Wisconsin (Hodags),wisconsin (hodags),2022,2
381,1704,zachary schuyler,Zachary Schuyler,1560.5,1525.3,31,4,Conspiracy Theory,conspiracy theory,2026,1048577
382,495,brett hulsmeyer,Brett Hulsmeyer,1560.5,1618.8,26,1,Georgia Tech (Tribe),georgia tech (tribe),2026,2
383,496,matthew hardman,Matthew Hardman,1560.5,1618.8,26,1,Georgia Tech (Tribe),georgia tech (tribe),2026,2
384,497,troy baker,Troy Baker,1560.5,1618.8,26,1,Georgia Tech (Tribe),georgia tech (tribe),2026,2
385,2853,asako yamamoto,Asako Yamamoto,1560.5,1483.9,32,3,Swing Vote,swing vote (YCC-U20 mixed),2023,268435464
386,803,ryan birchard,Ryan Birchard,1560.4,1583.5,27,1,Pittsburgh Port Authority,pittsburgh port authority (mixed),2026,8
387,193,nathan kwon,Nathan Kwon,1560.3,1707.9,42,1,North Carolina (Darkside),north carolina (darkside),2020,2
388,242,dave zdenek,Dave Zdenek,1560.2,1689.9,61,4,Great River School (Great River Stars),great river school (great river stars) (HS girls),2018,136314880
389,255,jaimie clay,Jaimie Clay,1560.1,1684.2,36,1,Traffic,traffic (women's),2021,16
390,330,matt childs,Matt Childs,1560.0,1655.7,89,1,Florida State (DUF),florida state (duf),2016,6
391,889,joel maiman,Joel Maiman,1559.8,1574.7,27,2,Maryland (Maryland Ultimate),maryland (maryland ultimate),2022,1048578
392,585,howard place,Howard Place,1559.6,1607.6,105,7,De Smet Jesuit (DUC (De Smet Jesuit) Varsity),de smet jesuit (duc (de smet jesuit) varsity) (HS),2026,1048576
393,1348,benita ki,Benita Ki,1559.6,1543.2,43,3,Seven Hills Gx,seven hills gx,2024,134217824
394,848,kaidan mavros,Kaidan Mavros,1559.4,1578.0,10,1,Illinois Illusion,illinois illusion (YCC-U20),2026,67108864
395,1059,dan raabe,Dan Raabe,1559.4,1561.5,25,2,Equinox,equinox (YCC-U20 mixed),2021,269484032
396,1502,corey furukawa,Corey Furukawa,1559.3,1534.9,16,2,Virginia Vanguard,virginia vanguard (YCC-U20 mixed),2026,268435464
397,30,idris nolan,Idris Nolan,1559.2,1944.8,65,1,Fury,fury (women's),2026,16
398,31,matt tsang,Matt Tsang,1559.2,1944.8,65,1,Fury,fury (women's),2026,16
399,94,spencer latarski,Spencer Latarski,1559.1,1803.4,85,1,Oregon (Ego),oregon (ego),2022,2
400,576,karen grossberg,Karen Grossberg,1559.0,1608.3,70,7,Philadelphia Padawans,philadelphia padawans (YCC-U17),2024,605028353
401,807,ryan tray,Ryan Tray,1558.8,1582.7,42,1,Missouri (Missouri),missouri (missouri),2023,2
402,325,molly roy,Molly Roy,1558.6,1658.0,23,1,Scandal,scandal (women's),2022,16
403,345,kelley hall,Kelley Hall,1558.6,1651.7,67,2,Washington (Element),washington (element),2022,32
404,488,griffin conley,Griffin Conley,1558.6,1619.7,28,6,Falmouth & Waynflete (Falmouth Varsity Girls),falmouth & waynflete (falmouth varsity girls) (HS girls),2026,74448896
405,795,matt reindel,Matt Reindel,1558.4,1583.9,28,3,Lakeville North High School (LUDA),lakeville north high school (luda) (HS),2018,68157440
406,549,ben jones,Ben Jones,1558.3,1611.3,26,3,West HS Mixed A (Krakens Mixed A),west hs mixed a (krakens mixed a) (HS mixed),2019,4194304
407,1050,ari weitzman,Ari Weitzman,1558.2,1562.5,48,3,Big Rig,big rig (mixed),2025,11
408,2428,jessica schueler,Jessica Schueler,1558.1,1498.8,25,2,Summit (Stormbears),summit (stormbears) (HS girls),2026,2097152
409,146,sean liston,Sean Liston,1558.1,1747.1,80,1,Cal Poly-SLO (SLOCORE),cal poly-slo (slocore),2025,2
410,591,ben snell,Ben Snell,1557.9,1606.9,12,2,DiscNW Supreme,discnw supreme (YCC-U20),2018,67108864
411,1423,eric christensen,Eric Christensen,1557.8,1539.4,45,2,Utah (Zion Curtain),utah (zion curtain),2026,34
412,2387,madison pisone,Madison Pisone,1557.6,1500.2,64,1,Pittsburgh (Danger),pittsburgh (danger),2026,32
413,68,jay janin,Jay Janin,1557.6,1843.4,103,3,Summit-Varsity (Storm),summit-varsity (storm) (HS),2026,1048578
414,550,colin hines,Colin Hines,1557.5,1611.3,52,1,North Carolina-Wilmington (Seamen),north carolina-wilmington (seamen),2026,2
415,551,dalton vestal,Dalton Vestal,1557.5,1611.3,52,1,North Carolina-Wilmington (Seamen),north carolina-wilmington (seamen),2026,2
416,1271,christopher lemons,CHRISTOPHER LEMONS,1557.4,1546.5,15,1,G-Unit,g-unit (mixed),2017,8
417,890,charlie herrig,Charlie Herrig,1557.4,1574.7,23,1,Druid Hills High School (Disc Devils),druid hills high school (disc devils) (HS),2019,1048576
418,891,thomas bailey,Thomas Bailey,1557.4,1574.7,23,1,Druid Hills High School (Disc Devils),druid hills high school (disc devils) (HS),2019,1048576
419,660,john rempel,John Rempel,1557.0,1598.6,42,3,INcognito,incognito (YCC-U20 mixed),2019,336592896
420,1113,christopher levasseur,Christopher Levasseur,1557.0,1556.8,7,1,Holliston High School (Holliston Varsity),holliston high school (holliston varsity) (HS),2016,1048576
421,1034,becca holt,Becca Holt,1556.7,1563.3,51,4,Utah Swarm,utah swarm (YCC-U20),2021,73400320
422,314,rim vilgalys,Rim Vilgalys,1556.7,1661.1,25,2,Boxcar,boxcar (mixed),2016,1048584
423,715,bjorn schey,Bjorn Schey,1556.6,1592.8,48,2,Doublewide,doublewide,2023,9
424,222,jonathan stout,Jonathan Stout,1556.5,1697.3,123,2,Brown (Brownian Motion),brown (brownian motion),2026,2
425,1614,zakk mabrey,Zakk Mabrey,1556.5,1529.1,16,3,Brebeuf Jesuit (Braves),brebeuf jesuit (braves) (HS),2021,269484036
426,1467,john reynolds,John Reynolds,1556.4,1537.1,24,3,Middleton High School (Middleton Ultimate),middleton high school (middleton ultimate) (HS),2022,1048576
427,414,howard tong,Howard Tong,1556.3,1634.1,49,7,ATLas,atlas (YCC-U17),2026,537919488
428,2508,wesley dudas,Wesley Dudas,1556.2,1495.8,95,4,Charlotte Flight,charlotte flight (YCC-U20),2026,68157442
429,961,lisa couper,Lisa Couper,1556.1,1569.8,10,1,Alameda Community Learning Center (Dark Meat),alameda community learning center (dark meat) (HS),2016,1048576
430,962,lisa maxwell,LISA MAXWELL,1556.1,1569.8,10,1,Alameda Community Learning Center (Dark Meat),alameda community learning center (dark meat) (HS),2016,1048576
431,472,bruce jacobson,Bruce Jacobson,1556.1,1624.5,48,2,William & Mary (Merry Men),william & mary (merry men),2023,1048578
432,3014,luke heinzen,LUKE HEINZEN,1556.1,1478.5,40,4,St Paul Central (Revolution),st paul central (revolution) (HS girls),2016,74448896
433,489,jake mckean,Jake McKean,1556.1,1619.7,28,3,MN Superior,mn superior (YCC-U20 mixed),2022,269484040
434,729,william graham,William Graham,1556.1,1590.8,121,4,Independence (FLIGHT),independence (flight) (HS),2026,3145728
435,644,cheryl prideaux,Cheryl Prideaux,1555.8,1600.6,225,1,UCLA (BLU),ucla (blu),2026,32
436,1218,ian pratt,Ian Pratt,1555.8,1550.1,16,3,Carolina Sky,carolina sky (YCC-U20),2016,67108865
437,523,andrew nguyen,Andrew Nguyen,1555.7,1614.4,101,7,Walt Whitman (Poets),walt whitman (poets) (HS),2026,72351745
438,433,bil elsinger,Bil Elsinger,1555.6,1630.2,37,2,Roosevelt (Rough Riders),roosevelt (rough riders) (HS),2015,3145728
439,434,mat marcus,MAT MARCUS,1555.6,1630.2,37,2,Roosevelt (Rough Riders),roosevelt (rough riders) (HS),2015,3145728
440,1500,abigail thorpe,Abigail Thorpe,1555.4,1535.0,9,1,Colorado Cutthroat U-17 Girls,colorado cutthroat u-17 girls (YCC-U17 girls),2026,1073741824
441,1597,lisa liu,Lisa Liu,1555.3,1529.7,72,1,MIT (sMITe),mit (smite),2024,32
442,2643,harrison schwarzer,Harrison Schwarzer,1555.2,1490.6,31,3,Drought,drought,2025,9
443,2137,jj mcmonigal,JJ McMonigal,1555.2,1509.6,60,1,Carnegie Mellon (Mr. Yuk),carnegie mellon (mr. yuk),2026,2
444,142,jenny wang,Jenny Wang,1555.2,1749.9,64,1,Stanford (Stanford (Superfly)),stanford (stanford (superfly)),2016,32
445,1411,henry charbeneau,Henry Charbeneau,1555.1,1540.3,34,3,Texas Double Trouble,texas double trouble (YCC-U17),2025,603979778
446,1449,jeff brown,Jeff Brown,1555.1,1538.1,52,2,BUDA U17,buda u17 (YCC-U17),2017,536870914
447,426,andy sieja,Andy Sieja,1555.0,1630.7,45,1,Space Force,space force (mixed),2025,8
448,174,anat gross,Anat Gross,1555.0,1719.2,135,2,Washington University (Iron Horse),washington university (iron horse),2026,1048608
449,1364,sam meyer,Sam Meyer,1554.9,1542.4,23,3,Cathedral High School (Griffin),cathedral high school (griffin) (HS),2017,5242880
450,558,rand wrobel,Rand Wrobel,1554.7,1610.3,62,7,Happy Cows,happy cows (YCC-U20 mixed),2019,806355976
451,1552,emily regan,Emily Regan,1554.6,1531.8,58,4,South High School (South Squall Varsity),south high school (south squall varsity) (HS girls),2018,136314880
452,394,rafael castro,Rafael Castro,1554.6,1638.0,33,1,California (California-Berkeley),california (california-berkeley),2022,2
453,274,gene buonaccorsi,Gene Buonaccorsi,1554.5,1675.4,239,1,Tufts (Elephant Men),tufts (elephant men),2026,2
454,338,molly schneider,Molly Schneider,1554.4,1653.9,35,1,Georgia (Athena),georgia (athena),2026,32
455,460,shawn harr,SHAWN HARR,1554.3,1626.3,36,1,Pine Baroness,pine baroness (women's),2019,16
456,159,kathleen ratcliff,Kathleen Ratcliff,1554.3,1734.3,52,1,Scandal,scandal (women's),2026,16
457,1272,derrell durrett,Derrell Durrett,1554.2,1546.4,38,5,Boulder High School (The Wave (Open)),boulder high school (the wave (open)) (HS),2023,5242880
458,909,isabelle bartter,Isabelle Bartter,1554.2,1573.2,20,3,Cleveland (Warriors),cleveland (warriors) (HS mixed),2025,1078984704
459,1683,lucas tarnowski,Lucas Tarnowski,1554.2,1526.1,44,2,South Carolina (Gamecock Ultimate),south carolina (gamecock ultimate),2018,2
460,826,john knuth,John Knuth,1554.1,1580.1,14,1,The Classical Academy (The Classical Academy),the classical academy (the classical academy) (HS),2018,1048576
461,731,jenna dahl,Jenna Dahl,1554.1,1590.5,52,3,Day Shift,day shift,2024,1073742368
462,971,joseph ricks,Joseph Ricks,1553.9,1568.9,31,5,Berkeley (HC-R) (Berkeley High Coup - Red),berkeley (hc-r) (berkeley high coup - red) (HS),2026,269484032
463,686,patrick marco,Patrick Marco,1553.6,1596.0,21,1,Texas A&M (Dozen),texas a&m (dozen),2015,2
464,3776,linda hamon,Linda Hamon,1553.6,1450.8,29,2,Occidental (WAC),occidental (wac),2022,96
465,4324,joe curtis,Joe Curtis,1553.6,1421.8,70,9,Boulder (Flower Power),boulder (flower power) (HS girls),2026,7340032
466,2576,matthew parisi,Matthew Parisi,1553.4,1493.1,157,1,California-San Diego (Air Squids),california-san diego (air squids),2023,2
467,132,hannah baranes,Hannah Baranes,1553.2,1759.0,122,10,Middlebury (Pranksters),middlebury (pranksters),2026,404750398
468,745,martha plaehn,Martha Plaehn,1553.2,1589.1,11,2,Carrboro (Carrboro Clams),carrboro (carrboro clams) (HS),2025,3145728
469,746,pearl sullivan,Pearl Sullivan,1553.2,1589.1,11,2,Carrboro (Carrboro Clams),carrboro (carrboro clams) (HS),2025,3145728
470,445,evan magsig,Evan Magsig,1553.0,1629.1,80,1,California (Ursa Major),california (ursa major),2024,2
471,387,alicia ekegren,Alicia Ekegren,1553.0,1639.3,26,4,Minnesota Superior U17G,minnesota superior u17g (YCC-U17 girls),2026,1342177304
472,887,ben drevitch,Ben Drevitch,1553.0,1574.8,14,1,Beacon (Beacon Blue Demons),beacon (beacon blue demons) (HS),2026,1048576
473,888,noel sierra,Noel Sierra,1553.0,1574.8,14,1,Beacon (Beacon Blue Demons),beacon (beacon blue demons) (HS),2026,1048576
474,380,blake larson,Blake Larson,1553.0,1641.0,185,4,Washington University (Contra),washington university (contra),2026,67108867
475,97,sheryar ali,Sheryar Ali,1552.9,1801.6,72,7,Midtown-Varsity (Gauntlet (boys)),midtown-varsity (gauntlet (boys)) (HS),2026,68157440
476,1378,christine beaulieu,Christine Beaulieu,1552.9,1541.8,76,1,Lewis & Clark (Artemis),lewis & clark (artemis),2026,96
477,1379,jacob artz,Jacob Artz,1552.9,1541.8,76,1,Lewis & Clark (Artemis),lewis & clark (artemis),2026,96
478,319,jacob chialastri,Jacob Chialastri,1552.9,1659.5,18,1,Milford (Eagles - Boys),milford (eagles - boys) (HS),2019,1048576
479,320,richard weigand,Richard Weigand,1552.9,1659.5,18,1,Milford (Eagles - Boys),milford (eagles - boys) (HS),2019,1048576
480,321,zach sieber,Zach Sieber,1552.9,1659.5,18,1,Milford (Eagles - Boys),milford (eagles - boys) (HS),2019,1048576
481,1194,alyson steinfeld,Alyson Steinfeld,1552.8,1551.5,8,2,Newton North HS Girls A (Newton North Ultimate Girls),newton north hs girls a (newton north ultimate girls) (HS girls),2017,2097152
482,569,james hean,James Hean,1552.8,1608.9,48,1,Iowa (IHUC),iowa (ihuc),2025,2
483,616,bodhi harmony,Bodhi Harmony,1552.7,1604.1,24,3,Chapel Hill High School (Chapel Hill Boys Ultimate Frisbee),chapel hill high school (chapel hill boys ultimate frisbee) (HS),2022,68157440
484,617,dawn culton,Dawn Culton,1552.7,1604.1,24,3,Chapel Hill High School (Chapel Hill Boys Ultimate Frisbee),chapel hill high school (chapel hill boys ultimate frisbee) (HS),2022,68157440
485,618,john laney,John Laney,1552.7,1604.1,24,3,Chapel Hill High School (Chapel Hill Boys Ultimate Frisbee),chapel hill high school (chapel hill boys ultimate frisbee) (HS),2022,68157440
486,619,levi tapper,Levi Tapper,1552.7,1604.1,24,3,Chapel Hill High School (Chapel Hill Boys Ultimate Frisbee),chapel hill high school (chapel hill boys ultimate frisbee) (HS),2022,68157440
487,364,eric holt,Eric Holt,1552.7,1645.9,179,10,Utah State (Scotsmen),utah state (scotsmen),2025,338690058
488,486,anna mckee,Anna McKee,1552.7,1620.9,63,2,Georgia Tech (Wreck A),georgia tech (wreck a),2018,32
489,590,david kaminski,David Kaminski,1552.5,1607.3,36,1,Chapel Hill (Chapel Hill Boys Ultimate Frisbee),chapel hill (chapel hill boys ultimate frisbee) (HS),2026,1048576
490,2754,angelina kim,Angelina Kim,1552.5,1487.2,11,1,Northwestern-B (GungHo B ),northwestern-b (gungho b ),2016,32
491,679,michael merwin,Michael Merwin,1552.5,1596.4,94,4,Madison MUFAbots U20X,madison mufabots u20x (YCC-U20 mixed),2026,872415238
492,2418,maria white,Maria White,1552.5,1499.2,45,2,South High School (South Squall Varsity),south high school (south squall varsity) (HS girls),2018,2097152
493,1410,natalie smith,Natalie Smith,1552.4,1540.3,80,11,Judge Memorial HS (Judge Fall 2018),judge memorial hs (judge fall 2018) (HS mixed),2019,4335861760
494,2500,justin moore,Justin Moore,1552.2,1496.0,58,3,Stanford (Stanford Bloodthirsty),stanford (stanford bloodthirsty),2020,68157442
495,1735,matt zumbrum,Matt Zumbrum,1552.2,1524.0,15,3,Pennsylvania (Venus),pennsylvania (venus),2020,42
496,1431,kenneth mccumber,KENNETH MCCUMBER,1552.2,1538.7,5,2,Acton-Boxborough (Renegade),acton-boxborough (renegade) (HS girls),2014,3145728
497,778,trey lamastres,TREY LAMASTRES,1552.2,1584.9,19,1,Texas (TUFF),texas (tuff),2014,2
498,742,joshua feng,Joshua Feng,1552.2,1589.5,72,6,Maynard Jackson-Varsity (Maynard Jackson Varsity),maynard jackson-varsity (maynard jackson varsity) (HS),2026,873463808
499,566,christopher hickman,Christopher Hickman,1552.2,1609.2,91,9,Carleton College-CHOP (Carleton House of Pancakes),carleton college-chop (carleton house of pancakes),2026,204472326
500,261,claire thallon,Claire Thallon,1552.1,1680.3,26,1,Carleton College (Syzygy),carleton college (syzygy),2026,32
501,1066,ian collins,IAN COLLINS,1552.0,1561.3,16,2,Flying Pig,flying pig (YCC-U20),2015,67108865
502,1267,edward peters,Edward Peters,1552.0,1546.9,43,2,Parcha,parcha (women's),2025,16
503,150,nate taylor,Nate Taylor,1551.9,1741.9,100,1,Brown (Brownian Motion),brown (brownian motion),2026,2
504,592,jody avirgan,Jody Avirgan,1551.8,1606.9,17,1,BENT,bent (women's),2024,16
505,947,benjamin gagne-maynard,Benjamin Gagne-Maynard,1551.8,1571.0,53,2,Wisconsin (Hodags),wisconsin (hodags),2026,2
506,155,johnny ortberg,Johnny Ortberg,1551.7,1737.1,227,7,California-Santa Cruz (Slugs),california-santa cruz (slugs),2026,68157443
507,922,joe burroughs,Joe Burroughs,1551.7,1572.6,18,2,Beacon (Beacon Blue Demons),beacon (beacon blue demons) (HS),2025,1048576
508,405,henry babcock,Henry Babcock,1551.6,1637.1,56,6,Cape Elizabeth (Cape Ultimate - Mixed),cape elizabeth (cape ultimate - mixed) (HS mixed),2025,72351746
509,824,rebecca white,Rebecca White,1551.6,1580.2,27,1,Sky View Girls (Sky View Girls),sky view girls (sky view girls) (HS girls),2019,2097152
510,370,colby chuck,Colby Chuck,1551.6,1644.3,19,2,SmOAK,smoak (YCC-U20),2026,67108864
511,1186,zach floyd,Zach Floyd,1551.5,1552.0,11,1,Florida-B (Florida B),florida-b (florida b),2026,2
512,1243,grant simons,Grant Simons,1551.5,1548.3,31,1,Maryland (Maryland Ultimate),maryland (maryland ultimate),2022,2
513,818,nick stuart,Nick Stuart,1551.5,1581.4,71,1,Washington (Sundodgers),washington (sundodgers),2024,2
514,67,patrick sherlock,Patrick Sherlock,1551.5,1844.9,183,3,AMP,amp (mixed),2023,268435496
515,432,arianne lozano,Arianne Lozano,1551.5,1630.3,12,1,Seven Hills U20 Mixed,seven hills u20 mixed (YCC-U20 mixed),2023,268435456
516,919,de moortele,De Moortele,1551.4,1572.6,21,1,Minnesota (Grey Duck),minnesota (grey duck),2022,2
517,920,tristan van,Tristan Van,1551.4,1572.6,21,1,Minnesota (Grey Duck),minnesota (grey duck),2022,2
518,494,richard bragg,Richard Bragg,1551.3,1618.8,46,1,Georgia Tech (Wreck),georgia tech (wreck),2017,32
519,1078,zoe kinsella,Zoe Kinsella,1551.3,1559.9,7,2,Neap Tide,neap tide (YCC-U17),2026,537919488
520,940,eddie feeley,Eddie Feeley,1551.2,1571.5,6,1,DiscNW (Doomsday),discnw (doomsday) (YCC-U17),2014,536870912
521,233,jace dean,Jace Dean,1551.2,1693.2,27,1,Carleton College (CUT),carleton college (cut),2026,2
522,816,aj campbell,AJ Campbell,1551.2,1581.5,14,2,DEVYL U-17,devyl u-17 (YCC-U17),2023,603979776
523,1903,chathan driehuys,Chathan Driehuys,1551.1,1517.6,23,2,Carrboro High School (Carrboro Clams),carrboro high school (carrboro clams) (HS),2022,68157440
524,1029,thomas newton,Thomas Newton,1551.0,1563.9,20,2,Layton High School (Break Force ),layton high school (break force ) (HS),2016,1048576
525,1254,conan wallace,Conan Wallace,1550.9,1547.5,29,2,Widefield High School (Gladiators),widefield high school (gladiators) (HS),2017,3145728
526,285,jami cashin,Jami Cashin,1550.9,1670.5,41,1,Georgia (Athena),georgia (athena),2024,32
527,799,lisa niemann,Lisa Niemann,1550.7,1583.7,12,2,Franklin High School (Quakers),franklin high school (quakers) (HS),2014,269484032
528,789,nick lenhard,Nick Lenhard,1550.7,1584.3,32,1,SUNY-Buffalo (Green Eggs and Ham),suny-buffalo (green eggs and ham),2026,2
529,790,timothy (tj) burns,Timothy (TJ) Burns,1550.7,1584.3,32,1,SUNY-Buffalo (Green Eggs and Ham),suny-buffalo (green eggs and ham),2026,2
530,1116,jean-philippe gérin,Jean-Philippe Gérin,1550.6,1556.7,18,1,Iris,iris (women's),2016,16
531,1117,mathieu bordeleau,Mathieu Bordeleau,1550.6,1556.7,18,1,Iris,iris (women's),2016,16
532,1582,jeremy yuill,Jeremy Yuill,1550.5,1530.7,57,3,STEM Academy of Knoxville (STEM),stem academy of knoxville (stem) (HS),2022,1048576
533,1123,benjamin brown,Benjamin Brown,1550.4,1556.2,9,1,St. Sebastian's School (Arrows),st. sebastian's school (arrows) (HS),2016,1048576
534,189,jack hochberg,Jack Hochberg,1550.4,1709.6,61,1,Lewis & Clark (Bacchus ),lewis & clark (bacchus ),2026,6
535,976,tulsa douglas,Tulsa Douglas,1550.3,1568.3,11,1,Northeastern (Valkyries A),northeastern (valkyries a),2020,32
536,1175,matthew hanna,Matthew Hanna,1550.3,1552.9,17,1,Temple (Alert),temple (alert),2021,2
537,1176,nicholas larue,Nicholas LaRue,1550.3,1552.9,17,1,Temple (Alert),temple (alert),2021,2
538,607,karl staber,Karl Staber,1550.3,1605.6,9,1,Shrimp,shrimp,2024,1
539,1137,philip jiricko,Philip Jiricko,1550.2,1555.2,65,7,West middle school Krakens (West middle school Krakens),west middle school krakens (west middle school krakens) (MS mixed),2017,38797312
540,476,chuck dudek,Chuck Dudek,1550.2,1624.0,17,2,Minnesota Superior,minnesota superior (YCC-U20),2021,67108864
541,1712,patrick buermeyer,Patrick Buermeyer,1550.2,1524.7,21,1,Oregon Flood,oregon flood (YCC-U20 mixed),2016,268435456
542,635,paul de morgan,Paul De Morgan,1550.1,1602.3,12,3,Utah Swarm U20 Boys,utah swarm u20 boys (YCC-U20),2024,68157442
543,681,devin foster,Devin Foster,1550.1,1596.3,61,3,Dub Club,dub club,2026,3
544,847,daniel plamondon,Daniel Plamondon,1550.1,1578.0,9,1,Round Table-Senior,round table-senior (HS),2026,1048576
545,1992,kathryn ritzmann,Kathryn Ritzmann,1550.0,1514.6,25,3,Swing Vote,swing vote (YCC-U20 mixed),2024,272629768
546,754,shawn dacey,Shawn Dacey,1550.0,1587.6,10,1,Pennsbury (Pennsbury),pennsbury (pennsbury) (HS),2019,1048576
547,1361,young byun,Young Byun,1549.9,1542.5,20,1,Cosa Nostra,cosa nostra (mixed),2016,8
548,1008,xavier moreau,Xavier Moreau,1549.9,1565.6,7,1,Magnitude (Quake)-Senior,magnitude (quake)-senior,2026,1
549,1264,lindsay arnone,Lindsay Arnone,1549.9,1547.0,28,2,Flight,flight (women's),2026,24
550,512,emily woolridge,Emily Woolridge,1549.8,1616.1,107,2,Space Dust,space dust,2026,288
551,3120,abby shure,Abby Shure,1549.8,1475.0,70,4,Northwestern (Lake Effect),northwestern (lake effect),2026,2097186
552,814,dayna vandenavond,Dayna VandenAvond,1549.8,1581.8,17,5,Middleton-Varsity (Middleton Ultimate),middleton-varsity (middleton ultimate) (HS girls),2026,2097168
553,1047,zeke witter,Zeke Witter,1549.7,1562.5,15,2,McFarland High School (McFarland Spartans),mcfarland high school (mcfarland spartans) (HS),2023,3145728
554,3859,christian cortes,Christian Cortes,1549.6,1447.3,135,2,Stanford (Stanford Men's Ultimate Team),stanford (stanford men's ultimate team),2026,2
555,3860,lucas dallmann,Lucas Dallmann,1549.6,1447.3,135,2,Stanford (Stanford Men's Ultimate Team),stanford (stanford men's ultimate team),2026,2
556,1126,xavier fuzat,Xavier Fuzat,1549.5,1555.9,10,2,McNeil  (Mavericks),mcneil (mavericks) (HS),2026,537919488
557,969,shane harris,Shane Harris,1549.5,1569.1,14,1,Alameda Community Learning Center (Dark Meat),alameda community learning center (dark meat) (HS),2016,1048576
558,162,shannon o'malley,Shannon O'Malley,1549.5,1728.8,22,4,DiscNW - Narwhal,discnw - narwhal (YCC-U20 girls),2017,134217728
559,2125,jordan dong,Jordan Dong,1549.4,1509.9,40,3,Neuqua Valley (NV Ultimate HS Boys),neuqua valley (nv ultimate hs boys) (HS),2026,68157440
560,2769,salvatore pace,Salvatore Pace,1549.4,1486.9,20,2,Pueblo  (EC Burns),pueblo (ec burns) (HS),2026,1048576
561,1497,maxwell olesen,Maxwell Olesen,1549.4,1535.2,11,1,Impulse,impulse (YCC-U20),2026,67108864
562,408,keith bucher,Keith Bucher,1549.3,1635.4,41,1,South Eugene (Axemen),south eugene (axemen) (HS),2019,1048576
563,701,sal marino,Sal Marino,1549.3,1594.1,15,2,Middletown (Firestarters),middletown (firestarters) (HS),2019,1048576
564,473,lauren childs,LAUREN CHILDS,1549.2,1624.5,23,1,Williams (La WUFA),williams (la wufa),2016,96
565,2000,kyra khoroujnikova,Kyra Khoroujnikova,1549.2,1514.3,19,1,Utah (Spiral Jetty Ultimate),utah (spiral jetty ultimate),2024,32
566,1892,billy hodges,Billy Hodges,1549.1,1518.0,45,4,Philadelphia Pythons,philadelphia pythons (YCC-U17 girls),2024,1210056720
567,973,becky ledonne,Becky LeDonne,1549.1,1568.7,184,1,Wisconsin (Hodags),wisconsin (hodags),2024,2
568,1300,clint mcsherry,Clint McSherry,1549.1,1545.6,100,1,Duke (Brimstone),duke (brimstone),2026,2
569,593,michael cardello,Michael Cardello,1549.0,1606.8,16,1,Bryant (Bryant Craze),bryant (bryant craze),2018,6
570,1018,chris skindzier,CHRIS SKINDZIER,1549.0,1564.5,23,2,Mason High School (Mason Comets Ultimate),mason high school (mason comets ultimate) (HS),2015,1048576
571,1045,thomas lin,Thomas Lin,1548.9,1562.6,107,3,Hazard,hazard,2025,3
572,610,braden eberhard,Braden Eberhard,1548.9,1605.1,15,2,BUDA U20B,buda u20b (YCC-U20),2024,67108864
573,2510,brenna hokanson,Brenna Hokanson,1548.8,1495.8,25,4,Minnesota Superior,minnesota superior (YCC-U20 girls),2018,136314896
574,1222,miller yoho,Miller Yoho,1548.6,1549.8,42,2,Davidson (DUFF),davidson (duff),2020,1048582
575,459,tim kefalas,Tim Kefalas,1548.5,1626.6,234,3,Johnny Bravo,johnny bravo,2025,3
576,415,dennis tarasi,DENNIS TARASI,1548.5,1633.4,53,1,North Carolina (Darkside),north carolina (darkside),2016,2
577,687,paige howell,Paige Howell,1548.4,1595.9,91,3,Massachusetts (Zoola A),massachusetts (zoola a),2026,96
578,1318,liana bradley,Liana Bradley,1548.4,1545.0,17,2,Colorado Cutthroat U-17 Boys,colorado cutthroat u-17 boys (YCC-U17),2026,536870913
579,725,kyle hancock,Kyle Hancock,1548.4,1591.3,53,4,South Eugene-JV (AXE JV),south eugene-jv (axe jv) (HS),2026,1048592
580,1770,jojo emerson,Jojo Emerson,1548.4,1522.3,23,1,Tufts (EWO (Elephant Women)),tufts (ewo (elephant women)),2019,32
581,1073,adam croissant,Adam Croissant,1548.3,1560.4,24,3,Austin (Austin High Maroons),austin (austin high maroons) (HS),2025,1048577
582,342,jason laxague,Jason Laxague,1548.2,1653.2,37,5,Fossil Ridge (Phantoms),fossil ridge (phantoms) (HS mixed),2019,5242880
583,710,ryan watson,Ryan Watson,1548.2,1593.2,67,3,Tower,tower (mixed),2025,40
584,1746,tom radcliffe,Tom Radcliffe,1548.2,1523.5,91,2,Space Force,space force (mixed),2025,14
585,979,julia weinert,Julia Weinert,1548.1,1568.1,16,1,Michigan (Flywheel),michigan (flywheel),2014,32
586,980,kristin essary,KRISTIN ESSARY,1548.1,1568.1,16,1,Michigan (Flywheel),michigan (flywheel),2014,32
587,1052,steve kenton,Steve Kenton,1548.1,1562.3,20,1,Rhino Slam,rhino slam,2018,1
588,344,ryan belline,Ryan Belline,1548.1,1652.3,161,10,DEVYL U-17,devyl u-17 (YCC-U17),2026,609222665
589,2393,dustin bailey,Dustin Bailey,1548.1,1500.1,43,4,New Vista (Owls),new vista (owls) (HS),2026,5242880
590,708,ethan pollack,Ethan Pollack,1548.0,1593.4,31,1,PoNY,pony,2026,1
591,712,william smolinski,William Smolinski,1548.0,1593.1,31,1,Truck Stop,truck stop,2017,1
592,1608,erin maloney,Erin Maloney,1548.0,1529.5,32,4,South Eugene (Eugene Ladies Ultimate),south eugene (eugene ladies ultimate) (HS girls),2016,140509184
593,324,rosalyn ano,Rosalyn Ano,1547.9,1658.2,152,2,Siege,siege (women's),2022,24
594,464,amber sinicrope,Amber Sinicrope,1547.9,1626.2,92,2,Northeastern (Valkyries A),northeastern (valkyries a),2026,32
595,1624,shannon sullivan,Shannon Sullivan,1547.9,1528.7,7,1,James Madison High School (MadLUV) (Madison),james madison high school (madluv) (madison) (HS girls),2023,2097152
596,1404,jibran mieser,Jibran Mieser,1547.8,1540.5,26,2,Garden State Ultimate,garden state ultimate,2016,1
597,733,timothy martin,Timothy Martin,1547.8,1590.3,139,7,Chain Lightning,chain lightning,2022,605028355
598,688,nate kirchhofer,Nate Kirchhofer,1547.8,1595.7,25,1,California-Santa Barbara (Burning Skirts),california-santa barbara (burning skirts),2025,32
599,689,terra dressler,Terra Dressler,1547.8,1595.7,25,1,California-Santa Barbara (Burning Skirts),california-santa barbara (burning skirts),2025,32
600,235,eric bens,Eric Bens,1547.7,1692.4,36,1,Notre Dame (Womb),notre dame (womb),2018,32
601,308,marika west,MARIKA WEST,1547.7,1662.3,21,1,Paideia School (PythonsGroove Varsity),paideia school (pythonsgroove varsity) (HS girls),2016,2097152
602,2032,ian ladner,Ian Ladner,1547.7,1513.0,39,1,California-Santa Barbara (Black Tide),california-santa barbara (black tide),2022,2
603,2033,william turner,William Turner,1547.7,1513.0,39,1,California-Santa Barbara (Black Tide),california-santa barbara (black tide),2022,2
604,102,christina mickle,Christina Mickle,1547.6,1794.1,126,2,Colorado (Quandary),colorado (quandary),2023,32
605,366,laine cravotta,Laine Cravotta,1547.6,1644.6,24,1,Pennsylvania (Venus),pennsylvania (venus),2026,32
606,463,samuel roberts,Samuel Roberts,1547.6,1626.3,36,1,Oklahoma Christian (Eagles),oklahoma christian (eagles),2026,6
607,1094,kyle cooper,Kyle Cooper,1547.5,1558.8,13,2,Eagle High School-Senior (Mustangs A),eagle high school-senior (mustangs a) (HS mixed),2019,4194304
608,2324,stephanie dunning,Stephanie Dunning,1547.5,1502.6,127,2,Carnegie Mellon (Money Mellons),carnegie mellon (money mellons),2024,48
609,1468,alan salzberg,Alan Salzberg,1547.5,1537.0,13,3,Edward R. Murrow-A (Murrow Magic),edward r. murrow-a (murrow magic) (HS),2026,1048576
610,683,lisa fitton,Lisa Fitton,1547.4,1596.1,8,1,Lost Boys,lost boys,2025,1
611,3099,pericles nacionales,Pericles Nacionales,1547.3,1475.5,46,3,St Paul Central (Revolution),st paul central (revolution) (HS girls),2016,70254592
612,2329,jason cooney,Jason Cooney,1547.3,1502.4,9,2,Maplewood/South Orange Middle (Columbia Cougars (Middle School)),maplewood/south orange middle (columbia cougars (middle school)) (MS),2026,9437184
613,1338,hafeez shams,Hafeez Shams,1547.2,1543.9,23,2,Impulse,impulse (YCC-U20),2018,67108865
614,1959,mac little,Mac Little,1547.2,1515.8,17,3,Helix,helix (YCC-U20),2016,67108865
615,546,michael dzelzgalvis,Michael Dzelzgalvis,1547.2,1611.8,20,2,Pennsbury (Pennsbury),pennsbury (pennsbury) (HS),2024,1048578
616,685,james nguyen,James Nguyen,1547.1,1596.1,45,1,Minnesota (Grey Duck),minnesota (grey duck),2020,2
617,299,ben maxson,Ben Maxson,1547.1,1665.8,71,3,Jordan High School (Jordan Falcons),jordan high school (jordan falcons) (YCC-U20),2020,68157440
618,2563,dan forseter,Dan Forseter,1547.0,1493.6,62,1,Tufts (Elephant Men),tufts (elephant men),2017,2
619,2564,mike bright,MIKE BRIGHT,1547.0,1493.6,62,1,Tufts (Elephant Men),tufts (elephant men),2017,2
620,2565,rob spies,ROB SPIES,1547.0,1493.6,62,1,Tufts (Elephant Men),tufts (elephant men),2017,2
621,559,anraya palmer,Anraya Palmer,1546.8,1610.0,63,5,Galloway (Scots),galloway (scots) (HS),2025,137363472
622,541,amanda cornfeld,Amanda Cornfeld,1546.8,1612.8,12,1,Radnor (Radnor Girls Varsity),radnor (radnor girls varsity) (HS girls),2018,2097152
623,428,jaycee jones,Jaycee Jones,1546.8,1630.5,26,2,Oregon Landslide,oregon landslide (YCC-U20 mixed),2023,268435552
624,532,elizabeth carbajal,Elizabeth Carbajal,1546.7,1613.7,24,1,Austin Disco Club,austin disco club (mixed),2025,8
625,533,matthew (skip) sewell,Matthew (Skip) Sewell,1546.7,1613.7,24,1,Austin Disco Club,austin disco club (mixed),2025,8
626,454,brandon nadres,Brandon Nadres,1546.7,1627.5,70,1,UCLA (Smaug),ucla (smaug),2024,2
627,642,geoff horsfield,Geoff Horsfield,1546.6,1600.7,156,5,Georgetown (Justice),georgetown (justice),2026,269484034
628,1014,peter lenzini,Peter Lenzini,1546.6,1565.0,109,6,St Louis Storm U17B,st louis storm u17b (YCC-U17),2025,605028352
629,1696,tanner yuhas,Tanner Yuhas,1546.5,1525.7,103,2,Rutgers (Machine),rutgers (machine),2026,2
630,1356,jonathan grider,Jonathan Grider,1546.4,1542.7,10,1,Red Wing High School (Air Traffic Control),red wing high school (air traffic control) (HS),2016,1048576
631,1357,michael (mick) wendland,Michael (Mick) Wendland,1546.4,1542.7,10,1,Red Wing High School (Air Traffic Control),red wing high school (air traffic control) (HS),2016,1048576
632,605,tiffanie gallo,Tiffanie Gallo,1546.4,1605.7,176,2,UCLA (BLU),ucla (blu),2026,48
633,652,oliver telfer,Oliver Telfer,1546.3,1599.7,101,1,Victoria (Vikes),victoria (vikes),2026,2
634,994,richard atkins,RICHARD ATKINS,1546.3,1567.3,20,2,PHUEL Forge,phuel forge (YCC-U20 mixed),2016,269484032
635,1437,kelly skewis,Kelly Skewis,1546.2,1538.4,17,1,Pennsylvania (Venus),pennsylvania (venus),2021,32
636,2422,angelo artemakis,Angelo Artemakis,1546.2,1499.0,24,2,Ragtag Ultimate,ragtag ultimate (HS),2019,3145728
637,287,alex cooper,Alex Cooper,1546.2,1670.4,34,1,North Carolina (Darkside),north carolina (darkside),2018,2
638,201,jonah stang-osborne,Jonah Stang-Osborne,1546.2,1705.1,46,2,Massachusetts (Zoodisc),massachusetts (zoodisc),2025,67108866
639,1849,madison head,Madison Head,1546.2,1519.6,56,3,Forsyth Central (Eclipse Ultimate),forsyth central (eclipse ultimate) (HS),2026,1048577
640,659,zachary coehoorn,Zachary Coehoorn,1546.1,1598.8,11,1,Layton High School (Break Force),layton high school (break force) (HS),2014,1048576
641,838,gagan chatha,Gagan Chatha,1546.0,1578.8,36,2,Simon Fraser (SFU Red Leafs),simon fraser (sfu red leafs),2026,2
642,1865,michael emry,Michael Emry,1545.9,1518.9,11,2,North Atlanta High School (NAHS),north atlanta high school (nahs) (HS),2022,1048576
643,1183,mimi recker,Mimi Recker,1545.9,1552.5,29,2,Chick Flicks,chick flicks (HS girls),2026,2097152
644,2812,joseph babbino,Joseph Babbino,1545.9,1485.4,18,1,Columbia (Uptown Local),columbia (uptown local),2017,2
645,700,margo donahue,Margo Donahue,1545.8,1594.5,54,2,Cal Poly-SLO (SLO Motion),cal poly-slo (slo motion),2026,2097184
646,303,gary molano,Gary Molano,1545.8,1663.9,68,1,Southern California (USC Lockdown),southern california (usc lockdown),2019,2
647,207,robert serino,Robert Serino,1545.8,1704.4,35,3,Masconomet Regional High School (Masconomet),masconomet regional high school (masconomet) (HS),2017,1048576
648,391,lisa meeden,Lisa Meeden,1545.7,1638.5,47,4,Strath Haven (Strath Haven Ultimate Girls),strath haven (strath haven ultimate girls) (HS girls),2026,1210056704
649,1536,felicia yang,Felicia Yang,1545.7,1533.4,141,3,UCLA (Smaug),ucla (smaug),2026,3
650,104,matt forster,Matt Forster,1545.6,1785.4,71,1,Carleton College-CHOP (Carleton House of Pancakes),carleton college-chop (carleton house of pancakes),2026,6
651,899,josh jordan,JOSH JORDAN,1545.6,1573.9,11,1,Boise High School (Braves),boise high school (braves) (HS mixed),2019,4194304
652,900,patrick benson,Patrick Benson,1545.6,1573.9,11,1,Boise High School (Braves),boise high school (braves) (HS mixed),2019,4194304
653,1274,claire remington,Claire Remington,1545.6,1546.4,43,1,Victoria (Vikes),victoria (vikes),2024,32
654,194,james highsmith,James Highsmith,1545.6,1707.4,72,2,Chicago Machine,chicago machine,2026,3
655,736,anthony miocic,ANTHONY MIOCIC,1545.5,1590.1,53,5,Chicago YCC U-19,chicago ycc u-19 (YCC-U20),2016,68157441
656,144,joseph durst,Joseph Durst,1545.5,1748.4,183,2,Johnny Bravo,johnny bravo,2025,17
657,1797,benjamin potash,Benjamin Potash,1545.5,1521.2,33,1,Occidental (Detox),occidental (detox),2017,6
658,1414,juli ohsada,Juli Ohsada,1545.4,1540.0,20,1,Victoria (Vikes),victoria (vikes),2023,32
659,955,breeze dawning-strout,Breeze Dawning-Strout,1545.4,1570.3,10,2,South Eugene-JV (AXE JV),south eugene-jv (axe jv) (HS),2026,1048576
660,956,cole eustis,Cole Eustis,1545.4,1570.3,10,2,South Eugene-JV (AXE JV),south eugene-jv (axe jv) (HS),2026,1048576
661,1933,trevor spohr,Trevor Spohr,1545.3,1516.6,133,11,St Louis Storm U20B,st louis storm u20b (YCC-U20),2026,68157441
662,1119,raymond lu,Raymond Lu,1545.3,1556.6,73,1,Michigan (MagnUM),michigan (magnum),2024,2
663,1201,andy borinstein,Andy Borinstein,1545.3,1551.1,18,3,Skyscrapers,skyscrapers (YCC-U20 mixed),2019,336592896
664,1451,kendra mitchell,Kendra Mitchell,1545.2,1538.0,96,4,Brigham Young (CHI),brigham young (chi),2026,134217776
665,1523,aj merriman,AJ Merriman,1545.2,1533.9,93,7,Walt Whitman (Poets),walt whitman (poets) (HS),2025,68157443
666,1108,john montoya,JOHN MONTOYA,1545.2,1557.1,15,1,Alloy,alloy (mixed),2016,8
667,424,ryan mccready,Ryan McCready,1545.1,1631.8,26,1,Brigham Young (CHI),brigham young (chi),2018,32
668,875,chidike iromuanya,Chidike Iromuanya,1545.1,1575.5,12,1,Paideia School (Gruel),paideia school (gruel) (HS),2023,1048576
669,609,william tang,William Tang,1545.1,1605.3,57,3,Royals,royals (mixed),2026,11
670,1017,joshua nadel,Joshua Nadel,1545.0,1564.8,28,2,Chapel Hill (Chapel Hill Boys Ultimate Frisbee),chapel hill (chapel hill boys ultimate frisbee) (HS),2026,537919488
671,293,lylah bannister,Lylah Bannister,1545.0,1668.7,23,2,Paideia (PythonsGroove Varsity),paideia (pythonsgroove varsity) (HS girls),2026,2097152
672,957,simon stone,Simon Stone,1545.0,1570.3,12,2,Arlington High School (PUMAHS),arlington high school (pumahs) (HS),2024,1048576
673,810,samantha broaddus,Samantha Broaddus,1544.9,1582.2,161,1,Grit,grit (women's),2025,16
674,812,michael sodini,Michael Sodini,1544.9,1581.9,39,2,Fox Chapel Area (Fox Chapel Foxes),fox chapel area (fox chapel foxes) (HS),2024,1048578
675,1671,joanne sleigh,Joanne Sleigh,1544.9,1526.4,23,3,Longmeadow High School (Longmeadow Girls Varsity),longmeadow high school (longmeadow girls varsity) (HS girls),2017,3145728
676,1086,jason scott,Jason Scott,1544.8,1559.3,7,1,Abington High School (Abington Ultimate),abington high school (abington ultimate) (HS),2015,1048576
677,614,benson chen,Benson Chen,1544.8,1604.3,43,1,SUNY-Buffalo (Green Eggs and Ham),suny-buffalo (green eggs and ham),2026,2
678,615,eoin joyce,Eoin Joyce,1544.8,1604.3,43,1,SUNY-Buffalo (Green Eggs and Ham),suny-buffalo (green eggs and ham),2026,2
679,2150,abigail austin,Abigail Austin,1544.8,1509.2,27,4,Wakefield Arlington Career Center Yorktown (WACC-Town),wakefield arlington career center yorktown (wacc-town) (HS girls),2024,2097184
680,1419,jonathan egan,Jonathan Egan,1544.8,1539.7,85,4,DEVYL U-17,devyl u-17 (YCC-U17),2026,609222656
681,199,reid bacon,Reid Bacon,1544.7,1705.3,117,2,Texas (TUFF),texas (tuff),2024,18
682,670,rob doyle,Rob Doyle,1544.6,1597.1,63,12,Marcus High School (Marcus (High School Open)),marcus high school (marcus (high school open)) (HS),2019,139460666
683,698,dave richmond,Dave Richmond,1544.4,1594.5,19,4,Sycamore (Airstrike),sycamore (airstrike) (HS mixed),2024,5242880
684,699,josh keyser,Josh Keyser,1544.4,1594.5,19,4,Sycamore (Airstrike),sycamore (airstrike) (HS mixed),2024,5242880
685,1294,claire slattery,Claire Slattery,1544.4,1545.7,27,1,Harvard (Quasar),harvard (quasar),2026,32
686,1295,lauren bertino,Lauren Bertino,1544.4,1545.7,27,1,Harvard (Quasar),harvard (quasar),2026,32
687,1296,zoe honigberg,Zoe Honigberg,1544.4,1545.7,27,1,Harvard (Quasar),harvard (quasar),2026,32
688,878,thomas kasper,Thomas Kasper,1544.4,1575.2,11,1,Saint Louis University High School (SLUH Varsity),saint louis university high school (sluh varsity) (HS),2015,1048576
689,406,aaron wynmor,Aaron Wynmor,1544.3,1635.9,39,1,Vermont (Chill),vermont (chill),2022,2
690,3253,tobey balzer,Tobey Balzer,1544.3,1470.3,76,5,University School of Nashville (USN) (Brutal Grassburn),university school of nashville (usn) (brutal grassburn) (HS),2026,137363488
691,764,matthew graves,Matthew Graves,1544.3,1586.1,193,2,Richmond (Spidermonkeys),richmond (spidermonkeys),2026,6
692,275,sheliemae lai,Sheliemae Lai,1544.2,1675.0,32,1,California-San Diego (UCSD D-Co Womxn's Ultimate),california-san diego (ucsd d-co womxn's ultimate),2019,32
693,939,niko beauchamp,Niko Beauchamp,1544.2,1571.7,46,3,Iowa State (ISUC),iowa state (isuc),2023,272629762
694,825,kelly johnson,Kelly Johnson,1544.1,1580.2,38,3,Western Washington (DIRT),western washington (dirt),2020,69206018
695,1686,jennie lummis,Jennie Lummis,1543.9,1526.0,82,2,Stanford (Stanford (Superfly)),stanford (stanford (superfly)),2020,32
696,537,benjamin haim,Benjamin Haim,1543.9,1613.1,32,3,Columbia (CHS),columbia (chs) (HS),2017,1048578
697,901,ben sadok,Ben Sadok,1543.9,1573.8,8,2,BUDA Open,buda open (YCC-U20),2015,67108865
698,346,tyler bacon,Tyler Bacon,1543.8,1651.7,179,4,California-Davis (Rogue),california-davis (rogue),2026,34
699,1214,lindsay trosvig,Lindsay Trosvig,1543.8,1550.1,19,1,Roseville (Riveters),roseville (riveters) (HS girls),2018,2097152
700,1674,joshuah kapilivsky,Joshuah Kapilivsky,1543.8,1526.3,62,1,Stanford (Stanford Bloodthirsty),stanford (stanford bloodthirsty),2020,2
701,2888,judy jarvis,Judy Jarvis,1543.6,1482.6,39,2,Jughandle,jughandle (mixed),2019,40
702,709,thomas owen,Thomas Owen,1543.5,1593.2,88,1,Vault,vault,2025,1
703,1089,daniel vockeroth,Daniel Vockeroth,1543.4,1559.0,7,1,Neuqua Valley - A (NV Ultimate - A),neuqua valley - a (nv ultimate - a) (HS),2018,1048576
704,1090,dylan power,Dylan Power,1543.4,1559.0,7,1,Neuqua Valley - A (NV Ultimate - A),neuqua valley - a (nv ultimate - a) (HS),2018,1048576
705,1516,charlie landis,CHARLIE LANDIS,1543.3,1534.2,11,2,Bloomington High school South (Bloomington Bullets),bloomington high school south (bloomington bullets) (HS),2017,1048576
706,1144,clare frantz,Clare Frantz,1543.3,1554.9,14,1,Nemesis,nemesis (women's),2021,16
707,1504,emmett blau,Emmett Blau,1543.2,1534.8,15,1,Williams (WUFO),williams (wufo),2018,6
708,1918,matthew hawk,Matthew Hawk,1543.1,1517.1,10,1,Edwardsville (Edwardsville Tigers (girls)),edwardsville (edwardsville tigers (girls)) (HS girls),2026,2097152
709,1327,bryce cannon,Bryce Cannon,1543.1,1544.4,30,1,Virginia Tech (Burn),virginia tech (burn),2020,2
710,646,brittney dos santos,Brittney Dos Santos,1543.0,1600.3,15,1,Toronto (Torontula),toronto (torontula),2026,32
711,2195,dan bellinger,Dan Bellinger,1543.0,1507.3,20,2,Wildfire,wildfire (women's),2018,1048592
712,2534,girish narayanswamy,Girish Narayanswamy,1543.0,1494.8,19,3,Fairview High School (Fairview Mixed),fairview high school (fairview mixed) (HS mixed),2019,5242880
713,1365,zac kuelz,Zac Kuelz,1542.9,1542.3,12,2,Charlotte Flight,charlotte flight (HS),2021,68157440
714,1107,noah weber,Noah Weber,1542.8,1557.2,14,3,Washtenaw Technical Middle College (A-Team) (Air Raid (A)),washtenaw technical middle college (a-team) (air raid (a)) (HS),2019,1048576
715,1879,greg maddox,Greg Maddox,1542.8,1518.3,10,1,James Madison Memorial High School (Memorial Ultimate),james madison memorial high school (memorial ultimate) (HS),2016,1048576
716,1228,benjamin centracchio,Benjamin Centracchio,1542.8,1549.2,75,3,Northeastern-B (Beastern),northeastern-b (beastern),2026,536870914
717,423,joaquin nagle,Joaquin Nagle,1542.8,1631.8,18,1,Molly Brown,molly brown (women's),2022,16
718,718,leo gordon,Leo Gordon,1542.7,1592.6,8,1,SmOAK,smoak (YCC-U20),2026,67108864
719,522,rio chuck,Rio Chuck,1542.7,1614.5,16,2,Happy Cows,happy cows (YCC-U20 mixed),2016,268435464
720,312,jacqueline pierce,Jacqueline Pierce,1542.7,1661.2,65,6,Cape Elizabeth (Cape Ultimate - Girls),cape elizabeth (cape ultimate - girls) (HS girls),2026,1214251056
721,1236,steve sullivan,Steve Sullivan,1542.7,1548.8,15,1,Polar Bears,polar bears (mixed),2024,8
722,684,edward stephens,Edward Stephens,1542.7,1596.1,41,2,Georgia (Athena),georgia (athena),2018,32
723,1825,emma peaslee,Emma Peaslee,1542.6,1520.3,64,4,Minnesota (Minnesota A),minnesota (minnesota a),2026,2097248
724,1705,jesse (jasmit) sidhu,JESSE (JASMIT) SIDHU,1542.6,1525.2,27,3,Franklin Regional (Franklin Regional Ultimate Varsity),franklin regional (franklin regional ultimate varsity) (HS),2017,537919488
725,482,keith raynor,Keith Raynor,1542.6,1622.0,176,3,Wesleyan (Vicious Circles),wesleyan (vicious circles),2026,96
726,883,joseph shea,Joseph Shea,1542.6,1574.9,53,2,ATLiens,atliens (YCC-U20),2023,603979776
727,629,emily jensen,Emily Jensen,1542.5,1602.6,41,1,West HS Gorillaz (West HS Gorillaz),west hs gorillaz (west hs gorillaz) (HS girls),2019,2097152
728,1324,bryan sorensen,Bryan Sorensen,1542.5,1544.6,23,1,Riverton High School (Silverwolves),riverton high school (silverwolves) (HS),2015,1048576
729,1180,shamit dua,Shamit Dua,1542.5,1552.5,89,2,Tulane (Tucks),tulane (tucks),2026,2
730,28,ness fajardo,Ness Fajardo,1542.4,1952.3,68,1,Fury,fury (women's),2022,16
731,2011,mary (patty) king,Mary (Patty) King,1542.4,1513.9,66,3,Iowa State (Woman Scorned),iowa state (woman scorned),2021,69206048
732,115,shannon haupt,Shannon Haupt,1542.3,1772.9,85,1,Pittsburgh (Danger),pittsburgh (danger),2024,32
733,1355,matt randall,Matt Randall,1542.2,1542.8,32,1,North Allegheny  (NAUF ),north allegheny (nauf ) (HS),2017,1048576
734,3436,alejandra maria torres echeverri,Alejandra Maria Torres Echeverri,1542.2,1464.5,13,2,EVOLUTION,evolution,2026,17
735,738,joshua bransford,Joshua Bransford,1542.2,1590.0,17,4,James Madison (MadHouse),james madison (madhouse) (HS),2025,5242880
736,574,peter mancini,Peter Mancini,1542.2,1608.4,72,1,Maryland (Maryland Ultimate),maryland (maryland ultimate),2026,2
737,401,edwin alcorn,Edwin Alcorn,1542.1,1637.7,84,2,Phoenix,phoenix (women's),2019,18
738,3580,bryce lozinski,Bryce Lozinski,1542.1,1458.8,109,1,California-San Diego (Air Squids),california-san diego (air squids),2026,2
739,2992,robert srinivasiah,Robert Srinivasiah,1542.0,1479.2,75,4,Gunn (Control),gunn (control) (HS),2026,1048586
740,1722,nathan brodie,Nathan Brodie,1542.0,1524.4,13,1,Haboob,haboob (women's),2026,16
741,1710,tom lanz,TOM LANZ,1542.0,1524.9,12,1,The Blake School (Bears),the blake school (bears) (HS),2016,1048576
742,181,will savage,Will Savage,1541.9,1713.2,31,1,Williams (WUFO),williams (wufo),2024,6
743,2027,jonah malenfant,Jonah Malenfant,1541.9,1513.2,16,1,Great River School (Great River Stars),great river school (great river stars) (HS),2016,1048576
744,1031,loren whitaker,Loren Whitaker,1541.9,1563.5,5,1,Columbia High School (CHSVFT ),columbia high school (chsvft ) (HS),2018,1048576
745,1506,joshua heacock,Joshua Heacock,1541.8,1534.8,22,2,Columbia-Varsity (Columbia Varsity),columbia-varsity (columbia varsity) (HS),2026,1048608
746,572,alaine wetli,Alaine Wetli,1541.8,1608.6,14,1,Ohio State (Fever),ohio state (fever),2026,32
747,573,joseph rains,Joseph Rains,1541.8,1608.6,14,1,Ohio State (Fever),ohio state (fever),2026,32
748,655,katelyn travaglini,Katelyn Travaglini,1541.8,1599.3,125,1,Florida (FUEL),florida (fuel),2021,32
749,374,evan phillips,Evan Phillips,1541.8,1643.4,33,1,GOAT,goat,2026,1
750,448,ryan thompson,Ryan Thompson,1541.7,1628.2,106,2,Blueprint,blueprint,2024,3
751,1651,john barber,John Barber,1541.6,1527.4,27,2,Michigan Stubble,michigan stubble (YCC-U20),2026,68157440
752,225,lauren franke,Lauren Franke,1541.6,1695.4,87,1,Pittsburgh (Danger),pittsburgh (danger),2021,32
753,781,trent dillon,Trent Dillon,1541.5,1584.8,37,2,Washington (Sundodgers),washington (sundodgers),2024,67108866
754,753,timothy stapleton,Timothy Stapleton,1541.5,1587.8,33,1,Chain Lightning,chain lightning,2022,1
755,1877,henry brecher,Henry Brecher,1541.5,1518.5,71,2,Bentley (Icehouse),bentley (icehouse),2018,6
756,2440,matt burke,Matt Burke,1541.5,1498.0,22,1,Cornell (Buds),cornell (buds),2022,2
757,603,bradley bolliger,Bradley Bolliger,1541.4,1605.8,81,3,Illinois (Rise),illinois (rise),2024,18
758,331,joel ives,Joel Ives,1541.4,1655.5,63,7,Barrel-Aged,barrel-aged,2026,7340288
759,1366,frans lambrechtsen,Frans Lambrechtsen,1541.2,1542.3,14,1,Riverton High School (Silverwolves),riverton high school (silverwolves) (HS),2014,1048576
760,309,zachary trendelman,Zachary Trendelman,1541.2,1662.3,42,3,CIVA Charter High School (Raven MadFLX),civa charter high school (raven madflx) (HS mixed),2019,5242880
761,1062,delilah masket,Delilah Masket,1541.2,1561.4,5,1,OAK Sparks,oak sparks (YCC-U17),2024,536870912
762,1595,breanna bozzuto,Breanna Bozzuto,1541.1,1529.8,11,2,Utah Swarm U20 Girls,utah swarm u20 girls (YCC-U20 girls),2019,134217728
763,1104,giovanni ruggirello,Giovanni Ruggirello,1541.0,1557.7,46,2,West Chester (West Chester),west chester (west chester),2025,2
764,836,sarah eminhizer,Sarah Eminhizer,1541.0,1579.3,17,3,Bentley Upper School-Upper (Bentley Phoenix),bentley upper school-upper (bentley phoenix) (HS),2019,3145728
765,1384,alejandro palomino,Alejandro Palomino,1540.8,1541.4,17,2,Utah Swarm U17 Boys,utah swarm u17 boys (YCC-U17),2022,603979776
766,85,daniel zhu,Daniel Zhu,1540.6,1811.4,100,1,North Carolina (Darkside),north carolina (darkside),2026,2
767,483,parker yellick,Parker Yellick,1540.6,1621.8,14,3,MN Superior,mn superior (YCC-U20 mixed),2026,270532616
768,1434,joanna maida,Joanna Maida,1540.5,1538.5,10,1,DEVYL U-17,devyl u-17 (YCC-U17),2026,536870912
769,2130,andrew feller,Andrew Feller,1540.5,1509.8,17,1,Utah (Zion Curtain),utah (zion curtain),2017,2
770,579,makayla jones-klausing,Makayla Jones-Klausing,1540.5,1608.1,14,2,Minnesota Superior U20G,minnesota superior u20g (YCC-U20 girls),2026,134217744
771,2153,gregg watkins,GREGG WATKINS,1540.4,1509.0,17,1,Myers Park High School (Myers Park Mustangs),myers park high school (myers park mustangs) (HS),2015,1048576
772,1659,oliver atkinson,Oliver Atkinson,1540.3,1527.1,38,1,Utah (Zion Curtain),utah (zion curtain),2018,2
773,1777,richard dusold,Richard Dusold,1540.3,1522.0,6,1,L.C. Anderson High School (Anderson High School),l.c. anderson high school (anderson high school) (HS),2019,1048576
774,656,jenilyn reeves,Jenilyn Reeves,1540.3,1599.0,40,3,Brigham Young (CHI),brigham young (chi),2018,1048608
775,768,andrew press,Andrew Press,1540.3,1585.8,14,2,Xaverian Brothers High School-JV (Xaverian Brothers High School JV),xaverian brothers high school-jv (xaverian brothers high school jv) (HS),2016,1048576
776,935,cici donovan,CiCi Donovan,1540.2,1571.9,15,1,South High School (South Squall Varsity),south high school (south squall varsity) (HS girls),2016,2097152
777,936,daniel schmit,Daniel Schmit,1540.2,1571.9,15,1,South High School (South Squall Varsity),south high school (south squall varsity) (HS girls),2016,2097152
778,1283,christopher misleh,Christopher Misleh,1540.2,1546.1,6,1,Flying Pig,flying pig (YCC-U20),2014,67108864
779,2012,chris van holmes,Chris Van Holmes,1540.2,1513.9,11,1,Southwest High School (Moose Ultimate Southwest (Girls)),southwest high school (moose ultimate southwest (girls)) (HS girls),2014,2097152
780,1026,chris mazur,Chris Mazur,1540.1,1563.9,6,1,Abraham Joshua Heschel School (Heschel Heat),abraham joshua heschel school (heschel heat) (HS),2017,1048576
781,1344,nicolas swan,Nicolas Swan,1540.1,1543.5,57,1,McGill (MUT),mcgill (mut),2026,2
782,1345,richard bartle-tubbs,Richard Bartle-Tubbs,1540.1,1543.5,57,1,McGill (MUT),mcgill (mut),2026,2
783,400,alissa soo,Alissa Soo,1540.1,1637.7,19,2,BFG,bfg (mixed),2024,134217736
784,1505,brady zbikowski,Brady Zbikowski,1540.0,1534.8,5,1,Franklin Regional (Franklin Regional),franklin regional (franklin regional) (HS girls),2014,2097152
785,3575,rebecca driver,Rebecca Driver,1540.0,1458.9,40,10,School Without Walls X (Flightless Bird Squad),school without walls x (flightless bird squad) (HS girls),2026,1215299584
786,1016,joseph sotelo,Joseph Sotelo,1539.9,1564.9,10,2,Xaverian Brothers High School (VARSITY),xaverian brothers high school (varsity) (HS),2016,1048576
787,499,heidi-marie wiggins,Heidi-Marie Wiggins,1539.8,1618.3,14,2,DiscNW - Narwhal,discnw - narwhal (YCC-U20 girls),2017,136314880
788,1901,satchel douglas,Satchel Douglas,1539.7,1517.6,12,2,Alameda Community Learning Center (Dark Meat),alameda community learning center (dark meat) (HS),2019,1048578
789,1667,brian mclaughlin,BRIAN MCLAUGHLIN,1539.6,1526.4,24,1,Columbia (Uptown Local),columbia (uptown local),2019,2
790,1383,carlos contreras,Carlos Contreras,1539.4,1541.4,16,2,Somerville High School-B (Villen Ultimate B Team),somerville high school-b (villen ultimate b team) (HS),2016,1048576
791,600,sean graff,Sean Graff,1539.4,1606.0,221,20,West HS Mixed A (Krakens Mixed A),west hs mixed a (krakens mixed a) (HS mixed),2019,4738514952
792,762,natalie perkins,Natalie Perkins,1539.3,1586.3,15,2,Fossil Ridge (Phantoms),fossil ridge (phantoms) (HS mixed),2019,5242880
793,3740,ryan schoenfeld,Ryan Schoenfeld,1539.3,1452.2,57,2,Nevada-Reno (Black Ice),nevada-reno (black ice),2026,34
794,2653,alice pierce,Alice Pierce,1539.3,1490.4,62,10,Kirkwood (Kirkwood Pioneers),kirkwood (kirkwood pioneers) (HS),2026,3145728
795,2654,chris pierce,Chris Pierce,1539.3,1490.4,62,10,Kirkwood (Kirkwood Pioneers),kirkwood (kirkwood pioneers) (HS),2026,3145728
796,440,stephen lederman,Stephen Lederman,1539.3,1629.7,43,4,Edina High School (Green Lantern Girls),edina high school (green lantern girls) (HS girls),2024,607125504
797,1213,aaron talbot,AARON TALBOT,1539.3,1550.2,11,2,Summit (Avalanche),summit (avalanche) (HS),2017,1048576
798,741,brianna jaffray,Brianna Jaffray,1539.2,1589.8,8,1,Ottawa (UOttawa Gee-Gees),ottawa (uottawa gee-gees),2019,32
799,898,tyler monroe,Tyler Monroe,1539.2,1574.1,63,4,Yorktown (Patriots),yorktown (patriots) (HS),2026,68157441
800,1097,joe ford,Joe Ford,1539.2,1558.6,12,2,Harriton (Rams),harriton (rams) (HS),2022,68157440
801,2889,kenneth allen,Kenneth Allen,1539.2,1482.6,32,1,Northwestern (Claw),northwestern (claw),2025,32
802,3631,jonathan snider,Jonathan Snider,1539.1,1455.9,39,1,Indiana (HoosierMama?s),indiana (hoosiermama?s),2017,2
803,1127,hannah zobitz,Hannah Zobitz,1539.0,1555.9,5,1,Eagan High School (WUFDA),eagan high school (wufda) (HS girls),2018,2097152
804,1128,rachel elbing,Rachel Elbing,1539.0,1555.9,5,1,Eagan High School (WUFDA),eagan high school (wufda) (HS girls),2018,2097152
805,530,william brotman,William Brotman,1539.0,1614.0,82,2,UCLA (Smaug),ucla (smaug),2024,3
806,1586,neil potter,Neil Potter,1539.0,1530.4,6,1,Hunter College High School (Hunter Halcyons),hunter college high school (hunter halcyons) (HS),2023,1048576
807,531,macy vollbrecht,Macy Vollbrecht,1539.0,1614.0,36,1,Stanford (Stanford (Superfly)),stanford (stanford (superfly)),2026,32
808,336,evan johnson,Evan Johnson,1539.0,1654.0,124,3,Mount Holyoke (Daisy Chain),mount holyoke (daisy chain),2022,98
809,290,brent zionic,BRENT ZIONIC,1538.8,1669.7,48,3,Florida Tech (Florida Tech Competitive),florida tech (florida tech competitive),2022,6
810,1454,timothy bobrowski,Timothy Bobrowski,1538.8,1537.9,179,2,Northeastern (Huskies),northeastern (huskies),2025,67108866
811,943,braeden bybee,Braeden Bybee,1538.7,1571.5,7,1,Lone Peak -A (Lone Peak Boys A),lone peak -a (lone peak boys a) (HS),2026,1048576
812,291,shereen rabie,Shereen Rabie,1538.7,1669.6,58,4,Vengeance,vengeance (women's),2023,56
813,1369,chris artibello,Chris Artibello,1538.7,1542.2,6,2,Immortals,immortals,2025,8193
814,1275,neal brincefield,Neal Brincefield,1538.6,1546.3,24,1,East Chapel Hill (ECHHS Open),east chapel hill (echhs open) (HS),2025,1048576
815,1895,genny de jesus,Genny De Jesus,1538.6,1517.8,16,2,Stevens Tech (Stevens Tech),stevens tech (stevens tech),2022,6
816,35,michael zalisk,Michael Zalisk,1538.6,1929.5,157,2,Brute Squad,brute squad (women's),2018,18
817,740,ethan parrish,Ethan Parrish,1538.5,1590.0,22,2,Lakewood High School (Lakewood DEEP),lakewood high school (lakewood deep) (HS),2017,537919488
818,1219,mary carlton,Mary Carlton,1538.4,1549.9,32,2,Temple  (TUF),temple (tuf),2022,32
819,1408,leah jameson,Leah Jameson,1538.4,1540.4,30,1,Arizona State (Caliente),arizona state (caliente),2026,32
820,772,jacob miller,Jacob Miller,1538.2,1585.5,9,1,Utah Swarm U20 Boys,utah swarm u20 boys (YCC-U20),2023,67108864
821,978,claire schmitt,Claire Schmitt,1538.2,1568.1,45,1,Chicago (Fission),chicago (fission),2025,2
822,1812,sara liang,Sara Liang,1538.2,1520.7,25,1,Carnegie Mellon (Mr. Yuk),carnegie mellon (mr. yuk),2026,2
823,779,william obryan,William OBryan,1538.1,1584.9,46,1,Florida (FUEL),florida (fuel),2025,32
824,1115,dylan hoffman,Dylan Hoffman,1538.1,1556.7,9,1,Mason High School (Mason Comets Ultimate),mason high school (mason comets ultimate) (HS),2016,1048576
825,1925,dovrah plotkin,Dovrah Plotkin,1538.1,1516.9,10,3,Four Rivers Public Charter School (Four Rivers Varsity Girls),four rivers public charter school (four rivers varsity girls) (HS girls),2025,2097152
826,1024,jordan o'neill,Jordan O'Neill,1538.1,1564.0,8,1,Ohio State (Leadbelly),ohio state (leadbelly),2020,2
827,3295,maya powell,Maya Powell,1538.0,1469.2,45,5,Triangle Tourists Girls,triangle tourists girls,2024,1476395056
828,1111,tom rath,Tom Rath,1538.0,1556.9,14,1,Evanston Township High School (Wildkits),evanston township high school (wildkits) (HS),2016,1048576
829,2252,chris lehmann,Chris Lehmann,1538.0,1505.3,112,8,Philadelphia Forge,philadelphia forge (YCC-U20 mixed),2026,271581193
830,4045,grant erickson,Grant Erickson,1538.0,1438.5,38,2,Mahtomedi High School (MAUL),mahtomedi high school (maul) (HS),2017,68157440
831,1022,patrick mooney,Patrick Mooney,1537.8,1564.1,9,2,Team Canada Open,team canada open,2024,3
832,1832,aaron hoshide,Aaron Hoshide,1537.8,1520.1,19,1,Berry (Bucks),berry (bucks),2026,6
833,1833,ivan khoo,Ivan Khoo,1537.8,1520.1,19,1,Berry (Bucks),berry (bucks),2026,6
834,1834,michael johnson,Michael Johnson,1537.8,1520.1,19,1,Berry (Bucks),berry (bucks),2026,6
835,2181,nicholas lambert,Nicholas Lambert,1537.8,1507.8,28,1,Connecticut (UConn Huskies),connecticut (uconn huskies),2026,2
836,1776,max moore,Max Moore,1537.8,1522.1,43,1,Northwestern (NUT),northwestern (nut),2020,2
837,1397,todd sliva,Todd Sliva,1537.8,1541.0,21,1,Western Washington (Dirt),western washington (dirt),2015,2
838,4417,bill freeman,Bill Freeman,1537.6,1415.8,36,3,West Linn High School (Lions),west linn high school (lions) (HS),2019,68157440
839,468,luke bleers,Luke Bleers,1537.5,1625.3,35,3,Minnesota Superior U17B,minnesota superior u17b (YCC-U17),2024,536870919
840,2489,sakina cotton,Sakina Cotton,1537.5,1496.4,5,1,Cambridge Rindge and Latin (Falcons),cambridge rindge and latin (falcons) (HS girls),2025,2097152
841,1211,stanley strunk,Stanley Strunk,1537.5,1550.4,45,3,Monarch (Monarch Boys A),monarch (monarch boys a) (HS),2026,5242880
842,2108,aaron freedman,Aaron Freedman,1537.4,1510.7,15,1,Brandeis (Banshee),brandeis (banshee),2021,96
843,2360,james wright,James Wright,1537.4,1501.1,14,3,PAHS (NPA),pahs (npa) (HS),2019,5242880
844,2533,brook martin,Brook Martin,1537.4,1494.8,11,1,Dartmouth (Pain Train),dartmouth (pain train),2014,2
845,2956,steven mogielski,Steven Mogielski,1537.4,1480.4,17,1,Carnegie Mellon (Mr. Yuk),carnegie mellon (mr. yuk),2023,2
846,2890,kevin ellis,Kevin Ellis,1537.4,1482.6,7,1,Methacton (MUF),methacton (muf) (HS),2022,1048576
847,1486,tyler rogers-himel,Tyler Rogers-Himel,1537.4,1536.1,12,1,LSU (Purple Haze),lsu (purple haze),2026,2
848,2010,madeleine purcell,Madeleine Purcell,1537.3,1513.9,11,1,Rip Tide,rip tide (YCC-U20 girls),2015,134217728
849,1452,chase hardebeck,Chase Hardebeck,1537.3,1538.0,15,1,Warren Central  (Parakeet Penguins),warren central (parakeet penguins) (HS),2019,1048576
850,2541,jefferson laird,Jefferson Laird,1537.3,1494.5,17,2,Davis Spokes,davis spokes (YCC-U17),2022,537919488
851,2542,rachel sniderman,Rachel Sniderman,1537.3,1494.5,17,2,Davis Spokes,davis spokes (YCC-U17),2022,537919488
852,311,duschia bodet,Duschia Bodet,1537.1,1662.0,68,1,Northeastern (Valkyries A),northeastern (valkyries a),2025,32
853,382,jessica creamer,Jessica Creamer,1537.1,1640.2,54,3,Davenport (Davenport University),davenport (davenport university),2026,112
854,266,mason montgomery,Mason Montgomery,1537.0,1678.2,40,4,Kentucky Khaos,kentucky khaos (YCC-U20),2024,336592904
855,871,jordan rose,JORDAN ROSE,1536.9,1575.8,9,1,Berkeley High School (Coup ),berkeley high school (coup ) (HS),2014,1048576
856,1170,kevin toeneboehn,Kevin Toeneboehn,1536.9,1553.3,45,6,Skyline High School (Skyline Ultimate),skyline high school (skyline ultimate) (HS),2026,5242880
857,832,brian marland,Brian Marland,1536.9,1579.6,22,1,Cornell (Buds),cornell (buds),2025,2
858,833,luke colwell,Luke Colwell,1536.9,1579.6,22,1,Cornell (Buds),cornell (buds),2025,2
859,651,kimberly reynolds,Kimberly Reynolds,1536.8,1599.7,32,3,Middleton High School Varsity (Middleton Varsity),middleton high school varsity (middleton varsity) (HS girls),2023,2097152
860,1354,curtis cammack,Curtis Cammack,1536.8,1542.9,18,2,MN Superior U17 X,mn superior u17 x (YCC-U17),2021,537919488
861,564,nariah-belle woodruff-sims,Nariah-Belle Woodruff-Sims,1536.7,1609.5,12,2,DiscNW Blossom,discnw blossom (YCC-U17 girls),2019,1073741824
862,830,eric williams,ERIC WILLIAMS,1536.7,1579.8,9,1,Independence High School (Flight),independence high school (flight) (HS),2014,1048576
863,3818,rebecca crown,Rebecca Crown,1536.7,1449.0,49,2,The Chad Larson Experience,the chad larson experience (mixed),2025,14
864,1568,brody johnson,Brody Johnson,1536.6,1531.3,25,2,Texas-San Antonio (Velox),texas-san antonio (velox),2020,6
865,641,john hermes,JOHN HERMES,1536.6,1601.2,19,2,Apple Valley High School (Eagles),apple valley high school (eagles) (HS),2016,68157440
866,734,fan zhang,Fan Zhang,1536.5,1590.2,10,1,Wootton High School (Wootton Patriots),wootton high school (wootton patriots) (HS),2018,1048576
867,1951,cameron albert-deitch,Cameron Albert-Deitch,1536.5,1516.1,30,5,Third Rail U20 Bx,third rail u20 bx (YCC-U20),2026,335544320
868,1495,jordan jeffery,Jordan Jeffery,1536.5,1535.4,7,1,Edward R. Murrow (Murrow Magic),edward r. murrow (murrow magic) (HS),2025,1048576
869,2425,george bumgardner,George Bumgardner,1536.5,1498.9,13,1,Juice Box,juice box (women's),2024,16
870,992,mitch kulczak,Mitch Kulczak,1536.5,1567.4,63,1,Washington (Sundodgers),washington (sundodgers),2026,2
871,1049,dan donovan,Dan Donovan,1536.4,1562.5,122,2,Michigan State (ARC),michigan state (arc),2026,10
872,430,elise erickson,Elise Erickson,1536.4,1630.4,44,1,Georgia Tech (Wreck),georgia tech (wreck),2025,32
873,340,andrew thai,Andrew Thai,1536.4,1653.6,23,1,Georgia (Athena),georgia (athena),2022,32
874,341,brooke thompson,Brooke Thompson,1536.4,1653.6,23,1,Georgia (Athena),georgia (athena),2022,32
875,1289,aston horton,Aston Horton,1536.4,1545.8,35,7,Fairview (Fairview GMP),fairview (fairview gmp) (HS girls),2026,7340066
876,2789,jenna perna-elias,Jenna Perna-Elias,1536.3,1486.1,16,1,Smith (Luna Disc ),smith (luna disc ),2018,96
877,1590,fiona cashin,Fiona Cashin,1536.2,1530.2,8,2,Colorado Cutthroat U-17 Boys,colorado cutthroat u-17 boys (YCC-U17),2026,536870913
878,845,bill everhart,Bill Everhart,1536.2,1578.3,28,1,Mad Men,mad men,2025,1
879,1315,tommy gebhardt,Tommy Gebhardt,1536.2,1545.1,93,2,Kansas (Horrorzontals),kansas (horrorzontals),2026,2
880,250,liz hart,Liz Hart,1536.1,1685.2,43,1,Haverford/Bryn Mawr (Sneetches),haverford/bryn mawr (sneetches),2026,96
881,1051,jack williams,Jack Williams,1536.1,1562.4,7,2,WMP There It Is,wmp there it is,2026,1050624
882,2138,rick dykema,Rick Dykema,1536.1,1509.6,16,1,Fresh Coast Ultimate,fresh coast ultimate (HS),2025,1048576
883,2171,sean prichard,Sean Prichard,1536.1,1508.1,167,11,Minnesota Superior U20G,minnesota superior u20g (YCC-U20 girls),2026,134217854
884,1420,george white,George White,1536.1,1539.6,17,1,Wyoming High School (Wyoming Jackrabbits),wyoming high school (wyoming jackrabbits) (HS),2016,1048576
885,79,steve conrad,STEVE CONRAD,1536.1,1818.6,104,1,Holy Family Catholic (Revolution),holy family catholic (revolution) (HS),2019,1048576
886,677,anna updyke,Anna Updyke,1536.0,1596.6,83,3,Jackwagon,jackwagon (women's),2018,48
887,3049,graham whittington,Graham Whittington,1536.0,1476.9,22,1,Myers Park High School (Myers Park Mustangs),myers park high school (myers park mustangs) (HS),2016,1048576
888,1273,james emerson,James Emerson,1535.9,1546.4,5,1,Colorado Cutthroat U-20 Girls,colorado cutthroat u-20 girls (YCC-U20 girls),2026,134217728
889,1554,matthew edmonds,Matthew Edmonds,1535.8,1531.6,13,6,Falmouth - Waynflete (Falmouth Boys Varsity),falmouth - waynflete (falmouth boys varsity) (HS),2025,5242880
890,640,shelby meyer,Shelby Meyer,1535.7,1601.5,21,4,Minnesota Superior U17B,minnesota superior u17b (YCC-U17),2026,805306377
891,673,troe weston,Troe Weston,1535.7,1596.9,34,1,Furious George,furious george,2019,1
892,657,kevin yam,Kevin Yam,1535.7,1598.9,49,3,Claremont (Braineaters),claremont (braineaters),2026,1048582
893,760,casey ikeda,Casey Ikeda,1535.6,1586.4,65,6,Seattle Riot,seattle riot (women's),2022,201326618
894,3176,rhys gretsch,Rhys Gretsch,1535.6,1472.9,113,1,California-Santa Barbara (Black Tide),california-santa barbara (black tide),2026,2
895,283,colin camp,Colin Camp,1535.6,1671.1,51,1,Wisconsin (Hodags),wisconsin (hodags),2016,2
896,284,eric alexander,Eric Alexander,1535.6,1671.1,51,1,Wisconsin (Hodags),wisconsin (hodags),2016,2
897,3844,michael galloy,Michael Galloy,1535.6,1447.9,9,1,Boulder High School B (Wave Y),boulder high school b (wave y) (HS mixed),2021,4194304
898,1907,malcolm bryson,Malcolm Bryson,1535.5,1517.5,51,1,Victoria (Vikes),victoria (vikes),2019,2
899,1976,boris li,Boris Li,1535.4,1515.3,24,1,Penn State (Spank),penn state (spank),2022,2
900,1706,abel zeng,Abel Zeng,1535.4,1525.2,9,1,Swarthmore (Warmothers),swarthmore (warmothers),2025,96
901,582,andrew loughrey,Andrew Loughrey,1535.4,1607.7,24,3,Springfield (Springfield Cougars Ultimate Teams (SCUT)),springfield (springfield cougars ultimate teams (scut)) (HS girls),2026,3145728
902,583,bonny hodges,Bonny Hodges,1535.4,1607.7,24,3,Springfield (Springfield Cougars Ultimate Teams (SCUT)),springfield (springfield cougars ultimate teams (scut)) (HS girls),2026,3145728
903,584,christopher melfi,Christopher Melfi,1535.4,1607.7,24,3,Springfield (Springfield Cougars Ultimate Teams (SCUT)),springfield (springfield cougars ultimate teams (scut)) (HS girls),2026,3145728
904,525,jordan marcy,Jordan Marcy,1535.3,1614.4,43,1,Stanford (Stanford Bloodthirsty),stanford (stanford bloodthirsty),2017,2
905,1440,luis torres,Luis Torres,1535.3,1538.4,32,5,Austin Amigos,austin amigos (YCC-U20),2018,71303169
906,4159,anthony colucci,Anthony Colucci,1535.2,1432.7,54,2,Northwestern (Lake Effect),northwestern (lake effect),2025,2
907,1212,david berg,David Berg,1535.1,1550.3,24,1,Pittsburgh Temper,pittsburgh temper,2026,1
908,924,ben cranor,Ben Cranor,1535.0,1572.2,7,1,Lanier,lanier (HS),2019,1048576
909,925,kate cranor,Kate Cranor,1535.0,1572.2,7,1,Lanier,lanier (HS),2019,1048576
910,1699,ryan thoma,Ryan Thoma,1535.0,1525.5,15,2,SoCal Air Show,socal air show (YCC-U17),2026,537919488
911,1403,donald wood,Donald Wood,1535.0,1540.6,52,2,Pop,pop (women's),2026,18
912,2321,meredith miller,Meredith Miller,1535.0,1502.7,9,2,Mary Washington (Mary Massacre),mary washington (mary massacre),2026,2097216
913,1855,david hasbrook,David Hasbrook,1534.9,1519.2,7,3,RuffSide,ruffside (mixed),2018,268435464
914,1242,scott hastie,Scott Hastie,1534.9,1548.4,36,1,GOAT,goat,2016,1
915,450,kayla fry,Kayla Fry,1534.9,1628.1,76,4,Holy Family Catholic (Omega),holy family catholic (omega) (HS girls),2019,1210056720
916,664,meg harris,Meg Harris,1534.8,1597.8,48,5,Speedway - ATL Schools (ATL Girls Combo Team),speedway - atl schools (atl girls combo team) (HS girls),2022,136314912
917,1133,kate patterson,Kate Patterson,1534.8,1555.5,146,8,Sprocket,sprocket (mixed),2026,402653240
918,322,michael jahn,Michael Jahn,1534.7,1659.3,138,1,Michigan (Flywheel),michigan (flywheel),2026,32
919,676,josh strauss,Josh Strauss,1534.6,1596.6,27,1,Pennsylvania (Void),pennsylvania (void),2024,3
920,625,jacob rathjens,Jacob Rathjens,1534.6,1603.0,21,2,Vault,vault,2019,1048577
921,1668,nicholas libera,Nicholas Libera,1534.6,1526.4,21,2,Middletown High (Firestarters),middletown high (firestarters) (HS),2015,1048576
922,498,todd stevens,Todd Stevens,1534.5,1618.3,23,2,Bard Early College Manhattan-Upper (Ultimaidens),bard early college manhattan-upper (ultimaidens) (HS girls),2026,2097152
923,1261,yausi khajavei,Yausi Khajavei,1534.5,1547.2,57,1,Oregon (Fugue),oregon (fugue),2026,32
924,1377,matt nelson,Matt Nelson,1534.4,1541.8,126,12,Sub Zero,sub zero,2025,605028369
925,986,fred griffin,FRED GRIFFIN,1534.4,1567.6,10,1,BFA Fairfax (Bullets),bfa fairfax (bullets) (HS girls),2014,2097152
926,948,analise huysentruyt,Analise Huysentruyt,1534.3,1570.9,22,1,Northeastern (Valkyries A),northeastern (valkyries a),2019,32
927,2229,jim regetz,Jim Regetz,1534.3,1506.0,19,2,SoCal Air Show,socal air show (YCC-U17),2026,537919488
928,1541,mary sheehan,Mary Sheehan,1534.3,1532.5,5,2,Northampton (Northampton Girls JV),northampton (northampton girls jv) (HS girls),2024,2097152
929,1542,travis norsen,Travis Norsen,1534.3,1532.5,5,2,Northampton (Northampton Girls JV),northampton (northampton girls jv) (HS girls),2024,2097152
930,2504,shawn grund,Shawn Grund,1534.3,1495.9,23,5,Prior Lake (PLUTO Boys),prior lake (pluto boys) (HS),2018,7340032
931,535,sarah helms,Sarah Helms,1534.3,1613.6,15,1,Clemson (Tigerlilies),clemson (tigerlilies),2018,32
932,1409,brian mitchell,Brian Mitchell,1534.3,1540.4,22,1,Montana State  (Rum Runners),montana state (rum runners),2017,2
933,2672,david koch,David Koch,1534.2,1489.8,46,5,Union (New York) (Electric City Plastic),union (new york) (electric city plastic),2026,36700164
934,658,mary timmons,Mary Timmons,1534.2,1598.9,60,6,Bullseye,bullseye (YCC-U20 girls),2026,141557776
935,674,james ranii,James Ranii,1534.2,1596.9,91,3,Parcha,parcha (women's),2023,67108881
936,1593,erin kuehner,Erin Kuehner,1534.1,1529.9,7,1,Neuqua Valley High School (NV Ultimate),neuqua valley high school (nv ultimate) (HS girls),2024,2097152
937,1444,michael gonda,Michael Gonda,1534.1,1538.2,9,2,Boston College High School -B (Eagles),boston college high school -b (eagles) (HS),2015,1048576
938,1878,penny wheeler-abbott,Penny Wheeler-Abbott,1534.1,1518.5,6,3,Falmouth HS Girls 1 (Falmouth HS Girls 1),falmouth hs girls 1 (falmouth hs girls 1) (HS girls),2019,3145728
939,1670,ben feng,Ben Feng,1534.1,1526.4,51,4,Swing Cows,swing cows,2016,268435496
940,951,dana baker,Dana Baker,1534.1,1570.6,16,3,Seven Hills U17 Bx,seven hills u17 bx (YCC-U17),2025,536870944
941,1572,david lindsey,David Lindsey,1534.1,1531.1,7,1,Naperville North High School (Naperville North A),naperville north high school (naperville north a) (HS),2015,1048576
942,1558,jo tams,Jo Tams,1534.1,1531.5,5,1,OAK Embers,oak embers (YCC-U20 girls),2026,134217728
943,153,dongyang chen,Dongyang Chen,1534.0,1738.4,129,4,Washington (Sundodgers),washington (sundodgers),2025,68157442
944,1182,david fuller,DAVID FULLER,1534.0,1552.5,17,2,Sky View High School-JV (Sky View Ultimate X),sky view high school-jv (sky view ultimate x) (HS),2015,1048576
945,393,michael miller,Michael Miller,1534.0,1638.4,22,1,Slow White,slow white (mixed),2016,8
946,3834,dan goodspeed,Dan Goodspeed,1533.9,1448.2,37,4,Niskayuna (Nisky Ultimate),niskayuna (nisky ultimate) (HS girls),2026,3145728
947,1135,manan kothari,Manan Kothari,1533.9,1555.3,27,3,Trident,trident,2026,603979777
948,1252,caleb westfall,Caleb Westfall,1533.8,1547.6,7,1,Warren Central  (Parakeet Penguins),warren central (parakeet penguins) (HS),2018,1048576
949,765,pratik maharjan,Pratik Maharjan,1533.8,1586.1,16,1,BUDA U17 Boys,buda u17 boys (YCC-U17),2024,536870912
950,197,joshua gabella,Joshua Gabella,1533.8,1707.1,78,1,Washington University (Contra),washington university (contra),2025,2
951,983,jeff kula,Jeff Kula,1533.8,1567.7,9,1,Steamboat,steamboat (mixed),2016,8
952,984,nichole kwee,Nichole Kwee,1533.8,1567.7,9,1,Steamboat,steamboat (mixed),2016,8
953,985,ryan gorman,Ryan Gorman,1533.8,1567.7,9,1,Steamboat,steamboat (mixed),2016,8
954,1884,keith zuckerman,Keith Zuckerman,1533.7,1518.2,27,2,Masterman (Centaurs),masterman (centaurs) (HS),2023,1048608
955,1085,kristin poinar,Kristin Poinar,1533.6,1559.4,7,1,Swing Vote,swing vote (YCC-U20 mixed),2016,268435456
956,2315,dan nichols,Dan Nichols,1533.6,1502.8,37,2,Impulse,impulse (YCC-U20),2026,67108865
957,2310,zane thompson-bradley,Zane Thompson-Bradley,1533.5,1503.1,49,4,Radnor (Radnor Girls Varsity),radnor (radnor girls varsity) (HS girls),2026,270532616
958,329,jackie rader,Jackie Rader,1533.5,1656.2,45,3,West HS Gorillaz (West HS Gorillaz),west hs gorillaz (west hs gorillaz) (HS girls),2018,3145728
959,2893,emily flanders,Emily Flanders,1533.5,1482.5,8,1,Lewis & Clark (Artemis),lewis & clark (artemis),2014,96
960,724,alex mundy,Alex Mundy,1533.5,1591.6,84,13,Madison West-JV (Nemea - JV),madison west-jv (nemea - jv) (HS girls),2026,2097168
961,694,alexander trahey,Alexander Trahey,1533.4,1595.0,11,1,Slow,slow (mixed),2026,8
962,1125,megan thomas,Megan Thomas,1533.4,1556.0,61,6,Westfield B2 (Westfield B2),westfield b2 (westfield b2) (HS),2022,3145729
963,1081,ethan peck,Ethan Peck,1533.3,1559.7,9,1,DEVYL,devyl (YCC-U20),2016,67108864
964,757,nicholas calabrese,Nicholas Calabrese,1533.3,1587.4,25,2,Bentley-Miramonte-Campolindo (Run BMC),bentley-miramonte-campolindo (run bmc) (HS),2024,1048576
965,1247,zane pew,Zane Pew,1533.3,1548.1,11,1,Utah Swarm U20 Boys,utah swarm u20 boys (YCC-U20),2026,67108864
966,1938,john patinella,John Patinella,1533.2,1516.5,54,1,Lawless,lawless (mixed),2025,8
967,902,colin lord,Colin Lord,1533.1,1573.6,7,1,Iowa City West (Metallic Wings),iowa city west (metallic wings) (HS),2016,1048576
968,2227,tom crawford,Tom Crawford,1533.1,1506.1,35,2,Swarthmore (Earthworms),swarthmore (earthworms),2022,6
969,776,lanie o'neill,Lanie O'Neill,1533.1,1585.1,18,1,Davenport (Davenport University),davenport (davenport university),2026,96
970,2380,liz keuffer,Liz Keuffer,1533.1,1500.5,28,3,Clark Montessori (Clark Spidermonkeys),clark montessori (clark spidermonkeys) (HS mixed),2019,5242880
971,1109,aaron switzer,Aaron Switzer,1533.1,1556.9,30,4,Summit High School (Storm),summit high school (storm) (HS),2019,72351744
972,1082,hunter lang,Hunter Lang,1533.1,1559.6,33,1,Brandeis (Banshee),brandeis (banshee),2022,96
973,1168,maximilian toczylowski,Maximilian Toczylowski,1533.1,1553.3,11,1,Saint Louis Priory School (Priory Rebels),saint louis priory school (priory rebels) (HS),2018,1048576
974,1446,steven darroh,Steven Darroh,1533.1,1538.2,52,1,Doublewide,doublewide,2018,1
975,561,dylan pearson,Dylan Pearson,1533.0,1609.9,16,3,Montclair Varsity (Montclair Geese Varsity),montclair varsity (montclair geese varsity) (HS),2026,5242880
976,562,griffin van rhyn,Griffin van Rhyn,1533.0,1609.9,16,3,Montclair Varsity (Montclair Geese Varsity),montclair varsity (montclair geese varsity) (HS),2026,5242880
977,2400,michael althouse,Michael Althouse,1533.0,1499.9,80,6,Cache Valley Middle School (Cache Valley Kokanee),cache valley middle school (cache valley kokanee) (MS mixed),2025,49283072
978,766,michael neil,Michael Neil,1533.0,1585.9,12,1,Pennsbury (Pennsbury),pennsbury (pennsbury) (HS),2024,1048576
979,767,risha neil,Risha Neil,1533.0,1585.9,12,1,Pennsbury (Pennsbury),pennsbury (pennsbury) (HS),2024,1048576
980,1007,michael klemencic,Michael Klemencic,1532.9,1565.7,206,9,Spice,spice (mixed),2026,72351755
981,376,emma soiles,Emma Soiles,1532.9,1641.5,27,2,BENT,bent (women's),2025,48
982,404,josh hemmesch,Josh Hemmesch,1532.9,1637.2,24,1,Drag'n Thrust,drag'n thrust (mixed),2022,8
983,886,lily talerman,Lily Talerman,1532.8,1574.8,24,1,Duke (Swerve),duke (swerve),2026,32
984,154,bryan jones,Bryan Jones,1532.8,1737.6,288,5,Colt,colt,2026,7
985,639,tim malecek,Tim Malecek,1532.7,1601.5,43,3,Saint Louis Priory (Priory Ravens),saint louis priory (priory ravens) (HS),2026,1048576
986,1251,katy stanton,Katy Stanton,1532.7,1547.7,36,1,Wisconsin (Bella Donna),wisconsin (bella donna),2024,32
987,2820,andrew berger,Andrew Berger,1532.7,1485.1,17,3,Rochester  (Rochester ),rochester (rochester ) (HS girls),2025,271581184
988,317,eliana harnage,Eliana Harnage,1532.7,1659.6,40,1,Georgetown (Huckin' Foyas),georgetown (huckin' foyas),2026,32
989,2819,david arters,David Arters,1532.7,1485.2,17,1,Oberlin  (Preying Manti A),oberlin (preying manti a),2026,96
990,995,madeline paskett,Madeline Paskett,1532.6,1567.2,11,2,Utah Swarm U20 Girls,utah swarm u20 girls (YCC-U20 girls),2023,134217728
991,187,stephen lin,Stephen Lin,1532.6,1710.6,38,2,Kent Denver School (Sun Devils),kent denver school (sun devils) (HS),2024,1048582
992,51,ariel jackson,Ariel Jackson,1532.6,1883.4,100,1,Brute Squad,brute squad (women's),2019,16
993,595,jay watson,Jay Watson,1532.5,1606.7,16,1,Massachusetts (Zoodisc),massachusetts (zoodisc),2022,2
994,1215,bryn tulip,Bryn Tulip,1532.5,1550.1,53,1,SUNY-Binghamton (SUNY-Binghamton),suny-binghamton (suny-binghamton),2026,3
995,1200,danny miesen,Danny Miesen,1532.5,1551.2,19,1,Minnesota (Grey Duck),minnesota (grey duck),2015,2
996,1592,katie florack,Katie Florack,1532.4,1530.1,6,1,Allderdice (Ninja Samurai),allderdice (ninja samurai) (HS girls),2016,2097152
997,1626,randy lee,Randy Lee,1532.4,1528.7,18,4,Virginia Fall Line (Virginia Fall Line),virginia fall line (virginia fall line) (HS girls),2026,11534336
998,2358,benjamin alber,Benjamin Alber,1532.4,1501.3,13,1,Missouri State (Missouri State Ultimate),missouri state (missouri state ultimate),2025,2
999,1098,almaze lema,Almaze Lema,1532.4,1558.5,8,2,Paideia School (PythonsGroove Varsity),paideia school (pythonsgroove varsity) (HS girls),2023,270532608
1000,911,matt walheim,Matt Walheim,1532.4,1572.9,18,3,Springfield (Springfield Cougars Ultimate Teams (SCUT)),springfield (springfield cougars ultimate teams (scut)) (HS girls),2025,3145728
1001,783,andrell caldwell,Andrell Caldwell,1532.3,1584.7,9,1,South Carolina (Scorch Ultimate),south carolina (scorch ultimate),2019,32
1002,3520,benjamin iberle,Benjamin Iberle,1532.3,1461.0,36,1,Humboldt State (Humboldt State Buds),humboldt state (humboldt state buds),2019,2
1003,1149,maxwell barr,Maxwell Barr,1532.2,1554.2,10,1,El Cerrito (EC HUC),el cerrito (ec huc) (HS),2025,1048576
1004,3414,evan maynard,Evan Maynard,1532.1,1465.6,125,3,Vermont-B (Bruckus),vermont-b (bruckus),2026,32
1005,1503,elliot skindzier,Elliot Skindzier,1532.1,1534.9,36,4,Cincinnati Flying Piglet,cincinnati flying piglet (YCC-U17),2018,540016641
1006,262,gregory vassar,GREGORY VASSAR,1532.1,1680.2,74,1,North Carolina-Wilmington (Seamen),north carolina-wilmington (seamen),2016,6
1007,1165,joel wooten,Joel Wooten,1532.1,1553.4,52,2,South Carolina (Gamecock Ultimate),south carolina (gamecock ultimate),2019,2
1008,3975,kevin tien,Kevin Tien,1532.1,1442.4,58,2,Stanford (Stanford Men's Ultimate Team),stanford (stanford men's ultimate team),2024,2
1009,1001,zoe oswald,Zoe Oswald,1532.1,1566.8,32,6,Rising Tide U20X,rising tide u20x (YCC-U20 mixed),2021,1476395056
1010,1669,joe cercello,Joe Cercello,1532.1,1526.4,20,2,Neuqua Valley (NV Ultimate HS Boys),neuqua valley (nv ultimate hs boys) (HS),2026,1048576
1011,906,jilene mecham,Jilene Mecham,1532.1,1573.2,37,2,Timpanogos High School (Timberwolves),timpanogos high school (timberwolves) (HS),2019,34603008
1012,907,quinn snell,Quinn Snell,1532.1,1573.2,37,2,Timpanogos High School (Timberwolves),timpanogos high school (timberwolves) (HS),2019,34603008
1013,892,rutledge smith,Rutledge Smith,1532.1,1574.6,56,3,Chicago (Fission),chicago (fission),2026,68157442
1014,1677,levi jacobs,Levi Jacobs,1532.0,1526.2,6,1,INferno,inferno (YCC-U20),2015,67108864
1015,2061,marcelo ruggiero,Marcelo Ruggiero,1532.0,1512.0,18,1,Capitol Heights,capitol heights (YCC-U17),2024,536870912
1016,1540,brian lo,BRIAN LO,1532.0,1532.6,29,1,BENT,bent (women's),2016,16
1017,4238,ryan london,Ryan London,1532.0,1428.8,52,2,Southport High School (Southport Flyers),southport high school (southport flyers) (HS),2019,1048576
1018,1991,adam crews,Adam Crews,1532.0,1514.6,21,3,North Carolina-Charlotte (Charlotte Skyrise),north carolina-charlotte (charlotte skyrise),2020,68157442
1019,3185,jorge chavier iii,Jorge Chavier III,1531.9,1472.5,19,2,Centennial High School (Marooners),centennial high school (marooners) (HS mixed),2019,4194304
1020,1627,annette kukunas-piper,Annette Kukunas-Piper,1531.9,1528.6,10,1,Pittsburgh Port Authority,pittsburgh port authority (mixed),2026,8
1021,1253,micheal kukucska,Micheal Kukucska,1531.8,1547.5,48,3,Toronto (TULA),toronto (tula),2025,3
1022,4044,maria buxton,Maria Buxton,1531.8,1438.5,45,2,Temple  (TUF),temple (tuf),2022,32
1023,623,sydney mier,Sydney Mier,1531.8,1603.3,19,1,Carleton College-Eclipse (Eclipse),carleton college-eclipse (eclipse),2026,96
1024,518,avery johnson,Avery Johnson,1531.7,1615.0,74,2,Mad Men,mad men,2026,3
1025,3235,luke martelli,Luke Martelli,1531.7,1470.8,12,1,Red Circus,red circus,2022,1
1026,1899,dan parker,Dan Parker,1531.6,1517.6,23,1,American Barbecue,american barbecue (mixed),2021,8
1027,1990,kate kingery,Kate Kingery,1531.6,1514.7,14,3,Lights Out,lights out (mixed),2019,3145736
1028,749,danielle runzo,Danielle Runzo,1531.6,1588.4,9,2,Texas Two Step,texas two step (YCC-U20),2017,67108865
1029,1335,joseph pacenka,Joseph Pacenka,1531.5,1544.0,6,1,Wachusett Regional High School (Wachusett Mountaineers 2016),wachusett regional high school (wachusett mountaineers 2016) (HS),2016,1048576
1030,1518,eva turner,Eva Turner,1531.5,1534.1,10,2,Jackson-Reed (Tigers Ultimate),jackson-reed (tigers ultimate) (HS girls),2025,2097152
1031,1362,biz cook,Biz Cook,1531.5,1542.5,40,2,St Olaf (Vortex),st olaf (vortex),2022,2097248
1032,1363,rebecca enders,Rebecca Enders,1531.5,1542.5,40,2,St Olaf (Vortex),st olaf (vortex),2022,2097248
1033,1511,lani kawamoto,Lani Kawamoto,1531.4,1534.4,5,1,Cutthroat Girls,cutthroat girls (YCC-U20 girls),2014,134217728
1034,1716,chris jew,CHRIS JEW,1531.4,1524.6,8,1,Houston Helix,houston helix (YCC-U20),2015,67108864
1035,1177,rafe steinhauer,RAFE STEINHAUER,1531.3,1552.8,84,2,Metro North,metro north (mixed),2018,10
1036,2281,keith urbanski,Keith Urbanski,1531.3,1504.2,53,1,Arkansas (Ludicrous Speed ),arkansas (ludicrous speed ),2025,3
1037,3003,kate monforti,Kate Monforti,1531.2,1478.9,84,9,East High School (Denver East Girls),east high school (denver east girls) (HS girls),2019,6291504
1038,1370,eric delgado,Eric Delgado,1531.2,1542.2,45,2,Trident,trident,2026,1
1039,3036,william fleming,William Fleming,1531.2,1477.2,40,1,Tennessee (Tennessee),tennessee (tennessee),2026,2
1040,975,eric augustin,Eric Augustin,1531.1,1568.3,62,6,Herd Ultimate Club (Mustangs - Boys),herd ultimate club (mustangs - boys) (HS),2026,5242880
1041,1158,ryan cardinal,Ryan Cardinal,1531.1,1553.6,32,2,Boston College (Eagles),boston college (eagles),2020,2
1042,932,david goode,David Goode,1531.1,1571.9,40,5,Paideia-Varsity (Gruel),paideia-varsity (gruel) (HS),2026,3145728
1043,1258,andrew lewis,Andrew Lewis,1531.1,1547.2,29,1,Tulane (Tucks),tulane (tucks),2023,2
1044,805,james chisholm,James Chisholm,1531.1,1583.2,44,2,Mason High School (Mason Comets Ultimate),mason high school (mason comets ultimate) (HS),2019,3145728
1045,1020,jacob schlaefer,Jacob Schlaefer,1531.0,1564.4,98,6,Madison West-JV1 (Madison West Ultimate),madison west-jv1 (madison west ultimate) (HS),2026,202375168
1046,2624,holly lin,Holly Lin,1531.0,1491.4,19,4,Helix,helix (YCC-U20),2016,68157441
1047,3028,adam logan,Adam Logan,1531.0,1477.5,30,2,Wentworth (Concrete Jungle),wentworth (concrete jungle),2018,6
1048,841,andrew russell,Andrew Russell,1530.9,1578.6,25,1,Texas (TUFF),texas (tuff),2019,2
1049,1470,jason cheek,Jason Cheek,1530.9,1537.0,11,1,Bloomington High School South (Bloomington Bullets),bloomington high school south (bloomington bullets) (HS),2018,1048576
1050,1307,joe moravec,Joe Moravec,1530.8,1545.3,6,1,Benilde-St. Margaret's (Red Knights),benilde-st. margaret's (red knights) (HS),2014,1048576
1051,1750,christopher vandervoort,Christopher Vandervoort,1530.8,1523.2,10,1,Northwestern (NUT),northwestern (nut),2014,2
1052,1210,jonah kadens,Jonah Kadens,1530.8,1550.4,35,3,Carrboro (Carrboro Clams),carrboro (carrboro clams) (HS),2025,68157440
1053,143,bethani eberhart,Bethani Eberhart,1530.8,1749.0,55,3,Dallas Nightfall,dallas nightfall (YCC-U20 mixed),2025,268435496
1054,1767,lucy griffiths,Lucy Griffiths,1530.7,1522.6,12,3,DC Force,dc force (YCC-U17 girls),2026,1207959568
1055,1589,trevor lynch,Trevor Lynch,1530.7,1530.4,79,1,North Carolina State (NC State Alpha),north carolina state (nc state alpha),2026,2
1056,1927,steven trenfield,Steven Trenfield,1530.7,1516.9,15,1,Austin High School (Austin High Maroons),austin high school (austin high maroons) (HS),2022,1048576
1057,296,melissa witmer,Melissa Witmer,1530.7,1667.7,67,4,Davenport (Panthers),davenport (panthers),2025,1048583
1058,815,elliot stafford,ELLIOT STAFFORD,1530.7,1581.7,8,1,St. Johnsbury Academy (Hilltoppers),st. johnsbury academy (hilltoppers) (HS),2014,1048576
1059,1087,elizabeth blackwell-moore,Elizabeth Blackwell-Moore,1530.6,1559.3,18,4,Forest City (Forest City Girls),forest city (forest city girls) (HS girls),2026,7340032
1060,1103,theodore wissink,Theodore Wissink,1530.6,1557.8,11,3,Falmouth - Waynflete (Falmouth Boys Varsity),falmouth - waynflete (falmouth boys varsity) (HS),2025,3145728
1061,2095,kenneth faase,Kenneth Faase,1530.5,1511.1,7,1,Oregon Rapids,oregon rapids (YCC-U20 mixed),2021,268435456
1062,276,joseph merrill,Joseph Merrill,1530.5,1674.9,33,2,Brigham Young (CHI),brigham young (chi),2023,1048578
1063,958,austin walker,Austin Walker,1530.5,1570.2,16,3,Cosa Nostra,cosa nostra (mixed),2016,67108873
1064,963,harry friedman,Harry Friedman,1530.4,1569.5,46,5,Lower Merion (Lower Merion Aces),lower merion (lower merion aces) (HS),2024,605028352
1065,1359,justin rummelhart,Justin Rummelhart,1530.3,1542.6,5,1,Verona Area (Verona Area Ultimate),verona area (verona area ultimate) (HS),2026,1048576
1066,1476,jakob rheins,Jakob Rheins,1530.3,1536.7,5,1,Cherry Creek High School (El Oso),cherry creek high school (el oso) (HS),2021,1048576
1067,1412,seraphie allen,Seraphie Allen,1530.3,1540.2,33,1,Lewis & Clark (Artemis),lewis & clark (artemis),2019,96
1068,3639,mikeie reiland,Mikeie Reiland,1530.3,1455.5,52,4,University School of Nashville (USN) (Brutal Grassburn),university school of nashville (usn) (brutal grassburn) (HS),2026,336592896
1069,1101,mandy dunbar,Mandy Dunbar,1530.3,1558.2,8,2,Union,union (mixed),2026,8
1070,840,stanley ly,Stanley Ly,1530.3,1578.7,39,3,Jackwagon,jackwagon (women's),2019,6291472
1071,1161,joe freund,Joe Freund,1530.2,1553.6,7,1,Capitol Heights,capitol heights (YCC-U17),2017,536870912
1072,1140,lizzie jones,Lizzie Jones,1530.2,1555.1,178,9,Sprocket,sprocket (mixed),2025,136314937
1073,1334,eli koester,Eli Koester,1530.2,1544.0,5,2,Greely (Cumberland Ultimate),greely (cumberland ultimate) (HS),2026,5242880
1074,2512,benjamin wearn,Benjamin Wearn,1530.1,1495.7,43,3,Fieldston (Fieldston (Sh)eagles),fieldston (fieldston (sh)eagles) (HS girls),2016,3145728
1075,3819,patrick stephens,Patrick Stephens,1530.1,1448.9,44,3,St. Louis University High (SLUH Ultimate),st. louis university high (sluh ultimate) (HS),2026,1048577
1076,1155,marcus rovner,Marcus Rovner,1530.1,1553.7,7,1,Carrboro High School (Carrboro Clams),carrboro high school (carrboro clams) (YCC-U20),2020,67108864
1077,627,joe jacobson,Joe Jacobson,1530.1,1602.7,26,1,Red Tide,red tide,2025,1
1078,2927,yunge xiao,Yunge Xiao,1530.0,1481.6,8,1,Zephyr,zephyr (women's),2023,16
1079,2928,zack labar,Zack LaBar,1530.0,1481.6,8,1,Zephyr,zephyr (women's),2023,16
1080,581,henry siebentritt,Henry Siebentritt,1530.0,1607.8,26,1,Georgia (Jojah),georgia (jojah),2019,2
1081,3465,zachary swanson,Zachary Swanson,1530.0,1463.4,49,4,Verona Area (Verona Area Ultimate),verona area (verona area ultimate) (HS),2026,605028352
1082,668,barney krucoff,Barney Krucoff,1530.0,1597.4,19,2,CESJDS & Field (Private Stock),cesjds & field (private stock) (HS),2018,1048576
1083,1911,dan heijmen,Dan Heijmen,1530.0,1517.3,20,3,Poly Prep CDS (Blue Devils),poly prep cds (blue devils) (HS),2018,68157440
1084,1985,michael knapp,Michael Knapp,1529.9,1514.8,11,1,Schwa,schwa (women's),2014,16
1085,2566,kib dacklin,Kib Dacklin,1529.8,1493.5,13,1,Judge Memorial Catholic High School (JM Ultimate),judge memorial catholic high school (jm ultimate) (HS),2014,1048576
1086,2567,tyler perry,Tyler Perry,1529.8,1493.5,13,1,Judge Memorial Catholic High School (JM Ultimate),judge memorial catholic high school (jm ultimate) (HS),2014,1048576
1087,1147,radhika bhargav,Radhika Bhargav,1529.8,1554.3,10,1,BW Ultimate,bw ultimate (mixed),2023,8
1088,1841,benjamin lacy,Benjamin Lacy,1529.7,1519.8,11,1,Arizona (Sunburn),arizona (sunburn),2018,2
1089,1873,myles wagner,Myles Wagner,1529.7,1518.5,40,1,Texas A&M (Dozen),texas a&m (dozen),2026,2
1090,1479,danielle ngo,Danielle Ngo,1529.7,1536.4,127,2,California (Pie Queens),california (pie queens),2024,32
1091,114,sean connole,Sean Connole,1529.7,1774.6,70,2,Brigham Young (CHI),brigham young (chi),2025,18
1092,1131,jonathan warner,Jonathan Warner,1529.6,1555.7,17,1,Bloomington High School South (Bloomington Bullets),bloomington high school south (bloomington bullets) (HS),2019,1048576
1093,988,kailee craig,Kailee Craig,1529.6,1567.5,33,3,Red Dawn,red dawn (YCC-U20),2019,67108897
1094,2069,jason mckeen,Jason McKeen,1529.6,1511.7,16,1,Brigham Young (CHI),brigham young (chi),2019,32
1095,1172,yael rhodes,Yael Rhodes,1529.6,1553.1,14,1,Cornell (Wild Roses),cornell (wild roses),2015,32
1096,1474,david juitt,David Juitt,1529.4,1536.9,9,2,Arlington High School (PUMAHS),arlington high school (pumahs) (HS),2016,1048576
1097,1751,rechelle frash,Rechelle Frash,1529.3,1523.2,10,2,INcognito,incognito (YCC-U20 mixed),2019,268435464
1098,1287,melissa gibbs,Melissa Gibbs,1529.3,1545.9,32,5,Ladue High School A (Ladue Rams A),ladue high school a (ladue rams a) (HS),2022,3145728
1099,744,peter rosenberg,Peter Rosenberg,1529.3,1589.3,24,1,William & Mary (Darkhorse),william & mary (darkhorse),2018,2
1100,3731,rosanna vitiello,Rosanna Vitiello,1529.3,1452.5,48,1,Carnegie Mellon (Money Mellons),carnegie mellon (money mellons),2026,32
1101,3480,emily habbert,Emily Habbert,1529.3,1462.9,15,2,Needham (Needham Girls Ultimate A),needham (needham girls ultimate a) (HS girls),2017,2097152
1102,967,sawyer beddoes,Sawyer Beddoes,1529.3,1569.2,13,2,Boise High School (Braves),boise high school (braves) (HS mixed),2019,4194304
1103,3612,matt woods,Matt Woods,1529.2,1457.1,73,1,Xavier (B.L.O.B.),xavier (b.l.o.b.),2024,6
1104,1922,angelena parker,Angelena Parker,1529.2,1517.0,11,2,Brooklyn Technical High School (Brooklyn Disco Tech),brooklyn technical high school (brooklyn disco tech) (HS girls),2026,2097152
1105,2971,phil lohre,Phil Lohre,1529.2,1480.0,118,5,Denver (Sourdough),denver (sourdough),2026,68157443
1106,1808,matt bruss,Matt Bruss,1529.2,1520.8,12,1,Madison Club,madison club,2018,1
1107,1303,alex smith,Alex Smith,1529.1,1545.5,8,1,Mountain View High School (Mavericks),mountain view high school (mavericks) (HS mixed),2016,4194304
1108,2072,william campbell,WILLIAM CAMPBELL,1529.1,1511.7,25,1,Texas (TUFF),texas (tuff),2015,2
1109,823,peter raines,Peter Raines,1529.1,1580.3,193,2,Colorado State (Hibida),colorado state (hibida),2024,2
1110,1501,simon feeman,Simon Feeman,1529.1,1535.0,44,1,Haverford High School (HUDA),haverford high school (huda) (HS),2024,1048576
1111,1774,ian stevens,Ian Stevens,1529.0,1522.3,24,2,Wyoming High School (The Wyoming Jackrabbits),wyoming high school (the wyoming jackrabbits) (HS),2023,5242880
1112,2236,eric miner,Eric Miner,1529.0,1505.8,32,4,Virginia Vanguard,virginia vanguard (YCC-U20 mixed),2026,335544329
1113,509,isabel arevalo,Isabel Arevalo,1528.9,1616.7,22,1,Carleton College (Syzygy),carleton college (syzygy),2024,32
1114,2349,zachary roberts,Zachary Roberts,1528.9,1501.8,12,2,NC Hammer,nc hammer (YCC-U17),2025,536870912
1115,487,andrew clayton,Andrew Clayton,1528.8,1619.9,33,1,Apex High School (Apex High School),apex high school (apex high school) (HS),2015,1048576
1116,2328,geoa geer,Geoa Geer,1528.8,1502.4,13,2,BUDA,buda (YCC-U20 mixed),2016,268435456
1117,2562,joel prushan,Joel Prushan,1528.8,1493.6,65,2,Flight,flight (women's),2026,18
1118,2071,jacob surpin,JACOB SURPIN,1528.7,1511.7,21,1,Occidental (Detox),occidental (detox),2016,6
1119,2052,liz anderson,Liz Anderson,1528.7,1512.3,12,2,Bullseye,bullseye (YCC-U20 girls),2026,134217744
1120,1513,craig cutforth,Craig Cutforth,1528.7,1534.3,18,4,Lafayette (Lafayette Athena),lafayette (lafayette athena) (HS girls),2024,7340032
1121,3055,matt stupca,MATT STUPCA,1528.6,1476.7,17,1,Illinois (Illinois Ultimate),illinois (illinois ultimate),2015,2
1122,1057,phil vlahakis,Phil Vlahakis,1528.4,1561.6,39,2,Bronx Science-A (Lone Wolves),bronx science-a (lone wolves) (HS),2026,1048576
1123,1347,steven swan,Steven Swan,1528.4,1543.3,14,2,Amherst (TRASH Ultimate),amherst (trash ultimate) (HS),2026,1048576
1124,3022,benjamin burwinkel,BENJAMIN BURWINKEL,1528.4,1478.0,10,1,Marburn Academy (Marburn),marburn academy (marburn) (HS),2017,1048576
1125,691,casey hogg,Casey Hogg,1528.4,1595.3,35,1,Texas (TUFF),texas (tuff),2020,2
1126,131,jeannie albrecht,Jeannie Albrecht,1528.4,1759.1,69,1,Williams (La WUFA),williams (la wufa),2018,96
1127,1988,carolyn ng,Carolyn Ng,1528.3,1514.8,5,1,DC Force,dc force (YCC-U17 girls),2023,1073741824
1128,1989,lia schwartz,Lia Schwartz,1528.3,1514.8,5,1,DC Force,dc force (YCC-U17 girls),2023,1073741824
1129,2941,krishan chib,Krishan Chib,1528.3,1480.8,60,2,Georgia State (Underground),georgia state (underground),2026,536870914
1130,4459,david christiansen,David Christiansen,1528.3,1412.2,35,4,Sharon High School (Eagles),sharon high school (eagles) (HS girls),2017,3145728
1131,2005,rebecca cooney,Rebecca Cooney,1528.2,1514.1,7,1,Columbia (Sparkle Motion CHS),columbia (sparkle motion chs) (HS girls),2019,2097152
1132,349,david menard,David Menard,1528.2,1649.5,37,1,Cornell (Wild Roses),cornell (wild roses),2025,32
1133,3701,kyle rutledge,Kyle Rutledge,1528.2,1453.2,26,1,Northwestern (Lake Effect),northwestern (lake effect),2026,2
1134,2982,pavel shering,Pavel Shering,1528.1,1479.5,10,2,Berkeley (HC-Y) (Berkeley High Coup - Yellow),berkeley (hc-y) (berkeley high coup - yellow) (HS),2026,1048576
1135,173,angela tocchi,Angela Tocchi,1528.1,1719.9,98,5,Oregon Downpour,oregon downpour (YCC-U20 girls),2026,136314929
1136,730,thomas koch,Thomas Koch,1528.0,1590.6,24,2,Holy Family Catholic (Revolution),holy family catholic (revolution) (HS),2026,1048577
1137,2287,albert chu,Albert Chu,1528.0,1504.0,6,1,Gunn (Control),gunn (control) (HS),2026,1048576
1138,1581,david applegate,David Applegate,1527.9,1530.7,32,2,Xavier (Xavier Ultimate),xavier (xavier ultimate) (HS),2023,1048576
1139,1221,susie mercer,SUSIE MERCER,1527.9,1549.8,17,2,Grady High School (Gauntlet),grady high school (gauntlet) (HS),2014,1048576
1140,2648,aman ahuja,Aman Ahuja,1527.8,1490.5,38,2,Heist,heist (women's),2025,48
1141,874,mark cornacchio,Mark Cornacchio,1527.8,1575.6,59,3,Radnor (Radnor Raiders),radnor (radnor raiders) (HS),2019,269484032
1142,2067,josh botti,Josh Botti,1527.8,1511.8,37,4,Marburn Academy (Marburn),marburn academy (marburn) (HS),2019,7340032
1143,1644,rebecca ludford,Rebecca Ludford,1527.8,1527.5,15,1,Northeastern (Valkyries A),northeastern (valkyries a),2016,32
1144,1802,rex mcclure,Rex McClure,1527.7,1520.9,6,2,Home School (Hornets),home school (hornets) (HS),2016,3145728
1145,865,william dean,William Dean,1527.6,1576.5,52,1,Harvard (Red Line),harvard (red line),2017,2
1146,941,aanand yu,Aanand Yu,1527.6,1571.5,45,3,Carrboro (Carrboro Clams),carrboro (carrboro clams) (HS),2026,68157440
1147,942,watkins parker,Watkins Parker,1527.6,1571.5,45,3,Carrboro (Carrboro Clams),carrboro (carrboro clams) (HS),2026,68157440
1148,1333,sawyer neske,Sawyer Neske,1527.6,1544.2,62,2,Macalester (Flat Earth),macalester (flat earth),2026,6
1149,1270,federico caraceni,Federico Caraceni,1527.6,1546.5,6,1,BFD Shout,bfd shout (women's),2025,16
1150,1524,kirsten steinke,Kirsten Steinke,1527.5,1533.8,22,1,McFarland High School (McFarland Spartans),mcfarland high school (mcfarland spartans) (HS),2019,1048576
1151,1368,jared stansel,Jared Stansel,1527.5,1542.3,8,1,Coppell High School (Coppell Ultimate A),coppell high school (coppell ultimate a) (HS),2016,1048576
1152,1000,jason holleran,Jason Holleran,1527.5,1566.9,18,1,Doublewide,doublewide,2026,1
1153,352,anthony nunez,Anthony Nunez,1527.5,1649.4,226,15,Westfield (Westfield Ultimate),westfield (westfield ultimate) (HS),2026,72351745
1154,2129,angela petrus,Angela Petrus,1527.4,1509.8,8,1,Storm,storm (mixed),2023,8
1155,1306,richard young,Richard Young,1527.3,1545.3,100,10,Neap Tide,neap tide (YCC-U17),2026,877658123
1156,4782,richard wilcox,Richard Wilcox,1527.3,1363.1,195,12,Copper Hills (Ultimate CHills),copper hills (ultimate chills) (HS),2025,49283072
1157,191,ryan natzke,Ryan Natzke,1527.3,1709.2,74,5,Middleton-JV (Middlton Boys B),middleton-jv (middlton boys b) (HS),2026,1048577
1158,3910,aisling winston,Aisling Winston,1527.3,1445.3,39,3,Green Hope (Green Hope High School),green hope (green hope high school) (HS),2015,1074790400
1159,2856,chris goodrich,Chris Goodrich,1527.2,1483.6,10,2,Research Triangle Highschool (Raptors),research triangle highschool (raptors) (YCC-U20),2020,68157440
1160,1380,cheryl hsu,Cheryl Hsu,1527.2,1541.7,7,1,California-Davis (Rogue),california-davis (rogue),2021,32
1161,1381,tommy lin,Tommy Lin,1527.2,1541.7,7,1,California-Davis (Rogue),california-davis (rogue),2021,32
1162,3798,joseph dwork,Joseph Dwork,1527.2,1450.0,20,4,Northampton (Blue Devils Boys V),northampton (blue devils boys v) (HS),2024,1048594
1163,1968,matt norden,Matt Norden,1527.2,1515.5,9,2,Third Rail U20 Bx,third rail u20 bx (YCC-U20),2025,67108864
1164,643,katie godfrey,Katie Godfrey,1527.2,1600.7,50,2,MN Superior,mn superior (YCC-U20 mixed),2018,268435488
1165,1083,jim veal,Jim Veal,1527.2,1559.6,7,1,Paideia School (Paideia Boys JV),paideia school (paideia boys jv) (HS),2018,1048576
1166,3346,kellan gibboney,Kellan Gibboney,1527.2,1467.9,21,5,Moeller/Mount Notre Dame (Savage),moeller/mount notre dame (savage) (HS mixed),2019,406847512
1167,2352,jessica crowley,Jessica Crowley,1527.2,1501.6,19,3,Utah (Spiral Jetty Ultimate),utah (spiral jetty ultimate),2020,134217760
1168,628,colin winter,Colin Winter,1527.2,1602.6,22,2,West Jessamine-Varsity (West Jessamine),west jessamine-varsity (west jessamine) (HS),2026,68157440
1169,2585,anna lane,Anna Lane,1527.1,1492.7,6,1,Madison MUFAbots U17B,madison mufabots u17b (YCC-U17),2022,536870912
1170,648,benjamin tannenwald,Benjamin Tannenwald,1527.1,1599.9,29,3,Beacon (Beacon Blue Demons),beacon (beacon blue demons) (HS),2026,1048578
1171,1187,erik stewart,Erik Stewart,1527.1,1552.0,10,1,Madison MUFAbots U20X,madison mufabots u20x (YCC-U20 mixed),2026,268435456
1172,205,dominic cavalero,Dominic Cavalero,1527.1,1704.8,60,4,Seven Hills U20 Bx,seven hills u20 bx (YCC-U20),2025,336592898
1173,1100,elizabeth benedetto,Elizabeth Benedetto,1527.1,1558.3,33,1,Michigan (Flywheel),michigan (flywheel),2022,32
1174,1011,kimberly cooper,Kimberly Cooper,1527.0,1565.3,21,4,Sycamore (Airstrike),sycamore (airstrike) (HS mixed),2025,5242880
1175,1012,scott levinson,Scott Levinson,1527.0,1565.3,21,4,Sycamore (Airstrike),sycamore (airstrike) (HS mixed),2025,5242880
1176,717,alex pozzy,Alex Pozzy,1527.0,1592.7,43,5,Rip Tide,rip tide,2018,1210056752
1177,508,peter kiefer,Peter Kiefer,1527.0,1616.7,91,8,COSmic U-20 Boys,cosmic u-20 boys (YCC-U20),2026,609222691
1178,1571,meeri chang,Meeri Chang,1526.9,1531.2,6,1,Berkeley High School (Coup Hysteria),berkeley high school (coup hysteria) (HS girls),2019,2097152
1179,653,casey startzell,Casey Startzell,1526.7,1599.6,21,2,Pennsbury High School (Pennsbury),pennsbury high school (pennsbury) (HS),2015,1048578
1180,858,cassidy rasmussen,Cassidy Rasmussen,1526.7,1576.7,22,1,Revolver,revolver,2022,1
1181,859,michael ing,Michael Ing,1526.7,1576.7,22,1,Revolver,revolver,2022,1
1182,1336,domenica sutherland,Domenica Sutherland,1526.7,1544.0,6,1,Bowie High School (Bowie Bulldogs Mixed),bowie high school (bowie bulldogs mixed) (HS),2019,1048576
1183,1337,megan bell,Megan Bell,1526.7,1544.0,6,1,Bowie High School (Bowie Bulldogs Mixed),bowie high school (bowie bulldogs mixed) (HS),2019,1048576
1184,1205,eric huynh,ERIC HUYNH,1526.7,1550.7,5,1,Roosevelt (Rough Riders),roosevelt (rough riders) (HS),2016,1048576
1185,707,juliette hall,Juliette Hall,1526.7,1593.7,14,1,Lone Peak (Lone Peak),lone peak (lone peak) (HS girls),2017,2097152
1186,1850,david jones,David Jones,1526.7,1519.6,13,1,MOB Ultimate,mob ultimate,2026,1
1187,2166,brian frederick,Brian Frederick,1526.6,1508.4,6,1,Waterloo West High-JV (Waterloo West High Wahawks),waterloo west high-jv (waterloo west high wahawks) (HS),2016,1048576
1188,737,andrew pillsbury,Andrew Pillsbury,1526.6,1590.1,119,1,Brandeis (TRON),brandeis (tron),2024,6
1189,2341,royden gillespie,Royden Gillespie,1526.6,1502.1,23,3,Colorado Cutthroat U-17 Boys,colorado cutthroat u-17 boys (YCC-U17),2026,536870915
1190,2302,jeff grobe,Jeff Grobe,1526.6,1503.3,13,1,Venom,venom (women's),2015,16
1191,2303,mark berry,Mark Berry,1526.6,1503.3,13,1,Venom,venom (women's),2015,16
1192,2201,andrew nordell,Andrew Nordell,1526.6,1507.2,20,2,Niskayuna (Nisky Ultimate),niskayuna (nisky ultimate) (HS girls),2026,3145728
1193,4525,eric moore,Eric Moore,1526.5,1405.7,30,1,Hofstra (Flying Dutchmen),hofstra (flying dutchmen),2019,2
1194,800,bennett wachob,Bennett Wachob,1526.5,1583.6,48,1,Texas (Melee),texas (melee),2026,32
1195,801,jaime estes,Jaime Estes,1526.5,1583.6,48,1,Texas (Melee),texas (melee),2026,32
1196,802,lorraine guerin,Lorraine Guerin,1526.5,1583.6,48,1,Texas (Melee),texas (melee),2026,32
1197,1998,rachel derscheid,Rachel Derscheid,1526.5,1514.3,5,2,Southeast Polk -Senior (SE Polk Rams),southeast polk -senior (se polk rams) (HS mixed),2019,4194560
1198,771,mark waananen,Mark Waananen,1526.4,1585.5,15,3,Maple Grove Senior High  (Floppy Discs ),maple grove senior high (floppy discs ) (HS),2015,68157440
1199,2210,brian edmonds,BRIAN EDMONDS,1526.4,1506.7,8,1,Falmouth High School (Falmouth Boys),falmouth high school (falmouth boys) (HS),2015,1048576
1200,2211,chris hepburn,Chris Hepburn,1526.4,1506.7,8,1,Falmouth High School (Falmouth Boys),falmouth high school (falmouth boys) (HS),2015,1048576
1201,2212,cole aaskov,Cole Aaskov,1526.4,1506.7,8,1,Falmouth High School (Falmouth Boys),falmouth high school (falmouth boys) (HS),2015,1048576
1202,2213,patrick o'donoghue,Patrick O'Donoghue,1526.4,1506.7,8,1,Falmouth High School (Falmouth Boys),falmouth high school (falmouth boys) (HS),2015,1048576
1203,770,rosemary murray,Rosemary Murray,1526.3,1585.7,19,1,Florida (FUEL),florida (fuel),2023,32
1204,1761,catherine paulson,Catherine Paulson,1526.3,1522.7,10,1,UCLA-B (UCLA Midas),ucla-b (ucla midas),2020,32
1205,1636,riley scott,Riley Scott,1526.3,1528.2,6,1,De Smet Jesuit-JV (DUC (De Smet Jesuit) JV),de smet jesuit-jv (duc (de smet jesuit) jv) (HS),2026,1048576
1206,1039,christian gentry,Christian Gentry,1526.2,1563.0,16,4,Fairview (Fairview Open B),fairview (fairview open b) (HS),2026,7340032
1207,1040,eli sura,Eli Sura,1526.2,1563.0,16,4,Fairview (Fairview Open B),fairview (fairview open b) (HS),2026,7340032
1208,632,claudia tajima,Claudia Tajima,1526.2,1602.3,69,1,Tufts (Elephant Men),tufts (elephant men),2020,2
1209,633,jack hatchett,Jack Hatchett,1526.2,1602.3,69,1,Tufts (Elephant Men),tufts (elephant men),2020,2
1210,634,nicholas adolph,Nicholas Adolph,1526.2,1602.3,69,1,Tufts (Elephant Men),tufts (elephant men),2020,2
1211,3596,kyle saroka,Kyle Saroka,1526.1,1457.9,29,1,Bentley (Icehouse),bentley (icehouse),2022,6
1212,1496,shaina myslinski,Shaina Myslinski,1526.1,1535.3,13,2,Longmeadow High School (Longmeadow Girls Varsity),longmeadow high school (longmeadow girls varsity) (HS girls),2017,3145728
1213,1815,william singel,William Singel,1526.1,1520.5,25,5,Skyline High School (Skyline Ultimate),skyline high school (skyline ultimate) (HS),2026,5242880
1214,654,lindsay lang,Lindsay Lang,1526.1,1599.4,10,2,DiscNW - Echo II,discnw - echo ii (YCC-U17 girls),2015,1073741824
1215,1002,yuval pearl,Yuval Pearl,1526.0,1566.5,13,1,Vermont-B (Bruckus),vermont-b (bruckus),2026,32
1216,1320,amanda hellestad,Amanda Hellestad,1526.0,1544.9,10,2,McFarland High School (McFarland Spartans),mcfarland high school (mcfarland spartans) (HS),2022,3145728
1217,528,emma williamson,Emma Williamson,1526.0,1614.4,21,7,Fairview (Fairview Open),fairview (fairview open) (HS mixed),2025,7340064
1218,784,grant cashin,Grant Cashin,1525.9,1584.7,20,1,Georgia (Athena),georgia (athena),2024,32
1219,612,peter carr,Peter Carr,1525.9,1604.6,37,4,MN Superior,mn superior (YCC-U20 mixed),2019,404750592
1220,301,timmy perston,Timmy Perston,1525.9,1665.3,123,2,Rhino Slam!,rhino slam!,2026,7
1221,1080,david janociak,David Janociak,1525.9,1559.7,11,2,Stargate School (Stargate Eagles),stargate school (stargate eagles) (HS),2024,5242880
1222,896,kaitlynne roling,Kaitlynne Roling,1525.9,1574.1,6,1,Seven Hills U20 Gx,seven hills u20 gx (YCC-U20 girls),2025,134217728
1223,897,linda phan,Linda Phan,1525.9,1574.1,6,1,Seven Hills U20 Gx,seven hills u20 gx (YCC-U20 girls),2025,134217728
1224,447,lindsey hack,Lindsey Hack,1525.9,1628.5,75,4,Brute Squad,brute squad (women's),2024,134217752
1225,3239,nina fogel,Nina Fogel,1525.9,1470.7,9,1,Cor Jesu (Cor Jesu Red),cor jesu (cor jesu red) (HS girls),2023,2097152
1226,1926,lynnette malott,Lynnette Malott,1525.8,1516.9,22,3,KOI,koi (YCC-U20 mixed),2026,269484032
1227,2094,javier oliver,Javier Oliver,1525.8,1511.1,5,1,Highland Park  (Bravehearts),highland park (bravehearts) (HS),2019,1048576
1228,501,joshua yuan,Joshua Yuan,1525.7,1617.8,37,1,California (Ursa Major),california (ursa major),2025,2
1229,502,liam kreiss,Liam Kreiss,1525.7,1617.8,37,1,California (Ursa Major),california (ursa major),2025,2
1230,3429,robby perkins-high,Robby Perkins-High,1525.7,1465.1,27,1,Tufts (Elephant Men),tufts (elephant men),2017,2
1231,1857,david creager,David Creager,1525.7,1519.2,6,1,Longmont High School-JV (LHS),longmont high school-jv (lhs) (HS),2022,1048576
1232,1692,kurt kuelz,Kurt Kuelz,1525.6,1525.8,156,6,Charlotte Flight,charlotte flight (YCC-U20),2026,605028354
1233,3070,michael richard,Michael Richard,1525.6,1476.1,139,7,Monarch Mixed A (Monarch Mixed A),monarch mixed a (monarch mixed a) (HS mixed),2025,7340032
1234,2122,mike gallagher,MIKE GALLAGHER,1525.6,1509.9,13,3,Heritage High School (Eagles),heritage high school (eagles) (HS),2015,5242880
1235,703,nathan young,Nathan Young,1525.5,1594.0,29,1,Mischief,mischief (mixed),2026,8
1236,835,alicia carr,Alicia Carr,1525.5,1579.4,34,3,MN Superior,mn superior (YCC-U20 mixed),2019,404750336
1237,611,taryn webster,Taryn Webster,1525.4,1604.9,26,1,Victoria (Vikes),victoria (vikes),2026,32
1238,1507,julia fay,Julia Fay,1525.4,1534.8,5,1,Four Rivers Public Charter School (Four Rivers Varsity Girls),four rivers public charter school (four rivers varsity girls) (HS girls),2025,2097152
1239,1952,rally steinmetz,Rally Steinmetz,1525.4,1516.0,5,1,Pennsylvania (Void),pennsylvania (void),2015,2
1240,270,christie lawry,Christie Lawry,1525.4,1677.2,238,6,Pittsburgh (En Sabah Nur),pittsburgh (en sabah nur),2025,605028362
1241,1304,allison hill,Allison Hill,1525.3,1545.5,16,1,Carnegie Mellon (Money Mellons),carnegie mellon (money mellons),2022,32
1242,491,joseph orr,Joseph Orr,1525.3,1619.5,28,1,Green Canyon High School (Green Canyon Ultimate Girls),green canyon high school (green canyon ultimate girls) (HS girls),2019,2097152
1243,1465,jeff anderson,JEFF ANDERSON,1525.3,1537.2,9,1,Minnesota-B (Ugly Duckling),minnesota-b (ugly duckling),2017,2
1244,1088,elyse hall,Elyse Hall,1525.3,1559.1,5,1,Liberal Arts and Science Academy  (Vertikills A ),liberal arts and science academy (vertikills a ) (HS),2026,1048576
1245,1416,meghan drews,Meghan Drews,1525.3,1539.9,93,3,Oberlin (Flying Horsecows),oberlin (flying horsecows),2026,46
1246,1153,tess wilhelm,Tess Wilhelm,1525.2,1553.8,13,2,James Madison (MadLUV) (Madison),james madison (madluv) (madison) (HS girls),2025,2097152
1247,1227,ben alexander,Ben Alexander,1525.2,1549.6,17,1,Case Western Reserve (Fighting Gobies[A]),case western reserve (fighting gobies[a]),2025,2
1248,1545,karl schwoerke,Karl Schwoerke,1525.1,1532.3,25,3,Wooster School-Upper (Generals),wooster school-upper (generals) (HS),2018,68157440
1249,2438,aaron costantini,AARON COSTANTINI,1525.1,1498.0,6,1,Collegiate Academy (CAUF),collegiate academy (cauf) (HS),2014,1048576
1250,2039,theran riedel,Theran Riedel,1525.1,1512.8,17,2,Carolina Sky,carolina sky (YCC-U20),2015,67108865
1251,521,erik hotaling,Erik Hotaling,1525.1,1614.7,49,6,Fairview High School A (Knights 2022),fairview high school a (knights 2022) (HS mixed),2022,5242880
1252,3160,justin salvia,Justin Salvia,1525.0,1473.5,66,9,Herd Ultimate Club (Mustangs - Girls),herd ultimate club (mustangs - girls) (HS girls),2024,3145728
1253,2502,jackie welsch,Jackie Welsch,1525.0,1495.9,9,1,Nevada-Reno (Black Ice),nevada-reno (black ice),2025,32
1254,2073,david carr,David Carr,1525.0,1511.6,5,1,Fairfax High School (Rebels),fairfax high school (rebels) (HS),2017,1048576
1255,2074,douglas phung,Douglas Phung,1525.0,1511.6,5,1,Fairfax High School (Rebels),fairfax high school (rebels) (HS),2017,1048576
1256,2075,eric holsworth,Eric Holsworth,1525.0,1511.6,5,1,Fairfax High School (Rebels),fairfax high school (rebels) (HS),2017,1048576
1257,2076,troy holsworth,Troy Holsworth,1525.0,1511.6,5,1,Fairfax High School (Rebels),fairfax high school (rebels) (HS),2017,1048576
1258,903,kjersti fry,Kjersti Fry,1525.0,1573.5,20,1,Belle,belle (YCC-U17 girls),2018,1073741824
1259,650,jacob phillips,Jacob Phillips,1524.9,1599.8,143,6,Center Grove High School (Trojans (A)),center grove high school (trojans (a)) (HS),2018,605028352
1260,1578,rosie kostka,Rosie Kostka,1524.9,1530.8,9,1,Virginia Vanguard,virginia vanguard (YCC-U20 mixed),2026,268435456
1261,1566,wally kasprzycki,Wally Kasprzycki,1524.9,1531.4,15,1,Claremont (Braineaters),claremont (braineaters),2025,6
1262,2338,josh louie,Josh Louie,1524.9,1502.2,31,1,Apex High School (Apex High School),apex high school (apex high school) (HS),2018,1048576
1263,2765,henry samson,Henry Samson,1524.8,1486.9,58,4,De Smet Jesuit (DUC (De Smet Jesuit) Varsity),de smet jesuit (duc (de smet jesuit) varsity) (HS),2026,1048576
1264,3323,micah flynn,Micah Flynn,1524.8,1468.6,89,3,Boston College (Eagles),boston college (eagles),2019,3
1265,751,cliff hanna,Cliff Hanna,1524.8,1588.2,17,2,POWERLINE,powerline (YCC-U20 mixed),2018,268435464
1266,1632,ziyue chen,Ziyue Chen,1524.8,1528.4,25,3,Polar Bears,polar bears (mixed),2018,537919496
1267,355,usaultimate.org anderson,usaultimate.org Anderson,1524.8,1648.4,22,1,Revolver,revolver,2017,1
1268,280,joey kennedy,Joey Kennedy,1524.8,1673.7,38,1,Chicago Machine,chicago machine,2023,1
1269,1579,david boardman,David Boardman,1524.7,1530.8,6,1,South-Varsity (South Squall - Varsity),south-varsity (south squall - varsity) (HS),2025,1048576
1270,1598,adam pelleg,Adam Pelleg,1524.7,1529.7,19,1,Haverford High School (HUDA),haverford high school (huda) (HS),2017,1048576
1271,107,eugene yum,Eugene Yum,1524.6,1781.2,112,3,Dartmouth (Dartmouth Ultimate),dartmouth (dartmouth ultimate),2021,48
1272,1163,alison stargel,Alison Stargel,1524.6,1553.4,5,2,Paideia School (PythonsGroove Varsity),paideia school (pythonsgroove varsity) (HS girls),2022,2097184
1273,857,kevin lee,Kevin Lee,1524.6,1576.8,8,1,GOAT,goat,2024,1
1274,3317,haley grajewski,Haley Grajewski,1524.6,1468.6,11,2,Albany Anarchy-B,albany anarchy-b (YCC-U20 mixed),2023,270532608
1275,1430,kate lyons,Kate Lyons,1524.6,1538.9,23,3,Lindbergh Schools (Flyers Varsity Ultimate),lindbergh schools (flyers varsity ultimate) (HS),2016,3145736
1276,813,billy donatuti,Billy Donatuti,1524.6,1581.8,27,1,Tulane (Tucks),tulane (tucks),2022,2
1277,990,robert o'reilly,Robert O'Reilly,1524.6,1567.5,11,1,Oregon Eclipse,oregon eclipse (YCC-U17),2026,536870912
1278,1987,matt woodhull,Matt Woodhull,1524.5,1514.8,21,1,The Denver Waldorf School (DWS Spartans),the denver waldorf school (dws spartans) (HS),2019,1048576
1279,846,barbara hoover,BARBARA HOOVER,1524.5,1578.2,7,1,Nathan Hale High School-Upper (Raiders),nathan hale high school-upper (raiders) (HS girls),2016,2097152
1280,1075,niko epstein,Niko Epstein,1524.4,1560.3,10,1,Capitol Heights,capitol heights (YCC-U17),2026,536870912
1281,1076,walt johnson,Walt Johnson,1524.4,1560.3,10,1,Capitol Heights,capitol heights (YCC-U17),2026,536870912
1282,2919,devin simonelli,Devin Simonelli,1524.4,1481.7,8,1,Marquette (Moxie),marquette (moxie),2017,32
1283,1559,chris blum,Chris Blum,1524.4,1531.5,22,4,Westerville North High School (Westerville Airbenders),westerville north high school (westerville airbenders) (HS),2024,7340032
1284,1662,robert zeller,Robert Zeller,1524.4,1526.5,7,1,Bedford High School (Bedford HS Ultimate),bedford high school (bedford hs ultimate) (HS mixed),2019,4194304
1285,3432,alex bienkowski,Alex Bienkowski,1524.4,1465.0,24,3,NC Hammer,nc hammer (YCC-U17),2025,1610612736
1286,1198,jake rovner,Jake Rovner,1524.4,1551.4,110,5,Virginia Vortex,virginia vortex (YCC-U20),2026,603979809
1287,837,patrick niles,Patrick Niles,1524.3,1579.1,38,1,Minnesota (Ninjas),minnesota (ninjas),2018,32
1288,934,jennifer gobin,Jennifer Gobin,1524.3,1571.9,7,1,Connecticut (UConn Huskies),connecticut (uconn huskies),2016,32
1289,1737,chris stone,Chris Stone,1524.3,1523.9,6,1,McCallum High School-Upper (McCallum Knights),mccallum high school-upper (mccallum knights) (HS),2017,1048576
1290,2781,tobias brooks,Tobias Brooks,1524.3,1486.4,14,3,Fairview (Fairview GMP),fairview (fairview gmp) (HS girls),2026,7340032
1291,3944,joseph schoen,Joseph Schoen,1524.2,1443.8,47,3,Geneva (Vikings),geneva (vikings) (HS),2025,3145728
1292,1530,samantha peletier,Samantha Peletier,1524.2,1533.6,9,1,Molly Brown,molly brown (women's),2026,16
1293,2009,clark bils,Clark Bils,1524.2,1513.9,7,1,DEVYL U-20 Mixed,devyl u-20 mixed (YCC-U20 mixed),2024,268435456
1294,2021,anna iglitzin,Anna Iglitzin,1524.2,1513.5,9,1,Aftershock,aftershock (YCC-U17),2019,536870912
1295,1033,leo micklem,Leo Micklem,1524.1,1563.4,8,1,Rhino Slam!,rhino slam!,2026,1
1296,750,trevor corsello,Trevor Corsello,1524.0,1588.3,11,2,Colorado Early Colleges Colorado Springs (Minions),colorado early colleges colorado springs (minions) (HS),2023,5242880
1297,3451,james palmiter,James Palmiter,1524.0,1464.1,11,1,Bend Senior (Lava Bears - Varsity),bend senior (lava bears - varsity) (HS),2026,1048576
1298,3134,adnan raslan,Adnan Raslan,1523.9,1474.5,11,1,Kent State (Kent State Damn Gravity),kent state (kent state damn gravity),2022,2
1299,1071,kathleen nottingham,KATHLEEN NOTTINGHAM,1523.9,1560.7,11,2,Crescent Valley (Raiders),crescent valley (raiders) (HS girls),2015,6291456
1300,3200,kelly marx,Kelly Marx,1523.9,1472.0,9,2,Oregon Tide,oregon tide (YCC-U17 girls),2024,1073741832
1301,1069,megan randall,Megan Randall,1523.8,1560.9,21,1,BENT,bent (women's),2019,16
1302,1023,sean kelley,Sean Kelley,1523.7,1564.0,77,1,North Carolina-Charlotte (Charlotte Skyrise),north carolina-charlotte (charlotte skyrise),2024,2
1303,649,aimie kawai,Aimie Kawai,1523.7,1599.8,11,2,DiscNW - Narwhal,discnw - narwhal (YCC-U20 girls),2017,134217728
1304,1906,devaughntae wright,Devaughntae Wright,1523.7,1517.5,5,1,McFarland High School (McFarland Spartans),mcfarland high school (mcfarland spartans) (HS),2023,1048576
1305,1387,tess johnson,Tess Johnson,1523.7,1541.4,19,2,BUDA U20G,buda u20g (YCC-U20 girls),2026,134217744
1306,1203,jonathan helton,Jonathan Helton,1523.7,1550.9,46,2,Humiliswag West,humiliswag west (beach),2026,34359738369
1307,2962,christine adams,Christine Adams,1523.7,1480.2,25,3,Niskayuna (Nisky Ultimate),niskayuna (nisky ultimate) (HS girls),2026,3145728
1308,2963,jonathan adams,Jonathan Adams,1523.7,1480.2,25,3,Niskayuna (Nisky Ultimate),niskayuna (nisky ultimate) (HS girls),2026,3145728
1309,2964,torrina adams,Torrina Adams,1523.7,1480.2,25,3,Niskayuna (Nisky Ultimate),niskayuna (nisky ultimate) (HS girls),2026,3145728
1310,1118,emily beasley,Emily Beasley,1523.7,1556.6,8,2,Indy Rogue,indy rogue (women's),2024,24
1311,798,justin gilbert,Justin Gilbert,1523.6,1583.7,91,2,Minnesota (Grey Duck),minnesota (grey duck),2019,2
1312,1682,galen ryan,Galen Ryan,1523.6,1526.1,47,3,Great River School (Great River Stars),great river school (great river stars) (HS),2017,3145728
1313,2096,jason silverman,Jason Silverman,1523.5,1511.0,21,1,Haymaker,haymaker,2026,1
1314,4303,carrie gill,Carrie Gill,1523.5,1423.4,26,2,Rhode Island (Disky Business),rhode island (disky business),2018,32
1315,4662,tobie miller,Tobie Miller,1523.5,1389.2,76,5,South High School (South Squall Varsity),south high school (south squall varsity) (HS girls),2016,136314880
1316,427,bailey laberteaux,Bailey Laberteaux,1523.5,1630.5,198,4,North Carolina State (NC State Alpha),north carolina state (nc state alpha),2026,68157442
1317,638,leslie keller,Leslie Keller,1523.5,1601.5,30,1,HB Woodlawn Secondary Program (Pandamonium),hb woodlawn secondary program (pandamonium) (HS girls),2019,2097152
1318,3969,zac goldberg,Zac Goldberg,1523.5,1442.7,91,1,California-San Diego (Air Squids),california-san diego (air squids),2025,2
1319,1840,sarah coyne,Sarah Coyne,1523.5,1519.8,24,1,Swarthmore (Warmothers),swarthmore (warmothers),2020,96
1320,1313,jessica knox brandon,Jessica Knox Brandon,1523.3,1545.2,9,1,Space Force,space force (mixed),2023,8
1321,2372,joseph quintana,Joseph Quintana,1523.3,1501.0,6,1,Denver (DU Ultimate),denver (du ultimate),2016,2
1322,3925,izzi bikun,Izzi Bikun,1523.3,1444.7,31,8,Bullseye,bullseye (YCC-U20 girls),2023,141557776
1323,3730,jared seyler,Jared Seyler,1523.3,1452.5,39,5,DC Force,dc force (YCC-U17 girls),2026,1209008144
1324,3710,kenneth wells,Kenneth Wells,1523.2,1453.1,45,1,West Chester (West Chester A),west chester (west chester a),2019,2
1325,1233,keith meschke,Keith Meschke,1523.1,1548.9,19,2,Pennsbury (Pennsbury Ultimate Female Frisbee),pennsbury (pennsbury ultimate female frisbee) (HS girls),2025,2097152
1326,2419,andy routzahn,Andy Routzahn,1523.1,1499.2,22,2,Crypt,crypt,2025,1048577
1327,852,david thompson,David Thompson,1523.1,1577.4,23,2,Hotchkiss Varsity (Hotchkiss Varsity Ultimate),hotchkiss varsity (hotchkiss varsity ultimate) (HS),2023,1048576
1328,2429,joe thackwell,Joe Thackwell,1523.1,1498.6,9,1,Air Academy (Elevation),air academy (elevation) (HS),2026,1048576
1329,1966,blake merilees,Blake Merilees,1523.1,1515.6,8,1,Simon Fraser (SFU Red Leafs),simon fraser (sfu red leafs),2025,6
1330,1967,silas huizinga,Silas Huizinga,1523.1,1515.6,8,1,Simon Fraser (SFU Red Leafs),simon fraser (sfu red leafs),2025,6
1331,1639,joe wheelock,Joe Wheelock,1523.0,1528.0,12,1,Ames High School (Parallel),ames high school (parallel) (HS),2015,1048576
1332,977,carissa lee,Carissa Lee,1523.0,1568.2,11,3,Fairview (Fairview Open),fairview (fairview open) (HS mixed),2025,7340032
1333,1493,courtney munch,Courtney Munch,1523.0,1535.4,17,1,Missouri S&T (Miner Threat),missouri s&t (miner threat),2019,102
1334,2445,emelie mckain,Emelie McKain,1523.0,1497.8,9,2,Summit (Stormbears),summit (stormbears) (HS girls),2026,6291456
1335,1472,ryan harty,Ryan Harty,1522.9,1537.0,46,2,Pittsburgh Stealers,pittsburgh stealers,2026,3
1336,2813,kelly rigsbee,Kelly Rigsbee,1522.9,1485.4,32,2,Pine-Richland (Pine-Richland Boys),pine-richland (pine-richland boys) (HS),2023,68157440
1337,2023,andrew seymour,Andrew Seymour,1522.9,1513.3,7,2,Oak Park Alpha (Oak Park Ultimate),oak park alpha (oak park ultimate) (MS mixed),2026,570425344
1338,2370,ryan nord,Ryan Nord,1522.9,1501.0,11,1,Minnesota-Duluth (Northern Lights),minnesota-duluth (northern lights),2020,2
1339,882,allison fulton,Allison Fulton,1522.9,1574.9,17,1,Oberlin  (Preying Manti A),oberlin (preying manti a),2018,96
1340,2644,david hazlett,David Hazlett,1522.8,1490.6,28,2,Flying Dutchmen,flying dutchmen,2023,7
1341,3162,fiona mckibben,Fiona McKibben,1522.8,1473.5,9,2,Bush (Blazers),bush (blazers) (HS),2015,3145728
1342,2401,christiana chang,Christiana Chang,1522.7,1499.8,10,1,Bard Early College (Bardbarians),bard early college (bardbarians) (HS),2025,1048576
1343,1145,jean russell,Jean Russell,1522.7,1554.7,24,1,Seattle Riot,seattle riot (women's),2023,16
1344,1953,will brandt,Will Brandt,1522.7,1516.0,9,3,Minnesota Superior U20B,minnesota superior u20b (YCC-U20),2024,67108865
1345,2421,colin sunde,Colin Sunde,1522.7,1499.0,58,4,Vel Phillips Madison Memorial High School (Memorial Ultimate),vel phillips madison memorial high school (memorial ultimate) (HS),2023,269484032
1346,1615,austin raymond,Austin Raymond,1522.6,1529.1,12,1,Middletown High (Firestarters),middletown high (firestarters) (HS),2016,1048576
1347,4307,rachel hunt,Rachel Hunt,1522.6,1423.1,18,1,Loyola-Chicago (Sirens),loyola-chicago (sirens),2023,32
1348,1663,walter carlson,WALTER CARLSON,1522.5,1526.5,33,5,Edina High School-JV1 (Edina Ultimate JV GREEN),edina high school-jv1 (edina ultimate jv green) (HS),2018,68157440
1349,3637,cassandra swafford,Cassandra Swafford,1522.5,1455.6,44,3,Whitman (Whitman Sweets),whitman (whitman sweets),2018,2097184
1350,2507,patrik connole,Patrik Connole,1522.5,1495.9,27,1,Brigham Young-B (CHI B),brigham young-b (chi b),2022,2
1351,923,david stira,David Stira,1522.4,1572.3,107,1,Navy (Poseidon),navy (poseidon),2023,6
1352,1421,connor scott,Connor Scott,1522.4,1539.6,5,1,Red Hots - u20,red hots - u20 (YCC-U20),2021,67108864
1353,713,jake brouwer,Jake Brouwer,1522.4,1593.0,25,1,Alabama-Huntsville (Nightmares),alabama-huntsville (nightmares),2023,2
1354,289,garrett dyer,Garrett Dyer,1522.4,1670.0,115,3,North Carolina State (NC State Alpha),north carolina state (nc state alpha),2021,2
1355,1499,erin goding,Erin Goding,1522.4,1535.0,31,1,Central Florida (Sirens),central florida (sirens),2023,32
1356,2256,girolamo s kelly,Girolamo S Kelly,1522.4,1505.2,22,2,Neuqua Valley (NV Ultimate HS Boys),neuqua valley (nv ultimate hs boys) (HS),2026,1048576
1357,1234,joshua zdrodowski,Joshua Zdrodowski,1522.4,1548.9,11,1,Doublewide,doublewide,2025,1
1358,1711,meg duffy,Meg Duffy,1522.3,1524.8,44,2,Michigan (Flywheel),michigan (flywheel),2020,1073741856
1359,2079,chelsea rybak,Chelsea Rybak,1522.3,1511.6,52,2,Compost Plates,compost plates (mixed),2025,104
1360,938,grant kirby,Grant Kirby,1522.3,1571.8,28,1,Auburn (Aetos),auburn (aetos),2020,2
1361,407,david bentrovato,David Bentrovato,1522.3,1635.7,138,2,Ohio State (Leadbelly),ohio state (leadbelly),2024,1048578
1362,1514,jordan vlastuin,Jordan Vlastuin,1522.3,1534.3,28,1,St Paul Central (Revolution),st paul central (revolution) (HS),2017,1048576
1363,1070,vida towne,Vida Towne,1522.2,1560.8,7,1,DiscNW Insidious,discnw insidious (YCC-U17 girls),2018,1073741824
1364,3181,theo eo,Theo Eo,1522.2,1472.6,11,1,Pizza Rat,pizza rat (women's),2024,16
1365,3334,meghan kemp-gee,Meghan Kemp-Gee,1522.2,1468.3,25,1,UCLA-B (UCLA Midas),ucla-b (ucla midas),2020,32
1366,1054,julian misleh,Julian Misleh,1522.2,1562.1,15,1,Holy Family Catholic (Revolution),holy family catholic (revolution) (HS),2026,1048576
1367,3583,daniel stedman,Daniel Stedman,1522.2,1458.7,16,2,Minnetonka High School (Narwhal),minnetonka high school (narwhal) (HS),2016,68157440
1368,3108,jonathan korn,Jonathan Korn,1522.2,1475.3,7,1,Vice,vice (women's),2015,16
1369,788,alex walker,Alex Walker,1522.2,1584.3,77,6,X Wives-A,x wives-a,2026,605028355
1370,4561,rylan stratton,Rylan Stratton,1522.2,1401.7,34,2,U Street,u street (YCC-U20),2021,67108960
1371,842,keali mccarter,Keali Mccarter,1522.1,1578.6,16,3,clear/cut,clear/cut (YCC-U17),2021,4831838208
1372,2288,jimmy wiesbrock,Jimmy Wiesbrock,1522.1,1503.9,39,2,Colorado Kelp,colorado kelp (women's),2026,18
1373,3407,wesley mccurdy,Wesley McCurdy,1522.1,1465.8,9,1,North Allegheny  (NAGU),north allegheny (nagu) (HS girls),2024,2097152
1374,2415,matt bristol,Matt Bristol,1522.0,1499.2,12,1,Love Tractor,love tractor (mixed),2023,8
1375,2948,benjamin godwin,Benjamin Godwin,1522.0,1480.6,15,3,Arapahoe High School - Black (Arapahoe Black),arapahoe high school - black (arapahoe black) (HS mixed),2019,5242880
1376,2690,marco mueller,Marco Mueller,1522.0,1489.3,6,1,German National Team,german national team (women's),2019,16
1377,2691,maximilian leibersberger,Maximilian Leibersberger,1522.0,1489.3,6,1,German National Team,german national team (women's),2019,16
1378,403,sam terry,Sam Terry,1521.9,1637.5,35,4,Seven Hills U20 Mixed,seven hills u20 mixed (YCC-U20 mixed),2022,268435456
1379,116,michael meilstrup,Michael Meilstrup,1521.9,1769.9,55,2,Toro,toro (mixed),2025,40
1380,1453,michael kelley,Michael Kelley,1521.9,1537.9,5,1,St. John's Prep (Eagles A),st. john's prep (eagles a) (HS),2016,1048576
1381,3204,kristin (charlie) eide,Kristin (Charlie) Eide,1521.9,1471.9,78,5,Western Washington (DIRT),western washington (dirt),2024,136314914
1382,1068,caylin gentile,Caylin Gentile,1521.9,1561.1,6,1,Happy Cows,happy cows (YCC-U20 mixed),2017,268435456
1383,3762,jake holst,Jake Holst,1521.9,1451.4,12,1,Minnesota-C (Rubber Ducky),minnesota-c (rubber ducky),2024,2
1384,543,jarod brock,Jarod Brock,1521.9,1612.3,33,1,Perry Meridian High School (Perry Meridian Falcons),perry meridian high school (perry meridian falcons) (HS),2017,1048576
1385,1745,michaela lee,Michaela Lee,1521.8,1523.6,45,1,California (Pie Queens),california (pie queens),2018,32
1386,702,kristi hulsey,Kristi Hulsey,1521.8,1594.1,18,2,River's Edge Christian Academy-Upper (River's Edge Eagles),river's edge christian academy-upper (river's edge eagles) (YCC-U20),2022,68157440
1387,1139,reese bowman,Reese Bowman,1521.8,1555.2,29,1,Texas (TUFF),texas (tuff),2024,2
1388,1314,karina kumar,Karina Kumar,1521.8,1545.2,11,1,Westlake-Varsity (Acton Westlake Ultimate),westlake-varsity (acton westlake ultimate) (HS),2026,1048576
1389,3405,zachary weaver,Zachary Weaver,1521.8,1465.9,59,8,XUA (St Xavier),xua (st xavier) (HS),2026,542113793
1390,1993,stephen ng,Stephen Ng,1521.7,1514.6,9,1,George Mason (Extinction),george mason (extinction),2022,32
1391,1358,michael shiel,Michael Shiel,1521.7,1542.7,31,3,Chicago Elite,chicago elite (YCC-U20),2017,67108865
1392,2751,michael micucci,MICHAEL MICUCCI,1521.6,1487.4,17,2,Pioneer Valley Performing Arts (PVPA),pioneer valley performing arts (pvpa) (HS),2015,3145728
1393,451,eugenia garza,Eugenia Garza,1521.6,1628.1,22,2,MN Superior,mn superior (YCC-U20 mixed),2026,268435464
1394,452,jasper skinner-sloan,Jasper Skinner-Sloan,1521.6,1628.1,22,2,MN Superior,mn superior (YCC-U20 mixed),2026,268435464
1395,1308,joseph sandoval,JOSEPH SANDOVAL,1521.5,1545.3,8,1,CIVA Charter High School (Raven MadFLX),civa charter high school (raven madflx) (HS),2015,1048576
1396,2291,shaun webb,Shaun Webb,1521.5,1503.8,17,3,Alameda Community Learning Center (Monarchs),alameda community learning center (monarchs) (HS),2022,1048578
1397,1805,andrew schwartz,Andrew Schwartz,1521.5,1520.8,13,2,Portland Ivy,portland ivy (women's),2017,1048592
1398,2162,megan molteni,Megan Molteni,1521.5,1508.7,15,1,Carleton College (Syzygy),carleton college (syzygy),2014,32
1399,1909,ashley green,Ashley Green,1521.5,1517.5,66,5,Edina High School (Green Lantern Girls),edina high school (green lantern girls) (YCC-U20 girls),2020,137363472
1400,1028,thien mai,Thien Mai,1521.4,1563.9,12,2,Santa Cruz (Santa Cruz Ultimate),santa cruz (santa cruz ultimate) (HS),2026,1048576
1401,1092,amelia leenig,Amelia Leenig,1521.4,1558.9,29,1,Purdue (Xpress),purdue (xpress),2023,32
1402,388,michael lopresti,Michael Lopresti,1521.3,1639.1,41,3,Truck Stop,truck stop,2016,67108865
1403,1178,eric krucke,Eric Krucke,1521.3,1552.7,10,1,Lambert High School (Lambert Longhorns),lambert high school (lambert longhorns) (HS),2019,1048576
1404,1179,robert bennett,Robert Bennett,1521.3,1552.7,10,1,Lambert High School (Lambert Longhorns),lambert high school (lambert longhorns) (HS),2019,1048576
1405,4465,charles kerr,Charles Kerr,1521.3,1411.8,35,3,Enloe & Raleigh Charter (Phoeagles),enloe & raleigh charter (phoeagles) (HS),2017,1048576
1406,244,niklas brunow,Niklas Brunow,1521.3,1689.4,68,5,Middleton-JV (Middlton Boys B),middleton-jv (middlton boys b) (HS),2026,1048577
1407,3060,uly rivera,Uly Rivera,1521.3,1476.6,11,1,Pegasus,pegasus (mixed),2023,8
1408,1372,zachary nebeker,Zachary Nebeker,1521.3,1541.9,53,3,Layton Area MS (Break Force Jr),layton area ms (break force jr) (MS mixed),2025,34603008
1409,4255,corinna keeler,Corinna Keeler,1521.3,1427.1,25,2,Carrboro High School-B (Carrboro Mussels),carrboro high school-b (carrboro mussels) (HS),2017,1048576
1410,1341,rex fortgang,Rex Fortgang,1521.3,1543.8,13,1,Compass Montessori  (Compass Unicorns ),compass montessori (compass unicorns ) (HS mixed),2021,4194304
1411,2817,ben finkelor,Ben Finkelor,1521.2,1485.2,26,3,DJUSD High Schools (DYU High School),djusd high schools (dyu high school) (HS),2024,537919488
1412,1887,evan driscoll,Evan Driscoll,1521.2,1518.1,24,3,St Louis Storm U20B,st louis storm u20b (YCC-U20),2026,67108865
1413,1904,ariel vogel,Ariel Vogel,1521.2,1517.6,35,1,Richmond (Spidermonkeys),richmond (spidermonkeys),2026,6
1414,1905,owen donovan,Owen Donovan,1521.2,1517.6,35,1,Richmond (Spidermonkeys),richmond (spidermonkeys),2026,6
1415,946,chris garcia,Chris Garcia,1521.2,1571.1,19,3,Alameda (Monarchs),alameda (monarchs) (HS),2025,540016640
1416,1255,charles strader,CHARLES STRADER,1521.1,1547.3,22,3,Sun Prairie High School (Sun Prairie Ultimate - Tournament Team),sun prairie high school (sun prairie ultimate - tournament team) (HS),2017,1048576
1417,2292,molly neral,Molly Neral,1521.1,1503.8,28,3,Jordan High School (Jordan High School A Team),jordan high school (jordan high school a team) (HS),2016,3145728
1418,1537,saamir baker,Saamir Baker,1521.1,1533.2,6,2,Temple-B (False Alarm),temple-b (false alarm),2023,268435458
1419,1920,kim blakemore,Kim Blakemore,1521.0,1517.1,20,1,Seattle Soul,seattle soul (women's),2019,16
1420,787,justin keller,Justin Keller,1521.0,1584.4,37,1,Richmond (Spidermonkeys),richmond (spidermonkeys),2020,6
1421,1606,kieran baguiwet,Kieran Baguiwet,1521.0,1529.5,21,1,Stevens Tech (Stevens Tech),stevens tech (stevens tech),2026,6
1422,1607,paul demopoulos,Paul Demopoulos,1521.0,1529.5,21,1,Stevens Tech (Stevens Tech),stevens tech (stevens tech),2026,6
1423,834,jenna bigbie,Jenna Bigbie,1521.0,1579.5,8,2,Marcus 1 (Marcus 1),marcus 1 (marcus 1) (HS mixed),2017,4194304
1424,457,joel dehlin,Joel Dehlin,1520.9,1627.0,21,3,Lone Peak Y (Lone Peak Y),lone peak y (lone peak y) (HS mixed),2019,4299161608
1425,1584,emily langland,Emily Langland,1520.9,1530.6,70,2,Wisconsin (Bella Donna),wisconsin (bella donna),2019,32
1426,2403,katharine lindquist,Katharine Lindquist,1520.9,1499.8,37,2,George Washington (G-dub Hippos A),george washington (g-dub hippos a),2018,32
1427,2375,joseph wu,Joseph Wu,1520.9,1500.8,10,2,Karma,karma (mixed),2022,8
1428,2327,jonathan (charlie) smedberg,Jonathan (Charlie) Smedberg,1520.8,1502.4,8,1,Chantilly High School (Chantilly Ultimate),chantilly high school (chantilly ultimate) (HS),2019,1048576
1429,1206,mark lee,Mark Lee,1520.8,1550.4,49,2,Jordan High School (Jordan Falcons),jordan high school (jordan falcons) (HS),2017,1048576
1430,3754,jennifer nicholls,Jennifer Nicholls,1520.8,1451.9,29,2,Drift,drift (women's),2025,16
1431,1902,dave kavulak,Dave Kavulak,1520.8,1517.6,6,1,Argo,argo (mixed),2019,8
1432,248,andrew li,Andrew Li,1520.8,1687.1,63,1,North Carolina (Darkside),north carolina (darkside),2026,2
1433,587,audrey jesue,Audrey Jesue,1520.8,1607.5,30,1,Michigan State (Moose),michigan state (moose),2026,32
1434,1860,ryan pickens,Ryan Pickens,1520.7,1519.1,10,1,Cosa Nostra,cosa nostra (mixed),2017,8
1435,182,stephanie lim,Stephanie Lim,1520.7,1713.0,40,1,Stanford (Stanford (Superfly)),stanford (stanford (superfly)),2017,32
1436,2109,sam joyce,Sam Joyce,1520.7,1510.5,13,1,Cathedral High School (Griffin),cathedral high school (griffin) (HS),2018,1048576
1437,1801,jack (john) mcshane,Jack (John) McShane,1520.7,1520.9,16,1,Colorado (Kali),colorado (kali),2014,32
1438,1312,nalinrat zhu,Nalinrat Zhu,1520.7,1545.2,6,1,Franklin Regional (Franklin Regional Ultimate Varsity),franklin regional (franklin regional ultimate varsity) (HS),2017,1048576
1439,4011,kenneth kirschner,Kenneth Kirschner,1520.7,1440.7,78,3,Woodward Academy (Woodward Academy),woodward academy (woodward academy) (HS),2026,3145728
1440,3565,haley reese,Haley Reese,1520.7,1459.3,35,2,Grady High School (Gauntlet (girls)),grady high school (gauntlet (girls)) (HS girls),2017,538968064
1441,1225,jeff cann,Jeff Cann,1520.7,1549.6,8,1,St. John's Prep (Eagles A),st. john's prep (eagles a) (HS),2016,1048576
1442,594,russell arkin,Russell Arkin,1520.7,1606.7,28,4,Oregon Eclipse,oregon eclipse (YCC-U17),2024,671088648
1443,1494,jack baba,Jack Baba,1520.6,1535.4,11,1,Tulane (Tucks),tulane (tucks),2021,2
1444,1487,zachary norrbom,Zachary Norrbom,1520.6,1536.0,23,4,Swing Vote,swing vote (YCC-U20 mixed),2026,273678336
1445,1276,jakob lehmann,Jakob Lehmann,1520.6,1546.3,23,3,Science Leadership Academy (Rockets),science leadership academy (rockets) (HS girls),2026,270532608
1446,905,dave kuettner,Dave Kuettner,1520.6,1573.3,10,2,Minnesota Superior U17G,minnesota superior u17g (YCC-U17 girls),2026,1073741840
1447,970,donald atkins,Donald Atkins,1520.5,1569.0,11,1,Center Grove High School (Trojans (A)),center grove high school (trojans (a)) (HS),2019,1048576
1448,1268,blake krapfl,Blake Krapfl,1520.5,1546.6,8,2,MN Superior,mn superior (YCC-U20 mixed),2025,268435464
1449,1752,san montagno,San Montagno,1520.5,1523.2,7,1,Club Deportivo Revolution-Junior,club deportivo revolution-junior (YCC-U17 girls),2017,1073741824
1450,1843,lauren fayn,Lauren Fayn,1520.5,1519.8,6,1,Ardrey Kell High School (AKult),ardrey kell high school (akult) (HS),2022,1048576
1451,2240,elise jackson,Elise Jackson,1520.4,1505.8,56,7,Washington-Liberty (WhirlpooL),washington-liberty (whirlpool) (HS girls),2025,7340032
1452,2823,mark todzo,Mark Todzo,1520.4,1485.0,13,2,San Mateo Unified High School District (Disception 2018),san mateo unified high school district (disception 2018) (HS),2018,1048576
1453,4379,samuel frisz,Samuel Frisz,1520.3,1418.6,64,5,Lafayette (Lafayette Warriors),lafayette (lafayette warriors) (HS),2023,5242880
1454,1021,jeff george,Jeff George,1520.3,1564.3,51,2,Green,green (women's),2017,16
1455,1521,gilad seckler,Gilad Seckler,1520.3,1533.9,5,1,The Beacon School (Beacon Blue Jays ),the beacon school (beacon blue jays ) (HS girls),2019,2097152
1456,1522,lev fruchter,Lev Fruchter,1520.3,1533.9,5,1,The Beacon School (Beacon Blue Jays ),the beacon school (beacon blue jays ) (HS girls),2019,2097152
1457,1555,sean lindsay,Sean Lindsay,1520.2,1531.6,10,3,San Antonio Problems,san antonio problems (women's),2026,17
1458,3050,erik huemiller,Erik Huemiller,1520.2,1476.9,39,2,Illinois (Illinois Ultimate),illinois (illinois ultimate),2017,2
1459,2062,jennifer golan,Jennifer Golan,1520.2,1511.9,7,2,Belle,belle (YCC-U20 girls),2019,134217744
1460,2063,malika smoot,Malika Smoot,1520.2,1511.9,7,2,Belle,belle (YCC-U20 girls),2019,134217744
1461,2064,trish nguyen,Trish Nguyen,1520.2,1511.9,7,2,Belle,belle (YCC-U20 girls),2019,134217744
1462,1471,benjamin deardurff,BENJAMIN DEARDURFF,1520.1,1537.0,25,3,Crescent Valley (Raiders),crescent valley (raiders) (HS girls),2016,7340032
1463,1936,raha mozaffari,Raha Mozaffari,1520.1,1516.6,43,1,Pennsylvania (Venus),pennsylvania (venus),2019,32
1464,1829,daniel chazin,Daniel Chazin,1520.1,1520.2,9,1,University School of Nashville (Brutal Grassburn),university school of nashville (brutal grassburn) (HS),2015,1048576
1465,3942,shazad mehta,Shazad Mehta,1520.1,1444.0,46,6,Elmhurst (Mid Evo),elmhurst (mid evo) (MS mixed),2026,579862528
1466,2836,thomas glass,Thomas Glass,1520.1,1484.5,8,2,West Windsor - Plainsboro (WW-P ),west windsor - plainsboro (ww-p ) (HS girls),2024,3145728
1467,2655,solomon podorovsky,Solomon Podorovsky,1520.1,1490.4,21,1,McGill (MUT),mcgill (mut),2026,2
1468,758,elliott erickson,Elliott Erickson,1520.0,1586.9,40,2,Colorado (Quandary),colorado (quandary),2019,1048608
1469,1621,nathan silvestri,Nathan Silvestri,1520.0,1528.9,24,1,North Carolina-Charlotte (Charlotte Skyrise),north carolina-charlotte (charlotte skyrise),2026,2
1470,263,joshua nugent,Joshua Nugent,1520.0,1679.5,35,9,Amherst Regional (HSG) (Hurricanes - Girls Varsity),amherst regional (hsg) (hurricanes - girls varsity) (HS girls),2016,3145760
1471,3178,jean huang,Jean Huang,1520.0,1472.7,12,2,BUDA U20G,buda u20g (YCC-U20 girls),2023,134217744
1472,671,abhijit bhattacharya,ABHIJIT BHATTACHARYA,1519.9,1597.0,33,1,Nightlock,nightlock (women's),2015,16
1473,672,peri kurshan,Peri Kurshan,1519.9,1597.0,33,1,Nightlock,nightlock (women's),2015,16
1474,1625,maxwell sheffield,Maxwell Sheffield,1519.9,1528.7,6,1,Seven Hills U17 Open,seven hills u17 open (YCC-U17),2022,536870912
1475,1517,sean gallagher,Sean Gallagher,1519.9,1534.1,30,2,Jordan High School (Jordan Falcons),jordan high school (jordan falcons) (HS),2017,1048576
1476,759,ashley shelor,Ashley Shelor,1519.8,1586.7,151,2,Rice (Torque),rice (torque),2026,97
1477,565,bailey zahniser,Bailey Zahniser,1519.8,1609.4,45,2,Seattle Riot,seattle riot (women's),2024,2097168
1478,1326,matt carter,Matt Carter,1519.8,1544.5,65,1,Pennsylvania (Void),pennsylvania (void),2024,3
1479,2711,brigitte newsom,Brigitte Newsom,1519.7,1488.8,44,3,Asheville (Asheville),asheville (asheville) (HS),2025,336592896
1480,793,charles furse,Charles Furse,1519.7,1584.0,42,1,Illinois (Rise),illinois (rise),2026,2
1481,1893,enway melo,Enway Melo,1519.7,1518.0,70,2,Occidental (WAC),occidental (wac),2026,96
1482,3647,aaron richards,Aaron Richards,1519.7,1455.3,12,1,Old Dominion (Monarchs),old dominion (monarchs),2016,2
1483,1984,jack kingsley,Jack Kingsley,1519.7,1514.9,9,1,Timberline High School (Wolves),timberline high school (wolves) (HS mixed),2018,4194304
1484,4049,jed farber,Jed Farber,1519.7,1438.2,68,2,Crucible,crucible (mixed),2026,40
1485,1694,adam carberry,Adam Carberry,1519.7,1525.7,13,1,Arizona State (Caliente),arizona state (caliente),2015,32
1486,390,samuel dinning,Samuel Dinning,1519.6,1638.8,63,2,Rally,rally (mixed),2022,14
1487,1838,noah bernhardt,Noah Bernhardt,1519.6,1520.0,5,1,El Cerrito High School (EC HUC),el cerrito high school (ec huc) (HS),2019,1048576
1488,2584,debbie patnaude,Debbie Patnaude,1519.6,1492.8,14,2,New Vista High School (Owls),new vista high school (owls) (HS mixed),2022,5242880
1489,3102,sarah thornburgh,Sarah Thornburgh,1519.6,1475.5,36,3,Minnesota Superior,minnesota superior (YCC-U20 girls),2018,136314896
1490,1197,peter luttmann,Peter Luttmann,1519.6,1551.4,94,6,Milford (Eagles - Mixed),milford (eagles - mixed) (HS mixed),2019,544210944
1491,4412,stephen rhea,Stephen Rhea,1519.6,1416.0,45,1,Samford (Dogma),samford (dogma),2018,6
1492,2053,catherine clifton,Catherine Clifton,1519.5,1512.2,36,2,Lower Merion (Lady Baba),lower merion (lady baba) (HS girls),2026,136314880
1493,1448,cole nickell,Cole Nickell,1519.5,1538.1,27,1,Lambert High School (Lambert Longhorns),lambert high school (lambert longhorns) (HS),2023,1048576
1494,217,andrew brown,Andrew Brown,1519.5,1699.1,164,1,Wisconsin (Hodags),wisconsin (hodags),2021,2
1495,1553,matthew ondek,Matthew Ondek,1519.5,1531.7,19,1,Richmond (Richmond Redhots),richmond (richmond redhots),2021,96
1496,695,evan boecking,Evan Boecking,1519.5,1594.9,56,1,Auburn (Aetos),auburn (aetos),2018,2
1497,3718,daniel brennan,Daniel Brennan,1519.4,1452.9,24,1,Christian Brother College High School (CBC Ultimate),christian brother college high school (cbc ultimate) (HS),2019,1048576
1498,186,kris bass,Kris Bass,1519.4,1711.2,125,3,North Carolina State (NC State Alpha),north carolina state (nc state alpha),2020,2
1499,202,caleb szydlo,Caleb Szydlo,1519.4,1705.0,132,4,St Olaf (Berzerkers),st olaf (berzerkers),2026,15
1500,1869,sean storm,SEAN STORM,1519.4,1518.7,7,1,St. John's-Ravenscourt (1812),st. john's-ravenscourt (HS),2023,1048576
1501,1870,steve baria,Steve Baria,1519.4,1518.7,7,1,St. John's-Ravenscourt (1812),st. john's-ravenscourt (HS),2023,1048576
1502,563,joseph duran,Joseph Duran,1519.4,1609.5,49,4,The University School (Crush - Ladies),the university school (crush - ladies) (HS girls),2019,3145728
1503,4346,chas legge,Chas Legge,1519.3,1420.3,39,1,LSU (Purple Haze),lsu (purple haze),2025,2
1504,2218,emma elliot,Emma Elliot,1519.2,1506.5,7,1,Madison MUFAbots U20X,madison mufabots u20x (YCC-U20 mixed),2024,268435456
1505,2747,james tarantino,James Tarantino,1519.1,1487.5,10,1,West Chester-B (West Chester B),west chester-b (west chester b),2026,2
1506,2748,john-patrick duffy,John-Patrick Duffy,1519.1,1487.5,10,1,West Chester-B (West Chester B),west chester-b (west chester b),2026,2
1507,133,edith teng,Edith Teng,1519.1,1758.6,39,2,Scandal,scandal (women's),2019,112
1508,2530,tommy barber,Tommy Barber,1519.1,1494.9,44,5,Maryland Blackout,maryland blackout (YCC-U20 mixed),2026,269484032
1509,665,benjamin reimler,Benjamin Reimler,1519.1,1597.7,52,4,St Louis Storm U17B,st louis storm u17b (YCC-U17),2026,872415234
1510,3081,elana schwam,Elana Schwam,1519.1,1475.9,18,2,Brandeis (Banshee),brandeis (banshee),2021,96
1511,3515,nicholas alexander,Nicholas Alexander,1519.1,1461.2,43,1,Santa Clara (SCAB),santa clara (scab),2022,2
1512,3243,christopher olig,Christopher Olig,1519.1,1470.6,15,3,James Madison Memorial High School (Memorial Ultimate),james madison memorial high school (memorial ultimate) (HS),2016,1048584
1513,930,nathan lam,Nathan Lam,1519.0,1572.1,67,2,Victoria (Vikes),victoria (vikes),2026,50
1514,831,adam goff,Adam Goff,1519.0,1579.8,140,4,Public Enemy,public enemy (mixed),2023,134217752
1515,3805,valerio iani,Valerio Iani,1519.0,1449.5,57,8,OAK Sparks,oak sparks,2020,4831838218
1516,1019,frances lebar,Frances Lebar,1519.0,1564.4,22,1,Southern California (Hellions of Troy),southern california (hellions of troy),2026,32
1517,1429,ben burelle,Ben Burelle,1519.0,1538.9,15,1,Furious George,furious george,2023,1
1518,1748,matthew gunter,Matthew Gunter,1519.0,1523.5,7,2,Minnesota Superior U17B,minnesota superior u17b (YCC-U17),2026,536870913
1519,2862,alan reeves,Alan Reeves,1519.0,1483.5,48,5,cATLanta,catlanta (YCC-U20 girls),2026,1211105280
1520,2931,matthew rowan mcdonnell,Matthew Rowan McDonnell,1518.9,1481.2,31,1,American (Dirty Ladies),american (dirty ladies),2018,32
1521,981,elizabeth cook,Elizabeth Cook,1518.9,1568.0,85,6,Lexington (Fooligals),lexington (fooligals) (HS girls),2017,3145728
1522,1229,andrew misthos,Andrew Misthos,1518.8,1549.1,42,2,Jughandle,jughandle (mixed),2026,1048584
1523,2235,graham walker,Graham Walker,1518.8,1505.9,8,1,Penn State (Spank),penn state (spank),2020,2
1524,1785,jeremy remiger,Jeremy Remiger,1518.8,1521.6,6,1,St. John Vianney High School  (Vianney ),st. john vianney high school (vianney ) (HS),2018,1048576
1525,1786,jim meyer,Jim Meyer,1518.8,1521.6,6,1,St. John Vianney High School  (Vianney ),st. john vianney high school (vianney ) (HS),2018,1048576
1526,2903,aliyah latham,Aliyah Latham,1518.8,1482.3,52,1,California-Santa Barbara (Burning Skirts),california-santa barbara (burning skirts),2026,32
1527,2904,giovanni danforth,Giovanni Danforth,1518.8,1482.3,52,1,California-Santa Barbara (Burning Skirts),california-santa barbara (burning skirts),2026,32
1528,2905,leah forester,Leah Forester,1518.8,1482.3,52,1,California-Santa Barbara (Burning Skirts),california-santa barbara (burning skirts),2026,32
1529,3053,jared trevor,Jared Trevor,1518.8,1476.7,48,1,Tennessee-Chattanooga (Moxie),tennessee-chattanooga (moxie),2026,32
1530,402,travis compo,Travis Compo,1518.8,1637.6,88,3,Michigan (MagnUM),michigan (magnum),2023,67108867
1531,692,allen (boots) boitz,Allen (Boots) Boitz,1518.8,1595.2,127,8,Colorado Mines (Entropy),colorado mines (entropy),2026,5242886
1532,2282,ethan lay,Ethan Lay,1518.7,1504.2,18,1,Bethesda-Chevy Chase (B-CC Barons),bethesda-chevy chase (b-cc barons) (HS),2026,1048576
1533,2283,isabella wahl,Isabella Wahl,1518.7,1504.2,18,1,Bethesda-Chevy Chase (B-CC Barons),bethesda-chevy chase (b-cc barons) (HS),2026,1048576
1534,2224,august brown,August Brown,1518.7,1506.2,26,2,St. Paul Central Revolution (Revolution),st. paul central revolution (revolution) (HS girls),2018,2097152
1535,1483,cameron jack,Cameron Jack,1518.7,1536.2,5,1,Red Tide,red tide,2023,1
1536,1482,doug eickman,Doug Eickman,1518.7,1536.2,57,2,Regis (Regis A),regis (regis a) (HS),2026,1048576
1537,1707,griffin majer,Griffin Majer,1518.6,1525.1,6,1,Iditarod,iditarod,2026,1
1538,1708,joshua pinto,Joshua Pinto,1518.6,1525.1,6,1,Iditarod,iditarod,2026,1
1539,1928,gabriella everett,Gabriella Everett,1518.6,1516.8,7,1,Swing Vote,swing vote (YCC-U20 mixed),2025,268435456
1540,1929,isaac lee,Isaac Lee,1518.6,1516.8,7,1,Swing Vote,swing vote (YCC-U20 mixed),2025,268435456
1541,1562,michaela dudley,Michaela Dudley,1518.6,1531.5,43,1,Cornell (Wild Roses),cornell (wild roses),2018,32
1542,2070,andy zhou,Andy Zhou,1518.6,1511.7,5,1,McNeil  (Mavericks),mcneil (mavericks) (HS),2026,1048576
1543,944,michaela ward,Michaela Ward,1518.6,1571.4,51,2,Washington University (Iron Horse),washington university (iron horse),2020,32
1544,1817,kelly donovan,Kelly Donovan,1518.6,1520.5,9,2,Pegasus,pegasus (mixed),2016,1048584
1545,1439,seth kotzman,SETH KOTZMAN,1518.5,1538.4,47,1,Western Washington (Dirt),western washington (dirt),2018,2
1546,1721,elise rasmussen,Elise Rasmussen,1518.5,1524.4,5,1,DiscNW Sauce,discnw sauce (YCC-U20 girls),2018,134217728
1547,3034,molly berkholtz,Molly Berkholtz,1518.5,1477.4,65,4,Madison MUFAbots U20X,madison mufabots u20x (YCC-U20 mixed),2026,270532608
1548,1923,kevin knutson,Kevin Knutson,1518.5,1517.0,38,3,St Paul Central (Revolution),st paul central (revolution) (HS),2017,68157440
1549,1792,julia johnson,Julia Johnson,1518.5,1521.5,6,1,Lotus,lotus (mixed),2026,8
1550,1793,ryan van hook,Ryan Van Hook,1518.5,1521.5,6,1,Lotus,lotus (mixed),2026,8
1551,1994,steve pratt,Steve Pratt,1518.4,1514.5,12,1,Cleveland High School (Cleveland Varsity Boys),cleveland high school (cleveland varsity boys) (HS),2015,1048576
1552,2077,peter gleason,Peter Gleason,1518.4,1511.6,24,1,Colorado (Mamabird),colorado (mamabird),2018,2
1553,1534,danny gollin,Danny Gollin,1518.4,1533.5,11,2,Hopkins High School Girls (Hopkins HS Girls),hopkins high school girls (hopkins hs girls) (HS girls),2023,136314880
1554,3217,danny quarrell,DANNY QUARRELL,1518.4,1471.2,23,2,Rhino,rhino slam!,2017,17
1555,2427,brian york,Brian York,1518.4,1498.8,8,1,Bates (Bates Orange Whip),bates (bates orange whip),2015,6
1556,3103,eric allen,Eric Allen,1518.4,1475.4,11,1,Sevier County  (SMOKEY BEARS),sevier county (smokey bears) (HS),2019,1048576
1557,2086,brian paulus,Brian Paulus,1518.4,1511.3,15,2,Bird,bird (mixed),2023,1048584
1558,2276,shashank alladi,Shashank Alladi,1518.4,1504.4,124,2,Rutgers (Machine),rutgers (machine),2025,1048578
1559,1622,eian brent,Eian Brent,1518.3,1528.9,9,2,Marcus High School (Marcus (High School Open)),marcus high school (marcus (high school open)),2020,1048578
1560,2656,tom ferguson,Tom Ferguson,1518.3,1490.3,15,4,LASA (A) (Vertikills A),lasa (a) (vertikills a) (HS),2019,5242880
1561,2146,stephen cook,Stephen Cook,1518.3,1509.3,25,2,Bingham (Bingham Ultimate - Girls),bingham (bingham ultimate - girls) (HS girls),2025,2097152
1562,1957,sailor ong,Sailor Ong,1518.2,1515.8,17,3,Utah Swarm U20 Girls,utah swarm u20 girls (YCC-U20 girls),2026,1207959552
1563,1190,kenneth randby,Kenneth Randby,1518.2,1551.6,26,2,Carrboro High School (Carrboro Clams),carrboro high school (carrboro clams) (HS),2018,1048576
1564,1189,jacob ham,Jacob Ham,1518.2,1551.8,25,7,James Madison (MadHouse),james madison (madhouse) (HS),2025,542113794
1565,2217,lindsay goldsmith-markey,Lindsay Goldsmith-Markey,1518.2,1506.5,13,2,Wooder,wooder,2024,1048577
1566,442,matt wilken,Matt Wilken,1518.2,1629.6,91,1,Michigan (MagnUM),michigan (magnum),2018,6
1567,443,richard (ricky) eikstadt,Richard (Ricky) Eikstadt,1518.2,1629.6,91,1,Michigan (MagnUM),michigan (magnum),2018,6
1568,3542,alexandra kirby,Alexandra Kirby,1518.2,1459.9,14,1,Claremont (Claremont Greenshirts),claremont (claremont greenshirts),2018,96
1569,1544,florence armein,Florence Armein,1518.2,1532.3,16,2,Jackson-Reed (Tigers Ultimate),jackson-reed (tigers ultimate) (HS girls),2026,2097152
1570,630,alan scher zagier,Alan Scher Zagier,1518.2,1602.5,47,1,Missouri S&T (Miner Threat),missouri s&t (miner threat),2021,6
1571,1169,cheryl lou,CHERYL LOU,1518.1,1553.3,11,2,Concord Carlisle Regional High School (CChaos Girls),concord carlisle regional high school (cchaos girls) (HS girls),2016,2097152
1572,1875,laura fluehr,Laura Fluehr,1518.1,1518.5,7,1,North Atlanta-JV (NAHS),north atlanta-jv (nahs) (HS),2026,1048576
1573,1876,owen sawyer,Owen Sawyer,1518.1,1518.5,7,1,North Atlanta-JV (NAHS),north atlanta-jv (nahs) (HS),2026,1048576
1574,1310,christina sur,Christina Sur,1518.1,1545.2,19,1,Northwestern (GungHo),northwestern (gungho),2018,32
1575,1438,keara crook,Keara Crook,1518.1,1538.4,6,1,James Madison (MADLUV) (Madison),james madison (madluv) (madison) (HS girls),2026,2097152
1576,624,nathan bussberg,Nathan Bussberg,1518.1,1603.1,10,1,Hybrid,hybrid (mixed),2026,8
1577,1152,alex richardson,Alex Richardson,1518.0,1553.9,32,1,Florida (Florida),florida (florida),2023,2
1578,3978,john knapp,John Knapp,1517.9,1442.4,24,1,Cold Cuts,cold cuts (women's),2019,16
1579,3979,nathan jesson,Nathan Jesson,1517.9,1442.4,24,1,Cold Cuts,cold cuts (women's),2019,16
1580,2879,erin malonzo,Erin Malonzo,1517.9,1482.9,37,1,Penn State  (Crisis),penn state (crisis),2026,32
1581,2105,nathan prior,Nathan Prior,1517.9,1510.7,41,1,Maryland (Maryland Ultimate),maryland (maryland ultimate),2018,2
1582,2560,eli motycka,Eli Motycka,1517.9,1493.7,9,1,Nashville Tonks,nashville tonks (YCC-U17),2026,536870912
1583,2561,ryan balch,Ryan Balch,1517.9,1493.7,9,1,Nashville Tonks,nashville tonks (YCC-U17),2026,536870912
1584,2788,louis-pierre lauzon,Louis-Pierre Lauzon,1517.9,1486.1,8,2,Club M - Manic,club m - manic,2022,17
1585,2743,leah kaye,Leah Kaye,1517.8,1487.6,24,1,Boston College (Boston College),boston college (boston college),2023,32
1586,1661,jesse remeis,Jesse Remeis,1517.8,1526.7,6,1,Utah Swarm U20 Girls,utah swarm u20 girls (YCC-U20 girls),2026,134217728
1587,188,killian burns,Killian Burns,1517.8,1710.2,101,16,Fairview (Fairview Mixed B),fairview (fairview mixed b) (HS mixed),2024,7340064
1588,1385,jamie dell,JAMIE DELL,1517.8,1541.4,15,1,Milford (Eagles - Mixed),milford (eagles - mixed) (HS),2017,1048576
1589,1512,cullen geppert,Cullen Geppert,1517.8,1534.3,9,1,Neuqua Valley (NV Ultimate-A),neuqua valley (nv ultimate-a) (HS),2014,1048576
1590,2369,mat little,Mat Little,1517.7,1501.1,13,1,Andover High School (Golden Gophers),andover high school (golden gophers) (HS),2016,1048576
1591,1856,john poole,JOHN POOLE,1517.7,1519.2,13,3,Boise High School (Braves),boise high school (braves) (HS mixed),2018,4194304
1592,1256,alison ellis,Alison Ellis,1517.7,1547.3,14,1,Evanston Township High School (Wildkits),evanston township high school (wildkits) (HS),2017,1048576
1593,1257,matt moran,Matt Moran,1517.7,1547.3,14,1,Evanston Township High School (Wildkits),evanston township high school (wildkits) (HS),2017,1048576
1594,1573,michael hartman,Michael Hartman,1517.7,1531.0,7,1,Virginia Fall Line (Virginia Fall Line),virginia fall line (virginia fall line) (HS girls),2026,2097152
1595,2097,sean plunkett,Sean Plunkett,1517.7,1511.0,17,2,Rogue,rogue (YCC-U20 girls),2026,134217824
1596,1061,josh briggeman,Josh Briggeman,1517.7,1561.5,23,2,Alloy,alloy (mixed),2016,8
1597,2494,connor steere,Connor Steere,1517.7,1496.3,42,1,Rhode Island (Disky Business),rhode island (disky business),2026,32
1598,3491,matthew silverman,Matthew Silverman,1517.6,1462.4,15,2,Wentworth Institute of Technology  (Concrete Jungle),wentworth institute of technology (concrete jungle),2015,6
1599,1642,jason crowe,Jason Crowe,1517.6,1527.8,24,1,Chamblee High School (Chamblee Bulldogs),chamblee high school (chamblee bulldogs) (HS),2017,1048576
1600,1591,blake vanderbush,Blake Vanderbush,1517.6,1530.1,46,3,Indy Rogue,indy rogue (women's),2019,1048600
1601,1640,alexandra cunningham,Alexandra Cunningham,1517.5,1527.9,15,1,Doublewide,doublewide,2016,1
1602,1641,terry jungman,TERRY JUNGMAN,1517.5,1527.9,15,1,Doublewide,doublewide,2016,1
1603,1947,emma massey,Emma Massey,1517.5,1516.2,14,1,Colorado Kelp,colorado kelp (women's),2025,16
1604,1475,andrea duran,Andrea Duran,1517.5,1536.7,20,1,Wildfire,wildfire (women's),2019,16
1605,492,cesario velasco,Cesario Velasco,1517.5,1619.1,23,4,Minnesota Superior U17G,minnesota superior u17g (YCC-U17 girls),2026,1207959568
1606,1328,michael kaylor,Michael Kaylor,1517.4,1544.4,74,2,Moeller (Savage),moeller (savage) (HS),2022,3145728
1607,1736,jason schmuck,Jason Schmuck,1517.4,1523.9,6,1,John F Kennedy/Thomas Jefferson (Icebergs),john f kennedy/thomas jefferson (icebergs) (HS),2014,1048576
1608,1844,sandra williams,Sandra Williams,1517.4,1519.7,9,2,Venus,venus (women's),2023,17
1609,273,rachelle depner,Rachelle Depner,1517.4,1675.7,61,5,Oregon Downpour,oregon downpour (YCC-U20 girls),2026,136314896
1610,1124,mike heffron,Mike Heffron,1517.4,1556.1,14,1,Nathan Hale HS (Raiders),nathan hale hs (raiders) (HS),2016,1048576
1611,1373,christine gallen,Christine Gallen,1517.4,1541.8,6,1,Pennsbury (Pennsbury),pennsbury (pennsbury) (HS),2024,1048576
1612,1374,dylan figueroa,Dylan Figueroa,1517.4,1541.8,6,1,Pennsbury (Pennsbury),pennsbury (pennsbury) (HS),2024,1048576
1613,1375,jessica bray,Jessica Bray,1517.4,1541.8,6,1,Pennsbury (Pennsbury),pennsbury (pennsbury) (HS),2024,1048576
1614,1376,matt krauss,Matt Krauss,1517.4,1541.8,6,1,Pennsbury (Pennsbury),pennsbury (pennsbury) (HS),2024,1048576
1615,3606,maia donald,Maia Donald,1517.3,1457.4,10,2,Third Rail U20 Gx,third rail u20 gx (YCC-U20 girls),2025,134217728
1616,2013,ryan sokup,Ryan Sokup,1517.3,1513.8,7,1,Middleton High School (Middleton Ultimate),middleton high school (middleton ultimate) (HS),2019,1048576
1617,1249,eric mattle,Eric Mattle,1517.3,1548.0,41,3,Bingham High School (Bingham Ultimate),bingham high school (bingham ultimate) (HS girls),2016,3145728
1618,597,benjamin souvey,Benjamin Souvey,1517.3,1606.5,25,1,California-Davis (Rogue),california-davis (rogue),2022,32
1619,1157,jonathan mast,Jonathan Mast,1517.3,1553.6,120,3,Hybrid,hybrid (mixed),2026,40
1620,953,skip (mark) kuhn,Skip (Mark) Kuhn,1517.3,1570.5,15,1,Bronx Science A (Lone Wolves),bronx science a (lone wolves) (HS),2019,1048576
1621,474,brittany hoegh,Brittany Hoegh,1517.3,1624.2,70,1,Wisconsin (Bella Donna),wisconsin (bella donna),2017,32
1622,869,josh boyd,Josh Boyd,1517.2,1575.9,116,3,Durham School of the Arts (Bull City Bulldogs),durham school of the arts (bull city bulldogs) (YCC-U20 girls),2020,136314912
1623,2809,evan soskin,Evan Soskin,1517.1,1485.5,32,1,UCLA-B (UCLA Smoke),ucla-b (ucla smoke),2024,2
1624,2602,andrew thompson,Andrew Thompson,1517.1,1492.0,15,1,Colorado Cutthroat,colorado cutthroat (YCC-U17),2016,536870912
1625,1084,loic billaut,Loic Billaut,1517.0,1559.5,7,2,SmOAK (U20),smoak (u20) (YCC-U20),2023,603979776
1626,1519,steven jeka,Steven Jeka,1517.0,1534.1,18,2,Barrington High School (Barrington High School),barrington high school (barrington high school) (HS),2026,1048576
1627,739,nora landri,Nora Landri,1517.0,1590.0,20,3,Nathan Hale High School-Upper (Raiders),nathan hale high school-upper (raiders) (HS girls),2016,2097152
1628,1450,amalia molly sandel,AMALIA MOLLY SANDEL,1516.9,1538.1,7,2,Texas Double Trouble,texas double trouble (YCC-U17),2026,538968064
1629,1760,nora carr,Nora Carr,1516.9,1522.8,26,1,Underground,underground (women's),2019,16
1630,2319,anarae howe-flint,Anarae howe-flint,1516.9,1502.7,11,1,Richmond (Richmond Redhots),richmond (richmond redhots),2026,96
1631,2320,matias pineiro,Matias Pineiro,1516.9,1502.7,11,1,Richmond (Richmond Redhots),richmond (richmond redhots),2026,96
1632,752,matt banks,Matt Banks,1516.9,1587.8,27,2,Cathedral High School (Griffin),cathedral high school (griffin) (HS),2018,68157440
1633,3236,nicholas harper,Nicholas Harper,1516.8,1470.8,21,1,LSU (Purple Haze),lsu (purple haze),2023,2
1634,2001,brian lange,Brian Lange,1516.8,1514.2,18,3,Chesterton Academy of the Willamette Valley (Saints),chesterton academy of the willamette valley (saints) (HS),2026,7340032
1635,1862,jocelyn jessop,Jocelyn Jessop,1516.8,1518.9,13,1,Tulane (Muses),tulane (muses),2023,32
1636,1863,sue-claire lichtveld,Sue-Claire Lichtveld,1516.8,1518.9,13,1,Tulane (Muses),tulane (muses),2023,32
1637,1872,thomas purcell,Thomas Purcell,1516.8,1518.6,11,1,Northeastern-B (Beastern),northeastern-b (beastern),2023,2
1638,1281,matthew broaddus,Matthew Broaddus,1516.7,1546.2,18,1,Grit,grit (women's),2022,16
1639,2497,david stoddard,David Stoddard,1516.7,1496.1,9,2,Columbia-JV2 (CHS JVB),columbia-jv2 (chs jvb) (HS),2026,1048576
1640,2024,josh bollinger,Josh Bollinger,1516.7,1513.3,5,1,Patchwork (Patchwork),patchwork (patchwork) (HS),2022,1048576
1641,2842,timothy brady,Timothy Brady,1516.7,1484.4,8,2,flATLine,flatline (YCC-U20 mixed),2016,268435464
1642,2623,gene poletto,Gene Poletto,1516.7,1491.4,38,2,The Chad Larson Experience,the chad larson experience (mixed),2025,9
1643,1130,richard bovio,Richard Bovio,1516.6,1555.7,18,1,Texas A&M (Dozen),texas a&m (dozen),2018,2
1644,2035,kara mohs,Kara Mohs,1516.6,1513.0,11,2,Cornsaw,cornsaw (YCC-U20 mixed),2018,268435552
1645,2046,kirk wooldridge,Kirk Wooldridge,1516.6,1512.5,9,1,Plex,plex,2016,1
1646,839,andrew muller,Andrew Muller,1516.6,1578.7,10,2,Arapahoe High School  (Arapahoe Warriors),arapahoe high school (arapahoe warriors) (HS),2026,5242880
1647,1880,tim posl,Tim Posl,1516.5,1518.3,18,1,Medusa,medusa (women's),2025,16
1648,2353,cooper jones,Cooper Jones,1516.5,1501.5,5,1,Stewarts Creek (SCUF),stewarts creek (scuf) (HS),2026,1048576
1649,843,eric larson,Eric Larson,1516.5,1578.4,39,2,Edina High School (Green Lantern Girls),edina high school (green lantern girls) (HS girls),2016,136314880
1650,410,david ohls,David Ohls,1516.4,1634.8,150,13,Capitol Heights,capitol heights (YCC-U17),2026,877658121
1651,2895,matthew stein,Matthew Stein,1516.4,1482.5,43,4,Roger Williams (RWU Mens Ultimate),roger williams (rwu mens ultimate),2026,1572870
1652,2677,nate venditta,Nate Venditta,1516.4,1489.7,22,2,Phoenix F.C.,phoenix f.c.,2021,1
1653,3072,grace roth,Grace Roth,1516.3,1476.1,10,1,Georgia Tech-B (Wreck B),georgia tech-b (wreck b),2022,32
1654,1425,anthony clericuzio,Anthony Clericuzio,1516.2,1539.2,82,5,BUDA U20G,buda u20g (YCC-U20 girls),2026,1207959576
1655,2432,stephen bratcher,Stephen Bratcher,1516.2,1498.4,14,2,Hyde Park High School (Panthers),hyde park high school (panthers) (HS),2019,5242880
1656,1181,hannah grace morrison,Hannah Grace Morrison,1516.2,1552.5,20,1,Kenyon (Blu-Ray),kenyon (blu-ray),2026,96
1657,1325,javid aceil,Javid Aceil,1516.2,1544.6,28,2,Murmur,murmur (mixed),2022,40
1658,4502,jonathan goodhue,Jonathan Goodhue,1516.2,1407.4,117,3,California-San Diego-B (Air Squids LITE ),california-san diego-b (air squids lite ),2025,2
1659,2436,matthew greenstein,Matthew Greenstein,1516.2,1498.1,6,1,Hopkins High School Varsity Boys (Hopkins Hurt Varsity Boys),hopkins high school varsity boys (hopkins hurt varsity boys) (YCC-U20),2020,67108864
1660,2135,chase mecham,Chase Mecham,1516.1,1509.7,5,1,Oregon High School (Panther Ultimate),oregon high school (panther ultimate) (HS),2023,1048576
1661,2378,gregory stolowski,Gregory Stolowski,1516.1,1500.7,66,1,Garden State Ultimate,garden state ultimate,2024,1
1662,2332,rose greeley,ROSE GREELEY,1516.1,1502.4,10,2,Andover High School (Golden Gophers),andover high school (golden gophers) (HS girls),2015,3145728
1663,2223,jonathan greenberg,Jonathan Greenberg,1516.1,1506.2,8,1,Little Pony,little pony (YCC-U20),2016,67108864
1664,1442,asa wilson,Asa Wilson,1516.1,1538.3,16,1,Grady High School (Gauntlet),grady high school (gauntlet) (HS),2014,1048576
1665,1003,lani nguyen,Lani Nguyen,1516.0,1566.3,8,1,DiscNW - Hydra,discnw - hydra (YCC-U17 girls),2016,1073741824
1666,1885,adam schobinger,Adam Schobinger,1516.0,1518.1,9,1,Bloomington High School South (Bullets),bloomington high school south (bullets) (HS),2016,1048576
1667,1886,jason baer,JASON BAER,1516.0,1518.1,9,1,Bloomington High School South (Bullets),bloomington high school south (bullets) (HS),2016,1048576
1668,2026,briana perry,BRIANA PERRY,1516.0,1513.2,36,1,Cal Poly-SLO (SLO Motion),cal poly-slo (slo motion),2018,32
1669,1649,justin zrenner,Justin Zrenner,1516.0,1527.4,21,2,Olmsted Falls (Olmsted Falls),olmsted falls (olmsted falls) (HS),2023,3145728
1670,2051,kari blevins,KARI BLEVINS,1516.0,1512.4,28,2,North Carolina State (Jaga Monsta),north carolina state (jaga monsta),2016,2097184
1671,1851,sydney kelley,Sydney Kelley,1516.0,1519.5,10,1,Richmond (Richmond Redhots),richmond (richmond redhots),2025,96
1672,2114,john stembel,John Stembel,1516.0,1510.3,10,1,Combination Team - Lakeside & Decatur HS players (MELD),combination team - lakeside & decatur hs players (meld) (HS girls),2017,2097152
1673,2141,david pinto,David Pinto,1515.9,1509.5,9,2,BUDA U20B,buda u20b (YCC-U20),2026,67108865
1674,2142,ram sundaram,Ram Sundaram,1515.9,1509.5,9,2,BUDA U20B,buda u20b (YCC-U20),2026,67108865
1675,2031,anya lagasse,Anya Lagasse,1515.9,1513.1,7,1,Greater Baltimore Anthem,greater baltimore anthem (mixed),2023,8
1676,1811,christian boxley,Christian Boxley,1515.8,1520.7,7,1,Swing Vote,swing vote (YCC-U20 mixed),2022,268435456
1677,817,mackenzie fazekas,Mackenzie Fazekas,1515.8,1581.4,42,1,Northeastern (Valkyries A),northeastern (valkyries a),2026,32
1678,2791,scott sangeorge,Scott SanGeorge,1515.7,1486.0,9,3,Greensboro High School 2023 (Greensboro High School),greensboro high school 2023 (greensboro high school) (YCC-U20),2023,68157440
1679,4103,thomas hartwell,Thomas Hartwell,1515.7,1435.5,19,2,Forsyth Central High School-Senior (Bulldogs),forsyth central high school-senior (bulldogs) (HS),2016,1048576
1680,3737,blaine taylor,Blaine Taylor,1515.7,1452.3,21,2,Pine-Richland (Pine-Richland Boys),pine-richland (pine-richland boys) (HS),2023,68157440
1681,918,lee-or ankori-karlinsky,Lee-Or Ankori-Karlinsky,1515.7,1572.6,49,2,Harvard (Red Line),harvard (red line),2018,10
1682,2852,benjamin lamport,Benjamin Lamport,1515.6,1483.9,41,2,Tulane (Tucks),tulane (tucks),2021,2
1683,536,eric leonard,ERIC LEONARD,1515.6,1613.3,43,2,Brickyard,brickyard,2017,97
1684,456,ben banyas,Ben Banyas,1515.6,1627.0,199,5,Pittsburgh-B (University of Pittsburgh- B),pittsburgh-b (university of pittsburgh- b),2026,51
1685,1996,patrick bleuzen,Patrick Bleuzen,1515.6,1514.5,7,1,Pine Lake Prep (Old Glory),pine lake prep (old glory) (HS),2016,1048576
1686,2979,matthew weintraub,Matthew Weintraub,1515.6,1479.7,19,2,Third Rail Y,third rail y (YCC-U20),2021,67108864
1687,2266,claire dutton,Claire Dutton,1515.6,1504.7,31,1,Amherst (Sparkle Motion),amherst (sparkle motion),2026,96
1688,1557,wesley williams,Wesley Williams,1515.5,1531.5,21,3,Love Tractor,love tractor (mixed),2023,5242888
1689,1196,ryan degeeter,Ryan DeGeeter,1515.5,1551.5,14,3,Westerville North (Westerville Airbenders),westerville north (westerville airbenders) (HS),2026,5242880
1690,2100,joel anton,Joel Anton,1515.5,1511.0,15,2,Alameda Community Learning Center (Dark Meat),alameda community learning center (dark meat) (HS),2018,1048578
1691,2589,kevin stuart,Kevin Stuart,1515.5,1492.4,191,2,SoCal Condors,socal condors,2025,3
1692,1648,chase cunningham,Chase Cunningham,1515.5,1527.4,38,2,Doublewide,doublewide,2021,3
1693,1277,tom plamondon,Tom Plamondon,1515.5,1546.2,65,5,Michigan Stubble,michigan stubble (YCC-U20),2026,605028360
1694,1460,cody hopewell,Cody Hopewell,1515.4,1537.6,8,1,Eagan-JV (WUFDA),eagan-jv (wufda) (HS),2016,1048576
1695,2116,emilia scheemaker,Emilia Scheemaker,1515.4,1510.3,11,1,Rising Tide,rising tide (YCC-U20 mixed),2018,268435456
1696,2683,naomi guzman,Naomi Guzman,1515.4,1489.5,40,1,California-Irvine (Grass Ninjas),california-irvine (grass ninjas),2026,32
1697,2684,yating wu,YaTing Wu,1515.4,1489.5,40,1,California-Irvine (Grass Ninjas),california-irvine (grass ninjas),2026,32
1698,1154,taryn langlois,TARYN LANGLOIS,1515.4,1553.7,41,3,Air Force (Kiwi),air force (kiwi),2019,6291552
1699,2825,joseph marmerstein,Joseph Marmerstein,1515.3,1484.9,72,1,Case Western Reserve (Fighting Gobies),case western reserve (fighting gobies),2020,32
1700,3523,david meinecke,David Meinecke,1515.3,1460.8,17,1,Wisconsin-Milwaukee (BlackCat ),wisconsin-milwaukee (blackcat ),2015,32
1701,1845,abigail roberts,Abigail Roberts,1515.3,1519.7,18,1,Tanasi,tanasi,2022,1
1702,1846,clay thomas,Clay Thomas,1515.3,1519.7,18,1,Tanasi,tanasi,2022,1
1703,2199,kourtney elder,Kourtney Elder,1515.3,1507.2,5,1,Utah Valley (Utah Valley Ultimate),utah valley (utah valley ultimate),2021,2
1704,1583,brian jager,Brian Jager,1515.3,1530.6,9,1,Grand Valley State (Lakers),grand valley state (lakers),2019,2
1705,4448,briana campbell,Briana Campbell,1515.3,1413.1,52,5,Charlotte Flight,charlotte flight (YCC-U20),2026,68157448
1706,913,alexia mccaskill,Alexia McCaskill,1515.2,1572.9,92,9,Boulder High School (Wave Y),boulder high school (wave y) (HS),2023,7340048
1707,804,walter roosa,Walter Roosa,1515.2,1583.2,11,2,Marist (Red Fox Ultimate),marist (red fox ultimate),2019,524294
1708,2831,brad watkins,Brad Watkins,1515.2,1484.7,22,3,Saint Thomas More Academy (Chancellors Ultimate),saint thomas more academy (chancellors ultimate) (HS),2016,1048576
1709,1349,brooke nishida,Brooke Nishida,1515.2,1543.2,32,1,Cal Poly-SLO (SLO Motion),cal poly-slo (slo motion),2026,32
1710,1293,emily simpson,Emily Simpson,1515.2,1545.7,15,3,Virginia Fall Line (Virginia Fall Line),virginia fall line (virginia fall line) (HS girls),2026,6291456
1711,1302,sarah nadler,Sarah Nadler,1515.2,1545.5,5,1,BUDA U20B,buda u20b (YCC-U20),2023,67108864
1712,1794,kelly dunlap,Kelly Dunlap,1515.2,1521.3,9,1,Missouri S&T (Miner Threat),missouri s&t (miner threat),2018,6
1713,2664,connor stuart-paul,Connor Stuart-Paul,1515.2,1490.0,5,1,Berkeley (HC-Y) (Berkeley High Coup - Yellow),berkeley (hc-y) (berkeley high coup - yellow) (HS),2026,1048576
1714,2091,matthew schiffman,Matthew Schiffman,1515.1,1511.1,33,1,Chicago (Supersnatch),chicago (supersnatch),2016,32
1715,991,sutton ballard,Sutton Ballard,1515.1,1567.4,23,2,Fort Collins Club (Fort Collins AYU Club),fort collins club (fort collins ayu club) (HS mixed),2025,5242880
1716,200,kiron allen,Kiron Allen,1515.1,1705.1,95,1,North Carolina State (NC State Alpha),north carolina state (nc state alpha),2022,2
1717,1810,julian peterson,Julian Peterson,1515.0,1520.7,9,1,Nathan Hale HS (Raiders),nathan hale hs (raiders) (HS),2014,1048576
1718,3364,annette kukunas,Annette Kukunas,1515.0,1467.2,11,2,Moxie,moxie (YCC-U20 girls),2019,136314880
1719,3365,katherine greener,Katherine Greener,1515.0,1467.2,11,2,Moxie,moxie (YCC-U20 girls),2019,136314880
1720,2029,jenny choi,Jenny Choi,1515.0,1513.2,12,1,Grady High School (Gauntlet (girls)),grady high school (gauntlet (girls)) (HS girls),2019,2097152
1721,1508,lawrence mckendell,Lawrence McKendell,1515.0,1534.7,24,3,Tempo,tempo (women's),2026,1048592
1722,1132,henry phan,Henry Phan,1515.0,1555.6,6,1,DiscNW Supreme,discnw supreme (YCC-U20),2018,67108864
1723,2744,daniel theisen,Daniel Theisen,1515.0,1487.6,21,3,Cathedral High School (Phoenix),cathedral high school (phoenix) (HS girls),2018,7340032
1724,1732,joseph becker,Joseph Becker,1514.9,1524.2,21,2,Rally,rally (mixed),2021,1048584
1725,1360,elle burstein,Elle Burstein,1514.9,1542.5,17,1,Roosevelt (Rough Riders),roosevelt (rough riders) (HS girls),2015,2097152
1726,2334,edward lafoy,Edward LaFoy,1514.9,1502.3,6,1,Mahtomedi High School (MAUL),mahtomedi high school (maul) (HS),2017,1048576
1727,1882,liana michaud,Liana Michaud,1514.8,1518.3,5,1,Connecticut Harpoon,connecticut harpoon (YCC-U20 mixed),2019,268435456
1728,2736,bryan dunbar,Bryan Dunbar,1514.8,1487.7,46,2,Saint Louis (Anarchy),saint louis (anarchy),2026,34
1729,3289,emily yin,Emily Yin,1514.8,1469.3,12,1,Rutgers (Rutgers Nightshade),rutgers (rutgers nightshade),2023,32
1730,3901,ian soderlund,Ian Soderlund,1514.8,1445.5,11,1,New Haven (Chargers),new haven (chargers),2023,6
1731,720,sara zhang,Sara Zhang,1514.8,1592.3,69,1,California-San Diego (UCSD D-Co Womxn's Ultimate),california-san diego (ucsd d-co womxn's ultimate),2026,32
1732,1159,kevin tong,Kevin Tong,1514.7,1553.6,25,1,British Columbia (Thunderbirds),british columbia (thunderbirds),2026,2
1733,1160,victor tiet,Victor Tiet,1514.7,1553.6,25,1,British Columbia (Thunderbirds),british columbia (thunderbirds),2026,2
1734,1184,spencer hagen,Spencer Hagen,1514.7,1552.5,34,3,St. Louis Park High School (Crush),st. louis park high school (crush) (HS),2023,1048576
1735,1406,andy miller,Andy Miller,1514.6,1540.4,12,1,Lambert High School (Lambert Longhorns),lambert high school (lambert longhorns) (HS),2023,1048576
1736,1407,george pratt,George Pratt,1514.6,1540.4,12,1,Lambert High School (Lambert Longhorns),lambert high school (lambert longhorns) (HS),2023,1048576
1737,866,alexander bellemare-davis,Alexander Bellemare-Davis,1514.6,1576.4,52,2,Furious George,furious george,2025,17
1738,792,lynne lewis,Lynne Lewis,1514.6,1584.1,11,1,Bates (Cold Front),bates (cold front),2016,96
1739,386,russell smith,Russell Smith,1514.6,1639.5,66,5,Carleton College-CHOP (Carleton House of Pancakes),carleton college-chop (carleton house of pancakes),2026,1048582
1740,2515,christopher eddy,Christopher Eddy,1514.5,1495.6,15,1,Hartford (Lighthouse),hartford (lighthouse),2025,6
1741,2745,jeffrey zhao,Jeffrey Zhao,1514.5,1487.6,7,1,Austin High School (Austin High Maroons),austin high school (austin high maroons) (HS),2017,1048576
1742,1238,madeline stephenson,Madeline Stephenson,1514.5,1548.7,5,1,DiscNW Blossom,discnw blossom (YCC-U17 girls),2019,1073741824
1743,1978,matthew forgues,Matthew Forgues,1514.4,1515.2,9,1,BFA Fairfax (Bullets),bfa fairfax (bullets) (HS),2014,1048576
1744,1164,zack smith,Zack Smith,1514.3,1553.4,39,3,Smack!,smack! (mixed),2025,41
1745,915,trevor polisuk-balfour,Trevor Polisuk-Balfour,1514.3,1572.8,66,4,Michigan State (Moose),michigan state (moose),2026,269484064
1746,1174,dan rydel,Dan Rydel,1514.3,1552.9,29,3,Minnesota Superior A,minnesota superior a (YCC-U20),2015,68157440
1747,2126,aakar mehra,Aakar Mehra,1514.3,1509.9,24,2,Michigan (Flywheel),michigan (flywheel),2021,40
1748,3874,thomas gallagher,Thomas Gallagher,1514.3,1446.7,26,3,IYU Windy City,iyu windy city (YCC-U17),2018,536870912
1749,2675,amy lowe,AMY LOWE,1514.3,1489.7,5,1,Humboldt State (Hags),humboldt state (hags),2017,32
1750,1266,george cameli,George Cameli,1514.2,1546.9,6,1,Grady High School-JV (Gauntlet JV),grady high school-jv (gauntlet jv) (HS),2015,1048576
1751,2409,george taylor,George Taylor,1514.2,1499.5,5,1,Utah Swarm U17 Boys,utah swarm u17 boys (YCC-U17),2025,536870912
1752,1689,kieran magee,Kieran Magee,1514.2,1525.9,8,2,Pennsbury (Pennsbury),pennsbury (pennsbury) (HS),2022,1048578
1753,1690,timothy bevington,Timothy Bevington,1514.2,1525.9,8,2,Pennsbury (Pennsbury),pennsbury (pennsbury) (HS),2022,1048578
1754,1539,alex becker,Alex Becker,1514.2,1532.9,7,1,Heat Wave,heat wave (mixed),2025,8
1755,2408,evan ma,Evan Ma,1514.1,1499.6,11,2,Beacon  (Beacon Egg n' Cheese),beacon (beacon egg n' cheese) (HS girls),2023,69206016
1756,2112,joseph pickens,Joseph Pickens,1514.1,1510.3,5,1,MN Superior U17,mn superior u17 (YCC-U17),2019,536870912
1757,578,blake duncan,Blake Duncan,1514.1,1608.1,30,5,Dimes,dimes (women's),2026,268435480
1758,3307,delaney reardon,Delaney Reardon,1514.0,1468.8,10,2,Sharon High School (Eagles),sharon high school (eagles) (HS girls),2017,2097152
1759,2874,thomas johnson,Thomas Johnson,1514.0,1483.1,10,1,Jughandle,jughandle (mixed),2023,8
1760,4272,warren katz,Warren Katz,1514.0,1426.1,48,6,Lakewood High School-C (Lakewood Deep C),lakewood high school-c (lakewood deep c) (HS mixed),2019,5242880
1761,3570,kevin goldberg,Kevin Goldberg,1514.0,1459.2,24,2,LA Sky,la sky (YCC-U20 mixed),2026,268435462
1762,2036,daniel collom,Daniel Collom,1513.9,1512.9,24,2,Eagan (WUFDA),eagan (wufda) (HS),2017,3145728
1763,3433,lance everette,Lance Everette,1513.9,1465.0,7,1,Trainwreck,trainwreck (women's),2016,16
1764,1768,jay valdillez,Jay Valdillez,1513.9,1522.6,32,3,Evanston Township-Varsity (Evanston Ultimate),evanston township-varsity (evanston ultimate) (HS),2025,1048578
1765,554,tiina booth,Tiina Booth,1513.9,1610.9,46,2,Starling Ultimate,starling ultimate (women's),2022,18
1766,1079,marc anthony munoz,Marc Anthony Munoz,1513.8,1559.8,6,1,Seven Hills U20 Mixed,seven hills u20 mixed (YCC-U20 mixed),2024,268435456
1767,1611,alex jacoski,Alex Jacoski,1513.8,1529.1,15,1,El Niño,el niño,2026,1
1768,2921,austin johnson,Austin Johnson,1513.8,1481.7,28,1,Wisconsin-Milwaukee (Black Cat),wisconsin-milwaukee (black cat),2025,2
1769,2277,chris nelson,Chris Nelson,1513.7,1504.4,99,3,Columbia (Uptown Local),columbia (uptown local),2026,1048579
1770,3666,elizabeth buhler,Elizabeth Buhler,1513.7,1454.5,17,1,Chico State  (Chico Chicas),chico state (chico chicas),2022,32
1771,1871,jeff cruickshank,JEFF CRUICKSHANK,1513.7,1518.7,17,1,Traffic,traffic (women's),2016,16
1772,3893,jared smith,Jared Smith,1513.7,1445.8,50,1,LSU (LSU Women's Ultimate),lsu (lsu women's ultimate),2026,32
1773,2877,jonathan clark,Jonathan Clark,1513.6,1483.0,77,3,Kennesaw State (Parliament),kennesaw state (parliament),2020,603979778
1774,2457,olivia player,Olivia Player,1513.6,1497.4,19,3,BUDA U20B,buda u20b (YCC-U20),2026,67108897
1775,2164,maggie chen,Maggie Chen,1513.6,1508.5,6,1,Littleton High School  (Saucegods ),littleton high school (saucegods ) (HS),2018,1048576
1776,2298,natalie watt,Natalie Watt,1513.6,1503.6,7,1,Wake Forest (Ruckus),wake forest (ruckus),2026,96
1777,3902,bryn coldwell,Bryn Coldwell,1513.6,1445.4,7,1,Dissent,dissent (women's),2022,16
1778,2708,kelsie tingle,Kelsie Tingle,1513.6,1488.8,9,1,Madison MUFAbots U17B,madison mufabots u17b (YCC-U17),2023,536870912
1779,2913,jenni ladutko,Jenni Ladutko,1513.5,1481.8,24,3,Judge Memorial HS (Judge Bulldogs),judge memorial hs (judge bulldogs) (HS),2018,5242880
1780,989,jordan roe,Jordan Roe,1513.5,1567.5,67,3,Independence High School (Flight),independence high school (flight) (HS),2017,3145728
1781,2084,anna mcclurkan,Anna McClurkan,1513.5,1511.3,6,1,Michigan Rainbow Connection,michigan rainbow connection (YCC-U20 mixed),2023,268435456
1782,3634,tim louie,Tim Louie,1513.5,1455.9,15,1,Apex High School (Apex High School),apex high school (apex high school) (HS),2017,1048576
1783,1727,benjamin zhu,Benjamin Zhu,1513.4,1524.3,9,1,Capital City Mumbo Sauce,capital city mumbo sauce (YCC-U17),2026,536870912
1784,1728,destiny lim,Destiny Lim,1513.4,1524.3,9,1,Capital City Mumbo Sauce,capital city mumbo sauce (YCC-U17),2026,536870912
1785,1729,eric yoon,Eric Yoon,1513.4,1524.3,9,1,Capital City Mumbo Sauce,capital city mumbo sauce (YCC-U17),2026,536870912
1786,1730,josias beaubrun,Josias Beaubrun,1513.4,1524.3,9,1,Capital City Mumbo Sauce,capital city mumbo sauce (YCC-U17),2026,536870912
1787,2245,paul lowe,Paul Lowe,1513.4,1505.6,14,2,Anderson (Anderson),anderson (anderson) (HS),2026,1048576
1788,1778,carolyn finney,Carolyn Finney,1513.4,1521.9,43,1,California-Santa Barbara (Burning Skirts),california-santa barbara (burning skirts),2015,32
1789,3723,taylor caldwell,Taylor Caldwell,1513.4,1452.7,81,5,Bonneville Flatball Club,bonneville flatball club,2024,5242897
1790,3622,elizabeth swalberg,Elizabeth Swalberg,1513.3,1456.6,19,2,Lone Peak-B (Lone Peak),lone peak-b (lone peak) (HS girls),2018,6291456
1791,4538,daniel hartsoe,Daniel Hartsoe,1513.3,1404.2,102,5,Maryland (Helpful Corn),maryland (helpful corn),2026,137363504
1792,1150,david turrentine,David Turrentine,1513.3,1554.1,9,1,Druid Hills High School-B (Disc Devils),druid hills high school-b (disc devils) (HS),2016,1048576
1793,2367,jeff robinson,Jeff Robinson,1513.3,1501.1,15,2,James B. Conant High School (Cougar Ultimate),james b. conant high school (cougar ultimate) (HS),2026,1048576
1794,1596,davis whitehead,Davis Whitehead,1513.2,1529.8,12,2,Middlebury (Middlebury Lady Pranksters),middlebury (middlebury lady pranksters),2015,1048608
1795,1804,shana mueller,Shana Mueller,1513.2,1520.8,5,2,Greely (Cumberland Ultimate),greely (cumberland ultimate) (HS girls),2026,6291456
1796,3661,jon fok,Jon Fok,1513.2,1454.7,48,3,James Madison Memorial High School (Memorial Ultimate),james madison memorial high school (memorial ultimate) (HS),2016,269484032
1797,1997,emma kahle,Emma Kahle,1513.2,1514.4,5,1,Nathan Hale High School (Raiders),nathan hale high school (raiders) (HS girls),2015,2097152
1798,1685,connor creer,Connor Creer,1513.1,1526.0,16,1,Lone Peak-C (Lone Peak),lone peak-c (lone peak) (HS),2019,1048576
1799,4290,emily karoblis,Emily Karoblis,1513.0,1425.0,11,1,Georgia Southern (Southern Sirens),georgia southern (southern sirens),2016,32
1800,361,bryson fox,Bryson Fox,1513.0,1646.1,35,1,Seattle Mixtape,seattle mixtape (mixed),2023,8
1801,362,drew johnson,Drew Johnson,1513.0,1646.1,35,1,Seattle Mixtape,seattle mixtape (mixed),2023,8
1802,2207,neil place,Neil Place,1513.0,1506.8,39,3,Tennessee-Chattanooga (Moxie),tennessee-chattanooga (moxie),2023,1048672
1803,1924,joshua murphy,Joshua Murphy,1513.0,1517.0,11,1,Discovery Canyon (Thunder),discovery canyon (thunder) (HS),2016,1048576
1804,2383,alexander rummelhart,Alexander Rummelhart,1512.9,1500.4,12,2,Chicago Deep Dish,chicago deep dish (YCC-U17),2015,536870912
1805,2854,christopher auman,Christopher Auman,1512.9,1483.8,11,1,AK Pipeline,ak pipeline,2017,1
1806,2487,deven bender,Deven Bender,1512.9,1496.4,11,2,Midtown-JV (Gauntlet JV Boys),midtown-jv (gauntlet jv boys) (HS),2026,1048576
1807,1331,steven dugan,Steven Dugan,1512.9,1544.3,6,1,Condors,condors,2015,1
1808,2466,shelley mead,Shelley Mead,1512.9,1497.3,22,1,Fresh Coast Ultimate,fresh coast ultimate (HS),2026,1048576
1809,2242,dale purvis,Dale Purvis,1512.9,1505.7,6,1,Spring Valley High School (Vikings),spring valley high school (vikings) (HS),2025,1048576
1810,2243,tae ho,Tae Ho,1512.9,1505.7,6,1,Spring Valley High School (Vikings),spring valley high school (vikings) (HS),2025,1048576
1811,3539,jennifer schmerling,Jennifer Schmerling,1512.9,1460.0,18,1,Rice (Torque),rice (torque),2018,96
1812,2111,david westbrook,David Westbrook,1512.8,1510.4,10,2,Niskayuna (Nisky Ultimate),niskayuna (nisky ultimate) (HS girls),2026,3145728
1813,2930,taylor simpson,Taylor Simpson,1512.7,1481.2,67,2,Mount Holyoke (Daisy Chain),mount holyoke (daisy chain),2026,1048672
1814,4105,dory ziperstein,Dory Ziperstein,1512.7,1435.4,13,1,MIT (MIT),mit (mit),2015,2
1815,2263,william dristy,William Dristy,1512.7,1505.0,35,8,Madison (MadHouse),madison (madhouse) (HS mixed),2022,7340032
1816,2603,amy crump,Amy Crump,1512.7,1492.0,33,4,Fossil Ridge (Phantoms),fossil ridge (phantoms) (HS mixed),2019,5242880
1817,2613,olivia ford,Olivia Ford,1512.7,1491.8,25,3,flATLine,flatline (YCC-U20 mixed),2026,403701760
1818,998,alexandre lemieux,Alexandre Lemieux,1512.7,1567.2,21,2,Mephisto,mephisto,2026,33
1819,1093,wes simons,Wes Simons,1512.7,1558.8,5,1,DiscNW (Cyclone),discnw (cyclone) (YCC-U20 girls),2014,134217728
1820,912,dylan welchman,Dylan Welchman,1512.7,1572.9,20,1,Davidson (DUFF),davidson (duff),2020,6
1821,1743,sam o'brien,Sam O'Brien,1512.6,1523.6,8,1,Minnesota Superior A,minnesota superior a (YCC-U20),2015,67108864
1822,2042,aidan hayes,Aidan Hayes,1512.6,1512.6,5,1,Greely (Cumberland Ultimate),greely (cumberland ultimate) (HS),2025,1048576
1823,2043,davis ritger,Davis Ritger,1512.6,1512.6,5,1,Greely (Cumberland Ultimate),greely (cumberland ultimate) (HS),2025,1048576
1824,2044,troy goddu,Troy Goddu,1512.6,1512.6,5,1,Greely (Cumberland Ultimate),greely (cumberland ultimate) (HS),2025,1048576
1825,2194,annie bocko,Annie Bocko,1512.6,1507.4,13,2,Carrboro High School (Carrboro Clams),carrboro high school (carrboro clams) (HS),2023,68157440
1826,2041,clay dewey-valentine,Clay Dewey-Valentine,1512.6,1512.7,5,1,Cleveland High School (Cleveland Varsity Boys),cleveland high school (cleveland varsity boys) (HS),2016,1048576
1827,2226,tanya ellis,Tanya Ellis,1512.6,1506.2,5,1,Pennsbury High School (Pennsbury Ultimate Female Frisbee),pennsbury high school (pennsbury ultimate female frisbee) (HS girls),2022,2097152
1828,1961,chase rawlins,Chase Rawlins,1512.6,1515.7,29,1,Pennsylvania (Void),pennsylvania (void),2026,3
1829,1105,david grossberg,David Grossberg,1512.6,1557.4,6,1,Wissahickon High School (Wissahickon Trojans (WUF)),wissahickon high school (wissahickon trojans (wuf)) (HS),2024,1048576
1830,3197,liza minor,Liza Minor,1512.6,1472.0,36,1,Colorado Kelp,colorado kelp (women's),2026,16
1831,1388,david lionetti,David Lionetti,1512.6,1541.3,8,1,Temper,temper,2014,1
1832,2908,michael callahan,Michael Callahan,1512.6,1482.1,37,5,Neap Tide,neap tide (YCC-U17),2026,544210944
1833,2113,jim stout,Jim Stout,1512.6,1510.3,54,2,Edwardsville High School-Upper (Edwardsville Tigers),edwardsville high school-upper (edwardsville tigers) (HS),2024,1048576
1834,2222,erica tangney,Erica Tangney,1512.5,1506.2,12,1,Northeastern-B (Beastern),northeastern-b (beastern),2020,2
1835,4572,kai jensen,Kai Jensen,1512.5,1400.8,55,3,William & Mary (Cypress),william & mary (cypress),2026,104
1836,2460,cory mcavoy,Cory McAvoy,1512.5,1497.4,52,4,Ardrey Kell High School (AKult),ardrey kell high school (akult) (YCC-U20),2020,68157440
1837,1462,dustin travaglini,Dustin Travaglini,1512.5,1537.5,193,2,Tabby Rosa,tabby rosa (women's),2023,48
1838,3318,joshua osinski,Joshua Osinski,1512.4,1468.6,7,1,Eastern Michigan (Fighting Hellfish),eastern michigan (fighting hellfish),2022,2
1839,3319,trey taliaferro,Trey Taliaferro,1512.4,1468.6,7,1,Eastern Michigan (Fighting Hellfish),eastern michigan (fighting hellfish),2022,2
1840,2441,mackenzie perkett,Mackenzie Perkett,1512.4,1498.0,34,4,Dark Sky,dark sky (women's),2026,6291472
1841,811,ryan hill,Ryan Hill,1512.4,1582.2,35,1,Georgia (Jojah),georgia (jojah),2023,2
1842,2458,joseph betz,Joseph Betz,1512.4,1497.4,10,2,St Ignatius (Wildcats),st ignatius (wildcats) (HS),2025,1048576
1843,1866,ereckson hillis,Ereckson Hillis,1512.4,1518.8,39,1,Davidson (DUFF),davidson (duff),2018,6
1844,1058,matthew fazzalaro,Matthew Fazzalaro,1512.4,1561.6,12,1,Midtown-Varsity (Gauntlet (boys)),midtown-varsity (gauntlet (boys)) (HS),2026,1048576
1845,949,christopher olson,Christopher Olson,1512.4,1570.7,13,1,Lewis & Clark (Bacchus ),lewis & clark (bacchus ),2024,4
1846,1821,adam stern,Adam Stern,1512.3,1520.4,32,4,Gambit,gambit,2026,3145729
1847,636,casey lemay,Casey LeMay,1512.3,1602.1,15,2,Austin Disco Club,austin disco club (mixed),2026,1048584
1848,4663,emily leonard,Emily Leonard,1512.2,1389.1,40,4,Ozone,ozone (women's),2022,136314896
1849,1148,tyler foster,Tyler Foster,1512.2,1554.3,23,3,Layton High School A (Break Force A),layton high school a (break force a) (HS),2019,34603008
1850,861,jacob nuxoll,Jacob Nuxoll,1512.2,1576.5,44,4,Metea Valley (Mustang Varsity),metea valley (mustang varsity) (HS),2025,3145744
1851,232,katie metzler,Katie Metzler,1512.2,1693.4,69,3,Dallas Nightfall,dallas nightfall (YCC-U20 mixed),2025,268435496
1852,893,hayley cotton,Hayley Cotton,1512.2,1574.4,61,6,rATLers,ratlers (YCC-U17 girls),2026,1075838976
1853,2920,julie park,Julie Park,1512.2,1481.7,5,1,Durham School of the Arts (Bull City Bulldogs),durham school of the arts (bull city bulldogs) (HS girls),2016,2097152
1854,2265,adrienne ohler,Adrienne Ohler,1512.1,1504.7,15,1,Illinois State (Lady Gnomes),illinois state (lady gnomes),2017,32
1855,1826,alyssa shanahan,Alyssa Shanahan,1512.1,1520.3,15,1,Arkansas (SoCo),arkansas (soco),2022,32
1856,2662,david soles,David Soles,1512.1,1490.1,5,1,Yorktown High School (Skyceratops ),yorktown high school (skyceratops ) (HS girls),2019,2097152
1857,1771,cristina woodings,Cristina Woodings,1512.1,1522.3,9,2,Liberal Arts and Science Academy  (Vertikills A ),liberal arts and science academy (vertikills a ) (HS),2025,1048576
1858,2014,ben matthews,Ben Matthews,1512.1,1513.8,11,2,Amherst Regional-JV1 (Hurricanes),amherst regional-jv1 (hurricanes) (HS),2016,1048576
1859,1106,rick melner,Rick Melner,1512.1,1557.3,21,5,Summit High School (Storm),summit high school (storm) (HS),2019,4832886784
1860,1955,marcelo sanchez-heredia,Marcelo Sanchez-Heredia,1512.1,1515.9,6,1,Las Positas (Hawks),las positas (hawks),2018,2
1861,3335,shane barrow,Shane Barrow,1512.1,1468.3,13,1,Copper Hills (Copper Hills),copper hills (copper hills) (HS),2014,1048576
1862,367,christopher o'mara,Christopher O'Mara,1512.0,1644.3,34,1,Carleton College-Eclipse (Eclipse),carleton college-eclipse (eclipse),2026,96
1863,368,emma nicosia,Emma Nicosia,1512.0,1644.3,34,1,Carleton College-Eclipse (Eclipse),carleton college-eclipse (eclipse),2026,96
1864,369,yuriko vaughan,Yuriko Vaughan,1512.0,1644.3,34,1,Carleton College-Eclipse (Eclipse),carleton college-eclipse (eclipse),2026,96
1865,555,malachi raymond,Malachi Raymond,1512.0,1610.8,24,2,Ca$h Cow$,ca$h cow$ (mixed),2023,14
1866,1317,rachel denoncourt beauchemin,Rachel Denoncourt Beauchemin,1512.0,1545.1,7,1,Hydro,hydro (YCC-U20),2018,67108864
1867,3109,lindsey tushman,Lindsey Tushman,1511.9,1475.3,8,1,Wisconsin-B (Atropa),wisconsin-b (atropa),2026,32
1868,3110,sophie hyman,Sophie Hyman,1511.9,1475.3,8,1,Wisconsin-B (Atropa),wisconsin-b (atropa),2026,32
1869,693,william arnold,William Arnold,1511.9,1595.2,39,1,Chain Lightning,chain lightning,2024,1
1870,2863,sarah lynch,Sarah Lynch,1511.9,1483.5,7,1,Crucible,crucible (mixed),2025,8
1871,1556,lilly iverson,Lilly Iverson,1511.9,1531.6,5,1,Madison MUFAbots U20X,madison mufabots u20x (YCC-U20 mixed),2019,268435456
1872,855,lucas boyle,Lucas Boyle,1511.8,1577.2,67,1,Iowa (IHUC),iowa (ihuc),2025,2
1873,2537,benson lui,Benson Lui,1511.8,1494.7,8,1,Traffic,traffic (women's),2026,16
1874,1461,andrea desabato,Andrea Desabato,1511.8,1537.6,17,1,AMP,amp (mixed),2023,8
1875,1660,andrew nelson,Andrew Nelson,1511.7,1526.7,10,2,Colorado Cutthroat,colorado cutthroat (YCC-U20),2016,67108865
1876,1477,mike zaagman,Mike Zaagman,1511.7,1536.6,15,1,Midnight Meat Train,midnight meat train,2019,1
1877,2395,sarah lindsay,Sarah Lindsay,1511.7,1500.0,5,1,Venom,venom (women's),2022,16
1878,1986,lionel rauth,Lionel Rauth,1511.7,1514.8,5,1,Episcopal High School (Ediscopal),episcopal high school (ediscopal) (HS),2024,1048576
1879,2344,trevor jones,Trevor Jones,1511.6,1502.0,6,1,XUA (St Xavier),xua (st xavier) (HS),2026,1048576
1880,333,ishaan dave,Ishaan Dave,1511.6,1654.4,106,2,Georgia (Jojah),georgia (jojah),2025,2
1881,2959,ginger rodriguez,Ginger Rodriguez,1511.6,1480.3,13,1,Forsyth Central High School-Senior (Bulldogs),forsyth central high school-senior (bulldogs) (HS),2016,1048576
1882,2038,rebecca fitzgerald,Rebecca FitzGerald,1511.6,1512.8,7,2,BUDA U20G,buda u20g (YCC-U20 girls),2025,134217744
1883,1485,jess cofrin,Jess Cofrin,1511.6,1536.1,10,2,Taproot,taproot (mixed),2026,2097160
1884,1914,steven may,Steven May,1511.6,1517.2,12,1,Franklin Regional (Franklin Regional Ultimate Varsity),franklin regional (franklin regional ultimate varsity) (HS),2019,1048576
1885,1784,joseph stadel,Joseph Stadel,1511.6,1521.6,14,1,Ignite,ignite (women's),2019,16
1886,1309,emily polefka,Emily Polefka,1511.6,1545.2,42,1,Lehigh (Gravity),lehigh (gravity),2024,96
1887,926,jessie andersen,Jessie Andersen,1511.5,1572.2,22,2,Mounds View High School (Mounds View),mounds view high school (mounds view) (HS),2018,3145728
1888,2426,daniel mozell,DANIEL MOZELL,1511.5,1498.8,59,1,Oregon State (Beavers),oregon state (beavers),2017,2
1889,2174,laurence drouin,Laurence Drouin,1511.5,1508.0,7,2,Quebec Ultimate Elite Senior Team-Senior,quebec ultimate elite senior team-senior (mixed),2025,8
1890,560,carolyn matthews,Carolyn Matthews,1511.4,1610.0,23,2,Molly Brown,molly brown (women's),2018,16
1891,1199,jordan smith,Jordan Smith,1511.4,1551.3,6,1,Seven Hills Bx,seven hills bx,2025,2
1892,3059,jason manning,Jason Manning,1511.4,1476.6,22,2,Carolina Friends School (Fighting Quakers),carolina friends school (fighting quakers) (YCC-U20),2022,68157440
1893,2849,laura camarata,LAURA CAMARATA,1511.4,1484.1,5,1,Maryland-Baltimore County (Shazam),maryland-baltimore county (shazam),2018,32
1894,3337,briana morales,Briana Morales,1511.4,1468.1,13,1,Midtown-JV (Gauntlet JV Girls),midtown-jv (gauntlet jv girls) (HS girls),2026,2097152
1895,2083,eleanor vandel,Eleanor Vandel,1511.4,1511.4,5,1,Utah Swarm,utah swarm (YCC-U20 girls),2021,134217728
1896,2663,kelly kerker,Kelly Kerker,1511.3,1490.1,57,2,Butler (Butler Big Dog),butler (butler big dog),2025,6
1897,1480,jonathan higgins,Jonathan Higgins,1511.3,1536.4,14,1,Public Enemy,public enemy (mixed),2022,8
1898,2601,ryan schroeder,Ryan Schroeder,1511.3,1492.0,5,1,Atchison HSHS (SOLIS),atchison hshs (solis) (HS),2022,1048576
1899,1657,julie landry,Julie Landry,1511.2,1527.1,6,1,Venus,venus (women's),2023,16
1900,1220,colin o'brien,Colin O'Brien,1511.2,1549.9,42,1,Missouri (Terror Mizzou),missouri (terror mizzou),2026,32
1901,1688,isaac smith,Isaac Smith,1511.2,1525.9,129,1,Penn State  (Crisis),penn state (crisis),2023,32
1902,1244,courtney haendler,Courtney Haendler,1511.1,1548.2,10,1,Horizon High School (Hawks),horizon high school (hawks) (HS mixed),2019,4194304
1903,1245,jackson peoples,Jackson Peoples,1511.1,1548.2,10,1,Horizon High School (Hawks),horizon high school (hawks) (HS mixed),2019,4194304
1904,1246,sam wiske,Sam Wiske,1511.1,1548.2,10,1,Horizon High School (Hawks),horizon high school (hawks) (HS mixed),2019,4194304
1905,2163,shelby petty,Shelby Petty,1511.1,1508.6,11,1,Arizona State (Caliente),arizona state (caliente),2023,32
1906,2373,david william petmecky,David William Petmecky,1511.1,1500.8,56,2,Georgia (Athena),georgia (athena),2026,32
1907,964,anne reuben,Anne Reuben,1511.1,1569.4,41,3,Carolina Friends School (Koi),carolina friends school (koi) (HS girls),2017,2097152
1908,2911,matthew berkholtz,Matthew Berkholtz,1511.1,1481.8,6,1,Madison MUFAbots U20B,madison mufabots u20b (YCC-U20),2022,67108864
1909,2912,michael andrews,Michael Andrews,1511.1,1481.8,6,1,Madison MUFAbots U20B,madison mufabots u20b (YCC-U20),2022,67108864
1910,2239,michael fairley,Michael Fairley,1511.0,1505.8,12,1,ATLiens,atliens (YCC-U20),2023,67108864
1911,3462,dominic lopez,Dominic Lopez,1511.0,1463.7,6,1,Boulder (The Wave (Open)),boulder (the wave (open)) (HS),2025,1048576
1912,2667,kelsey morrison,Kelsey Morrison,1511.0,1489.9,11,1,MystiKuE,mystikue (women's),2017,16
1913,2555,graham smith,Graham Smith,1511.0,1494.0,10,1,Maynard Jackson (Jaguars),maynard jackson (jaguars) (HS girls),2026,2097152
1914,2144,jonathan conricode,Jonathan Conricode,1511.0,1509.3,44,3,Asheville (Asheville),asheville (asheville) (HS),2026,1048576
1915,1758,john clyde,John Clyde,1511.0,1522.9,9,1,Texas Double Trouble,texas double trouble (YCC-U17),2024,536870912
1916,4383,john protopapa-henkel,John Protopapa-Henkel,1510.9,1418.6,19,1,Science Leadership Academy (Rockets),science leadership academy (rockets) (HS girls),2025,2097152
1917,1744,creed hansen,Creed Hansen,1510.9,1523.6,40,4,Sun Prairie United - East/West High Schools (Sun Prairie Ultimate A),sun prairie united - east/west high schools (sun prairie ultimate a) (HS),2023,1048576
1918,908,ryo kawaoka,Ryo Kawaoka,1510.9,1573.2,13,1,Revolver,revolver,2016,1
1919,2796,brittany kaplan,Brittany Kaplan,1510.9,1485.9,26,3,Third Rail U20 Gx,third rail u20 gx (YCC-U20 girls),2025,134217744
1920,714,eric taylor,Eric Taylor,1510.9,1592.9,39,1,North Carolina State (NC State Alpha),north carolina state (nc state alpha),2022,2
1921,2007,luke charlesworth,LUKE CHARLESWORTH,1510.9,1514.0,14,1,Victoria (Vikes),victoria (vikes),2016,2
1922,3821,jennifer clark,Jennifer Clark,1510.8,1448.7,34,1,Portland Ivy,portland ivy (women's),2019,16
1923,2646,david bowers,David Bowers,1510.8,1490.6,27,3,Empire State Eggs,empire state eggs (YCC-U20),2026,70254592
1924,2028,ryan cey,Ryan Cey,1510.8,1513.2,9,1,SoCal Air Show,socal air show (YCC-U17),2026,536870912
1925,2104,nicholas dare,Nicholas Dare,1510.8,1510.8,10,1,Pacific Lutheran (Reign Men),pacific lutheran (reign men),2023,4
1926,2481,kyle barton,Kyle Barton,1510.8,1496.7,64,2,Lewis & Clark (Bacchus ),lewis & clark (bacchus ),2021,6
1927,2187,dennis mcgann,Dennis McGann,1510.8,1507.5,10,1,Longmeadow High School (Lancers),longmeadow high school (lancers) (HS),2015,1048576
1928,1848,tyler chan,Tyler Chan,1510.7,1519.6,6,1,BUDA U20B,buda u20b (YCC-U20),2024,67108864
1929,3035,michael hammond,Michael Hammond,1510.6,1477.3,9,2,Westerville/BH/Tangy (Westerville Airbenders),westerville/bh/tangy (westerville airbenders) (HS mixed),2026,5242880
1930,928,jonathan paruk,Jonathan Paruk,1510.6,1572.2,56,1,Michigan (MagnUM),michigan (magnum),2018,2
1931,4010,akshat rajan,Akshat Rajan,1510.6,1440.8,26,3,Garden State Ultimate,garden state ultimate,2026,1048579
1932,3031,zane strand,Zane Strand,1510.6,1477.5,14,4,Monarch JV Boys (Monarch Fall Boys),monarch jv boys (monarch fall boys) (HS mixed),2019,5242880
1933,2304,shellie cohen,Shellie Cohen,1510.6,1503.3,32,1,MIT (Smite),mit (smite),2016,32
1934,3061,mathew gossard,Mathew Gossard,1510.6,1476.6,6,1,Boise State (Mamu Zaldi),boise state (mamu zaldi),2017,2
1935,2406,kasey kuchar,Kasey Kuchar,1510.6,1499.6,13,1,DeForest High School  (DeForest ),deforest high school (deforest ) (HS),2018,1048576
1936,237,eric garwood,Eric Garwood,1510.5,1691.7,45,7,West Jessamine-Varsity (West Jessamine),west jessamine-varsity (west jessamine) (HS),2026,336592896
1937,580,mary rippe,Mary Rippe,1510.5,1608.1,84,1,North Carolina (Pleiades),north carolina (pleiades),2025,32
1938,1492,stu (stewart) snodgrass,Stu (Stewart) Snodgrass,1510.5,1535.5,7,1,Mt. Lebanon  (Mt. Lebanon Blue Devils),mt. lebanon (mt. lebanon blue devils) (HS),2022,1048576
1939,1779,ian vickers,Ian Vickers,1510.5,1521.9,6,1,COSmic U-20 Boys,cosmic u-20 boys (YCC-U20),2026,67108864
1940,3769,sam gabrielson,Sam Gabrielson,1510.5,1450.9,15,2,RAMP,ramp (mixed),2025,1048584
1941,1943,noam gumerman,Noam Gumerman,1510.5,1516.3,5,1,Carolina Sky,carolina sky (YCC-U20),2026,67108864
1942,993,ron kubalanza,Ron Kubalanza,1510.5,1567.4,35,2,Wisconsin (Hodags),wisconsin (hodags),2023,10
1943,3438,alexandria hackford,Alexandria Hackford,1510.5,1464.4,6,1,Buffalo Frostbite,buffalo frostbite,2023,1
1944,1520,john helgeson,John Helgeson,1510.4,1533.9,20,1,Minnesota (Minnesota A),minnesota (minnesota a),2026,2
1945,2997,abby merrifield,Abby Merrifield,1510.3,1479.0,26,1,Lone Peak-B (Lone Peak),lone peak-b (lone peak) (HS girls),2019,2097152
1946,1395,sydney miller,Sydney Miller,1510.3,1541.1,17,1,Michigan State (Moose),michigan state (moose),2025,32
1947,2278,gus norrbom,Gus Norrbom,1510.3,1504.4,23,2,Swing Vote,swing vote (YCC-U20 mixed),2026,268435464
1948,1282,linh hoang,Linh Hoang,1510.3,1546.2,30,6,Northwestern University (Claw),northwestern university (claw),2020,269484066
1949,1286,ty thorsen,TY THORSEN,1510.3,1545.9,8,1,St Benedict (The Bad Habits),st benedict (the bad habits),2014,96
1950,436,any calming,any calming,1510.3,1629.8,112,1,Virginia (Hydra),virginia (hydra),2019,32
1951,437,don't need,don't need,1510.3,1629.8,112,1,Virginia (Hydra),virginia (hydra),2019,32
1952,438,"janie ""i","Janie ""I",1510.3,1629.8,112,1,Virginia (Hydra),virginia (hydra),2019,32
1953,439,"tea"" mockrish","tea"" Mockrish",1510.3,1629.8,112,1,Virginia (Hydra),virginia (hydra),2019,32
1954,588,hana kawai,Hana Kawai,1510.3,1607.5,39,1,Seattle Riot,seattle riot (women's),2024,16
1955,2609,carly atwell,Carly Atwell,1510.3,1491.9,7,1,Austin Heatstroke,austin heatstroke (mixed),2022,8
1956,2610,elan mcminn,Elan McMinn,1510.3,1491.9,7,1,Austin Heatstroke,austin heatstroke (mixed),2022,8
1957,894,jasmine draper-matthew,Jasmine Draper-Matthew,1510.3,1574.4,18,1,Purdue  (AMOC),purdue (amoc),2015,32
1958,3226,chaz debord,Chaz DeBord,1510.2,1471.0,20,6,Kirkwood High School 2021 (Kirkwood Pioneers 2019),kirkwood high school 2021 (kirkwood pioneers 2019) (HS girls),2021,3145728
1959,1946,sarah mckee,Sarah McKee,1510.2,1516.3,6,1,Kitty Hawks,kitty hawks (YCC-U17 girls),2024,1073741824
1960,1788,chris enderby,Chris Enderby,1510.2,1521.6,52,2,Colt,colt,2026,3
1961,775,kaylee sparks,Kaylee Sparks,1510.2,1585.2,39,1,Ottawa (GeeGees),ottawa (geegees),2018,32
1962,1036,howard (jim) de st. germain,Howard (Jim) de St. Germain,1510.2,1563.2,8,1,Utah Swarm U20 Boys,utah swarm u20 boys (YCC-U20),2024,67108864
1963,1037,kimball pew,Kimball Pew,1510.2,1563.2,8,1,Utah Swarm U20 Boys,utah swarm u20 boys (YCC-U20),2024,67108864
1964,1038,sam pew,Sam Pew,1510.2,1563.2,8,1,Utah Swarm U20 Boys,utah swarm u20 boys (YCC-U20),2024,67108864
1965,2330,jeffrey kiel,Jeffrey Kiel,1510.1,1502.4,6,2,BUDA,buda (YCC-U20),2018,67108865
1966,2767,julie patton barr,Julie Patton Barr,1510.1,1486.9,22,4,El Cerrito (EC GO),el cerrito (ec go) (HS girls),2026,1076887552
1967,3986,hindeke tewodros,Hindeke Tewodros,1510.1,1442.1,17,1,Northwestern (Claw),northwestern (claw),2025,32
1968,577,jesse strod,Jesse Strod,1510.0,1608.1,51,2,Tufts (Elephant Men),tufts (elephant men),2026,2
1969,756,angela wells,Angela Wells,1510.0,1587.5,54,1,Wildfire,wildfire (women's),2024,16
1970,3770,joe rafalak,Joe Rafalak,1510.0,1450.9,17,1,T Party,t party (mixed),2025,8
1971,3141,branavan yogarajah,Branavan Yogarajah,1510.0,1474.3,14,3,Vel Phillips Madison Memorial High School (Memorial Ultimate),vel phillips madison memorial high school (memorial ultimate) (HS),2023,3145728
1972,2776,trudy philip,Trudy Philip,1510.0,1486.5,6,1,Pegasus,pegasus (mixed),2023,8
1973,2198,george li,George Li,1510.0,1507.2,48,5,cATLanta,catlanta (YCC-U20 girls),2023,1211105296
1974,1240,david mares,DAVID MARES,1510.0,1548.5,18,2,Heritage High School (Eagles),heritage high school (eagles) (HS mixed),2016,5242880
1975,2698,tessa berry,Tessa Berry,1510.0,1489.1,5,1,Madison MUFAbots U20X,madison mufabots u20x (YCC-U20 mixed),2022,268435456
1976,2087,alex hecht,Alex Hecht,1509.9,1511.3,9,2,BUDA U20B,buda u20b (YCC-U20),2025,67108865
1977,2088,ethan wang,Ethan Wang,1509.9,1511.3,9,2,BUDA U20B,buda u20b (YCC-U20),2025,67108865
1978,2089,joe michaud,Joe Michaud,1509.9,1511.3,9,2,BUDA U20B,buda u20b (YCC-U20),2025,67108865
1979,1656,daniel jakob,Daniel Jakob,1509.9,1527.2,91,1,Central Florida (Dogs of War),central florida (dogs of war),2016,6
1980,1391,bill kellens,Bill Kellens,1509.9,1541.2,10,1,Neuqua Valley-B (NV Ultimate - B),neuqua valley-b (nv ultimate - b) (HS),2017,1048576
1981,2015,andrew london,Andrew London,1509.9,1513.7,13,2,Wakefield-Arlington Career Center (WACC) (WACC),wakefield-arlington career center (wacc) (wacc) (HS),2026,1048576
1982,2050,jaymik sands,JAYMIK SANDS,1509.9,1512.4,5,1,Eagan High School-B (WUFDA),eagan high school-b (wufda) (HS),2014,1048576
1983,1603,grady riley,Grady Riley,1509.9,1529.6,20,2,Loyola Blakefield (Loyola Ultimate),loyola blakefield (loyola ultimate) (HS),2025,1048576
1984,1569,greg inman,GREG INMAN,1509.9,1531.3,5,1,Saint Louis University High School (SLUH Varsity),saint louis university high school (sluh varsity) (HS),2015,1048576
1985,1570,henry sundermann,Henry Sundermann,1509.9,1531.3,5,1,Saint Louis University High School (SLUH Varsity),saint louis university high school (sluh varsity) (HS),2015,1048576
1986,2078,justin cheng,Justin Cheng,1509.9,1511.6,17,1,California-Santa Cruz-B (UCSC B (Ooze)),california-santa cruz-b (ucsc b (ooze)),2026,2
1987,2155,beau holt,Beau Holt,1509.9,1508.8,5,1,Ingraham High School (Rams),ingraham high school (rams) (HS),2016,1048576
1988,2156,chuck gargaly,Chuck Gargaly,1509.9,1508.8,5,1,Ingraham High School (Rams),ingraham high school (rams) (HS),2016,1048576
1989,2157,jesse hunter,Jesse Hunter,1509.9,1508.8,5,1,Ingraham High School (Rams),ingraham high school (rams) (HS),2016,1048576
1990,477,emma cate hare,Emma Cate Hare,1509.8,1623.5,17,1,Union (Tennessee) (Jillz),union (tennessee) (jillz),2024,96
1991,2980,eldon robertson,Eldon Robertson,1509.8,1479.6,40,3,Utah Swarm,utah swarm (YCC-U20),2018,68157440
1992,851,samantha jones,Samantha Jones,1509.8,1577.7,95,1,Kennesaw State (Strix),kennesaw state (strix),2020,32
1993,2034,jen huddleston,Jen Huddleston,1509.8,1513.0,5,1,Choate Rosemary Hall (Wild Boars),choate rosemary hall (wild boars) (HS),2019,1048576
1994,2119,jack joshi,Jack Joshi,1509.8,1510.2,27,1,Texas (TUFF),texas (tuff),2026,2
1995,1836,kyle breen,Kyle Breen,1509.8,1520.0,11,3,Catholic High School (Catholic High Bears),catholic high school (catholic high bears) (YCC-U20),2020,68157441
1996,1791,jeff silverman,Jeff Silverman,1509.7,1521.5,15,1,SoCal Condors,socal condors,2024,1
1997,1046,stephen kenny,Stephen Kenny,1509.7,1562.6,18,2,Holy Family Catholic (Revolution Mixed),holy family catholic (revolution mixed) (HS mixed),2019,5242880
1998,3229,jeff wilhelm,JEFF WILHELM,1509.7,1471.0,5,1,East Carolina (Irates),east carolina (irates),2015,2
1999,4310,ben goldfarb,Ben Goldfarb,1509.7,1422.8,20,1,Ballard HS (BUF Boys),ballard hs (buf boys) (HS),2015,1048576
2000,819,jereme mason,Jereme Mason,1509.6,1580.9,35,3,Philadelphia SEPDA,philadelphia sepda (YCC-U20),2024,68157440
2001,1390,dolores acevedo-garcia,Dolores Acevedo-Garcia,1509.6,1541.3,6,1,Newton South High School (Newton South Frisbeasts ),newton south high school (newton south frisbeasts ) (HS girls),2017,2097152
2002,3119,marisa wilson,Marisa Wilson,1509.6,1475.0,11,2,Rochester  (Rochester ),rochester (rochester ) (HS girls),2025,3145728
2003,3713,abbey mullen,Abbey Mullen,1509.6,1453.0,15,2,Illinois Lucid,illinois lucid (YCC-U20 girls),2026,135266304
2004,2390,william lindquist,William Lindquist,1509.6,1500.2,10,2,ATLas,atlas (YCC-U17),2019,603979776
2005,2121,efiotu jagun,Efiotu Jagun,1509.6,1510.0,5,1,Midtown High School (Gauntlet (girls)),midtown high school (gauntlet (girls)) (HS girls),2023,2097152
2006,1839,grace hodges,Grace Hodges,1509.5,1519.9,8,1,Philly Girls Phang,philly girls phang (YCC-U20 girls),2022,134217728
2007,2901,terence chen,Terence Chen,1509.5,1482.3,21,2,DEVYL,devyl (YCC-U17 girls),2017,1207959552
2008,2535,kathleen johnston,Kathleen Johnston,1509.5,1494.7,8,1,Humboldt State (Hags),humboldt state (hags),2023,32
2009,2551,holly denecour,Holly Denecour,1509.5,1494.2,10,2,Minnesota Superior,minnesota superior (YCC-U20 girls),2017,134217744
2010,1509,adam bronstein,Adam Bronstein,1509.5,1534.7,24,1,Claremont (Braineaters),claremont (braineaters),2017,6
2011,2907,amy kendziorski,Amy Kendziorski,1509.5,1482.2,8,1,Moontower,moontower (mixed),2018,8
2012,2305,stephen mckinney,Stephen Mckinney,1509.5,1503.2,9,1,Decatur (Boys JV),decatur (boys jv) (HS),2026,1048576
2013,960,ryan rockett,Ryan Rockett,1509.4,1569.9,38,1,Cornell (Buds),cornell (buds),2026,2
2014,1156,brett wall,Brett Wall,1509.4,1553.7,103,2,Temple (Alert),temple (alert),2023,3
2015,2019,claudia dare,Claudia Dare,1509.4,1513.5,12,1,Kitty Hawks,kitty hawks (YCC-U17 girls),2025,1073741824
2016,2020,tim brooks,Tim Brooks,1509.4,1513.5,12,1,Kitty Hawks,kitty hawks (YCC-U17 girls),2025,1073741824
2017,2424,connor boyle,Connor Boyle,1509.4,1498.9,5,1,Pennsylvania (Void),pennsylvania (void),2020,2
2018,1299,micah hausch,MICAH HAUSCH,1509.4,1545.6,8,1,Valparaiso (Chicks Hucking Discs),valparaiso (chicks hucking discs),2015,96
2019,453,jesse roehm,Jesse Roehm,1509.4,1627.6,87,8,East High School A (Denver East Mixed A),east high school a (denver east mixed a) (HS mixed),2019,5242880
2020,1930,wyatt kellman,Wyatt Kellman,1509.4,1516.7,14,1,Sprout,sprout,2022,1
2021,1424,alison fischer,Alison Fischer,1509.4,1539.4,87,2,Iris,iris (women's),2026,16
2022,2186,matthew poole,Matthew Poole,1509.4,1507.6,10,1,Pittsburgh Port Authority,pittsburgh port authority (mixed),2024,8
2023,1963,henry nguyen,Henry Nguyen,1509.4,1515.7,19,2,Green Canyon High School-B (Green Canyon Ultimate),green canyon high school-b (green canyon ultimate) (HS),2019,1048576
2024,1964,samuel huntzinger,Samuel Huntzinger,1509.4,1515.7,19,2,Green Canyon High School-B (Green Canyon Ultimate),green canyon high school-b (green canyon ultimate) (HS),2019,1048576
2025,2115,ian ehlert,Ian Ehlert,1509.4,1510.3,5,1,Minnesota Superior U17B,minnesota superior u17b (YCC-U17),2024,536870912
2026,514,cori bradham,Cori Bradham,1509.4,1615.2,56,3,Berry (Valkyries),berry (valkyries),2023,102
2027,2016,katherine hambley,Katherine Hambley,1509.3,1513.6,5,1,The Sharon Academy (Phoenix),the sharon academy (phoenix) (HS),2014,1048576
2028,2143,manzell blakeley,Manzell Blakeley,1509.3,1509.4,9,1,Brooklyn Book Club,brooklyn book club (women's),2014,16
2029,3700,thomas forseth,THOMAS FORSETH,1509.3,1453.3,9,1,Montana State  (Rum Runners),montana state (rum runners),2015,2
2030,2381,peyton hester,Peyton Hester,1509.3,1500.5,11,1,Georgia Southern (Southern Sirens),georgia southern (southern sirens),2019,32
2031,2666,jeff jewell,Jeff Jewell,1509.3,1490.0,34,1,Davis High School (Davis),davis high school (davis) (HS),2017,1048576
2032,1330,krista takayama,Krista Takayama,1509.3,1544.3,17,1,Tower,tower (mixed),2025,8
2033,2628,jordan dunn,Jordan Dunn,1509.2,1491.3,7,1,Station Camp High School (Station Camp High School),station camp high school (station camp high school) (HS),2015,1048576
2034,2231,r. scot bross,R. Scot Bross,1509.2,1505.9,23,1,Scarsdale High School (Hellfish),scarsdale high school (hellfish) (HS),2023,1048576
2035,1297,katie killebrew,Katie Killebrew,1509.2,1545.6,13,1,Lotus,lotus (mixed),2024,8
2036,1298,sophie havranek,Sophie Havranek,1509.2,1545.6,13,1,Lotus,lotus (mixed),2024,8
2037,1464,corine masse,Corine Masse,1509.2,1537.2,5,1,AÉRA-Junior,aéra-junior (YCC-U20 girls),2018,134217728
2038,1173,sachin raina,Sachin Raina,1509.1,1553.0,41,1,GOAT,goat,2019,1
2039,2431,rebecca stukes,Rebecca Stukes,1509.1,1498.5,9,1,Charlotte Country Day School (Buccaneers),charlotte country day school (buccaneers) (HS),2018,1048576
2040,2954,jennifer reina,JENNIFER REINA,1509.1,1480.4,6,1,James Madison Memorial High School (Memorial Spartans),james madison memorial high school (memorial spartans) (HS girls),2014,2097152
2041,2955,rex beaber,REX BEABER,1509.1,1480.4,6,1,James Madison Memorial High School (Memorial Spartans),james madison memorial high school (memorial spartans) (HS girls),2014,2097152
2042,1734,nicholas jackson,Nicholas Jackson,1509.0,1524.1,9,1,Humboldt State (Hags),humboldt state (hags),2015,32
2043,2178,brian toal,Brian Toal,1509.0,1507.8,9,1,Avon High School (Falcons),avon high school (falcons) (HS),2023,1048576
2044,2179,jim murray,Jim Murray,1509.0,1507.8,9,1,Avon High School (Falcons),avon high school (falcons) (HS),2023,1048576
2045,1799,evan thatcher,Evan Thatcher,1509.0,1521.0,6,1,Flood,flood (YCC-U20 mixed),2019,268435456
2046,1800,jeremy randolph-flagg,Jeremy Randolph-Flagg,1509.0,1521.0,6,1,Flood,flood (YCC-U20 mixed),2019,268435456
2047,2080,john baggenstoss,John Baggenstoss,1509.0,1511.4,6,2,ATLiens,atliens (YCC-U20),2026,67108865
2048,2081,kenni taylor,Kenni Taylor,1509.0,1511.4,6,2,ATLiens,atliens (YCC-U20),2026,67108865
2049,3562,paul waite,PAUL WAITE,1509.0,1459.4,9,1,Iceni,iceni (women's),2017,16
2050,4587,matthew wilson,Matthew Wilson,1509.0,1399.2,92,3,Riverton High School (Silverwolves),riverton high school (silverwolves) (HS),2019,1048577
2051,2469,greta laffey,Greta Laffey,1509.0,1497.1,9,1,John Jay High School (John Jay Air Raid 14),john jay high school (john jay air raid 14) (HS),2014,1048576
2052,2470,laura woelfel,Laura Woelfel,1509.0,1497.1,9,1,John Jay High School (John Jay Air Raid 14),john jay high school (john jay air raid 14) (HS),2014,1048576
2053,2471,robert bolgar,Robert Bolgar,1509.0,1497.1,9,1,John Jay High School (John Jay Air Raid 14),john jay high school (john jay air raid 14) (HS),2014,1048576
2054,3531,brianna blair,Brianna Blair,1508.9,1460.4,14,1,Solon (Solon High School),solon (solon high school) (HS),2019,1048576
2055,1859,ashton paulus,Ashton Paulus,1508.9,1519.1,18,1,OAT,oat,2024,1
2056,3267,jacob blackman,Jacob Blackman,1508.9,1469.8,34,1,South Carolina (Gamecock Ultimate),south carolina (gamecock ultimate),2026,2
2057,3593,ted parker,Ted Parker,1508.8,1458.1,90,2,STEM Academy of Knoxville (STEM),stem academy of knoxville (stem) (HS),2022,1048576
2058,2480,alex vickroy,ALEX VICKROY,1508.8,1496.8,6,1,Washington-Lee (Washington-Lee Slarenegs),washington-lee (washington-lee slarenegs) (HS),2015,1048576
2059,1099,scott franklin,Scott Franklin,1508.8,1558.3,20,2,Brighton High School (A Team) (Brighton Air Traffic Control (A Team)),brighton high school (a team) (brighton air traffic control (a team)) (HS mixed),2018,5242880
2060,3492,gerleen dineros,Gerleen Dineros,1508.7,1462.3,63,9,ATLiens,atliens (YCC-U20),2026,605028353
2061,1842,jana wilson,Jana Wilson,1508.7,1519.8,15,1,Arizona State (Caliente),arizona state (caliente),2026,32
2062,2544,elias mcquaid,ELIAS MCQUAID,1508.7,1494.5,19,1,Worcester Polytech (Bullets),worcester polytech (bullets),2016,6
2063,4675,joe feeney,Joe Feeney,1508.7,1387.0,53,3,Texas United,texas united (YCC-U20),2026,67108867
2064,1714,anna robinson,Anna Robinson,1508.7,1524.7,16,5,Middleton-Varsity (Middleton Ultimate),middleton-varsity (middleton ultimate) (HS girls),2026,2097168
2065,2814,collin hill,Collin Hill,1508.7,1485.3,7,1,flATLine,flatline (YCC-U20 mixed),2026,268435456
2066,2815,elfin wiriyan,Elfin Wiriyan,1508.7,1485.3,7,1,flATLine,flatline (YCC-U20 mixed),2026,268435456
2067,1230,adam repash,ADAM REPASH,1508.6,1549.1,9,1,Champlain Valley Union High School (Sloths),champlain valley union high school (sloths) (HS),2014,1048576
2068,1231,michael fife,Michael Fife,1508.6,1549.1,9,1,Champlain Valley Union High School (Sloths),champlain valley union high school (sloths) (HS),2014,1048576
2069,1232,samuel epstein,SAMUEL EPSTEIN,1508.6,1549.1,9,1,Champlain Valley Union High School (Sloths),champlain valley union high school (sloths) (HS),2014,1048576
2070,786,bradley fleming,Bradley Fleming,1508.6,1584.5,17,1,Alabama-Huntsville (Nightmares),alabama-huntsville (nightmares),2023,2
2071,3670,sherry li,Sherry Li,1508.6,1454.3,26,2,NYU (NYU Violet Femmes),nyu (nyu violet femmes),2018,32
2072,1248,michael lovinguth,Michael Lovinguth,1508.5,1548.1,20,1,Colorado Small Batch,colorado small batch (women's),2016,16
2073,1456,joe iannacone,Joe Iannacone,1508.5,1537.8,8,1,Waterloo,waterloo (mixed),2022,8
2074,517,hannah matthys,Hannah Matthys,1508.5,1615.0,74,5,Lafayette (Lafayette Warriors),lafayette (lafayette warriors) (HS mixed),2025,7340032
2075,2183,joshua kurtz,Joshua Kurtz,1508.5,1507.6,7,1,Minnetonka (Narwhal),minnetonka (narwhal) (HS),2018,1048576
2076,2132,isaac sponem,Isaac Sponem,1508.4,1509.7,5,1,Colchester High School (Lakers),colchester high school (lakers) (HS),2014,1048576
2077,2133,kris fiore,Kris Fiore,1508.4,1509.7,5,1,Colchester High School (Lakers),colchester high school (lakers) (HS),2014,1048576
2078,2058,john norris,John Norris,1508.4,1512.1,69,1,British Columbia (Thunderbirds),british columbia (thunderbirds),2019,2
2079,2855,laura prelsnik,Laura Prelsnik,1508.4,1483.7,52,1,Arizona (Scorch),arizona (scorch),2019,96
2080,1042,megan thueson,Megan Thueson,1508.4,1563.0,16,1,Green Canyon High School (Green Canyon Ultimate Girls),green canyon high school (green canyon ultimate girls) (HS girls),2019,2097152
2081,1715,tyler apsley,Tyler Apsley,1508.3,1524.6,10,1,Westlake (Thunder),westlake (thunder) (HS),2019,1048576
2082,3415,jordan thrasher,Jordan Thrasher,1508.3,1465.5,7,2,rATLers,ratlers (YCC-U17 girls),2026,1073741828
2083,2501,alexander tovar,Alexander Tovar,1508.3,1496.0,8,1,Southern California-B (USC Blockdown),southern california-b (usc blockdown),2022,2
2084,2598,alexander bernhardt,Alexander Bernhardt,1508.2,1492.2,7,1,Boston College (Eagles),boston college (eagles),2021,2
2085,4710,leslie anne charles,Leslie Anne Charles,1508.2,1380.4,38,3,Smith (Luna Disc ),smith (luna disc ),2018,96
2086,3341,bridget mccoy,Bridget McCoy,1508.2,1468.0,12,2,Crucible,crucible (mixed),2025,2097160
2087,2309,matthew whistle,Matthew Whistle,1508.1,1503.1,31,6,Westerville North (Westerville Airbenders),westerville north (westerville airbenders) (HS mixed),2024,5242880
2088,1827,jacob reed,Jacob Reed,1508.1,1520.3,6,1,Columbine  (Rebel Disc),columbine (rebel disc) (HS),2016,1048576
2089,1828,jason reed,Jason Reed,1508.1,1520.3,6,1,Columbine  (Rebel Disc),columbine (rebel disc) (HS),2016,1048576
2090,2710,morgan caldwell,Morgan Caldwell,1508.1,1488.8,30,1,Oregon (Fugue),oregon (fugue),2026,32
2091,2248,christopher balch,Christopher Balch,1508.0,1505.5,23,1,Skyline High School (Skyline Eagles),skyline high school (skyline eagles) (HS),2016,1048576
2092,1528,michael ising,Michael Ising,1508.0,1533.8,12,1,Starling Ultimate,starling ultimate (women's),2023,16
2093,2594,matt nuoffer,Matt Nuoffer,1508.0,1492.2,5,1,Edwardsville High School-Upper (Edwardsville Tigers),edwardsville high school-upper (edwardsville tigers) (HS),2019,1048576
2094,1288,nathan warden,Nathan Warden,1508.0,1545.9,22,1,Occidental (Detox),occidental (detox),2021,6
2095,853,kevin schwartz,Kevin Schwartz,1508.0,1577.3,49,2,Fishers (Fishers Baja),fishers (fishers baja) (HS),2022,5242880
2096,2951,amy hudson,Amy Hudson,1507.9,1480.5,11,1,Maryland (Helpful Corn),maryland (helpful corn),2014,32
2097,2517,anne batchelder,Anne Batchelder,1507.9,1495.6,12,1,Suffrage,suffrage (women's),2018,16
2098,2082,elise bjork,Elise Bjork,1507.9,1511.4,8,1,Vengeance,vengeance (women's),2023,16
2099,2538,chris godek,Chris Godek,1507.8,1494.6,14,1,Firefly,firefly (mixed),2024,8
2100,2030,nathan kleinhans,Nathan Kleinhans,1507.8,1513.1,66,2,Wisconsin (Bella Donna),wisconsin (bella donna),2026,268435488
2101,1041,basile limoges,Basile Limoges,1507.8,1563.0,19,1,Mephisto,mephisto,2026,1
2102,2486,allen peng,ALLEN PENG,1507.8,1496.5,10,1,Mt. Lebanon High School (Mt. Lebanon Wild Hogs),mt. lebanon high school (mt. lebanon wild hogs) (HS girls),2015,2097152
2103,1739,kailyn lowder,Kailyn Lowder,1507.8,1523.9,7,1,Cash Crop 2,cash crop 2,2023,1
2104,2692,colin cahill,Colin Cahill,1507.7,1489.3,7,1,Masterman (Centaurs),masterman (centaurs) (HS),2024,1048576
2105,2693,max franklin,Max Franklin,1507.7,1489.3,7,1,Masterman (Centaurs),masterman (centaurs) (HS),2024,1048576
2106,2234,carl morgenstern,Carl Morgenstern,1507.7,1505.9,8,2,Impulse,impulse (YCC-U20),2016,67108865
2107,2340,brent groulik,BRENT GROULIK,1507.6,1502.1,6,1,Bishop Kelly High School (Bishop Kelly High School),bishop kelly high school (bishop kelly high school) (HS mixed),2016,4194304
2108,3352,matthew hupp,Matthew Hupp,1507.6,1467.7,34,5,XUA Open (St Xavier),xua open (st xavier) (HS),2024,1048576
2109,1574,shayna reppermund,Shayna Reppermund,1507.6,1530.9,7,1,Fox Chapel Area High School (Fox Chapel),fox chapel area high school (fox chapel) (HS girls),2018,2097152
2110,3585,halsey hoster,Halsey Hoster,1507.6,1458.6,20,1,Stanford-B (Firefly),stanford-b (firefly),2025,32
2111,785,elizabeth curtiss,Elizabeth Curtiss,1507.5,1584.6,47,4,Macalester (Flat Earth),macalester (flat earth),2026,134217830
2112,1881,jonathan goldsmith,Jonathan Goldsmith,1507.5,1518.3,32,2,Donuts,donuts (mixed),2025,1073741832
2113,4117,brianna stedman,Brianna Stedman,1507.5,1434.9,38,6,Space Force,space force (mixed),2026,137363976
2114,2092,lindy sowmick,Lindy Sowmick,1507.5,1511.1,8,2,Southwest High School (MÜS Ultimate Southwest (Open)),southwest high school (müs ultimate southwest (open)) (HS),2018,1048576
2115,3823,erica mackey,Erica Mackey,1507.5,1448.7,15,1,Motive,motive,2026,1
2116,3824,lexi athens,Lexi Athens,1507.5,1448.7,15,1,Motive,motive,2026,1
2117,3676,amy kruse,Amy Kruse,1507.5,1454.0,15,3,Atlanta International School (AIS - Varsity GIrls),atlanta international school (ais - varsity girls) (HS girls),2019,3145728
2118,854,martin cochran,Martin Cochran,1507.5,1577.3,13,1,Revolver,revolver,2018,1
2119,666,ted schewe,Ted Schewe,1507.4,1597.7,102,2,Wisconsin (Hodags),wisconsin (hodags),2026,536870914
2120,4696,deborah lee,Deborah Lee,1507.4,1382.8,43,4,Niskayuna (Nisky Ultimate),niskayuna (nisky ultimate) (HS girls),2026,3145728
2121,2003,guoqing wei,Guoqing Wei,1507.4,1514.1,9,1,West Windsor-Plainsboro (Wind Dragons),west windsor-plainsboro (wind dragons) (HS girls),2016,2097152
2122,2355,felix braun,Felix Braun,1507.4,1501.5,28,3,Vel Phillips Madison Memorial High School (Memorial Ultimate),vel phillips madison memorial high school (memorial ultimate) (HS),2023,1048577
2123,3111,jim mccarty,Jim McCarty,1507.3,1475.3,12,1,West Linn High School (Lions),west linn high school (lions) (HS),2019,1048576
2124,2454,g thompson,G Thompson,1507.3,1497.5,27,3,cATLanta,catlanta (YCC-U20 girls),2023,1207959568
2125,3269,michael conlin,Michael Conlin,1507.2,1469.7,5,1,Houston (Skyline),houston (skyline),2022,2
2126,1753,habib atallah,Habib Atallah,1507.2,1523.2,6,1,Stella,stella (women's),2026,16
2127,1754,josee guibord,Josee Guibord,1507.2,1523.2,6,1,Stella,stella (women's),2026,16
2128,2182,eric nielsen,Eric Nielsen,1507.2,1507.7,21,1,Nevada-Reno (Black Ice),nevada-reno (black ice),2026,32
2129,2247,adam haywood,Adam Haywood,1507.2,1505.6,8,1,John Hay High School-Upper (John Hay Ultimate),john hay high school-upper (john hay ultimate) (HS),2018,1048576
2130,1171,luke johnson,Luke Johnson,1507.2,1553.2,13,2,North Carolina-Asheville (Hellbenders),north carolina-asheville (hellbenders),2020,2097184
2131,3310,charles coddington,Charles Coddington,1507.2,1468.7,7,1,Charlotte Country Day School (Buccaneers),charlotte country day school (buccaneers) (HS),2015,1048576
2132,3010,daniel mott,Daniel Mott,1507.2,1478.6,9,1,Lucky PuNCs,lucky puncs (YCC-U17),2018,536870912
2133,3291,brianna griffin,Brianna Griffin,1507.1,1469.3,13,1,Stanford-B (Firefly),stanford-b (firefly),2023,32
2134,3292,sara maatta,Sara Maatta,1507.1,1469.3,13,1,Stanford-B (Firefly),stanford-b (firefly),2023,32
2135,3293,veronica cruz,Veronica Cruz,1507.1,1469.3,13,1,Stanford-B (Firefly),stanford-b (firefly),2023,32
2136,2099,heather zimmerman,Heather Zimmerman,1507.1,1511.0,18,2,NC Hammer,nc hammer (YCC-U17),2015,536870913
2137,1032,troy wojick,Troy Wojick,1507.1,1563.5,35,3,Broomfield High School - Mixed  (En Fuego Mixed 2018),broomfield high school - mixed (en fuego mixed 2018) (HS mixed),2019,5242880
2138,2761,sarah lipscomb,Sarah Lipscomb,1507.1,1487.1,20,1,Northwestern (Claw),northwestern (claw),2022,32
2139,982,kaitlyn lovatt,Kaitlyn Lovatt,1507.0,1567.8,21,3,Team Canada Mixed-Senior,team canada mixed-senior (mixed),2024,24
2140,916,becky widmayer,Becky Widmayer,1507.0,1572.7,6,2,Warhawks,warhawks (YCC-U20 girls),2019,134217744
2141,917,rebecca fagan,Rebecca Fagan,1507.0,1572.7,6,2,Warhawks,warhawks (YCC-U20 girls),2019,134217744
2142,3875,jy link francis,Jy Link Francis,1507.0,1446.7,21,2,Swarthmore (Warmothers),swarthmore (warmothers),2026,104
2143,1120,charles bariteau,Charles Bariteau,1507.0,1556.4,20,1,Mephisto,mephisto,2026,1
2144,1121,cédric aubut boucher,Cédric Aubut Boucher,1507.0,1556.4,20,1,Mephisto,mephisto,2026,1
2145,3077,max barowski,Max Barowski,1507.0,1476.0,6,1,Slag Dump,slag dump,2019,1
2146,3541,noah schwalb,Noah Schwalb,1506.9,1459.9,14,1,Ann Arbor Pioneer (Flickity Split),ann arbor pioneer (flickity split) (HS),2026,1048576
2147,3308,simon pollock,Simon Pollock,1506.9,1468.8,16,2,Ingraham High School  (IHS Squad 1),ingraham high school (ihs squad 1) (HS girls),2016,2097248
2148,1549,cristina mussiett,Cristina Mussiett,1506.9,1531.9,15,2,Texas Tango,texas tango (YCC-U20 girls),2026,136314880
2149,1664,johanna leader,JOHANNA LEADER,1506.8,1526.5,8,1,Roosevelt (Rough Riders),roosevelt (rough riders) (HS girls),2014,2097152
2150,1954,darryl grimm,Darryl Grimm,1506.8,1516.0,56,7,Texas United,texas united (YCC-U20),2025,605028355
2151,1136,joel houmes,Joel Houmes,1506.8,1555.3,131,3,Cincinnati (Bearcats),cincinnati (bearcats),2025,67108867
2152,2858,matt zupan,Matt Zupan,1506.7,1483.6,15,2,Eden Prairie High School (Eagles),eden prairie high school (eagles) (HS),2015,68157440
2153,1932,jeff smith,Jeff Smith,1506.7,1516.7,45,1,Siege,siege (women's),2021,16
2154,2801,pablo reimers,Pablo Reimers,1506.7,1485.7,102,2,Harvard (Red Line),harvard (red line),2026,11
2155,931,james (jim) schoettler,James (Jim) Schoettler,1506.7,1572.0,64,1,Johnny Bravo,johnny bravo,2019,1
2156,4023,gail reich,Gail Reich,1506.7,1440.0,12,1,RAMP,ramp (mixed),2024,8
2157,2798,connor regan,Connor Regan,1506.6,1485.8,120,1,Indiana (HoosierMama?s),indiana (hoosiermama?s),2026,2
2158,2714,rich weaver,Rich Weaver,1506.6,1488.5,38,5,XUA (St Xavier),xua (st xavier) (HS),2026,1048576
2159,3487,marco dewey,Marco Dewey,1506.6,1462.6,10,1,Mutiny,mutiny,2024,1
2160,552,michael pistrang,Michael Pistrang,1506.6,1611.2,117,1,Bowdoin (Clown),bowdoin (clown),2025,7
2161,1888,robert davenport,Robert Davenport,1506.5,1518.1,7,1,Louisville (LUCKY),louisville (lucky),2026,2
2162,1889,trevor gingrich,Trevor Gingrich,1506.5,1518.1,7,1,Louisville (LUCKY),louisville (lucky),2026,2
2163,2139,christopher simon,Christopher Simon,1506.5,1509.6,28,1,Holy Ghost Preparatory  (Firebirds),holy ghost preparatory (firebirds) (HS),2019,1048576
2164,1435,gaby cuina,Gaby Cuina,1506.5,1538.5,22,1,Showdown,showdown (women's),2018,16
2165,3947,brianne welkener,Brianne Welkener,1506.5,1443.7,14,1,Texas-Dallas (Whiplash),texas-dallas (whiplash),2026,32
2166,1701,anja haman,ANJA HAMAN,1506.5,1525.5,5,1,Fable,fable (mixed),2017,8
2167,2649,adam reeves,Adam Reeves,1506.4,1490.5,28,1,Davis High School (Davis),davis high school (davis) (HS),2017,1048576
2168,2887,william huffer,William Huffer,1506.4,1482.7,7,1,New Hampshire (Oriza Ultimate),new hampshire (oriza ultimate),2017,32
2169,2117,carly eckstrom,Carly Eckstrom,1506.4,1510.2,6,1,South High School (South Squall Varsity),south high school (south squall varsity) (HS girls),2024,2097152
2170,2177,aaron lewis,Aaron Lewis,1506.4,1507.8,12,1,El Cerrito High School (EC HUC),el cerrito high school (ec huc) (HS),2019,1048576
2171,3774,adrienne nicholson,Adrienne Nicholson,1506.4,1450.9,13,1,Swing Vote,swing vote (YCC-U20 mixed),2019,268435456
2172,2799,trent tolley,Trent Tolley,1506.4,1485.8,17,1,Crypt,crypt,2025,1
2173,1532,katherine sanz,Katherine Sanz,1506.4,1533.6,5,1,Washington D.C. Rogue,washington d.c. rogue (YCC-U20 girls),2021,134217728
2174,2916,aaron roberts,Aaron Roberts,1506.3,1481.8,8,2,Party Wave,party wave (mixed),2023,24
2175,2816,peter johnson,Peter Johnson,1506.3,1485.3,12,4,Four Rivers Charter School (Four Rivers Boys Middle School),four rivers charter school (four rivers boys middle school) (MS),2024,11534336
2176,2004,nicholas bartlett,Nicholas Bartlett,1506.2,1514.1,5,1,Red Circus,red circus,2018,1
2177,2498,lisa shore,Lisa Shore,1506.2,1496.1,20,3,Pizza Rat,pizza rat (women's),2026,1048592
2178,1436,callie mah,Callie Mah,1506.2,1538.5,13,1,Seattle Riot,seattle riot (women's),2015,16
2179,513,kevin monohan,Kevin Monohan,1506.2,1615.3,53,1,Whitman (Whitman Sweets),whitman (whitman sweets),2026,102
2180,3320,jordan spratt,Jordan Spratt,1506.2,1468.6,10,1,Hazard,hazard,2023,1
2181,4589,william shutt,William Shutt,1506.1,1399.1,112,2,Temple  (TUF),temple (tuf),2023,32
2182,3524,woo jin ho,Woo Jin Ho,1506.1,1460.8,39,3,Montgomery High School (Cougars),montgomery high school (cougars) (HS),2019,1048576
2183,214,lauren boyle,Lauren Boyle,1506.1,1701.6,250,7,Truck Stop,truck stop,2025,268435505
2184,2701,andrew yenter,Andrew Yenter,1506.1,1489.0,5,1,Wisconsin-Oshkosh (Aviatrix ),wisconsin-oshkosh (aviatrix ),2019,96
2185,3133,john (jack) seasholtz,John (Jack) Seasholtz,1506.0,1474.5,24,1,Kenyon (SERF),kenyon (serf),2022,6
2186,1937,luke hancock,Luke Hancock,1506.0,1516.5,50,1,North Carolina-Wilmington (Seamen),north carolina-wilmington (seamen),2021,2
2187,3078,jacqueline feil,Jacqueline Feil,1506.0,1476.0,18,3,Agency,agency (women's),2019,268435480
2188,3273,maya fields,Maya Fields,1506.0,1469.6,8,1,Versa,versa (women's),2025,16
2189,185,roger crafts,Roger Crafts,1506.0,1711.3,64,1,Sockeye,sockeye,2018,1
2190,2085,buck schneider,Buck Schneider,1506.0,1511.3,13,2,Kirkwood High School 2015 (Kirkwood Pioneers 2015),kirkwood high school 2015 (kirkwood pioneers 2015) (HS),2015,1048576
2191,3466,isaac worsham,Isaac Worsham,1506.0,1463.4,27,1,Riverton High School (Silverwolves),riverton high school (silverwolves) (HS),2019,1048576
2192,1970,douglas bruhns,Douglas Bruhns,1505.9,1515.4,6,1,Radnor (Radnor),radnor (radnor) (HS),2024,1048576
2193,1329,richard brown,Richard Brown,1505.9,1544.4,8,1,Ankeny Centennial  (Jaguars),ankeny centennial (jaguars) (HS),2017,1048576
2194,4340,nicole neumiller,Nicole Neumiller,1505.9,1421.0,31,3,Tempo,tempo (women's),2019,1342177296
2195,3024,brian clarkson,Brian Clarkson,1505.9,1477.8,32,2,Needham (Needham),needham (needham) (HS),2017,1048576
2196,1260,kristin dudley,Kristin Dudley,1505.9,1547.2,21,1,Purdue  (AMOC),purdue (amoc),2017,32
2197,2709,jonathan levy,Jonathan Levy,1505.9,1488.8,36,4,Pioneer Valley Chinese Immersion Charter School (PVCICS Dragons),pioneer valley chinese immersion charter school (pvcics dragons) (HS mixed),2024,7340032
2198,4252,jon pressimone,Jon Pressimone,1505.9,1427.5,22,4,Rogue,rogue (YCC-U20 girls),2023,1209008128
2199,602,jacob (jake) henderson,Jacob (Jake) Henderson,1505.9,1605.8,69,4,Drag'n Rust,drag'n rust,2024,68157960
2200,723,michael mackenzie,Michael MacKenzie,1505.9,1591.8,337,3,Wild Card,wild card (mixed),2026,14
2201,1676,steve stracqualursi,Steve Stracqualursi,1505.8,1526.2,22,4,Neap Tide,neap tide,2018,603979779
2202,1353,ethan smith,Ethan Smith,1505.8,1542.9,26,5,DEVYL U-20 Open,devyl u-20 open (YCC-U20),2026,72351745
2203,1645,drew wagstaff,Drew Wagstaff,1505.8,1527.5,5,1,Eagle High School-Junior (Mustangs B),eagle high school-junior (mustangs b) (HS mixed),2019,4194304
2204,4406,kevin bruleigh,KEVIN BRULEIGH,1505.8,1416.2,53,1,Victoria (UVixens),victoria (uvixens),2018,32
2205,4407,phyllis gregoire bruleigh,Phyllis Gregoire Bruleigh,1505.8,1416.2,53,1,Victoria (UVixens),victoria (uvixens),2018,32
2206,1831,tyler finkler,Tyler Finkler,1505.8,1520.1,69,7,Westfield B2 (Westfield B2),westfield b2 (westfield b2) (HS),2023,605028352
2207,3147,nicholas ligatti,NICHOLAS LIGATTI,1505.8,1474.1,8,2,LC Bird High School (Skyhawk Ultimate Club),lc bird high school (skyhawk ultimate club) (HS),2016,1048577
2208,2437,ben fletcher,Ben Fletcher,1505.8,1498.1,24,2,Lakewood High School-B (Lakewood DEEP Mixed),lakewood high school-b (lakewood deep mixed) (HS mixed),2019,5242880
2209,384,alejandro guerrero,Alejandro Guerrero,1505.8,1639.7,48,1,Alabama-Huntsville (Nightmares),alabama-huntsville (nightmares),2024,2
2210,385,horace wilson,Horace Wilson,1505.8,1639.7,48,1,Alabama-Huntsville (Nightmares),alabama-huntsville (nightmares),2024,2
2211,722,emily kallin,Emily Kallin,1505.8,1592.0,28,4,Rip Tide,rip tide (YCC-U20 girls),2024,138412080
2212,1478,beorn morrow-caron,Beorn Morrow-Caron,1505.7,1536.6,20,3,Big Rig,big rig (mixed),2026,268435464
2213,2611,arianna bump,Arianna Bump,1505.7,1491.9,5,1,ATLas,atlas (YCC-U17),2026,536870912
2214,2612,michele skillas,Michele Skillas,1505.7,1491.9,5,1,ATLas,atlas (YCC-U17),2026,536870912
2215,3588,andrew cox,Andrew Cox,1505.7,1458.3,68,2,Central Florida (Dogs of War),central florida (dogs of war),2026,3
2216,870,jordan tippitt,Jordan Tippitt,1505.7,1575.8,91,3,Grit,grit (women's),2026,67108912
2217,298,jacob luria,Jacob Luria,1505.7,1665.8,99,2,DiG,dig,2019,1
2218,2934,sumner gubisch,Sumner Gubisch,1505.6,1481.1,16,1,George Washington (George Washington Men’s Club Ultimate),george washington (george washington men’s club ultimate),2026,2
2219,1510,ferry akbar buchanan,Ferry Akbar Buchanan,1505.6,1534.5,14,2,Philadelphia Padawans,philadelphia padawans (YCC-U17),2023,603979776
2220,2689,dakota lippincott,Dakota Lippincott,1505.6,1489.3,13,1,Arizona State (Caliente),arizona state (caliente),2023,32
2221,3011,michael fehling,Michael Fehling,1505.6,1478.5,6,1,Madison East High School (Madison East Girls),madison east high school (madison east girls) (HS girls),2017,2097152
2222,972,gary (ga) wettengel,Gary (GA) Wettengel,1505.6,1568.8,43,5,Mason-B (Green),mason-b (green) (HS),2024,7340032
2223,484,marshall goff,Marshall Goff,1505.5,1621.8,328,3,Wellesley (Whiptails),wellesley (whiptails),2026,104
2224,1262,gabriel bidot,Gabriel Bidot,1505.5,1547.1,20,2,Conspiracy,conspiracy (mixed),2025,536870920
2225,2490,joseph cuneo,Joseph Cuneo,1505.5,1496.4,9,1,Ring of Fire,ring of fire,2015,1
2226,2423,randy marshal,Randy Marshal,1505.4,1499.0,23,4,Westerville/BH/Tangy (Westerville Airbenders),westerville/bh/tangy (westerville airbenders) (HS mixed),2025,7340032
2227,1319,deanna ball,DeAnna Ball,1505.4,1545.0,369,3,Ohio State (Fever),ohio state (fever),2023,56
2228,305,robert hunt,Robert Hunt,1505.4,1663.3,92,3,Georgia (Jojah),georgia (jojah),2022,6
2229,2172,chandler good,Chandler Good,1505.3,1508.1,16,1,Drake (DUC),drake (duc),2018,6
2230,1723,ryan martin,Ryan Martin,1505.3,1524.3,33,3,Utah State (USULT),utah state (usult),2021,134217731
2231,2193,andrew willig,Andrew Willig,1505.3,1507.4,83,2,Carnegie Mellon (Mr. Yuk),carnegie mellon (mr. yuk),2021,3
2232,3420,erin vincent,Erin Vincent,1505.3,1465.5,6,1,Bingham High School (Breakham),bingham high school (breakham) (HS girls),2019,2097152
2233,2410,daniel price,DANIEL PRICE,1505.3,1499.5,12,1,Columbine  (Rebel Disc),columbine (rebel disc) (HS),2016,1048576
2234,4766,amanda postolowski,Amanda Postolowski,1505.3,1368.0,26,2,Houston (Metropolis ),houston (metropolis ),2024,33
2235,2161,christopher church,Christopher Church,1505.3,1508.7,15,1,South Carolina (Warbird),south carolina (warbird),2016,2
2236,2110,spencer bryant,Spencer Bryant,1505.2,1510.4,5,1,Corvallis High School (Spartan Force),corvallis high school (spartan force) (HS),2018,1048576
2237,2134,kristyn pankiw,Kristyn Pankiw,1505.2,1509.7,5,1,Heritage (Pride Ultimate),heritage (pride ultimate) (HS),2017,1048576
2238,3476,nathan johnson,Nathan Johnson,1505.2,1463.0,76,4,Oregon (Panther Ultimate),oregon (panther ultimate) (HS),2026,3145728
2239,1917,ella polli,Ella Polli,1505.2,1517.1,6,1,Equinox,equinox (YCC-U20 mixed),2026,268435456
2240,1191,avery feingold,Avery Feingold,1505.2,1551.6,45,1,BENT,bent (women's),2023,16
2241,1095,jeff berget,Jeff Berget,1505.2,1558.8,9,2,Northfield HS-JV (Northfield HS JV),northfield hs-jv (northfield hs jv) (HS mixed),2025,5242880
2242,3281,thomas rowan,THOMAS ROWAN,1505.2,1469.5,5,1,Fernandina Beach High School (Dina-Saurs),fernandina beach high school (dina-saurs) (HS),2014,1048576
2243,2808,matt stavinga,Matt Stavinga,1505.2,1485.5,9,1,Franklin Regional (Franklin Regional Ultimate Girls),franklin regional (franklin regional ultimate girls) (HS girls),2017,2097152
2244,2547,tj gansenberg,TJ Gansenberg,1505.2,1494.4,64,2,BAG,bag,2025,3
2245,3720,andrea uhl,Andrea Uhl,1505.1,1452.8,14,1,Colorado Kelp,colorado kelp (women's),2026,16
2246,2514,jack colicchio,Jack Colicchio,1505.1,1495.7,18,1,Kansas (Betty Ultimate),kansas (betty ultimate),2014,32
2247,2244,benjamin goodman,Benjamin Goodman,1505.1,1505.6,10,1,Columbia Secondary School (Columbia Secondary Lions),columbia secondary school (columbia secondary lions) (HS),2024,1048576
2248,2102,robert berg,Robert Berg,1505.1,1510.8,13,2,Lane Tech (voLTage),lane tech (voltage) (HS girls),2018,3145728
2249,3546,lorenzo lalimarmo,Lorenzo Lalimarmo,1505.1,1459.9,13,1,Shadowbox,shadowbox (women's),2015,16
2250,1263,joshua wiseman,Joshua Wiseman,1505.0,1547.0,12,1,Revolver,revolver,2014,1
2251,1398,rose glinka,Rose Glinka,1505.0,1541.0,31,1,Wisconsin (Bella Donna),wisconsin (bella donna),2026,32
2252,2158,irene wilson,Irene Wilson,1505.0,1508.8,14,1,Cathedral/Chatard High School-B (Rewind),cathedral/chatard high school-b (rewind) (HS),2026,1048576
2253,2159,max horrigan,Max Horrigan,1505.0,1508.8,14,1,Cathedral/Chatard High School-B (Rewind),cathedral/chatard high school-b (rewind) (HS),2026,1048576
2254,2545,daley burns,Daley Burns,1505.0,1494.4,9,1,School without Walls-Junior (Flightless Bird Squad),school without walls-junior (flightless bird squad) (HS),2019,1048576
2255,3098,ryan weaver,Ryan Weaver,1505.0,1475.6,20,1,Messiah (Falcons),messiah (falcons),2019,6
2256,2363,cathleen hartge,Cathleen Hartge,1504.9,1501.1,8,1,Alchemy,alchemy (mixed),2014,8
2257,2364,david morley,David Morley,1504.9,1501.1,8,1,Alchemy,alchemy (mixed),2014,8
2258,4175,greg scalia,GREG SCALIA,1504.9,1431.8,11,2,Arizona State-B (Pleasure Ultimate),arizona state-b (pleasure ultimate),2017,2
2259,1216,leona derango,Leona DeRango,1504.9,1550.1,8,2,MN Superior,mn superior (YCC-U20 mixed),2026,268435464
2260,1217,noah johnson,Noah Johnson,1504.9,1550.1,8,2,MN Superior,mn superior (YCC-U20 mixed),2026,268435464
2261,2463,greg fisher,Greg Fisher,1504.9,1497.4,7,1,Highland Park High School (Highland Park Chameleons),highland park high school (highland park chameleons) (HS),2016,1048576
2262,2464,rick goldman,Rick Goldman,1504.9,1497.4,7,1,Highland Park High School (Highland Park Chameleons),highland park high school (highland park chameleons) (HS),2016,1048576
2263,1971,connor okonski,Connor Okonski,1504.8,1515.3,14,1,Texas A&M (Dozen),texas a&m (dozen),2022,2
2264,3023,ben davis,BEN DAVIS,1504.8,1477.9,77,3,Bentley (Icehouse),bentley (icehouse),2018,7
2265,2641,patricia dente,Patricia Dente,1504.8,1490.8,5,1,John Jay High School (John Jay Ultimate),john jay high school (john jay ultimate) (HS),2019,1048576
2266,1709,chelsea verhasselt,Chelsea Verhasselt,1504.8,1525.0,16,1,Santa Clara (Santa Clara RAGE),santa clara (santa clara rage),2026,96
2267,1207,david jensen,David Jensen,1504.8,1550.4,7,1,Arapahoe High School  (Arapahoe Warriors),arapahoe high school (arapahoe warriors) (HS),2022,1048576
2268,1819,matthew reiman,Matthew Reiman,1504.8,1520.4,13,1,Binghamton (SUNY-Binghamton),binghamton (suny-binghamton),2023,2
2269,3530,emilee ledonne,Emilee LeDonne,1504.8,1460.4,69,6,Lakeshore Drive,lakeshore drive (women's),2026,311427088
2270,1529,andrew (aj) pave,Andrew (AJ) Pave,1504.8,1533.7,11,1,Newton South High School (Newton South Frisbeasts ),newton south high school (newton south frisbeasts ) (HS girls),2017,2097152
2271,3248,william (rusty) kahl,William (Rusty) Kahl,1504.7,1470.5,17,3,Gilman (Gilman Greyhounds),gilman (gilman greyhounds) (HS),2026,1048576
2272,1013,jason curtis,Jason Curtis,1504.7,1565.1,82,3,Robbsindale Armstrong (Gold),robbsindale armstrong (gold) (HS girls),2018,136314880
2273,1638,casey gorman,Casey Gorman,1504.7,1528.1,10,1,Flight,flight (women's),2026,16
2274,1977,sadie haas,Sadie Haas,1504.6,1515.2,5,1,Minnesota Superior U17G,minnesota superior u17g (YCC-U17 girls),2024,1073741824
2275,3642,blake read,Blake Read,1504.6,1455.5,23,1,Northeastern-B (Beastern),northeastern-b (beastern),2023,2
2276,3959,ivan lerner,Ivan Lerner,1504.6,1443.1,8,1,SUNY-Binghamton-B (SUNY-Binghamton B),suny-binghamton-b (suny-binghamton b),2022,2
2277,3577,paul lacy,Paul Lacy,1504.6,1458.9,9,1,Columbia (Sparkle Motion CHS),columbia (sparkle motion chs) (HS girls),2016,2097152
2278,3359,jennifer castelazo,Jennifer Castelazo,1504.5,1467.4,17,1,Vintage High School (Vintage),vintage high school (vintage) (HS),2019,1048576
2279,2851,matthew loria,Matthew Loria,1504.5,1484.0,34,1,Noblesville High School (Noblesville Ultimate),noblesville high school (noblesville ultimate) (HS),2019,1048576
2280,2249,cameron bryan,Cameron Bryan,1504.5,1505.4,10,2,LASA (A) (Vertikills A),lasa (a) (vertikills a) (HS),2019,1048576
2281,2250,mutahir ahmad,Mutahir Ahmad,1504.5,1505.4,10,2,LASA (A) (Vertikills A),lasa (a) (vertikills a) (HS),2019,1048576
2282,732,matthew allen,Matthew Allen,1504.5,1590.3,30,1,New Hampshire (New Hampshire),new hampshire (new hampshire),2016,2
2283,3221,curtis hernandez,Curtis Hernandez,1504.4,1471.1,8,2,University High School (Valley Sphinx),university high school (valley sphinx) (HS girls),2026,3145728
2284,1787,john wodatch,John Wodatch,1504.4,1521.6,71,2,Yale (Süperfly),yale (süperfly),2026,1048578
2285,208,chase baker,Chase Baker,1504.4,1704.2,75,1,Bates (Cold Front),bates (cold front),2020,96
2286,209,mohdis baker,Mohdis Baker,1504.4,1704.2,75,1,Bates (Cold Front),bates (cold front),2020,96
2287,1535,zac simmons,Zac Simmons,1504.4,1533.5,36,2,Bishop Watterson High School (Watterson LazerKatz),bishop watterson high school (watterson lazerkatz) (HS),2018,5242880
2288,1809,ian mcnamara,Ian McNamara,1504.4,1520.7,19,1,Saint Louis (Archangel),saint louis (archangel),2024,2
2289,3572,emmaline kelly,Emmaline Kelly,1504.4,1459.1,6,1,DePaul (Laser Chains),depaul (laser chains),2022,32
2290,987,ilya yudkovich,Ilya Yudkovich,1504.4,1567.6,11,1,Scoop,scoop,2025,1
2291,1392,amir kaghazwala,Amir Kaghazwala,1504.3,1541.2,25,1,Lewis & Clark (Bacchus ),lewis & clark (bacchus ),2026,6
2292,1393,avery laliberte,Avery Laliberte,1504.3,1541.2,25,1,Lewis & Clark (Bacchus ),lewis & clark (bacchus ),2026,6
2293,1394,sam franer,Sam Franer,1504.3,1541.2,25,1,Lewis & Clark (Bacchus ),lewis & clark (bacchus ),2026,6
2294,4739,alex stevenson,Alex Stevenson,1504.3,1373.7,56,1,Tennessee (Tennessee),tennessee (tennessee),2024,2
2295,2323,aaron lee,Aaron Lee,1504.3,1502.6,14,1,Wildfire,wildfire (women's),2015,16
2296,1371,charles cleary,Charles Cleary,1504.3,1542.0,8,2,Rising Tide U20B,rising tide u20b,2019,67108866
2297,2780,brianna quigley,Brianna Quigley,1504.3,1486.4,12,1,Colorado State (Hell's Belles),colorado state (hell's belles),2016,32
2298,3756,matthew auletta,Matthew Auletta,1504.3,1451.6,34,1,Hofstra  (M45),hofstra (m45),2018,32
2299,3553,nathaniel seagren,NATHANIEL SEAGREN,1504.3,1459.7,8,1,Corvallis High School (Spartan Force),corvallis high school (spartan force) (HS),2015,1048576
2300,1979,carrie mccusker,CARRIE MCCUSKER,1504.2,1515.2,14,3,Cape Elizabeth (Cape Ultimate - Girls),cape elizabeth (cape ultimate - girls) (HS girls),2016,7340032
2301,2597,brendan carriel,Brendan Carriel,1504.2,1492.2,37,1,Grand Canyon (Lopes),grand canyon (lopes),2026,2
2302,4304,kris harrison,Kris Harrison,1504.2,1423.2,50,1,Virginia (Night Train),virginia (night train),2024,2
2303,4858,sophia scofield-selby,Sophia Scofield-Selby,1504.2,1332.6,30,2,Garfield High School (Purple Haze),garfield high school (purple haze) (HS girls),2016,3145728
2304,806,megan jarriel,Megan Jarriel,1504.2,1583.1,31,3,Midtown-Varsity (Gauntlet (girls)),midtown-varsity (gauntlet (girls)) (HS girls),2026,2097152
2305,1463,stephen wolff,Stephen Wolff,1504.2,1537.4,11,1,Fox Chapel Area (Fox Chapel),fox chapel area (fox chapel) (HS girls),2016,2097152
2306,2374,shane spink,Shane Spink,1504.2,1500.8,6,1,Portsmouth High School (Portsmouth Ultimate Frisbee),portsmouth high school (portsmouth ultimate frisbee) (HS mixed),2018,4194304
2307,2414,emily strahler,EMILY STRAHLER,1504.1,1499.3,8,1,Fryeburg Academy (Femme FAtale),fryeburg academy (femme fatale) (HS girls),2016,2097152
2308,2491,jeff hagen,Jeff Hagen,1504.1,1496.4,28,1,California-Irvine (Grass Ninjas),california-irvine (grass ninjas),2025,32
2309,2524,johanna elias,Johanna Elias,1504.1,1495.2,5,1,Drift,drift (women's),2022,16
2310,2627,rob rowse,Rob Rowse,1504.1,1491.3,11,3,Falmouth High School (Falmouth Ultimate),falmouth high school (falmouth ultimate) (HS mixed),2014,7340032
2311,3129,jason becker,Jason Becker,1504.0,1474.7,21,1,Francis Howell Central (Spartans),francis howell central (spartans) (HS),2019,1048576
2312,3238,michael hamburger,Michael Hamburger,1504.0,1470.8,8,2,Rocky Mountain High School-Upper (Rocky Mountain ),rocky mountain high school-upper (rocky mountain ) (HS mixed),2019,4194304
2313,1290,dustin register,Dustin Register,1504.0,1545.7,24,1,Auburn (Aetos),auburn (aetos),2018,2
2314,1291,ryan landry,Ryan Landry,1504.0,1545.7,24,1,Auburn (Aetos),auburn (aetos),2018,2
2315,3423,victoria zhang,Victoria Zhang,1504.0,1465.2,5,1,Franklin Regional (Franklin Regional Ultimate Girls),franklin regional (franklin regional ultimate girls) (HS girls),2019,2097152
2316,884,anthony poletto,Anthony Poletto,1504.0,1574.8,14,1,Minnesota (Grey Duck),minnesota (grey duck),2020,2
2317,885,tristan van de moortele,Tristan Van De Moortele,1504.0,1574.8,14,1,Minnesota (Grey Duck),minnesota (grey duck),2020,2
2318,2719,michael friedland,Michael Friedland,1504.0,1488.5,6,1,Rising Tide,rising tide (YCC-U20),2016,67108864
2319,1781,matthew baum,Matthew Baum,1504.0,1521.8,16,1,Columbia (Uptown Local),columbia (uptown local),2019,2
2320,2151,matthew reynolds,Matthew Reynolds,1503.9,1509.1,7,1,Crypt,crypt,2026,1
2321,3378,nick bozich,Nick Bozich,1503.9,1466.8,6,1,Pittsburgh-B (High Voltage),pittsburgh-b (high voltage),2022,32
2322,3247,jordan lange,Jordan Lange,1503.9,1470.5,14,1,Chicago Parlay,chicago parlay (mixed),2026,8
2323,3223,eric helm,Eric Helm,1503.9,1471.1,18,1,Shippensburg (Scapegoats),shippensburg (scapegoats),2022,6
2324,2047,andrew mcrae,Andrew McRae,1503.9,1512.5,34,3,Lotus,lotus (mixed),2026,526
2325,4368,chris paturzo,Chris Paturzo,1503.9,1419.4,12,2,Hartford Current,hartford current (mixed),2026,12
2326,3304,luke hart-moynihan,Luke Hart-Moynihan,1503.9,1469.0,35,3,Loyola Marymount (Lions),loyola marymount (lions),2023,2
2327,1942,christina maruyama,Christina Maruyama,1503.9,1516.4,42,1,Utah (Spiral Jetty Ultimate),utah (spiral jetty ultimate),2019,32
2328,1526,alyssa kiekover,Alyssa Kiekover,1503.9,1533.8,9,1,Grand Rapids (Grand Rapids White Lightning),grand rapids (grand rapids white lightning) (HS),2025,1048576
2329,1969,adrena seferian,Adrena Seferian,1503.9,1515.5,7,2,BUDA U20G,buda u20g (YCC-U20 girls),2026,134217744
2330,3597,tyler tiger,Tyler Tiger,1503.8,1457.9,19,2,Tulsa (Coriolis Force),tulsa (coriolis force),2020,104
2331,1600,nora verner,Nora Verner,1503.8,1529.6,7,1,Minnesota Superior U20G,minnesota superior u20g (YCC-U20 girls),2025,134217728
2332,1601,stellah marienthal-legendre,Stellah Marienthal-Legendre,1503.8,1529.6,7,1,Minnesota Superior U20G,minnesota superior u20g (YCC-U20 girls),2025,134217728
2333,1543,matthias broner,Matthias Broner,1503.8,1532.5,23,1,Stanford (Stanford Bloodthirsty),stanford (stanford bloodthirsty),2018,2
2334,1167,joel williams,Joel Williams,1503.8,1553.3,59,1,Missouri (Terror Mizzou),missouri (terror mizzou),2026,32
2335,1803,jeff albenberg,Jeff Albenberg,1503.7,1520.9,31,4,Lafayette (Lafayette Athena),lafayette (lafayette athena) (HS girls),2023,7340032
2336,3867,rudy jimenez,Rudy Jimenez,1503.7,1447.1,70,1,Grand Canyon (Lopes),grand canyon (lopes),2024,2
2337,3497,jimmy chaudoin,Jimmy Chaudoin,1503.6,1462.1,23,2,Wisconsin-Milwaukee (Black Cat),wisconsin-milwaukee (black cat),2026,6
2338,1853,john clawson,John Clawson,1503.6,1519.3,20,1,Minnesota-B (Ugly Duckling),minnesota-b (ugly duckling),2018,2
2339,3603,meg tvrdik,MEG TVRDIK,1503.6,1457.6,32,3,Como Park Senior High School (Aurora),como park senior high school (aurora) (HS girls),2016,1210056704
2340,4608,suhas madiraju,Suhas Madiraju,1503.6,1396.7,47,2,North Carolina State (NC State Alpha),north carolina state (nc state alpha),2026,67108866
2341,761,kenji hood,Kenji Hood,1503.6,1586.3,48,2,Utah Valley (Utah Valley Ultimate),utah valley (utah valley ultimate),2025,1048578
2342,1945,john bechtold,John Bechtold,1503.6,1516.3,26,3,Amherst Regional (JVA)-JV (Hurricanes JV),amherst regional (jva)-jv (hurricanes jv) (HS girls),2017,2097152
2343,2894,ames fegert,Ames Fegert,1503.6,1482.5,30,2,Rice (Cloud 9),rice (cloud 9),2024,6
2344,1316,kate elvey,Kate Elvey,1503.6,1545.1,10,1,Milford (Eagles - Girls),milford (eagles - girls) (HS girls),2016,2097152
2345,3394,heidi zundel,Heidi Zundel,1503.5,1466.3,5,1,Timpview High School (Timpview),timpview high school (timpview) (HS),2014,1048576
2346,2049,noah krumme,Noah Krumme,1503.5,1512.4,18,2,Carolina Sky,carolina sky (YCC-U20),2026,67108864
2347,3658,alex rubin,Alex Rubin,1503.5,1454.8,38,3,Pennsylvania (Void),pennsylvania (void),2023,1048582
2348,3490,kevin lakritz,Kevin Lakritz,1503.5,1462.4,34,3,Westfield-B (Westfield Ultimate B),westfield-b (westfield ultimate b) (HS),2019,537919488
2349,2473,molly buermeyer,Molly Buermeyer,1503.5,1497.1,15,1,Oregon Flood,oregon flood (YCC-U20 mixed),2016,268435456
2350,3849,natalie sweet,Natalie Sweet,1503.4,1447.8,9,2,Third Rail U20 Gx,third rail u20 gx (YCC-U20 girls),2026,134217728
2351,177,john groess,John Groess,1503.4,1718.4,72,6,Drag'n Thrust,drag'n thrust (mixed),2023,335544350
2352,3764,nathan hubbard,Nathan Hubbard,1503.4,1451.1,9,1,Henry Sibley (Warriors),henry sibley (warriors) (HS girls),2016,2097152
2353,1769,vincenzo vitiello,Vincenzo Vitiello,1503.4,1522.4,14,1,Polar Bears,polar bears (mixed),2025,8
2354,2821,alexander carli-dorsey,Alexander Carli-Dorsey,1503.4,1485.1,63,5,Worcester Polytechnic (Whisper),worcester polytechnic (whisper),2025,6
2355,2255,vivian chu,Vivian Chu,1503.4,1505.2,11,2,Happy Cows,happy cows (YCC-U20 mixed),2022,268435464
2356,1567,charlotte purcell,Charlotte Purcell,1503.3,1531.3,15,1,Tennessee-Chattanooga (Moxie),tennessee-chattanooga (moxie),2023,32
2357,3155,brittany hyde,BRITTANY HYDE,1503.2,1473.7,7,1,Rock Canyon High School (Jaguars),rock canyon high school (jaguars) (HS),2015,1048576
2358,3156,jared hill,JARED HILL,1503.2,1473.7,7,1,Rock Canyon High School (Jaguars),rock canyon high school (jaguars) (HS),2015,1048576
2359,3157,terence hill,Terence Hill,1503.2,1473.7,7,1,Rock Canyon High School (Jaguars),rock canyon high school (jaguars) (HS),2015,1048576
2360,1443,matthew macinnes,MATTHEW MACINNES,1503.2,1538.3,16,1,Yorktown (Patriots),yorktown (patriots) (HS),2015,1048576
2361,1010,james bishop,James Bishop,1503.1,1565.4,158,3,Bryant (Bryant Craze),bryant (bryant craze),2026,6
2362,1323,corey lockridge,Corey Lockridge,1503.1,1544.7,17,1,Georgia Tech (Wreck),georgia tech (wreck),2022,32
2363,2221,raju prasad,Raju Prasad,1503.0,1506.3,22,1,Nemesis,nemesis (women's),2019,16
2364,1146,brice dunn,Brice Dunn,1503.0,1554.5,13,1,Phantom,phantom,2021,1
2365,2526,thomas reindel,Thomas Reindel,1502.9,1495.2,14,2,Fairfield High School (Tribe),fairfield high school (tribe) (HS),2019,1048576
2366,1950,frederick hennighausen,Frederick Hennighausen,1502.9,1516.2,11,1,Davidson (DUFF),davidson (duff),2021,6
2367,3424,jorey dvorak,Jorey Dvorak,1502.9,1465.2,7,1,Freshwater Ultimate,freshwater ultimate (women's),2023,16
2368,1469,robert rocha,Robert Rocha,1502.8,1537.0,8,1,CIVA Charter High School (Raven MadFLX),civa charter high school (raven madflx) (HS),2016,1048576
2369,3537,daniel zistler,Daniel Zistler,1502.8,1460.0,8,1,Steamboat,steamboat (mixed),2015,8
2370,493,alberto morales-fernandez,Alberto Morales-Fernandez,1502.8,1619.1,32,1,Massachusetts (Zoodisc),massachusetts (zoodisc),2024,2
2371,2257,devin waldrop,Devin Waldrop,1502.7,1505.2,30,1,South Carolina (Gamecock Ultimate),south carolina (gamecock ultimate),2022,2
2372,3196,dean gottlieb,Dean Gottlieb,1502.7,1472.0,13,2,Illinois Lucid,illinois lucid (YCC-U20 girls),2026,402653184
2373,2897,thomas hennen,Thomas Hennen,1502.7,1482.4,43,1,Alabama (Yellow Hammer),alabama (yellow hammer),2024,2
2374,4126,evelina pierce,Evelina Pierce,1502.7,1434.4,61,8,cATLanta,catlanta (YCC-U20 girls),2025,137363472
2375,1063,matthew street,Matthew Street,1502.7,1561.4,37,1,Alabama-Huntsville (Nightmares),alabama-huntsville (nightmares),2018,6
2376,1064,tim hoggard,Tim Hoggard,1502.7,1561.4,37,1,Alabama-Huntsville (Nightmares),alabama-huntsville (nightmares),2018,6
2377,2443,mati chessin,Mati Chessin,1502.7,1497.9,5,1,Utah Swarm U17 Boys,utah swarm u17 boys (YCC-U17),2026,536870912
2378,1935,grant franke,Grant Franke,1502.7,1516.6,30,2,Jackson Reed (Wilson),jackson reed (wilson) (HS girls),2022,2097154
2379,996,maria mahowald,MARIA MAHOWALD,1502.7,1567.2,15,2,Cathedral High School (Phoenix),cathedral high school (phoenix) (HS girls),2014,136314880
2380,997,paula meyer,PAULA MEYER,1502.7,1567.2,15,2,Cathedral High School (Phoenix),cathedral high school (phoenix) (HS girls),2014,136314880
2381,1489,tyler gray,TYLER GRAY,1502.7,1535.8,20,2,Columbus Alternative High School (Columbus Alternative),columbus alternative high school (columbus alternative) (HS),2015,5242880
2382,2678,david hampson,David Hampson,1502.6,1489.7,9,1,Phoenix F.C.,phoenix f.c.,2021,1
2383,3132,brittni alexander,Brittni Alexander,1502.6,1474.6,15,1,Washburn  (Wolfpack),washburn (wolfpack) (HS),2016,1048576
2384,3358,kristin henderson,KRISTIN HENDERSON,1502.6,1467.4,14,2,St. Paul Charter (Stars Varsity),st. paul charter (stars varsity) (HS girls),2014,136314880
2385,2682,sam pugh,Sam Pugh,1502.6,1489.6,16,1,Lone Peak-B (Lone Peak),lone peak-b (lone peak) (HS),2019,1048576
2386,2311,will christian,Will Christian,1502.5,1503.1,6,2,DEVYL U-20 Open,devyl u-20 open,2024,67108865
2387,1396,benjamin preiss,Benjamin Preiss,1502.5,1541.1,7,1,Foggy Bottom Boys,foggy bottom boys (YCC-U20),2021,67108864
2388,2579,lee gardner,Lee Gardner,1502.5,1493.0,11,2,Westerville North High School (Westerville North),westerville north high school (westerville north) (HS),2019,1048576
2389,2702,dennis murphy,Dennis Murphy,1502.5,1488.9,15,1,Axolotls,axolotls (mixed),2026,8
2390,1546,jameson hinkle,Jameson Hinkle,1502.5,1532.1,40,1,Virginia (Night Train),virginia (night train),2022,2
2391,4356,mark leggio,Mark Leggio,1502.4,1420.0,16,1,San Diego State (Federales ),san diego state (federales ),2020,2
2392,4357,steven milardovich,Steven Milardovich,1502.4,1420.0,16,1,San Diego State (Federales ),san diego state (federales ),2020,2
2393,3107,shane mount-rubenfeld,Shane Mount-Rubenfeld,1502.4,1475.4,57,2,Dark Star,dark star,2025,5
2394,2295,james roush,James Roush,1502.4,1503.7,8,1,Deja Vu Ultimate U16 Boys,deja vu ultimate u16 boys (YCC-U17),2016,536870912
2395,4193,eryn ogren,Eryn Ogren,1502.4,1430.9,11,1,Trinity (Altitude),trinity (altitude),2016,96
2396,1896,jared powell,Jared Powell,1502.4,1517.7,8,1,Bingham High School (Bingham Ultimate),bingham high school (bingham ultimate) (HS),2016,1048576
2397,1417,nicholas colucci,Nicholas Colucci,1502.4,1539.8,24,1,Michigan (MagnUM),michigan (magnum),2026,2
2398,1418,peter cauchy,Peter Cauchy,1502.4,1539.8,24,1,Michigan (MagnUM),michigan (magnum),2026,2
2399,2864,natalie hancock,Natalie Hancock,1502.4,1483.4,13,1,South Eugene (AxeLadies),south eugene (axeladies) (HS girls),2015,2097152
2400,2300,javier ortiz,Javier Ortiz,1502.3,1503.5,18,1,Tennessee-Chattanooga (Moxie),tennessee-chattanooga (moxie),2024,32
2401,2697,maya grumeretz,Maya Grumeretz,1502.2,1489.1,7,1,Ann Arbor Pioneer (Flickity Split),ann arbor pioneer (flickity split) (HS),2026,1048576
2402,2933,megan sokup,Megan Sokup,1502.2,1481.1,18,5,Middleton (Middleton Ultimate),middleton (middleton ultimate) (HS girls),2025,2097168
2403,1898,dean wright,Dean Wright,1502.2,1517.7,9,2,Fusion,fusion (women's),2024,1048592
2404,2496,joseph nelson,Joseph Nelson,1502.2,1496.1,32,2,Eastview High School (zEUs),eastview high school (zeus) (HS),2018,68157440
2405,2251,todd brodeur,Todd Brodeur,1502.1,1505.4,8,2,Medway High School (Medway Flying Mustangs),medway high school (medway flying mustangs) (HS),2016,1048576
2406,3175,mauricio otalvaro,MAURICIO OTALVARO,1502.1,1472.9,5,1,Ki.e,ki.e,2016,1
2407,3724,georgia shriwise,Georgia Shriwise,1502.1,1452.7,18,1,Heist,heist (women's),2025,16
2408,2388,colleen llewellyn,COLLEEN LLEWELLYN,1502.1,1500.2,15,2,Oregon Glory,oregon glory (YCC-U20 girls),2015,138412032
2409,2499,josh manning,Josh Manning,1502.1,1496.1,8,2,Gunn (Control),gunn (control) (HS),2024,1048578
2410,4673,daniel bennett,Daniel Bennett,1502.1,1387.0,20,2,Northview High School-JV (Northview Titans),northview high school-jv (northview titans) (HS),2017,1048576
2411,1650,spencer weiss,Spencer Weiss,1502.1,1527.4,5,1,Apex Ultimate Frisbee (Apex),apex ultimate frisbee (apex) (YCC-U20),2020,67108864
2412,1854,aaron hom,Aaron Hom,1502.0,1519.3,9,2,Oakland Technical (Oak Tech HS Girls),oakland technical (oak tech hs girls) (HS girls),2026,3145728
2413,1239,aaron watson,AARON WATSON,1502.0,1548.6,25,1,Pittsburgh (En Sabah Nur),pittsburgh (en sabah nur),2016,2
2414,3246,nicholas davis,Nicholas Davis,1502.0,1470.5,18,1,Firefly,firefly (mixed),2025,8
2415,1982,andrew creighton,Andrew Creighton,1502.0,1515.1,17,3,Anthem,anthem (mixed),2024,8
2416,4588,aidan flynn,Aidan Flynn,1502.0,1399.1,24,2,Lounar,lounar,2026,3
2417,937,kevin massey,Kevin Massey,1502.0,1571.8,82,12,Greely (Cumberland Ultimate),greely (cumberland ultimate) (HS),2026,745537539
2418,2208,richard dorff,Richard Dorff,1502.0,1506.7,8,1,Groton-Dunstable Regional High School (Groton-Dunstable Ultimate),groton-dunstable regional high school (groton-dunstable ultimate) (HS),2016,1048576
2419,3589,tyler odonnell,Tyler ODonnell,1502.0,1458.3,21,1,Michigan-B (Michigan B),michigan-b (michigan b),2024,32
2420,4079,william burke,William Burke,1501.9,1436.5,14,3,East High School Varsity (Denver East Varsity),east high school varsity (denver east varsity) (HS mixed),2021,5242888
2421,1445,nathaniel goodwin,Nathaniel Goodwin,1501.9,1538.2,47,4,Santa Cruz (Santa Cruz Ultimate),santa cruz (santa cruz ultimate) (HS),2026,5242880
2422,1883,anthony corona,Anthony Corona,1501.9,1518.2,23,2,Northern Valley Regional HS (NV Coalition Ultimate),northern valley regional hs (nv coalition ultimate) (HS),2022,1048576
2423,557,corbin atack,Corbin Atack,1501.9,1610.3,21,1,BFG,bfg (mixed),2023,8
2424,2442,ron gordenstein,Ron Gordenstein,1501.8,1498.0,5,1,Longmeadow High School (Lancers),longmeadow high school (lancers) (HS),2016,1048576
2425,2377,benjamin spears,Benjamin Spears,1501.8,1500.8,16,3,Bucket,bucket (mixed),2018,3145736
2426,4083,jacob raisanen,JACOB RAISANEN,1501.8,1436.2,11,1,Vermont Commons (Flying Turtles),vermont commons (flying turtles) (HS),2014,1048576
2427,4084,lorraine carter-lovejoy,Lorraine Carter-Lovejoy,1501.8,1436.2,11,1,Vermont Commons (Flying Turtles),vermont commons (flying turtles) (HS),2014,1048576
2428,2600,nick akers,Nick Akers,1501.8,1492.1,48,1,Hillsdale (Chargers),hillsdale (chargers),2026,6
2429,3315,ernest (knute) svenson,Ernest (Knute) Svenson,1501.8,1468.7,11,1,Rally,rally (mixed),2018,8
2430,3534,anna thorn,Anna Thorn,1501.8,1460.3,22,1,Utah (Spiral Jetty Ultimate),utah (spiral jetty ultimate),2018,32
2431,2695,jolian dahl,JOLIAN DAHL,1501.8,1489.2,7,1,The Ben Franklin Academy (The Ben Franklin Academy),the ben franklin academy (the ben franklin academy) (HS),2015,1048576
2432,520,becky nevin,Becky Nevin,1501.8,1614.8,69,14,Fairview (Fairview GMP),fairview (fairview gmp) (HS girls),2026,7340064
2433,2522,kai marcus,Kai Marcus,1501.8,1495.3,43,1,Wisconsin (Hodags),wisconsin (hodags),2025,2
2434,2621,genevieve leo,Genevieve Leo,1501.7,1491.5,7,1,Rogue,rogue (YCC-U20 girls),2026,134217728
2435,2622,mimi tran,Mimi Tran,1501.7,1491.5,7,1,Rogue,rogue (YCC-U20 girls),2026,134217728
2436,2631,andrew scott,Andrew Scott,1501.7,1491.2,53,7,Skyline High School (Skyline Ultimate),skyline high school (skyline ultimate) (HS),2026,5242880
2437,2230,mateo rimer-surles,Mateo Rimer-Surles,1501.7,1506.0,6,1,Carolina Friends School (Fighting Quakers),carolina friends school (fighting quakers) (YCC-U20),2020,67108864
2438,873,matthew chin,Matthew Chin,1501.7,1575.7,34,2,Stuyvesant (Sticky Fingers ),stuyvesant (sticky fingers ) (HS),2026,1048576
2439,2447,steve lienert,Steve Lienert,1501.6,1497.7,11,1,Radnor (Radnor),radnor (radnor) (HS),2024,1048576
2440,396,gabe stump,Gabe Stump,1501.6,1637.9,54,1,Colorado (Mamabird),colorado (mamabird),2017,2
2441,1890,marc pedone,Marc Pedone,1501.6,1518.1,23,1,St. Louis Park (Orange Crush),st. louis park (orange crush) (HS),2017,1048576
2442,1934,michelle jones,Michelle Jones,1501.6,1516.6,9,2,DEVYL,devyl,2015,67108865
2443,4101,david childers,David Childers,1501.6,1435.5,50,4,Asheville (Asheville),asheville (asheville) (HS),2025,68157440
2444,2942,jon olson,Jon Olson,1501.5,1480.8,6,1,Corn Saw,corn saw (YCC-U20 mixed),2019,268435456
2445,4138,olufunmilola (love) anjonrin-ohu,Olufunmilola (Love) Anjonrin-Ohu,1501.5,1433.8,12,1,Drake (iBex),drake (ibex),2016,96
2446,4672,wes speight,Wes Speight,1501.5,1387.0,79,5,Bingham High School (Bingham Ultimate - Boys A),bingham high school (bingham ultimate - boys a) (HS mixed),2019,7340032
2447,2615,kei kohmoto,Kei Kohmoto,1501.5,1491.7,5,1,Middleton High School JV (Middleton Junior Varsity),middleton high school jv (middleton junior varsity) (HS girls),2023,2097152
2448,2832,nate jorgensen,Nate Jorgensen,1501.5,1484.6,16,3,Sun Prairie United - East/West High Schools (Sun Prairie Ultimate A),sun prairie united - east/west high schools (sun prairie ultimate a) (HS),2023,1048576
2449,267,michael capeloto,Michael Capeloto,1501.3,1678.1,129,1,Washington (Sundodgers),washington (sundodgers),2019,2
2450,1956,abbie davis,Abbie Davis,1501.3,1515.9,25,4,Utah Swarm U20 Mixed,utah swarm u20 mixed (YCC-U20 mixed),2025,335544329
2451,2741,charlie clement,Charlie Clement,1501.3,1487.7,7,1,Falmouth High School (Falmouth Girls),falmouth high school (falmouth girls) (HS girls),2016,2097152
2452,2742,maureen sturtevant,Maureen Sturtevant,1501.3,1487.7,7,1,Falmouth High School (Falmouth Girls),falmouth high school (falmouth girls) (HS girls),2016,2097152
2453,3673,kody cotton,Kody Cotton,1501.3,1454.1,18,2,Midtown-JV (Gauntlet JV Girls),midtown-jv (gauntlet jv girls) (HS girls),2026,2097152
2454,2914,keven moldenhauer,Keven Moldenhauer,1501.3,1481.8,6,1,Maryland Blackout,maryland blackout (YCC-U20 mixed),2019,268435456
2455,2915,nicole ladue,Nicole LaDue,1501.3,1481.8,6,1,Maryland Blackout,maryland blackout (YCC-U20 mixed),2019,268435456
2456,1629,bryan mccarthy,BRYAN MCCARTHY,1501.3,1528.6,9,1,Cleveland Crocs,cleveland crocs (mixed),2022,8
2457,2850,david reynolds,David Reynolds,1501.3,1484.0,23,2,The Brooklyn Latin School (Brooklyn Latin),the brooklyn latin school (brooklyn latin) (HS),2017,1048584
2458,4653,jesse wyatt,Jesse Wyatt,1501.2,1390.5,25,1,Southern Indiana (Anomaly),southern indiana (anomaly),2019,32
2459,1305,jake kotzman,Jake Kotzman,1501.2,1545.4,20,1,Whitman (Whitman Sweets),whitman (whitman sweets),2022,6
2460,3838,austen bruns,Austen Bruns,1501.2,1448.1,11,1,Waterloo West High-JV (Waterloo West High Wahawks),waterloo west high-jv (waterloo west high wahawks) (HS),2016,1048576
2461,3839,blade schilling,Blade Schilling,1501.2,1448.1,11,1,Waterloo West High-JV (Waterloo West High Wahawks),waterloo west high-jv (waterloo west high wahawks) (HS),2016,1048576
2462,3488,emiko fitzgerald,Emiko FitzGerald,1501.2,1462.5,13,2,Texas Tango,texas tango (YCC-U20 girls),2015,134217744
2463,4370,eric olivier,Eric Olivier,1501.2,1419.2,14,1,CHAOS,chaos (women's),2025,16
2464,4371,frances marsh,Frances Marsh,1501.2,1419.2,14,1,CHAOS,chaos (women's),2025,16
2465,4046,emily wehrwein,Emily Wehrwein,1501.1,1438.4,12,2,Evanston Township High School (Evanston Ultimate),evanston township high school (evanston ultimate) (HS),2023,3145728
2466,2168,andrew dornbush,Andrew Dornbush,1501.1,1508.4,64,9,Mounds View (Mounds View Boys),mounds view (mounds view boys) (HS),2026,68157443
2467,2647,jeff barbian,Jeff Barbian,1501.0,1490.5,9,2,Covington Catholic (GhettoBlasters),covington catholic (ghettoblasters) (HS),2017,1048576
2468,2493,adelaide nolan,Adelaide Nolan,1501.0,1496.3,21,1,Maryland (Helpful Corn),maryland (helpful corn),2021,32
2469,1741,cian johnson,Cian Johnson,1501.0,1523.8,10,1,Mad Men,mad men,2026,1
2470,1742,nicholas moore,Nicholas Moore,1501.0,1523.8,10,1,Mad Men,mad men,2026,1
2471,3468,joseph copeland,Joseph Copeland,1501.0,1463.4,41,2,NYU (New York University ),nyu (new york university ),2024,3
2472,2902,sean stackhouse,Sean Stackhouse,1501.0,1482.3,43,4,PowderHogs,powderhogs,2025,72351745
2473,1720,kyle pierce,Kyle Pierce,1501.0,1524.6,11,2,Belton High School (Belton Biscuits),belton high school (belton biscuits) (HS),2017,5242880
2474,1944,benjamin harris,BENJAMIN HARRIS,1501.0,1516.3,19,1,Jordan High School (Jordan Falcons A),jordan high school (jordan falcons a) (HS),2015,1048576
2475,465,emilie mohler,Emilie Mohler,1501.0,1626.1,92,2,Pennsylvania (Venus),pennsylvania (venus),2024,48
2476,1861,anne underwood,Anne Underwood,1500.9,1519.0,17,1,Washington University (Iron Horse),washington university (iron horse),2025,32
2477,2384,lucita chin,LUCITA CHIN,1500.9,1500.4,14,1,Lafayette (Lafayette Jazz),lafayette (lafayette jazz) (HS),2018,1048576
2478,1864,kallen busker,Kallen Busker,1500.9,1518.9,5,1,Crown,crown,2026,512
2479,2735,samuel moller,Samuel Moller,1500.9,1487.7,5,1,Georgetown (Huckin' Foyas),georgetown (huckin' foyas),2020,32
2480,3149,brit gartner,Brit Gartner,1500.9,1474.0,6,1,Wisconsin-Eau Claire (SOL),wisconsin-eau claire (sol),2014,32
2481,856,jedidiah kalmanofsky,Jedidiah Kalmanofsky,1500.8,1576.9,13,2,Abraham Joshua Heschel (Heschel Heat),abraham joshua heschel (heschel heat) (HS),2025,1048576
2482,4358,greg lewis,Greg Lewis,1500.8,1420.0,26,5,Maplewood/South Orange Middle (Columbia Cougars (Middle School)),maplewood/south orange middle (columbia cougars (middle school)) (MS),2026,13631488
2483,2568,charles allen,Charles Allen,1500.8,1493.5,18,1,Colonels,colonels,2026,1
2484,297,manisha daryani,Manisha Daryani,1500.7,1666.4,130,6,Gold Rush,gold rush (YCC-U20),2026,67108922
2485,4476,sean lorre,Sean Lorre,1500.7,1410.3,51,5,DEVYL U-20 Mixed,devyl u-20 mixed (mixed),2026,810549256
2486,647,michael peng,Michael Peng,1500.7,1599.9,36,3,OAT,oat,2025,68157441
2487,3991,natalie powell,Natalie Powell,1500.7,1441.9,10,1,Seattle Soul,seattle soul (women's),2026,16
2488,3146,jarrod banks,Jarrod Banks,1500.7,1474.1,46,1,Virginia Tech (Burn),virginia tech (burn),2023,2
2489,3168,thomas bradbury,Thomas Bradbury,1500.6,1473.2,9,2,Pennsbury-B (Pennsbury Ultimate Female Frisbee),pennsbury-b (pennsbury ultimate female frisbee) (HS girls),2017,2097184
2490,2325,jacob grund,Jacob Grund,1500.6,1502.6,24,3,Iowa (Saucy Nancy),iowa (saucy nancy),2017,68157472
2491,2196,brendon hudnell,Brendon Hudnell,1500.5,1507.3,32,1,Arizona (Sunburn),arizona (sunburn),2020,2
2492,2055,kevin riley,Kevin Riley,1500.5,1512.2,23,2,Foggy Bottom Boys,foggy bottom boys (YCC-U20),2017,67108865
2493,2214,myles lu,Myles Lu,1500.5,1506.6,8,1,Fable,fable (mixed),2019,8
2494,2733,steve wherry,Steve Wherry,1500.5,1487.8,60,2,Zephyr,zephyr (women's),2025,1048592
2495,2811,jason jarrett,Jason Jarrett,1500.5,1485.4,13,2,Liberty (Lady Flames),liberty (lady flames),2015,34
2496,1818,sarah nurmi,Sarah Nurmi,1500.5,1520.5,6,1,Grandview Heights High School (Grandview Heights),grandview heights high school (grandview heights) (HS),2014,1048576
2497,2261,michael ruble,Michael Ruble,1500.4,1505.1,22,4,Hopkins High School JV Boys (Hopkins Hurt JV Boys),hopkins high school jv boys (hopkins hurt jv boys) (HS),2017,542113792
2498,2834,jonathan stirk,Jonathan Stirk,1500.4,1484.6,21,1,Colorado-B (CUCU),colorado-b (cucu),2024,2
2499,2528,christian walker,Christian Walker,1500.4,1495.1,8,2,Dallas (Vitality),dallas (vitality),2019,98
2500,3545,aaron julien,Aaron Julien,1500.4,1459.9,12,2,Amherst Regional Middle (ARMS),amherst regional middle (arms) (HS),2016,1048576
2501,377,joseph tilley,Joseph Tilley,1500.4,1641.5,158,4,Central Florida (Sirens),central florida (sirens),2026,41
2502,534,clayton howlett,Clayton Howlett,1500.4,1613.6,80,1,Victoria (Vikes),victoria (vikes),2026,2
2503,4501,todd larese,Todd Larese,1500.4,1407.4,38,3,Connecticut Harpoon,connecticut harpoon (YCC-U20),2024,335544320
2504,3877,geri mcinerney,Geri McInerney,1500.4,1446.6,31,2,Kentucky (Monarchy),kentucky (monarchy),2023,32
2505,2312,nick schall,Nick Schall,1500.3,1502.9,6,1,Lake Braddock Secondary School  (Lake Braddock ),lake braddock secondary school (lake braddock ) (HS),2019,1048576
2506,2707,lucas bulger,Lucas Bulger,1500.3,1488.8,10,1,Mallard,mallard,2021,1
2507,2513,walter kasprzycki,Walter Kasprzycki,1500.3,1495.7,17,1,Claremont (Braineaters),claremont (braineaters),2024,6
2508,3442,spencer hollenbach,Spencer Hollenbach,1500.3,1464.3,7,1,Clayton High School (Greyhounds),clayton high school (greyhounds) (HS),2022,1048576
2509,1973,christopher castonguay,CHRISTOPHER CASTONGUAY,1500.3,1515.3,6,1,Stella,stella (women's),2018,16
2510,1974,dominique rioux,Dominique Rioux,1500.3,1515.3,6,1,Stella,stella (women's),2018,16
2511,3846,casey tsou,Casey Tsou,1500.2,1447.9,17,2,ColorBomb,colorbomb (mixed),2022,268435464
2512,123,gwen ambler,Gwen Ambler,1500.1,1763.9,111,2,Seattle Riot,seattle riot (women's),2021,48
2513,2593,ross barker,Ross Barker,1500.1,1492.3,5,1,Nighthawk,nighthawk,2026,1
2514,1691,bailey besser,Bailey Besser,1500.1,1525.8,14,1,Hybrid,hybrid (mixed),2024,8
2515,503,karim alaeddine,Karim Alaeddine,1500.0,1617.6,15,3,Franklin-Varsity (Lightning),franklin-varsity (lightning) (HS),2026,5242880
2516,504,michael moren,Michael Moren,1500.0,1617.6,15,3,Franklin-Varsity (Lightning),franklin-varsity (lightning) (HS),2026,5242880
2517,505,xi xia,Xi Xia,1500.0,1617.6,15,3,Franklin-Varsity (Lightning),franklin-varsity (lightning) (HS),2026,5242880
2518,2506,eliah mullet,Eliah Mullet,1500.0,1495.9,5,1,University School/PPCS-Upper (Crush),university school/ppcs-upper (crush) (HS),2024,1048576
2519,4499,dan priddle,Dan Priddle,1500.0,1407.6,19,1,Motive,motive,2026,1
2520,2342,jordan hill,Jordan Hill,1500.0,1502.0,13,1,Timpview HS - A Team (Timpview),timpview hs - a team (timpview) (HS),2016,1048576
2521,1919,cameron snook,Cameron Snook,1500.0,1517.1,20,2,Westlake-Varsity (Acton Westlake Ultimate),westlake-varsity (acton westlake ultimate) (HS),2026,1048576
2522,1077,bethany turner,Bethany Turner,1499.9,1560.0,15,1,Virginia (Hydra),virginia (hydra),2014,32
2523,1269,warren tang,Warren Tang,1499.9,1546.6,16,1,Union,union (mixed),2026,8
2524,2760,marta rowh,Marta Rowh,1499.9,1487.2,5,1,rATLers,ratlers (YCC-U17 girls),2024,1073741824
2525,3366,jacob smith,Jacob Smith,1499.9,1467.2,43,3,Stanford (Stanford Bloodthirsty),stanford (stanford bloodthirsty),2020,99
2526,3127,andrew taber,Andrew Taber,1499.9,1474.7,7,1,Druid Hills High School (Disc Devils),druid hills high school (disc devils) (HS),2022,1048576
2527,409,david hsiung,David Hsiung,1499.9,1634.9,36,4,DEVYL U-20,devyl u-20 (YCC-U20),2019,603979776
2528,2595,robert zelle,Robert Zelle,1499.9,1492.2,5,1,The Blake School (Bears),the blake school (bears) (HS),2018,1048576
2529,2596,tanya natwick,Tanya Natwick,1499.9,1492.2,5,1,The Blake School (Bears),the blake school (bears) (HS),2018,1048576
2530,2190,adam vinson,Adam Vinson,1499.9,1507.4,5,1,Florida Untied,florida untied,2024,1
2531,1129,dain nielsen,Dain Nielsen,1499.8,1555.7,9,2,Triforce,triforce (YCC-U20),2015,67108865
2532,2587,malia ellard,Malia Ellard,1499.8,1492.6,9,1,Berry (Valkyries),berry (valkyries),2024,96
2533,2588,walter ellard,Walter Ellard,1499.8,1492.6,9,1,Berry (Valkyries),berry (valkyries),2024,96
2534,2337,jonathan collins,Jonathan Collins,1499.8,1502.3,6,1,Mamaroneck High School (Murda Geese),mamaroneck high school (murda geese) (HS),2019,1048576
2535,2176,jasper weinburd,Jasper Weinburd,1499.8,1507.9,14,1,Minnesota-B (Ugly Duckling),minnesota-b (ugly duckling),2017,2
2536,2259,james henderson,James Henderson,1499.8,1505.1,32,1,Delaware (Sideshow),delaware (sideshow),2026,3
2537,1763,alexander jang,ALEXANDER JANG,1499.8,1522.7,9,1,Princeton High School (Princeton High Ultimate Club),princeton high school (princeton high ultimate club) (HS),2017,1048576
2538,1764,zach tesone,Zach Tesone,1499.8,1522.7,9,1,Princeton High School (Princeton High Ultimate Club),princeton high school (princeton high ultimate club) (HS),2017,1048576
2539,2857,tristan green,Tristan Green,1499.8,1483.6,9,1,Raleigh Charter High School (PUF),raleigh charter high school (puf) (HS),2018,1048576
2540,2715,lewis (alec) chosewood,Lewis (Alec) Chosewood,1499.8,1488.5,6,1,Delirium,delirium,2023,1
2541,3853,sasha frank-stempel,Sasha Frank-Stempel,1499.8,1447.7,12,1,George Washington (G-Dub Hippos),george washington (g-dub hippos),2023,2
2542,575,keys pattie,Keys Pattie,1499.8,1608.4,116,3,Richmond (Spidermonkeys),richmond (spidermonkeys),2024,14
2543,4475,megan mendieta,Megan Mendieta,1499.8,1410.5,40,3,Houston (Metropolis ),houston (metropolis ),2024,50
2544,2539,joshua kemmerling,Joshua Kemmerling,1499.8,1494.6,16,3,Liquid Hustle,liquid hustle (mixed),2017,1048712
2545,1278,emma cole,Emma Cole,1499.8,1546.2,8,1,East Carolina (Black Pearl),east carolina (black pearl),2024,32
2546,1279,kalleigh rice,Kalleigh Rice,1499.8,1546.2,8,1,East Carolina (Black Pearl),east carolina (black pearl),2024,32
2547,1280,samantha brenz,Samantha Brenz,1499.8,1546.2,8,1,East Carolina (Black Pearl),east carolina (black pearl),2024,32
2548,1226,michael wood,Michael Wood,1499.7,1549.6,57,4,Forsyth Central (Eclipse Ultimate),forsyth central (eclipse ultimate) (HS),2026,1048616
2549,690,jonathan malloy,Jonathan Malloy,1499.7,1595.4,37,4,Somerville High School (Villen Ultimate),somerville high school (villen ultimate) (HS),2024,537919488
2550,2818,elyssa yesnes,Elyssa Yesnes,1499.7,1485.2,19,1,Cooper High School (CULT),cooper high school (cult) (HS girls),2017,2097152
2551,3199,kelsey delave,KELSEY DELAVE,1499.7,1472.0,14,1,Pittsburgh (Danger),pittsburgh (danger),2014,32
2552,1192,alexander hopp,Alexander Hopp,1499.6,1551.5,47,3,West HS Krakens open A (West HS Krakens open A),west hs krakens open a (west hs krakens open a) (HS),2019,5242880
2553,3097,colby clarkson,Colby Clarkson,1499.6,1475.6,150,3,Dartmouth (Pain Train),dartmouth (pain train),2024,268435470
2554,2448,joshua letsinger,Joshua Letsinger,1499.6,1497.6,16,1,Utah (Zion Curtain),utah (zion curtain),2016,2
2555,3260,zachary chen,Zachary Chen,1499.6,1470.1,5,1,DJUSD (DYU High School),djusd (dyu high school) (HS),2026,1048576
2556,2361,kristin williams,Kristin Williams,1499.6,1501.1,6,1,St. Charles North (Northstar Ultimate),st. charles north (northstar ultimate) (HS),2017,1048576
2557,2362,tyler williams,Tyler Williams,1499.6,1501.1,6,1,St. Charles North (Northstar Ultimate),st. charles north (northstar ultimate) (HS),2017,1048576
2558,3311,brandon haus,Brandon Haus,1499.6,1468.7,5,2,Minnesota Superior U20G,minnesota superior u20g (YCC-U20 girls),2019,134217744
2559,3173,raynald nemours,RAYNALD NEMOURS,1499.6,1472.9,5,2,Vintage,vintage (women's),2019,16
2560,3184,dodgen swanson,Dodgen Swanson,1499.6,1472.5,12,1,Union (Tennessee) (Union Jaxx),union (tennessee) (union jaxx),2020,6
2561,3526,michael (mike) nash,MICHAEL (MIKE) NASH,1499.6,1460.8,5,1,Inside Rakete,inside rakete,2017,1
2562,2673,william sloane,William Sloane,1499.6,1489.8,13,1,Ozone,ozone (women's),2022,16
2563,3403,collin klenke,Collin Klenke,1499.5,1466.0,29,2,Northwestern (Claw),northwestern (claw),2022,32
2564,2065,shaun seidenberger,Shaun Seidenberger,1499.5,1511.9,27,1,Texas A&M (Dozen),texas a&m (dozen),2025,2
2565,3528,joseph thachet,Joseph Thachet,1499.5,1460.7,35,1,Cal Poly-SLO (SLOCORE),cal poly-slo (slocore),2026,2
2566,4337,loren goodrich,Loren Goodrich,1499.5,1421.0,31,3,St Louis Storm U20G,st louis storm u20g (YCC-U20 girls),2026,135266304
2567,2635,ben cook,Ben Cook,1499.5,1491.1,21,1,Trident I,trident i,2023,1
2568,1151,dana loso,Dana Loso,1499.5,1554.1,18,2,Crescent Valley (Raiders),crescent valley (raiders) (HS girls),2016,6291456
2569,2271,yuan chen,Yuan Chen,1499.5,1504.6,28,1,Carnegie Mellon (Mr. Yuk),carnegie mellon (mr. yuk),2018,2
2570,3858,eugene wimby,Eugene Wimby,1499.4,1447.5,10,1,Woodward Academy (WAFU -- A Team),woodward academy (wafu -- a team) (HS girls),2022,2097152
2571,3367,adam newman,Adam Newman,1499.4,1467.2,7,1,Andover High School (Golden Gophers),andover high school (golden gophers) (HS girls),2014,2097152
2572,3368,brendan gibson,BRENDAN GIBSON,1499.4,1467.2,7,1,Andover High School (Golden Gophers),andover high school (golden gophers) (HS girls),2014,2097152
2573,1044,britta jones,Britta Jones,1499.4,1562.8,78,5,Carrboro High School (Carrboro Clams),carrboro high school (carrboro clams) (HS),2016,1048576
2574,2810,nate haines,Nate Haines,1499.4,1485.5,5,1,Colorado State-B (Hibida),colorado state-b (hibida),2020,2
2575,2258,andrew miller,Andrew Miller,1499.4,1505.1,14,2,Hazard,hazard,2023,1048577
2576,1143,david berendes,David Berendes,1499.4,1554.9,28,2,Ozone,ozone (women's),2018,1048592
2577,1498,sandy park,Sandy Park,1499.4,1535.1,14,1,Alchemy,alchemy (mixed),2016,8
2578,3784,mark borger,Mark Borger,1499.4,1450.5,85,2,Lawless,lawless (mixed),2023,40
2579,4266,matthew fasano,Matthew Fasano,1499.4,1426.5,12,1,Tufts-B (Tufts B),tufts-b (tufts b),2019,2
2580,1698,vincent belsito,Vincent Belsito,1499.3,1525.5,11,1,Mounds View (Mounds View Girls),mounds view (mounds view girls) (HS girls),2026,2097152
2581,1473,robert bradham,Robert Bradham,1499.3,1536.9,86,5,Berry (Valkyries),berry (valkyries),2023,102
2582,3461,michael palmisano,Michael Palmisano,1499.3,1463.7,8,1,Syracuse (Fox Force Seven),syracuse (fox force seven),2022,32
2583,2379,nettie kimery,Nettie Kimery,1499.3,1500.7,5,1,KnoxFusion,knoxfusion (women's),2022,16
2584,3130,jason eames,Jason Eames,1499.3,1474.6,15,3,R&D,r&d,2025,603979777
2585,4422,alicia queen,Alicia Queen,1499.3,1415.3,19,1,Northview High School (Northview Titans),northview high school (northview titans) (HS),2016,1048576
2586,2938,robert hanna,Robert Hanna,1499.2,1481.0,10,1,Winc City Fog,winc city fog,2025,1
2587,2468,alyssa irons,Alyssa Irons,1499.2,1497.2,6,1,Kitty Hawks,kitty hawks (YCC-U17 girls),2025,1073741824
2588,2658,kristopher hortemiller,Kristopher Hortemiller,1499.2,1490.2,6,1,Westfield (Shamrocks),westfield (shamrocks) (HS),2026,1048576
2589,3402,john luong,John Luong,1499.2,1466.0,81,4,Flight,flight (women's),2022,18
2590,3493,william van heuvelen,William Van Heuvelen,1499.2,1462.2,10,1,Amherst Regional High School-JV (ARHS JVA),amherst regional high school-jv (arhs jva) (HS),2015,1048576
2591,3125,gabriella cincotta,Gabriella Cincotta,1499.2,1474.8,61,4,Messiah (Falcons),messiah (falcons),2020,1048596
2592,2228,dave buchholz,Dave Buchholz,1499.1,1506.1,8,1,Neap Tide,neap tide (YCC-U17),2016,536870912
2593,1756,chris santiago,Chris Santiago,1499.1,1523.0,15,1,Neuqua Valley-B (NV Ultimate - B),neuqua valley-b (nv ultimate - b) (HS),2018,1048576
2594,820,amy schlabach,Amy Schlabach,1499.1,1580.8,37,1,Flipside,flipside (women's),2026,16
2595,821,brittany cabriales,Brittany Cabriales,1499.1,1580.8,37,1,Flipside,flipside (women's),2026,16
2596,2896,trevor ruwitch,Trevor Ruwitch,1499.0,1482.5,48,5,Michigan Tech (Superior Ma's),michigan tech (superior ma's),2020,270532648
2597,3288,patrick layton,Patrick Layton,1499.0,1469.3,18,3,Orem High School (Bestia Ultimate),orem high school (bestia ultimate) (HS),2015,3145728
2598,3038,travis taylor,Travis Taylor,1499.0,1477.1,10,1,Baylor (Stonewall A),baylor (stonewall a),2022,2
2599,3574,heather cline,Heather Cline,1499.0,1459.0,6,1,Rochester (Rochester),rochester (rochester) (HS girls),2026,2097152
2600,4068,michael leding,Michael Leding,1499.0,1437.1,36,4,Resurgam Ultimate,resurgam ultimate,2025,68157443
2601,1679,matthew burnette,Matthew Burnette,1498.9,1526.2,120,4,North Allegheny  (NAUF ),north allegheny (nauf ) (HS),2024,70254594
2602,3182,geoffrey israel,Geoffrey Israel,1498.9,1472.6,38,3,Watchdogs,watchdogs,2019,1048579
2603,1612,nadir nimry,Nadir Nimry,1498.8,1529.1,7,2,Des Moines Theodore Roosevelt (Flying Teddies),des moines theodore roosevelt (flying teddies) (HS mixed),2019,5242880
2604,1613,scott mackrell,Scott Mackrell,1498.8,1529.1,7,2,Des Moines Theodore Roosevelt (Flying Teddies),des moines theodore roosevelt (flying teddies) (HS mixed),2019,5242880
2605,2017,hobart yeager,Hobart Yeager,1498.8,1513.6,5,1,Groton-Dunstable Regional High School (Groton-Dunstable Ultimate),groton-dunstable regional high school (groton-dunstable ultimate) (HS),2016,1048576
2606,1455,jason thompson,Jason Thompson,1498.8,1537.9,176,13,Starling,starling (women's),2026,537919519
2607,3703,anthony libby,Anthony Libby,1498.8,1453.2,7,1,Pulse,pulse (YCC-U17),2026,536870912
2608,3704,dmitri zalnasky,Dmitri Zalnasky,1498.8,1453.2,7,1,Pulse,pulse (YCC-U17),2026,536870912
2609,3705,jake sperry,Jake Sperry,1498.8,1453.2,7,1,Pulse,pulse (YCC-U17),2026,536870912
2610,3706,jessie chan,Jessie Chan,1498.8,1453.2,7,1,Pulse,pulse (YCC-U17),2026,536870912
2611,1382,dennis casio,Dennis Casio,1498.7,1541.6,6,1,Seven Hills Red Girls (High School),seven hills red girls (high school),2020,32
2612,2932,brian moore,Brian Moore,1498.7,1481.2,48,1,Alabama (Yellow Hammer),alabama (yellow hammer),2017,2
2613,2313,scott radlauer,Scott Radlauer,1498.7,1502.9,52,1,California-San Diego (Air Squids),california-san diego (air squids),2023,2
2614,2472,shea gunther,Shea Gunther,1498.7,1497.1,16,2,Neap Tide,neap tide,2018,536870915
2615,2669,mike french,Mike French,1498.7,1489.9,8,2,Austin Amigos,austin amigos (YCC-U20),2018,67108865
2616,2670,sam pastor,Sam Pastor,1498.7,1489.9,8,2,Austin Amigos,austin amigos (YCC-U20),2018,67108865
2617,1015,alton boshoff,Alton Boshoff,1498.7,1564.9,14,1,Athens Drive (Athens Drive 2024-25),athens drive (athens drive 2024-25) (HS),2025,1048576
2618,2254,terry cussen,Terry Cussen,1498.6,1505.2,30,3,Cherry Creek (El Oso),cherry creek (el oso) (HS mixed),2025,5242880
2619,1575,doug tahirali,Doug Tahirali,1498.6,1530.9,10,2,Montclair Varsity (Montclair Geese Varsity),montclair varsity (montclair geese varsity) (HS),2026,1048576
2620,1576,krish vasisht,Krish Vasisht,1498.6,1530.9,10,2,Montclair Varsity (Montclair Geese Varsity),montclair varsity (montclair geese varsity) (HS),2026,1048576
2621,1577,mitchell o'keefe,Mitchell O'Keefe,1498.6,1530.9,10,2,Montclair Varsity (Montclair Geese Varsity),montclair varsity (montclair geese varsity) (HS),2026,1048576
2622,4051,noah baker,Noah Baker,1498.5,1438.1,19,1,SOUF,souf,2023,1
2623,1609,laura curtis,Laura Curtis,1498.5,1529.2,13,2,Denver North High School (Denver North),denver north high school (denver north) (HS mixed),2023,5242880
2624,2293,emma price,Emma Price,1498.5,1503.7,9,1,Flight Club,flight club (mixed),2023,8
2625,2294,mackenzie timbel,Mackenzie Timbel,1498.5,1503.7,9,1,Flight Club,flight club (mixed),2023,8
2626,2880,johnny sims,Johnny Sims,1498.5,1482.8,5,1,Catholic High School (Catholic High Bears),catholic high school (catholic high bears) (YCC-U20),2020,67108864
2627,2881,nicholas major,Nicholas Major,1498.5,1482.8,5,1,Catholic High School (Catholic High Bears),catholic high school (catholic high bears) (YCC-U20),2020,67108864
2628,2483,stacy sarvis,STACY SARVIS,1498.4,1496.6,5,1,Pennsbury (Pennsbury Ultimate Female Frisbee),pennsbury (pennsbury ultimate female frisbee) (HS girls),2026,2097152
2629,1339,trois white,Trois White,1498.4,1543.9,30,2,Alliance 2,alliance 2,2025,3
2630,2267,timothy vorachak,Timothy Vorachak,1498.4,1504.7,10,1,Vermont-B (Vermont B),vermont-b (vermont b),2022,32
2631,3087,natalie bladis,Natalie Bladis,1498.4,1475.7,6,1,Da Vinci Charter Academy (Da Vinci Dinos),da vinci charter academy (da vinci dinos) (HS),2016,1048576
2632,3088,sam asin,Sam Asin,1498.4,1475.7,6,1,Da Vinci Charter Academy (Da Vinci Dinos),da vinci charter academy (da vinci dinos) (HS),2016,1048576
2633,3083,richard davis,Richard Davis,1498.4,1475.8,7,1,Trident II,trident ii,2022,1
2634,2994,elijah long,Elijah Long,1498.3,1479.1,19,3,Carolina Sky,carolina sky (YCC-U20),2018,603979777
2635,3725,ashley powell,Ashley Powell,1498.3,1452.6,11,2,Kitty Hawks,kitty hawks (YCC-U17 girls),2023,1073741824
2636,2762,cory wallace,Cory Wallace,1498.3,1487.1,5,1,North Park (Lost Boys),north park (lost boys),2021,6
2637,1604,toby jacobs,Toby Jacobs,1498.3,1529.5,63,3,Bowdoin (Clown),bowdoin (clown),2020,537919494
2638,416,danny clark,Danny Clark,1498.3,1633.3,48,2,Brute Squad,brute squad (women's),2026,17
2639,1580,anthony mounga,Anthony Mounga,1498.2,1530.8,13,2,Utah Swarm U20 Boys,utah swarm u20 boys (YCC-U20),2025,603979776
2640,2394,jin-mi matsunaga,Jin-Mi Matsunaga,1498.2,1500.1,24,2,Georgia Tech (Wreck),georgia tech (wreck),2022,32
2641,4306,luke carron,Luke Carron,1498.2,1423.1,27,3,St Louis University High (SLUH Ultimate),st louis university high (sluh ultimate) (HS),2024,1048576
2642,849,jake johnson,Jake Johnson,1498.2,1577.9,37,3,Portland Waldorf (Waldorf Wolfpack),portland waldorf (waldorf wolfpack) (HS),2026,269484128
2643,3071,seth wilson,Seth Wilson,1498.2,1476.1,10,3,Utah Swarm U20 Mixed,utah swarm u20 mixed (YCC-U20 mixed),2024,335544328
2644,927,matthew shaff,Matthew Shaff,1498.2,1572.2,8,3,POWERLINE,powerline (YCC-U20 mixed),2018,268435464
2645,2317,james flynn,James Flynn,1498.1,1502.8,6,2,Freeport (Falcons),freeport (falcons) (HS),2025,1048576
2646,2632,sean treacy,Sean Treacy,1498.1,1491.2,5,1,Davis Senior High School (DYU High School),davis senior high school (dyu high school) (HS),2023,1048576
2647,1837,john sardo,John Sardo,1498.1,1520.0,24,1,Starling Ultimate,starling ultimate (women's),2024,16
2648,2175,daniel holte,Daniel Holte,1498.1,1507.9,5,1,Minneapolis Roosevelt (Roadrunners),minneapolis roosevelt (roadrunners) (HS),2016,1048576
2649,2826,phillip dougherty,Phillip Dougherty,1498.1,1484.9,10,1,'Shine,'shine (mixed),2026,8
2650,1005,jenika hull,Jenika Hull,1498.0,1566.1,32,3,Sky View (Sky View Girls),sky view (sky view girls) (HS girls),2025,2097152
2651,4681,travis midkiff,Travis Midkiff,1497.9,1385.4,47,2,Alabama-Birmingham (Inferno),alabama-birmingham (inferno),2017,2
2652,2899,cory hofschild,Cory Hofschild,1497.9,1482.3,40,5,Denver School of Science & Technology (DSST),denver school of science & technology (dsst) (HS),2017,5242880
2653,2900,hilary walker,Hilary Walker,1497.9,1482.3,40,5,Denver School of Science & Technology (DSST),denver school of science & technology (dsst) (HS),2017,5242880
2654,3486,roderick russ,RODERICK RUSS,1497.9,1462.6,11,1,Montgomery Bell Academy (Montgomery Bell Academy),montgomery bell academy (montgomery bell academy) (HS),2019,1048576
2655,3990,chris larocque,Chris LaRocque,1497.9,1442.0,47,1,Florida State (DUF),florida state (duf),2017,2
2656,2307,derek bondurant,Derek Bondurant,1497.9,1503.2,9,2,McDaniel (McDaniel),mcdaniel (mcdaniel) (HS),2026,5242880
2657,2779,daniel williams,Daniel Williams,1497.9,1486.4,7,2,Lake Bluff Middle (Bobcats),lake bluff middle (bobcats) (MS mixed),2026,41943040
2658,4031,reilly dalleska,Reilly Dalleska,1497.8,1439.5,29,1,Occidental (Detox),occidental (detox),2026,6
2659,2746,eric denio,Eric Denio,1497.8,1487.5,9,2,El Cerrito (EC HUC),el cerrito (ec huc) (HS),2026,1048576
2660,4003,yannick castonguay page,Yannick Castonguay Page,1497.8,1441.3,12,1,Carleton University (Ravens),carleton university (ravens),2026,2
2661,2525,mariana lopes,Mariana Lopes,1497.7,1495.2,54,2,Starling,starling (women's),2026,112
2662,1724,tracy berg,Tracy Berg,1497.7,1524.3,12,1,Haverford High School (Haverford Ultimate Disc Alliance ),haverford high school (haverford ultimate disc alliance ) (HS girls),2015,2097152
2663,1725,victoria pollard,VICTORIA POLLARD,1497.7,1524.3,12,1,Haverford High School (Haverford Ultimate Disc Alliance ),haverford high school (haverford ultimate disc alliance ) (HS girls),2015,2097152
2664,3604,penelope wu,Penelope Wu,1497.7,1457.5,38,2,Northwestern (Lake Effect),northwestern (lake effect),2024,2
2665,3646,anthony wright,Anthony Wright,1497.7,1455.3,12,1,Davis Spokes,davis spokes (YCC-U17),2022,536870912
2666,3615,brett egger,Brett Egger,1497.6,1456.9,13,1,Charleston (Palmetto Bums),charleston (palmetto bums),2024,2
2667,1402,jackie nguyen,Jackie Nguyen,1497.6,1540.7,6,1,Seven Hills U17 Gx,seven hills u17 gx (YCC-U17 girls),2023,1073741824
2668,1202,elena neale-sacks,Elena Neale-Sacks,1497.6,1551.0,29,1,California-Santa Cruz (Sol),california-santa cruz (sol),2025,32
2669,4316,lindsey cross,Lindsey Cross,1497.6,1422.2,34,6,Arapahoe High School (Arapahoe Mixed),arapahoe high school (arapahoe mixed) (HS mixed),2017,138412048
2670,2279,jon werbianskyj,Jon Werbianskyj,1497.6,1504.3,22,2,Penn High School (Penn Kingsmen),penn high school (penn kingsmen) (HS),2019,1048576
2671,2488,christian rozolis,Christian Rozolis,1497.6,1496.4,7,1,EMU,emu (mixed),2022,8
2672,4757,andrew martin,Andrew Martin,1497.5,1370.0,15,1,Southern Indiana (Anomaly),southern indiana (anomaly),2017,32
2673,1488,boden oelhafen,Boden Oelhafen,1497.5,1535.8,7,1,St. Louis Park High School (Crush),st. louis park high school (crush) (HS),2023,1048576
2674,2713,connor levesque,Connor Levesque,1497.4,1488.7,5,1,Swordfish,swordfish,2026,1
2675,3371,elliot chan,ELLIOT CHAN,1497.4,1467.1,11,1,Mamaroneck High School  (Mamaroneck Ultimate),mamaroneck high school (mamaroneck ultimate) (HS),2017,1048576
2676,3471,luis ramos zapata,Luis Ramos Zapata,1497.4,1463.1,5,1,Team Mexico,team mexico (women's),2024,16
2677,3472,nancy ramirez,Nancy Ramirez,1497.4,1463.1,5,1,Team Mexico,team mexico (women's),2024,16
2678,2583,trent cairns,Trent Cairns,1497.4,1492.8,13,1,North Park (Lost Boys),north park (lost boys),2024,6
2679,4047,steve kreider,Steve Kreider,1497.4,1438.4,223,4,Agency,agency (women's),2026,112
2680,3547,terry lynch,Terry Lynch,1497.3,1459.8,9,2,Wooder,wooder,2024,1048577
2681,1550,zhi chen,Zhi Chen,1497.3,1531.9,7,1,Seattle Mixtape,seattle mixtape (mixed),2022,8
2682,755,elise hollowell,Elise Hollowell,1497.3,1587.6,92,1,Portland (UPRoar),portland (uproar),2026,96
2683,3202,juliann pham,Juliann Pham,1497.3,1472.0,8,1,Georgia College (Lynx rufus),georgia college (lynx rufus),2026,96
2684,1874,matt lehet,MATT LEHET,1497.3,1518.5,5,1,Fox Chapel Area High School (Fox Chapel),fox chapel area high school (fox chapel) (HS girls),2015,2097152
2685,2540,adam wright,Adam Wright,1497.3,1494.6,5,1,Neuqua Valley-B (NV Ultimate - B),neuqua valley-b (nv ultimate - b) (HS),2016,1048576
2686,354,alex snyder,Alex Snyder,1497.3,1648.5,20,1,Fury,fury (women's),2019,16
2687,2417,dylan salzman,Dylan Salzman,1497.3,1499.2,25,1,Chicago (Fission),chicago (fission),2022,2
2688,3298,nellie clark,Nellie Clark,1497.3,1469.1,5,1,Third Rail U20 Gx,third rail u20 gx (YCC-U20 girls),2026,134217728
2689,1389,alberto morales,Alberto Morales,1497.2,1541.3,24,7,Forest City (Forest City Boys),forest city (forest city boys) (HS),2026,141557792
2690,850,wei gao,Wei Gao,1497.2,1577.8,31,3,BENT,bent (women's),2025,134217744
2691,3214,steven alsup,Steven Alsup,1497.2,1471.4,11,2,Boise State (Buffalo Gals),boise state (buffalo gals),2022,4194336
2692,1351,georgia tse,Georgia Tse,1497.2,1543.1,48,2,Duke (Swerve),duke (swerve),2020,32
2693,4042,robert mertz,Robert Mertz,1497.2,1438.8,34,1,Cornell (Buds),cornell (buds),2020,2
2694,2882,david snead,David Snead,1497.2,1482.8,27,1,Drexel (Spitfire),drexel (spitfire),2026,2
2695,2241,michael yonda,Michael Yonda,1497.2,1505.8,18,1,Radnor (Radnor),radnor (radnor) (HS),2024,1048576
2696,2057,robert farrington,Robert Farrington,1497.2,1512.2,5,1,Georgia-B (Chillydawgs),georgia-b (chillydawgs),2020,2
2697,3275,delaney johnson,Delaney Johnson,1497.2,1469.6,23,1,Center Grove High School (Trojans (Girls)),center grove high school (trojans (girls)) (HS girls),2018,2097152
2698,4458,christian neral,Christian Neral,1497.2,1412.2,78,8,Jordan High (Jordan A),jordan high (jordan a) (HS mixed),2019,7340032
2699,2973,van everett,Van Everett,1497.1,1480.0,16,1,DeMo,demo,2026,1
2700,4595,nolan randolph,Nolan Randolph,1497.1,1398.0,27,1,Christopher Newport (Skymaul),christopher newport (skymaul),2026,6
2701,4596,quinn foley,Quinn Foley,1497.1,1398.0,27,1,Christopher Newport (Skymaul),christopher newport (skymaul),2026,6
2702,3052,nick culver,Nick Culver,1497.1,1476.8,24,1,Grinnell (Grinnellephants),grinnell (grinnellephants),2024,6
2703,1783,kate taylor,Kate Taylor,1497.1,1521.7,17,1,Ohio Wesleyan (Yetis),ohio wesleyan (yetis),2016,96
2704,1490,michelle steele,Michelle Steele,1497.1,1535.8,7,2,Equinox,equinox (YCC-U20 mixed),2019,268435464
2705,3598,chris courtright,Chris Courtright,1497.0,1457.7,18,2,Traverse City  (Lake Effect),traverse city (lake effect) (HS),2026,1048576
2706,2727,dusty rhodes,Dusty Rhodes,1497.0,1488.0,79,1,John Doe,john doe,2026,1
2707,3332,thomas sutton,Thomas Sutton,1497.0,1468.4,5,1,Washington State (Air Raid),washington state (air raid),2022,2
2708,2999,steven ladenberger,Steven Ladenberger,1497.0,1479.0,6,1,St. John Vianney-Varsity (Vianney ),st. john vianney-varsity (vianney ) (HS),2026,1048576
2709,2671,audie smith,Audie Smith,1497.0,1489.9,16,2,York (Elmhurst Evolution),york (elmhurst evolution) (HS),2017,1048576
2710,1633,daniel martin,Daniel Martin,1497.0,1528.4,17,1,Hopkins High School (HERT),hopkins high school (hert) (HS girls),2016,2097152
2711,1634,haley arenson,HALEY ARENSON,1497.0,1528.4,17,1,Hopkins High School (HERT),hopkins high school (hert) (HS girls),2016,2097152
2712,2098,adam rothman,ADAM ROTHMAN,1496.9,1511.0,5,1,Bridgewater Raritan Regional High School (Bridgewater Raritan Ultimate),bridgewater raritan regional high school (bridgewater raritan ultimate) (HS),2016,1048576
2713,827,david owen,David Owen,1496.9,1579.9,11,2,Albany High School (Albany Cougars),albany high school (albany cougars) (HS),2026,1048576
2714,828,minh tsai,Minh Tsai,1496.9,1579.9,11,2,Albany High School (Albany Cougars),albany high school (albany cougars) (HS),2026,1048576
2715,3765,lili gu,Lili Gu,1496.9,1451.1,8,1,Garfield High School (Purple Haze),garfield high school (purple haze) (HS girls),2016,2097152
2716,2118,joe sayles,joe sayles,1496.9,1510.2,19,2,Southwest High School (MÜS Ultimate Southwest (Open)),southwest high school (müs ultimate southwest (open)) (HS),2018,1048576
2717,2391,ava jensen,Ava Jensen,1496.9,1500.1,8,2,Equinox,equinox (YCC-U20 mixed),2025,268435464
2718,2392,sarah chila,Sarah Chila,1496.9,1500.1,8,2,Equinox,equinox (YCC-U20 mixed),2025,268435464
2719,3213,greg philip,Greg Philip,1496.9,1471.4,14,1,Edina High School-JV (Edina Ultimate JV GOLD),edina high school-jv (edina ultimate jv gold) (HS),2018,1048576
2720,1798,abe crystal,Abe Crystal,1496.8,1521.1,10,1,Carrboro (Carrboro Clams),carrboro (carrboro clams) (HS),2026,1048576
2721,1765,marko west,Marko West,1496.8,1522.7,8,1,Oyster River High School (Rah Oystahs),oyster river high school (rah oystahs) (HS mixed),2019,4194304
2722,1766,matthew pappas,Matthew Pappas,1496.8,1522.7,8,1,Oyster River High School (Rah Oystahs),oyster river high school (rah oystahs) (HS mixed),2019,4194304
2723,1814,andrew roca,Andrew Roca,1496.8,1520.6,143,1,Central Florida (Dogs of War),central florida (dogs of war),2018,6
2724,3939,anthony grigoletti,Anthony Grigoletti,1496.7,1444.1,8,1,Ball State (Wizardz),ball state (wizardz),2025,2
2725,3179,steve crimlisk,Steve Crimlisk,1496.6,1472.7,5,1,Needham-B (Needham B),needham-b (needham b) (HS),2016,1048576
2726,2002,kyle perko,Kyle Perko,1496.6,1514.1,16,2,Olmsted Falls (Olmsted Falls),olmsted falls (olmsted falls) (HS),2023,3145728
2727,2867,melanie callahan,MELANIE CALLAHAN,1496.6,1483.3,8,1,Pittsburgh-B (High Voltage),pittsburgh-b (high voltage),2018,32
2728,2739,michael whitaker,Michael Whitaker,1496.6,1487.7,19,2,Colorado Small Batch,colorado small batch (women's),2019,16
2729,2970,katherine zimmermann,Katherine Zimmermann,1496.6,1480.0,6,1,Minnesota Superior,minnesota superior (YCC-U20 girls),2014,134217728
2730,2770,matt bybee,Matt Bybee,1496.6,1486.8,87,4,Layton High School (Break Force ),layton high school (break force ) (HS),2017,34603008
2731,1731,joseph ling,Joseph Ling,1496.6,1524.3,20,1,Macalester (Flat Earth),macalester (flat earth),2026,6
2732,2637,neel kotra,NEEL KOTRA,1496.6,1491.0,8,1,Georgia Tech-B (Tribe),georgia tech-b (tribe),2016,2
2733,959,maia nguyen,Maia Nguyen,1496.6,1570.1,37,1,Colorado State (Hell's Belles),colorado state (hell's belles),2017,32
2734,3422,reuben griggs,Reuben Griggs,1496.5,1465.3,14,1,Vanderbilt (Armada),vanderbilt (armada),2022,2
2735,4208,erica stamboulian,Erica Stamboulian,1496.5,1430.1,9,1,SUNY-Buffalo (The Lorax),suny-buffalo (the lorax),2019,32
2736,4477,martin newman,Martin Newman,1496.5,1410.1,17,2,Colorado Mesa (Colorado Mesa Mavericks),colorado mesa (colorado mesa mavericks),2022,2
2737,2924,kevin orner,KEVIN ORNER,1496.5,1481.6,12,2,James Madison Memorial High School-B (Memorial B),james madison memorial high school-b (memorial b) (HS),2014,1048576
2738,2976,walker matthews,Walker Matthews,1496.5,1479.8,11,2,Triangle Spring Youth Club U15 Boys - X,triangle spring youth club u15 boys - x (MS),2022,545259520
2739,2805,kate indrelie,Kate Indrelie,1496.4,1485.6,9,2,Great River School (Stars Sirius),great river school (stars sirius) (MS mixed),2017,35651584
2740,3806,benjamin doremus,Benjamin Doremus,1496.4,1449.5,7,1,Lakewood High School-C (Lakewood Deep C),lakewood high school-c (lakewood deep c) (HS mixed),2019,4194304
2741,3850,connor farish,Connor Farish,1496.4,1447.8,11,3,Lake Braddock (Bruins),lake braddock (bruins) (HS mixed),2023,5242880
2742,2706,robert olson,Robert Olson,1496.4,1488.9,21,2,Notorious C.L.E.,notorious c.l.e. (women's),2016,1048592
2743,3505,victoria salimov,Victoria Salimov,1496.4,1461.6,6,1,Austin Double Trouble,austin double trouble (YCC-U17),2019,536870912
2744,3773,thomas ryan,Thomas Ryan,1496.4,1450.9,7,1,Arapahoe High School Boys B (Arapahoe Boys B),arapahoe high school boys b (arapahoe boys b) (HS),2019,1048576
2745,3458,cory snow,Cory Snow,1496.4,1463.9,5,1,South Portland High School (Red Handed Girls),south portland high school (red handed girls) (HS girls),2022,2097152
2746,2661,ron propri,Ron Propri,1496.3,1490.1,5,1,Fairview High School (Fairview ),fairview high school (fairview ) (HS girls),2017,2097152
2747,2140,ross antonacci,Ross Antonacci,1496.3,1509.6,26,6,Westerville North (Westerville Airbenders),westerville north (westerville airbenders) (HS mixed),2024,7340032
2748,2452,anna williams,Anna Williams,1496.3,1497.6,9,2,Madison West High School (Nemea A),madison west high school (nemea a) (HS girls),2017,2097152
2749,1939,jimmy robin,Jimmy Robin,1496.3,1516.5,40,5,Fox Valley Fusion  (Fox Valley Fusion ),fox valley fusion (fox valley fusion ) (HS),2018,3145728
2750,2806,chris gordon,Chris Gordon,1496.3,1485.6,14,1,Salty,salty (women's),2019,16
2751,1965,tyler shaw,Tyler Shaw,1496.3,1515.6,70,6,Virginia Valkyrie,virginia valkyrie (YCC-U20 girls),2026,409993232
2752,2268,adam chase,Adam Chase,1496.2,1504.7,8,1,South Carolina-B (South Carolina),south carolina-b (south carolina),2023,2
2753,2620,neil mecham,Neil Mecham,1496.2,1491.6,5,1,Westerville North High School (Westerville North),westerville north high school (westerville north) (HS),2019,1048576
2754,2523,wally kwong,Wally Kwong,1496.2,1495.3,7,1,Cornell (Buds),cornell (buds),2021,2
2755,1565,liliana hobday,Liliana Hobday,1496.2,1531.4,6,2,MN Superior,mn superior (YCC-U20 mixed),2024,268435464
2756,2420,sean browning,Sean Browning,1496.2,1499.1,6,1,Mountain View High School (Mavericks),mountain view high school (mavericks) (HS mixed),2017,4194304
2757,3327,dawn pogue,Dawn Pogue,1496.2,1468.4,13,1,Fox Chapel Area (Fox Chapel Foxes),fox chapel area (fox chapel foxes) (HS),2016,1048576
2758,3328,jonathan channell,Jonathan Channell,1496.2,1468.4,13,1,Fox Chapel Area (Fox Chapel Foxes),fox chapel area (fox chapel foxes) (HS),2016,1048576
2759,3329,robert pogue,Robert Pogue,1496.2,1468.4,13,1,Fox Chapel Area (Fox Chapel Foxes),fox chapel area (fox chapel foxes) (HS),2016,1048576
2760,3079,walter stuart,Walter Stuart,1496.2,1475.9,6,1,Headroyce School (Jayhawks),headroyce school (jayhawks) (HS),2018,1048576
2761,2604,samuel hotaling,Samuel Hotaling,1496.1,1492.0,26,1,Colorado-B (Mamabird - B),colorado-b (mamabird - b),2018,2
2762,4096,harry wayne,Harry Wayne,1496.1,1435.7,13,1,Boston University (Boston University),boston university (boston university),2022,2
2763,2204,zane barber,Zane Barber,1496.1,1507.0,74,2,Colorado-B (CUCU),colorado-b (cucu),2025,2
2764,2191,david valentine-elam,David Valentine-Elam,1496.0,1507.4,10,1,St Louis Storm U17B,st louis storm u17b (YCC-U17),2026,536870912
2765,2192,james mckenzie,James McKenzie,1496.0,1507.4,10,1,St Louis Storm U17B,st louis storm u17b (YCC-U17),2026,536870912
2766,3324,jose napoleon artiaga,Jose Napoleon Artiaga,1496.0,1468.5,7,2,Marquette (Marquette),marquette (marquette) (HS),2021,3145728
2767,1285,dara linkfield,Dara Linkfield,1496.0,1546.0,26,3,Portland Ivy,portland ivy (women's),2019,402653200
2768,1447,nicholas simonelli,Nicholas Simonelli,1496.0,1538.1,21,1,Minnesota (Grey Duck),minnesota (grey duck),2014,6
2769,1646,adam zwickl,ADAM ZWICKL,1496.0,1527.5,11,1,Cherry Creek High School (El Oso),cherry creek high school (el oso) (HS),2015,1048576
2770,1910,sophia markiewicz,Sophia Markiewicz,1495.9,1517.5,17,1,Washington University (Iron Horse),washington university (iron horse),2026,32
2771,2543,elena lopez,Elena Lopez,1495.9,1494.5,32,3,Philadelphia Forge,philadelphia forge (YCC-U20 mixed),2026,268435464
2772,3787,alexander aguilar,Alexander Aguilar,1495.9,1450.5,5,1,Panamá,panamá (mixed),2016,8
2773,3788,ana mendoza,Ana Mendoza,1495.9,1450.5,5,1,Panamá,panamá (mixed),2016,8
2774,3789,guadalupe silva,Guadalupe Silva,1495.9,1450.5,5,1,Panamá,panamá (mixed),2016,8
2775,3691,andrew fassler,Andrew Fassler,1495.9,1453.6,12,1,Carnegie Mellon (Mr. Yuk),carnegie mellon (mr. yuk),2015,2
2776,2687,rui da costa,Rui Da Costa,1495.8,1489.4,10,1,Fairport High School (Bi-Polar Bears),fairport high school (bi-polar bears) (HS),2019,1048576
2777,4151,elizabeth mastrandonas,ELIZABETH MASTRANDONAS,1495.8,1433.2,9,1,Alabama-Birmingham (Ember),alabama-birmingham (ember),2017,32
2778,1587,kristina golling,Kristina Golling,1495.8,1530.4,7,2,Eagan High School (WUFDA),eagan high school (wufda) (HS),2018,1048576
2779,1588,patrick jensen,Patrick Jensen,1495.8,1530.4,7,2,Eagan High School (WUFDA),eagan high school (wufda) (HS),2018,1048576
2780,4305,rommel rana,Rommel Rana,1495.7,1423.2,80,2,Georgia State (Underground),georgia state (underground),2026,3
2781,1972,jordan troisi,Jordan Troisi,1495.6,1515.3,11,1,Colby (CDC (Men's)),colby (cdc (men's)),2019,4
2782,3166,warren jeff ullery,Warren Jeff Ullery,1495.6,1473.3,12,1,Saint Louis University High School-Upper (SLUH Ultimate),saint louis university high school-upper (sluh ultimate) (HS),2019,1048576
2783,4736,jade frank,Jade Frank,1495.5,1374.7,19,2,Cathedral High School-JV (Griffin JV),cathedral high school-jv (griffin jv) (HS),2017,5242880
2784,3336,gene albertson,Gene Albertson,1495.5,1468.3,5,1,SAGE International School (Sage),sage international school (sage) (HS mixed),2019,4194304
2785,2465,hunter ruffin,HUNTER RUFFIN,1495.5,1497.3,10,2,Hyde Park High School (Panthers),hyde park high school (panthers) (HS),2019,5242880
2786,4231,amy allen,Amy Allen,1495.5,1429.1,11,1,North Carolina-Asheville (Hellbenders),north carolina-asheville (hellbenders),2015,96
2787,4017,erica bindas,Erica Bindas,1495.5,1440.3,15,1,Swell,swell (women's),2026,16
2788,1816,pamela mclemore,Pamela McLemore,1495.5,1520.5,8,1,Dimes,dimes (women's),2026,16
2789,3306,john-elliot schmit,JOHN-ELLIOT SCHMIT,1495.4,1468.8,9,1,South High School (South Squall Varsity),south high school (south squall varsity) (HS girls),2014,2097152
2790,4347,jy francis,Jy Francis,1495.4,1420.3,31,2,Swarthmore (Warmothers),swarthmore (warmothers),2024,104
2791,2090,matt stoker,Matt Stoker,1495.4,1511.2,10,1,Drake (DUC),drake (duc),2017,6
2792,2546,simon lambert,Simon Lambert,1495.4,1494.4,9,2,Red Fox Ultimate,red fox ultimate (mixed),2024,24
2793,2350,john keele,John Keele,1495.4,1501.7,10,2,Brebeuf Jesuit-JV (Braves),brebeuf jesuit-jv (braves) (HS),2019,1048577
2794,4840,eric olson,Eric Olson,1495.4,1342.2,47,1,Myers Park High School (Myers Park Mustangs),myers park high school (myers park mustangs) (HS),2018,1048576
2795,3876,stig regan,Stig Regan,1495.3,1446.6,16,1,Octonauts,octonauts (mixed),2024,8
2796,2549,daniel o'connor,Daniel O'Connor,1495.3,1494.2,55,4,Nemesis,nemesis (women's),2024,1048600
2797,3274,ronald proulx,RONALD PROULX,1495.3,1469.6,7,2,Longmeadow High School (Lancers),longmeadow high school (lancers) (HS),2017,1048576
2798,3708,cody rondeau,Cody Rondeau,1495.3,1453.2,21,4,Minnesota Superior U17B,minnesota superior u17b (YCC-U17),2024,605028358
2799,2995,courtney iversen,Courtney Iversen,1495.3,1479.1,16,4,Columbine High School (Columbine Rebels),columbine high school (columbine rebels) (HS mixed),2019,6291456
2800,2722,james tait,James Tait,1495.2,1488.3,5,1,Falmouth High School (Falmouth Girls),falmouth high school (falmouth girls) (HS girls),2014,2097152
2801,4019,victor shen,Victor Shen,1495.2,1440.2,7,2,Virginia-B (Night Train B),virginia-b (night train b),2022,2
2802,4226,preston goulson,Preston Goulson,1495.2,1429.3,33,1,Kentucky (KULT),kentucky (kult),2017,2
2803,2844,matthew mayorga,Matthew Mayorga,1495.2,1484.3,6,1,Geneva (Lady Vikings),geneva (lady vikings) (HS girls),2017,2097152
2804,3592,margaret rosano,Margaret Rosano,1495.2,1458.2,16,1,Belly of the Beast!,belly of the beast! (YCC-U17 girls),2023,1073741824
2805,2699,christian contreras,Christian Contreras,1495.2,1489.0,40,4,Evanston Township-Varsity (Evanston Ultimate),evanston township-varsity (evanston ultimate) (HS),2026,68157448
2806,1091,zan derby-wright,Zan Derby-Wright,1495.2,1559.0,24,1,Carrboro High School (Koi),carrboro high school (koi) (HS girls),2016,2097152
2807,4182,christopher mills,Christopher Mills,1495.1,1431.4,11,2,Wisconsin-Oshkosh (UFO),wisconsin-oshkosh (ufo),2024,98
2808,791,bhavin parikh,Bhavin Parikh,1495.1,1584.1,32,1,Blackbird,blackbird (mixed),2019,8
2809,2680,alyson gagner,Alyson Gagner,1495.1,1489.7,11,1,Crackle,crackle (women's),2018,16
2810,3186,jason valverde,Jason Valverde,1495.1,1472.4,6,1,Hofstra (Flying Dutchmen),hofstra (flying dutchmen),2026,2
2811,2136,elizabeth cowan,Elizabeth Cowan,1495.1,1509.7,17,1,Cal State-Long Beach (No Regrets),cal state-long beach (no regrets),2019,32
2812,2835,courtney moores,COURTNEY MOORES,1495.1,1484.5,31,2,Siege,siege (women's),2022,48
2813,1637,nathaniel wicks,Nathaniel Wicks,1495.0,1528.1,45,2,DiG,dig,2021,536870913
2814,2476,anna chute,Anna Chute,1495.0,1496.9,27,1,Mount Holyoke (Daisy Chain),mount holyoke (daisy chain),2026,96
2815,1006,lori gromen,Lori Gromen,1495.0,1565.8,52,1,Ohio (Stacked Cats),ohio (stacked cats),2023,32
2816,2385,ziyan rattelman,Ziyan Rattelman,1495.0,1500.3,8,1,Washington-Liberty (WhirlpooL),washington-liberty (whirlpool) (HS girls),2026,2097152
2817,2326,brett gramann,Brett Gramann,1494.9,1502.5,10,1,Texas A&M (Dozen),texas a&m (dozen),2020,2
2818,3926,katy craley,Katy Craley,1494.8,1444.7,7,1,Cleveland High School (Lady Eagles),cleveland high school (lady eagles) (HS girls),2015,2097152
2819,3927,kendra marie thompson,KENDRA MARIE THOMPSON,1494.8,1444.7,7,1,Cleveland High School (Lady Eagles),cleveland high school (lady eagles) (HS girls),2015,2097152
2820,3928,soriya ton,SORIYA TON,1494.8,1444.7,7,1,Cleveland High School (Lady Eagles),cleveland high school (lady eagles) (HS girls),2015,2097152
2821,2154,dan kaplan,Dan Kaplan,1494.8,1508.8,27,5,Valley Ultimate,valley ultimate (YCC-U20 girls),2026,136314928
2822,3888,nathan hart,Nathan Hart,1494.8,1446.0,12,2,South Portland (South Portland),south portland (south portland) (HS),2026,5242880
2823,1702,jason rosser,Jason Rosser,1494.8,1525.4,24,1,Grandview Heights High School (Grandview Heights),grandview heights high school (grandview heights) (HS),2019,1048576
2824,1653,charles (chuck) rettberg,Charles (Chuck) Rettberg,1494.7,1527.3,6,1,Utah Swarm U-15,utah swarm u-15 (YCC-U15),2017,4294967296
2825,2308,ellie cloe,Ellie Cloe,1494.7,1503.1,20,2,Loyola-Chicago (Sirens),loyola-chicago (sirens),2026,67108896
2826,3627,tom hoeft,TOM HOEFT,1494.7,1456.1,6,1,Wisconsin-Stevens Point (Homegrown),wisconsin-stevens point (homegrown),2015,2
2827,3628,tyler townsend,Tyler Townsend,1494.7,1456.1,6,1,Wisconsin-Stevens Point (Homegrown),wisconsin-stevens point (homegrown),2015,2
2828,2225,brittney ballard,Brittney Ballard,1494.7,1506.2,11,1,Brebeuf Jesuit JV (Braves JV Coed),brebeuf jesuit jv (braves jv coed) (HS),2018,1048576
2829,2260,joseph dechery,JOSEPH DECHERY,1494.6,1505.1,18,1,Chicago (Supersnatch),chicago (supersnatch),2015,32
2830,2185,joy zhou,Joy Zhou,1494.6,1507.6,18,1,McGill (MUT),mcgill (mut),2026,32
2831,1780,jaden hull,Jaden Hull,1494.6,1521.8,13,1,Green Canyon High School (Green Canyon - A),green canyon high school (green canyon - a) (HS),2019,1048576
2832,4746,jeff maskalunas,Jeff Maskalunas,1494.6,1372.4,33,4,Niskayuna (Nisky Ultimate),niskayuna (nisky ultimate) (HS girls),2025,3145728
2833,3563,annalise meilink,Annalise Meilink,1494.6,1459.4,12,1,Grand Valley (Lakers),grand valley (lakers),2026,32
2834,2160,tim jackson,Tim Jackson,1494.6,1508.8,47,2,Truck Stop,truck stop,2026,3
2835,1056,cyle van auken,Cyle Van Auken,1494.5,1561.7,249,2,Florida (Florida),florida (florida),2024,7
2836,2869,benjamin saper,Benjamin Saper,1494.5,1483.3,12,2,Evanston Township-Varsity (Evanston Ultimate),evanston township-varsity (evanston ultimate) (HS),2025,1048576
2837,2870,john padua,John Padua,1494.5,1483.3,12,2,Evanston Township-Varsity (Evanston Ultimate),evanston township-varsity (evanston ultimate) (HS),2025,1048576
2838,3143,alex luk,Alex Luk,1494.5,1474.1,6,3,Sharon High School (Eagles),sharon high school (eagles) (HS girls),2024,3145728
2839,2475,ryan mcdonald,Ryan McDonald,1494.5,1496.9,7,2,Benilde-St. Margaret's (Red Knights),benilde-st. margaret's (red knights) (HS),2018,5242880
2840,1547,robin sasseville,Robin Sasseville,1494.5,1532.1,22,2,Vanderbilt (VUDU),vanderbilt (vudu),2017,32
2841,1458,adam orla-bukowski,Adam Orla-Bukowski,1494.4,1537.7,15,1,Johns Hopkins (Dangerzone),johns hopkins (dangerzone),2026,2
2842,1459,alexander vasserman,Alexander Vasserman,1494.4,1537.7,15,1,Johns Hopkins (Dangerzone),johns hopkins (dangerzone),2026,2
2843,2968,jacob brady,JACOB BRADY,1494.3,1480.1,9,2,Rip Tide,rip tide,2016,134217760
2844,2969,jamie shead,Jamie Shead,1494.3,1480.1,9,2,Rip Tide,rip tide,2016,134217760
2845,3832,gabriel reif,GABRIEL REIF,1494.3,1448.3,20,2,Smith (Luna Disc ),smith (luna disc ),2026,2097248
2846,860,danica vasa,Danica Vasa,1494.3,1576.7,81,2,SUNY-Binghamton  (Big Bear ),suny-binghamton (big bear ) (women's),2025,48
2847,3115,chris lopez,Chris Lopez,1494.2,1475.2,11,1,Maryland Blackout,maryland blackout (YCC-U20 mixed),2026,268435456
2848,3856,julia dunn,Julia Dunn,1494.2,1447.6,9,1,North Carolina School of Science and Mathematics (Science and Math Ultimate Girls (SMUG)),north carolina school of science and mathematics (science and math ultimate girls (smug)) (HS girls),2016,2097152
2849,2660,joanne young,Joanne Young,1494.2,1490.2,5,1,Livingston High School (Livingston Green Inferno),livingston high school (livingston green inferno) (HS),2022,1048576
2850,1835,dakota cross,Dakota Cross,1494.2,1520.0,11,1,SUNY-Buffalo (Green Eggs and Ham),suny-buffalo (green eggs and ham),2024,2
2851,2453,vincent buffa,Vincent Buffa,1494.1,1497.6,15,1,Connecticut-B (Grind),connecticut-b (grind),2018,2
2852,2586,kristin franke,Kristin Franke,1494.1,1492.6,22,1,Princeton (Clockwork Orange),princeton (clockwork orange),2016,32
2853,2219,cal tornabene,Cal Tornabene,1494.1,1506.3,14,2,Elmhurst (Elmhurst Evolution),elmhurst (elmhurst evolution) (HS),2026,1048576
2854,4178,mikaela hagen,Mikaela Hagen,1494.1,1431.6,21,1,La Follette High School (LUF),la follette high school (luf) (HS),2024,1048576
2855,2184,matti lee,Matti Lee,1494.1,1507.6,13,1,Carolina Friends (Fighting Quakers),carolina friends (fighting quakers) (HS),2024,1048576
2856,3672,zachary best,Zachary Best,1494.1,1454.2,5,1,Worcester Polytechnic (WPI Pi-thons),worcester polytechnic (wpi pi-thons),2023,64
2857,3905,ross welch,Ross Welch,1494.0,1445.3,7,1,STL Storm,stl storm (YCC-U20),2015,67108864
2858,3211,harold ikerd,HAROLD IKERD,1494.0,1471.5,10,2,Sky View High School-JV (Sky View Ultimate X),sky view high school-jv (sky view ultimate x) (HS),2015,1048576
2859,4015,joanna chen,Joanna Chen,1494.0,1440.5,34,3,NYU (New York University ),nyu (new york university ),2023,99
2860,3650,harris masket,Harris Masket,1493.9,1455.1,23,5,Oakland Technical (Disc-O-Tech),oakland technical (disc-o-tech) (HS),2026,3145728
2861,3621,john henroid,John Henroid,1493.9,1456.7,45,1,Saint Louis (Anarchy),saint louis (anarchy),2025,32
2862,3753,helen eifert,Helen Eifert,1493.9,1451.9,5,1,Haboob,haboob (women's),2024,16
2863,2665,morgan ahouse,Morgan Ahouse,1493.9,1490.0,5,1,University Prep (University Prep),university prep (university prep) (HS girls),2014,2097152
2864,1343,cliff marhoefer,Cliff Marhoefer,1493.9,1543.7,16,3,Portland Tornado,portland tornado (YCC-U15),2018,4831838208
2865,3649,gabriella lavezzi,Gabriella Lavezzi,1493.8,1455.1,29,2,Lindbergh (Lindbergh Flyers),lindbergh (lindbergh flyers) (HS),2026,1048576
2866,4328,bryan dombrowski,Bryan Dombrowski,1493.8,1421.6,10,1,George Mason (Extinction),george mason (extinction),2018,32
2867,3416,emilee armbruster,Emilee Armbruster,1493.8,1465.5,20,1,Xavier (Ignition),xavier (ignition),2026,96
2868,4517,nora mitchell,Nora Mitchell,1493.8,1406.1,47,2,Wisconsin-Eau Claire (SOL),wisconsin-eau claire (sol),2026,104
2869,1185,christopher shaikh,Christopher Shaikh,1493.8,1552.1,73,3,Sprocket,sprocket (mixed),2022,9
2870,4678,william schmitt,William Schmitt,1493.7,1386.2,30,3,Creighton (Colossus),creighton (colossus),2026,6
2871,3021,sarah lord,Sarah Lord,1493.7,1478.0,34,2,Grit,grit (women's),2026,134217744
2872,1813,rory shaw,Rory Shaw,1493.6,1520.6,9,1,Edwardsville High School-JV (Edwardsville JV),edwardsville high school-jv (edwardsville jv) (HS),2024,1048576
2873,2333,mark tawater,Mark Tawater,1493.6,1502.3,83,2,Cardinal Gibbons High School (Cardinal Gibbons Crusaders),cardinal gibbons high school (cardinal gibbons crusaders) (HS),2017,1048576
2874,3106,john smedley,John Smedley,1493.6,1475.4,17,1,Rochester (Piggies),rochester (piggies),2022,6
2875,2685,kylie korsnack,Kylie Korsnack,1493.6,1489.5,12,1,Virginia Rebellion,virginia rebellion (women's),2025,16
2876,4277,daniel juergens,Daniel Juergens,1493.5,1425.8,12,1,Saint Louis (Archangel),saint louis (archangel),2026,2
2877,3064,veronica chan,Veronica Chan,1493.5,1476.4,11,1,Cornell (Buds),cornell (buds),2018,2
2878,929,alexis planche,Alexis Planche,1493.5,1572.2,136,14,Madison (MadHouse),madison (madhouse) (HS),2026,1550843913
2879,2782,kevin stewart-mercurio,Kevin Stewart-Mercurio,1493.5,1486.3,6,1,Philadelphia Forge (Mixed),philadelphia forge (mixed) (YCC-U20 mixed),2022,268435456
2880,4127,gregory dinan,Gregory Dinan,1493.4,1434.4,13,1,Flying Pig,flying pig (YCC-U20),2021,67108864
2881,2872,katie harrington,KATIE HARRINGTON,1493.4,1483.2,12,1,San Diego State (SDSU Gnomes),san diego state (sdsu gnomes),2014,32
2882,2873,tyler crothers,TYLER CROTHERS,1493.4,1483.2,12,1,San Diego State (SDSU Gnomes),san diego state (sdsu gnomes),2014,32
2883,1102,robert clark,Robert Clark,1493.4,1558.1,16,4,Santa Cruz (Santa Cruz Ultimate),santa cruz (santa cruz ultimate) (HS),2026,68157440
2884,1806,blake waldron,Blake Waldron,1493.4,1520.8,17,2,Nashvillains YCC U19 Open,nashvillains ycc u19 open (YCC-U20),2016,67108864
2885,1807,foster foy,Foster Foy,1493.4,1520.8,17,2,Nashvillains YCC U19 Open,nashvillains ycc u19 open (YCC-U20),2016,67108864
2886,3772,angela mao,Angela Mao,1493.4,1450.9,7,1,West Windsor-Plainsboro (Wind Dragons),west windsor-plainsboro (wind dragons) (HS girls),2015,2097152
2887,2173,cara utesch,Cara Utesch,1493.3,1508.0,8,2,Texas Tango,texas tango (YCC-U20 girls),2018,134217744
2888,2093,brent allen,Brent Allen,1493.3,1511.1,7,2,Wayzata High School (Wabbits),wayzata high school (wabbits) (HS),2014,68157440
2889,3669,theresa cloutier,Theresa Cloutier,1493.3,1454.3,15,1,MIT (sMITe),mit (smite),2023,32
2890,3538,parker earnest,Parker Earnest,1493.3,1460.0,10,2,Compass Montessori  (Compass Unicorns ),compass montessori (compass unicorns ) (HS mixed),2019,5242880
2891,2269,elise gautier,Elise Gautier,1493.3,1504.6,22,1,Macalester (Pursesnatchers ),macalester (pursesnatchers ),2026,96
2892,2270,james lehner,James Lehner,1493.3,1504.6,22,1,Macalester (Pursesnatchers ),macalester (pursesnatchers ),2026,96
2893,3270,olivia arellano,Olivia Arellano,1493.3,1469.7,19,2,Virginia Vanguard,virginia vanguard (YCC-U20 mixed),2023,269484032
2894,2732,thomas richards,Thomas Richards,1493.3,1487.8,16,2,Walter Johnson (Walter Johnson Pitchers),walter johnson (walter johnson pitchers) (HS),2026,1048576
2895,4546,d claire burns,D Claire Burns,1493.2,1403.5,13,1,Alabama-Birmingham (Ember),alabama-birmingham (ember),2017,32
2896,3586,aislinn desieghardt,Aislinn DeSieghardt,1493.2,1458.5,24,1,Cincinnati (Toxic),cincinnati (toxic),2026,32
2897,2590,james cox,JAMES COX,1493.2,1492.4,5,1,Clemson (Joint Chiefs of Waft),clemson (joint chiefs of waft),2014,2
2898,526,ari nitikman,Ari Nitikman,1493.2,1614.4,50,1,British Columbia (Thunderbirds),british columbia (thunderbirds),2024,2
2899,2048,jonathan (hugo) sowder,Jonathan (Hugo) Sowder,1493.2,1512.5,7,1,Athens Drive (Athens Drive 2024-25),athens drive (athens drive 2024-25) (HS),2025,1048576
2900,678,jp duerr,JP Duerr,1493.2,1596.5,18,1,Franciscan (Fatal),franciscan (fatal),2026,6
2901,1962,christopher monahan,Christopher Monahan,1493.2,1515.7,65,1,William & Mary (Cypress),william & mary (cypress),2024,32
2902,4578,dan wachter,Dan Wachter,1493.1,1400.2,36,1,Inferno,inferno (women's),2017,16
2903,2519,andrew chung,Andrew Chung,1493.1,1495.5,14,1,Georgia Tech-B (Tribe),georgia tech-b (tribe),2020,2
2904,2945,spencer beck,Spencer Beck,1493.1,1480.7,7,1,NC Hammer,nc hammer (YCC-U17),2017,536870912
2905,2272,john shelley,John Shelley,1493.1,1504.6,10,1,Texas-San Antonio (Velox),texas-san antonio (velox),2023,2
2906,2837,scott schriner,Scott Schriner,1493.0,1484.5,8,1,Cincinnati (Toxic),cincinnati (toxic),2021,32
2907,1561,harrison hayes,Harrison Hayes,1493.0,1531.5,48,2,Union (Tennessee) (Jillz),union (tennessee) (jillz),2023,102
2908,3872,brendan phillips,Brendan Phillips,1493.0,1446.8,28,2,Liberty (Flames),liberty (flames),2018,2
2909,1666,christopher pendergast,Christopher Pendergast,1493.0,1526.5,35,2,Mason High School (Mason Comets Ultimate),mason high school (mason comets ultimate) (HS),2019,3145728
2910,3388,rick swedloff,Rick Swedloff,1493.0,1466.5,9,1,Masterman (Centaurs),masterman (centaurs) (HS girls),2025,2097152
2911,2824,jon gaynor,Jon Gaynor,1493.0,1484.9,65,1,Pop,pop (women's),2019,16
2912,3005,chris pleshek,Chris Pleshek,1493.0,1478.9,10,1,Public Enemy,public enemy (mixed),2023,8
2913,3169,shane o'farrell,SHANE O'FARRELL,1492.9,1473.1,7,1,Nightmare Ultimate Boys U19,nightmare ultimate boys u19 (YCC-U20),2015,67108864
2914,3170,zachary diener,Zachary Diener,1492.9,1473.1,7,1,Nightmare Ultimate Boys U19,nightmare ultimate boys u19 (YCC-U20),2015,67108864
2915,2147,alex strasser,ALEX STRASSER,1492.9,1509.2,5,1,Capital High School (Eagles),capital high school (eagles) (HS mixed),2016,4194304
2916,4099,samson sackett,Samson Sackett,1492.8,1435.7,16,1,La Follette High School (LUF),la follette high school (luf) (HS),2023,1048576
2917,1585,katy mueller,Katy Mueller,1492.8,1530.6,9,2,Cor Jesu Red (Cor Jesu Red),cor jesu red (cor jesu red) (HS girls),2019,2097152
2918,1138,anthony lamanna,Anthony Lamanna,1492.8,1555.2,35,4,BUDA U17B,buda u17b (YCC-U17),2026,537919496
2919,3790,karoline hart,Karoline Hart,1492.8,1450.4,24,1,Skidmore (Skidmore College Thoroughbears ),skidmore (skidmore college thoroughbears ),2024,96
2920,3430,adam roca,Adam Roca,1492.8,1465.1,5,1,Chief Sealth International High School (Seahawks),chief sealth international high school (seahawks) (HS),2015,1048576
2921,3431,bert cherry,Bert Cherry,1492.8,1465.1,5,1,Chief Sealth International High School (Seahawks),chief sealth international high school (seahawks) (HS),2015,1048576
2922,2738,jonathan staron,Jonathan Staron,1492.8,1487.7,7,2,Southeast Polk -Senior (SE Polk Rams),southeast polk -senior (se polk rams) (HS mixed),2019,5242880
2923,952,reilly finnegan,Reilly Finnegan,1492.6,1570.5,32,5,Masconomet Regional High School (Masconomet),masconomet regional high school (masconomet) (HS),2017,1048576
2924,2202,jon hayduk,Jon Hayduk,1492.6,1507.2,46,3,UNION,union (mixed),2025,11
2925,2188,daniel clark,Daniel Clark,1492.6,1507.5,5,1,Billerica Memorial High School (Indians),billerica memorial high school (indians) (HS),2016,1048576
2926,2189,ryann clark,ryann clark,1492.6,1507.5,5,1,Billerica Memorial High School (Indians),billerica memorial high school (indians) (HS),2016,1048576
2927,1484,adam spiller,Adam Spiller,1492.6,1536.2,12,3,NCSSM + DSA (NCSSM - DSA),ncssm + dsa (ncssm - dsa) (HS),2025,269484032
2928,2148,ryan brack,Ryan Brack,1492.5,1509.2,7,1,Bowie (Bowie Bulldogs),bowie (bowie bulldogs) (HS mixed),2017,4194304
2929,3084,ethan goldring,Ethan Goldring,1492.5,1475.8,10,3,West Windsor Plainsboro North and South (West Windsor-Plainsboro),west windsor plainsboro north and south (west windsor-plainsboro) (HS mixed),2024,7340032
2930,3955,nina janjic,Nina Janjic,1492.5,1443.2,17,1,Underground,underground (women's),2025,16
2931,3999,steven calebrese,Steven Calebrese,1492.5,1441.4,10,1,Albany Anarchy,albany anarchy (YCC-U20),2019,67108864
2932,4000,zachary hilton,Zachary Hilton,1492.5,1441.4,10,1,Albany Anarchy,albany anarchy (YCC-U20),2019,67108864
2933,4274,michelle van handel,Michelle Van Handel,1492.5,1426.0,25,1,Georgia State (Vixen),georgia state (vixen),2016,32
2934,2066,sarah davis,Sarah Davis,1492.5,1511.8,13,2,Nathan Hale High School (Raiders),nathan hale high school (raiders) (HS girls),2015,2097152
2935,1426,evey le,Evey Le,1492.5,1539.0,12,3,West Windsor Plainsboro North (Lady Knights),west windsor plainsboro north (lady knights) (HS girls),2019,3145728
2936,2795,jacob cook,Jacob Cook,1492.4,1485.9,8,2,Lexington (Fooligals),lexington (fooligals) (HS girls),2017,2097152
2937,3268,timothy keeley,Timothy Keeley,1492.3,1469.8,17,2,St. John Vianney (Vianney ),st. john vianney (vianney ) (HS),2025,1048576
2938,3453,callyssa ozzello,Callyssa Ozzello,1492.3,1464.0,29,5,Minnesota Superior,minnesota superior (YCC-U20 girls),2018,136314880
2939,3183,matthew fisher,Matthew Fisher,1492.3,1472.5,7,1,Lafayette (Lafayette Jazz),lafayette (lafayette jazz) (HS),2016,1048576
2940,3775,callen lin-butler,Callen Lin-Butler,1492.3,1450.8,5,2,BUDA Regional Select,buda regional select,2026,1
2941,3602,jessie sun,Jessie Sun,1492.3,1457.7,29,1,Pittsburgh-B (University of Pittsburgh- B),pittsburgh-b (university of pittsburgh- b),2025,2
2942,4285,pedro linsenmeyer,Pedro Linsenmeyer,1492.3,1425.1,18,6,Longmont / Mead High-Varsity (Longmont/Mead High Gordons),longmont / mead high-varsity (longmont/mead high gordons) (HS),2026,5242880
2943,4035,matthew walter,Matthew Walter,1492.2,1439.2,5,1,Moonlight Ultimate,moonlight ultimate (mixed),2023,8
2944,1740,tim mcallister,Tim McAllister,1492.2,1523.8,14,1,North Carolina State (NC State Alpha),north carolina state (nc state alpha),2020,2
2945,2106,logan bonzo,Logan Bonzo,1492.2,1510.7,20,1,Utah Valley (Utah Valley Ultimate),utah valley (utah valley ultimate),2026,2
2946,1141,brenna bailey,Brenna Bailey,1492.2,1555.0,12,2,Franklin-Varsity (Lightning),franklin-varsity (lightning) (HS),2026,1074790400
2947,1717,john mckinnon,John McKinnon,1492.2,1524.6,10,3,Equinox,equinox (YCC-U20 mixed),2019,270532616
2948,412,marc stachowski,Marc Stachowski,1492.1,1634.6,91,1,West Chester (West Chester),west chester (west chester),2022,32
2949,2804,alison bender,Alison Bender,1492.1,1485.6,10,1,East Carolina (Black Pearl),east carolina (black pearl),2018,32
2950,1921,skylar brunner,Skylar Brunner,1492.1,1517.1,115,7,DAPPER,dapper,2026,269484071
2951,3973,michael haase,Michael Haase,1492.0,1442.5,56,7,Fox Valley Fusion -JV (Fox Valley Fusion),fox valley fusion -jv (fox valley fusion) (HS),2018,537919488
2952,4419,rachael romaniak,Rachael Romaniak,1492.0,1415.7,73,3,Wisconsin (Bella Donna),wisconsin (bella donna),2025,2097200
2953,3138,gregory chappell,GREGORY CHAPPELL,1492.0,1474.4,12,1,Woodside  (Wolverines Girls),woodside (wolverines girls) (HS girls),2015,2097152
2954,4102,vaughan skinker,Vaughan Skinker,1492.0,1435.5,21,2,CAPA (Unicorns),capa (unicorns) (HS girls),2018,136314880
2955,4124,matthew allan,Matthew Allan,1492.0,1434.6,29,2,ATL B,atl b,2024,1048577
2956,147,miranda knowles,Miranda Knowles,1492.0,1746.8,144,3,Paideia (PythonsGroove Varsity),paideia (pythonsgroove varsity) (HS girls),2026,2097153
2957,3218,zack avello,Zack Avello,1491.9,1471.2,24,1,Tennessee-Chattanooga (Swamp Donkeys),tennessee-chattanooga (swamp donkeys),2025,2
2958,1415,nancy leahy,Nancy Leahy,1491.9,1540.0,35,2,Oregon Eruption!,oregon eruption! (YCC-U17),2019,538968064
2959,4108,meaghan creamer,Meaghan Creamer,1491.9,1435.3,12,1,Vanderbilt (VUDU),vanderbilt (vudu),2023,32
2960,1703,jordan meron,Jordan Meron,1491.8,1525.3,66,1,6ixers,6ixers (women's),2026,16
2961,2891,zachary rice,ZACHARY RICE,1491.8,1482.5,8,2,Fox Chapel Area High School (Fox Chapel),fox chapel area high school (fox chapel) (HS girls),2015,2097160
2962,2787,theodore (joe) macdonald,Theodore (Joe) MacDonald,1491.8,1486.1,9,1,St. Louis Priory (Jeromans),st. louis priory (jeromans) (HS),2015,1048576
2963,872,jimmy donnellon,Jimmy Donnellon,1491.8,1575.8,112,4,Fungi,fungi,2026,15
2964,3522,mark holcomb,MARK HOLCOMB,1491.8,1461.0,14,1,Mt. Hebron High School (Vikings),mt. hebron high school (vikings) (HS),2017,1048576
2965,3678,austin lien,Austin Lien,1491.8,1453.9,53,3,Armstrong (Falcon Punch),armstrong (falcon punch) (HS),2018,5242880
2966,3277,sarah russek,Sarah Russek,1491.8,1469.6,44,3,North Allegheny  (NAGU),north allegheny (nagu) (HS girls),2018,136314880
2967,999,miranda jaster,Miranda Jaster,1491.8,1567.1,14,3,Fossil Ridge High School (Phantoms),fossil ridge high school (phantoms) (HS mixed),2017,5242880
2968,1599,sridhar sadasivan,Sridhar Sadasivan,1491.8,1529.6,13,2,BUDA U17B,buda u17b (YCC-U17),2026,536870912
2969,3854,darden pitts,Darden Pitts,1491.7,1447.6,7,2,Amherst Regional High School (Amherst BxJVA),amherst regional high school (amherst bxjva) (HS),2024,1048576
2970,2169,ethan rasmussen,Ethan Rasmussen,1491.7,1508.2,7,2,St Paul Central (Revolution),st paul central (revolution) (HS),2014,68157440
2971,4699,ayush sharma,Ayush Sharma,1491.7,1382.0,28,1,California-B (Ursa Minor),california-b (ursa minor),2025,2
2972,2645,patrick britt,Patrick Britt,1491.6,1490.6,7,2,Smyrna High School (Smyrna Ultimate),smyrna high school (smyrna ultimate) (HS),2016,1048576
2973,3521,aslyn blohm,Aslyn Blohm,1491.6,1461.0,8,1,Seattle Soul,seattle soul (women's),2023,16
2974,2700,allyse woods,Allyse Woods,1491.6,1489.0,12,1,Starling,starling (women's),2026,16
2975,2040,grant gardner,Grant Gardner,1491.6,1512.7,7,1,Encore,encore (women's),2016,16
2976,1548,kelsey wade,Kelsey Wade,1491.5,1531.9,5,1,Cor Jesu (Cor Jesu Red),cor jesu (cor jesu red) (HS girls),2025,2097152
2977,1284,kendrick hougen,Kendrick Hougen,1491.5,1546.0,35,1,Denver (Hype),denver (hype),2019,32
2978,1400,elan kane,Elan Kane,1491.5,1540.7,7,1,Abraham Joshua Heschel (Heschel Heat),abraham joshua heschel (heschel heat) (HS),2025,1048576
2979,418,jared weybright,Jared Weybright,1491.5,1632.8,57,5,Oregon Downpour,oregon downpour (YCC-U20 girls),2026,136314896
2980,4345,eli steiker-ginzberg,Eli Steiker-Ginzberg,1491.5,1420.4,10,1,ColorBomb,colorbomb (mixed),2024,8
2981,4072,nathan wiemers,Nathan Wiemers,1491.4,1436.8,8,2,Kalamazoo United Forte,kalamazoo united forte (YCC-U20 mixed),2019,269484032
2982,3159,brian hargraves,Brian Hargraves,1491.4,1473.6,6,1,Dallas Nightfall,dallas nightfall (YCC-U20 mixed),2026,268435456
2983,3663,jacob yant,Jacob Yant,1491.3,1454.6,15,1,John Adams HS (John Adams Eagles),john adams hs (john adams eagles) (HS),2019,1048576
2984,2123,heather summers,Heather Summers,1491.3,1509.9,9,2,Central KY Homeschool (Lexington MoonPi),central ky homeschool (lexington moonpi) (HS girls),2018,2097152
2985,2124,matt summers,Matt Summers,1491.3,1509.9,9,2,Central KY Homeschool (Lexington MoonPi),central ky homeschool (lexington moonpi) (HS girls),2018,2097152
2986,2616,lionel wininger,Lionel Wininger,1491.3,1491.7,16,1,Blueprint,blueprint,2022,1
2987,4128,cj colicchio,CJ Colicchio,1491.3,1434.4,15,2,Lucky PuNCs,lucky puncs (YCC-U17),2018,536870944
2988,3249,paul minecci,Paul Minecci,1491.3,1470.3,18,1,CITYWIDE Special,citywide special,2018,1
2989,3250,stephen panasci,Stephen Panasci,1491.3,1470.3,18,1,CITYWIDE Special,citywide special,2018,1
2990,3348,carley garrett,Carley Garrett,1491.2,1467.8,5,1,Texas Tango,texas tango (YCC-U20 girls),2021,134217728
2991,3349,caroline oconnell,Caroline OConnell,1491.2,1467.8,5,1,Texas Tango,texas tango (YCC-U20 girls),2021,134217728
2992,4256,reanne bowlby,Reanne Bowlby,1491.2,1427.1,14,2,Koi,koi (women's),2019,16
2993,3579,sarah allred,Sarah Allred,1491.2,1458.8,8,1,LSU (LSU Women's Ultimate),lsu (lsu women's ultimate),2022,32
2994,3419,audrey lyman,Audrey Lyman,1491.2,1465.5,6,1,Kitty Hawks,kitty hawks (YCC-U17 girls),2023,1073741824
2995,3342,josh davidson,Josh Davidson,1491.1,1467.9,15,1,NOISE,noise (mixed),2016,8
2996,1531,stephen finn,Stephen Finn,1491.1,1533.6,39,3,Army (Army- West Point),army (army- west point),2023,7
2997,3785,kaylie caldwell,Kaylie Caldwell,1491.1,1450.5,13,2,Westlake Thunder Y,westlake thunder y (HS mixed),2019,4194304
2998,2865,jordan monnin,Jordan Monnin,1491.1,1483.4,22,4,Pi+,pi+ (mixed),2019,805306377
2999,2652,brian corradi,Brian Corradi,1491.1,1490.4,7,1,Southwest High School-B (MÜS Ultimate Southwest),southwest high school-b (müs ultimate southwest) (HS),2018,1048576
3000,3496,axel anderson,Axel Anderson,1491.1,1462.1,16,2,Trinity (Altitude),trinity (altitude),2026,102
3001,2404,casey terp,Casey Terp,1491.1,1499.7,11,1,Boston University (Ozone Pilots),boston university (ozone pilots),2018,32
3002,1782,joey lamattina,JOEY LAMATTINA,1491.1,1521.7,21,1,Penn State  (Crisis),penn state (crisis),2017,32
3003,3302,karen van cleef,Karen Van Cleef,1491.0,1469.0,5,1,Harvard (Bromfield)-JV (Harvard Ultimate Club (White)),harvard (bromfield)-jv (harvard ultimate club (white)) (HS),2016,1048576
3004,3303,michael morton,Michael Morton,1491.0,1469.0,5,1,Harvard (Bromfield)-JV (Harvard Ultimate Club (White)),harvard (bromfield)-jv (harvard ultimate club (white)) (HS),2016,1048576
3005,500,jonah lee-ash,Jonah Lee-Ash,1491.0,1618.1,54,1,British Columbia (Thunderbirds),british columbia (thunderbirds),2024,2
3006,2833,caleb paparella,Caleb Paparella,1491.0,1484.6,5,1,Upper St Clair (USC) (Upper St Clair ),upper st clair (usc) (upper st clair ) (HS),2023,1048576
3007,2636,jacob harnage,Jacob Harnage,1490.9,1491.0,7,2,Richmond Spinners (Richmond Spinners),richmond spinners (richmond spinners) (YCC-U17),2026,537919488
3008,2629,juan gonzalez,Juan Gonzalez,1490.9,1491.3,5,1,Oakland Technical High School (Disc-o-tech),oakland technical high school (disc-o-tech) (HS),2023,1048576
3009,4229,jens velasquez,Jens Velasquez,1490.9,1429.1,20,1,MORRISTOWN (MHS ULTIMATE),morristown (mhs ultimate) (HS),2019,1048576
3010,3584,fernando lugo,Fernando Lugo,1490.9,1458.7,8,1,Sprawl,sprawl,2015,1
3011,3393,andrew baskerville,Andrew Baskerville,1490.9,1466.3,12,1,Arapahoe High School (Arapahoe Warriors),arapahoe high school (arapahoe warriors) (HS),2016,1048576
3012,4276,brady cowiestoll,Brady Cowiestoll,1490.9,1425.8,20,4,Colorado Small Batch,colorado small batch (women's),2021,5242896
3013,3397,jason estrada,Jason Estrada,1490.8,1466.3,5,1,VU,vu (mixed),2021,8
3014,3609,liz grimes,Liz Grimes,1490.8,1457.2,7,2,Montana State (Cold Smoke),montana state (cold smoke),2024,134217760
3015,4004,juan castro,Juan Castro,1490.8,1441.3,46,3,Instant Karma,instant karma (mixed),2017,26
3016,2456,jason vallee,Jason Vallee,1490.8,1497.5,7,2,Red Hots - u20,red hots - u20 (YCC-U20),2019,67108865
3017,1628,john dunlop,John Dunlop,1490.8,1528.6,14,1,Inception,inception,2017,1
3018,1680,tim debyl,Tim DeByl,1490.8,1526.2,46,1,Madison Club,madison club,2018,1
3019,4464,madison avery,Madison Avery,1490.7,1411.8,22,1,LSU (LSU Women's Ultimate),lsu (lsu women's ultimate),2023,32
3020,3652,glen smithberger,Glen Smithberger,1490.7,1455.1,9,2,West Virginia (WV Wild),west virginia (wv wild),2017,2
3021,1678,robert roos,Robert Roos,1490.7,1526.2,61,2,Temple (Alert),temple (alert),2023,6
3022,3251,aleck zhao,Aleck Zhao,1490.7,1470.3,7,1,West Windsor-Plainsboro High School South (Pirates),west windsor-plainsboro high school south (pirates) (HS),2015,1048576
3023,2203,kenan jaffe,Kenan Jaffe,1490.7,1507.0,11,2,Brooklyn Latin (Titans ),brooklyn latin (titans ) (HS),2019,3145728
3024,2120,ryan thatcher,Ryan Thatcher,1490.6,1510.1,5,1,STEM School Highlands Ranch (STEM Spartans),stem school highlands ranch (stem spartans) (HS mixed),2019,4194304
3025,3210,katherine wooten,Katherine Wooten,1490.6,1471.6,5,1,cATLanta,catlanta (YCC-U20 girls),2014,134217728
3026,2356,kelsey wentling,Kelsey Wentling,1490.6,1501.4,11,1,Amherst (Sparkle Motion),amherst (sparkle motion),2023,96
3027,1386,mitchell blaha,Mitchell Blaha,1490.6,1541.4,15,1,Capitol Heights,capitol heights (YCC-U17),2026,536870912
3028,383,scott gatto,Scott Gatto,1490.6,1640.1,121,3,Wellesley (Whiptails),wellesley (whiptails),2026,134217830
3029,2674,mac mcclellan,Mac McClellan,1490.5,1489.8,22,1,Space Force,space force (mixed),2025,8
3030,3387,philip hadwiger,Philip Hadwiger,1490.5,1466.6,9,1,Washington University (WUWU),washington university (wuwu),2014,32
3031,2165,scott anding,Scott Anding,1490.5,1508.5,5,1,Dish,dish (women's),2026,16
3032,2777,peter rangel,Peter Rangel,1490.5,1486.5,8,2,Moontower,moontower (mixed),2024,67108872
3033,1551,allison chmaj,Allison Chmaj,1490.5,1531.9,5,2,Middleton-Varsity (Middleton Ultimate),middleton-varsity (middleton ultimate) (HS girls),2026,2097168
3034,3299,julian morgan,Julian Morgan,1490.5,1469.1,5,1,Hayride,hayride (women's),2023,16
3035,3835,james erdmann,James Erdmann,1490.4,1448.2,21,2,Claremont (Braineaters),claremont (braineaters),2019,38
3036,3344,daniel goldman,Daniel Goldman,1490.4,1467.9,9,1,Midtown-JV (Gauntlet JV Boys),midtown-jv (gauntlet jv boys) (HS),2026,1048576
3037,3345,jasper harrison,Jasper Harrison,1490.4,1467.9,9,1,Midtown-JV (Gauntlet JV Boys),midtown-jv (gauntlet jv boys) (HS),2026,1048576
3038,3325,abijith krishnan,Abijith Krishnan,1490.4,1468.5,24,1,Lampshade,lampshade (mixed),2025,8
3039,4245,joel brown,Joel Brown,1490.4,1428.0,29,2,Washington University (Contra),washington university (contra),2026,268435458
3040,4080,jakob farnham,Jakob Farnham,1490.3,1436.4,34,1,Northeastern-C (Salty C Dogs),northeastern-c (salty c dogs),2025,2
3041,4073,lee feldscher,Lee Feldscher,1490.3,1436.8,12,3,Northampton (Blue Devils Boys JV),northampton (blue devils boys jv) (HS),2024,1048576
3042,4161,lucille knowles,Lucille Knowles,1490.3,1432.6,8,2,University High School (Valley Sphinx),university high school (valley sphinx) (HS girls),2026,3145728
3043,4224,jesse debord,Jesse Debord,1490.3,1429.4,11,1,Portland State (Vitruvious),portland state (vitruvious),2022,2
3044,4526,noah bindman,Noah Bindman,1490.2,1405.5,11,1,Illinois-B (Illinois-B),illinois-b (illinois-b),2015,32
3045,3728,paula seville,Paula Seville,1490.2,1452.6,5,1,Paideia School-JV (DemiGroove),paideia school-jv (demigroove) (HS girls),2019,2097152
3046,2929,chris hancock,Chris Hancock,1490.2,1481.4,48,1,Portland (Uprise),portland (uprise),2024,6
3047,3479,joel shepherd,Joel Shepherd,1490.2,1462.9,53,3,Layton High School A (Break Force A),layton high school a (break force a) (HS),2018,1048576
3048,1900,justin carter,Justin Carter,1490.1,1517.6,13,1,Oregon Landslide,oregon landslide (YCC-U20 mixed),2024,268435456
3049,2650,katherine mallory,Katherine Mallory,1490.1,1490.4,5,1,DCMD + Yorktown Squad (DCMD + Yorktown Squad),dcmd + yorktown squad (dcmd + yorktown squad) (HS girls),2019,2097152
3050,2651,paul corbett,Paul Corbett,1490.1,1490.4,5,1,DCMD + Yorktown Squad (DCMD + Yorktown Squad),dcmd + yorktown squad (dcmd + yorktown squad) (HS girls),2019,2097152
3051,4173,kavik frol,KAVIK FROL,1490.1,1431.9,15,1,Garfield High School (Purple Haze),garfield high school (purple haze) (HS),2016,1048576
3052,3045,camilo david buitrago zabala,Camilo David Buitrago Zabala,1490.1,1477.0,6,1,Club Deportivo Revolution-JV,club deportivo revolution-jv (YCC-U17),2017,536870912
3053,3046,jaramillo uribe,Jaramillo Uribe,1490.1,1477.0,6,1,Club Deportivo Revolution-JV,club deportivo revolution-jv (YCC-U17),2017,536870912
3054,3047,julian camilo,Julian Camilo,1490.1,1477.0,6,1,Club Deportivo Revolution-JV,club deportivo revolution-jv (YCC-U17),2017,536870912
3055,4106,wyatt davies,Wyatt Davies,1490.1,1435.3,8,1,Houston (Skyline),houston (skyline),2023,2
3056,3390,robert mclean,Robert McLean,1490.0,1466.4,11,1,Delaware (Sideshow),delaware (sideshow),2024,2
3057,3469,madeline franz,Madeline Franz,1490.0,1463.4,6,1,Rochester Chill U20X,rochester chill u20x (YCC-U20 mixed),2023,268435456
3058,3995,caitlin go,Caitlin Go,1490.0,1441.7,19,3,BUDA U17 Girls,buda u17 girls (YCC-U17 girls),2017,1342177280
3059,4415,chris brown,Chris Brown,1490.0,1415.8,15,1,VU,vu (mixed),2026,8
3060,4264,kimberly lander,Kimberly Lander,1490.0,1426.5,25,1,John Adams HS (John Adams Eagles),john adams hs (john adams eagles) (HS),2018,1048576
3061,933,emma colavincenzo,Emma Colavincenzo,1490.0,1571.9,120,1,Virginia (Hydra),virginia (hydra),2024,32
3062,3495,dan lapolla,Dan Lapolla,1490.0,1462.1,6,1,Keene State (Keene State),keene state (keene state),2018,6
3063,3265,genesea meha,Genesea Meha,1490.0,1469.8,6,1,Montana State (Cold Smoke),montana state (cold smoke),2023,32
3064,3266,lucia williams,Lucia Williams,1490.0,1469.8,6,1,Montana State (Cold Smoke),montana state (cold smoke),2023,32
3065,1673,ian engler,Ian Engler,1490.0,1526.3,17,1,Dartmouth (Princess Layout),dartmouth (princess layout),2016,32
3066,2939,michael zargham,Michael Zargham,1490.0,1480.9,46,1,Patrol,patrol,2016,1
3067,3864,lamia farah,Lamia Farah,1489.9,1447.1,6,1,Versa,versa (women's),2023,16
3068,3533,kathleen janosik,Kathleen Janosik,1489.9,1460.3,18,5,Rip Tide,rip tide (YCC-U20 girls),2026,140509184
3069,2943,stacee strickland,Stacee Strickland,1489.9,1480.7,14,1,Independence High School (FLIGHT),independence high school (flight) (HS girls),2017,2097152
3070,1995,jacob zirbel,Jacob Zirbel,1489.9,1514.5,30,4,Decatur (Decatur Bulldogs),decatur (decatur bulldogs) (HS girls),2026,2097152
3071,4439,christopher ryan,Christopher Ryan,1489.9,1413.6,11,1,Coe (Kohucks),coe (kohucks),2022,6
3072,4614,seth richards,SETH RICHARDS,1489.9,1395.9,29,2,UpRoar,uproar,2015,3
3073,2068,garner weng,Garner Weng,1489.8,1511.7,10,2,Bentley-Miramonte-Campolindo (Run BMC),bentley-miramonte-campolindo (run bmc) (HS),2024,1048576
3074,4246,david vatz,David Vatz,1489.8,1427.8,12,1,Moxie,moxie (YCC-U20 girls),2015,134217728
3075,2634,maya gilliss-chapman,Maya Gilliss-Chapman,1489.8,1491.1,7,1,Mango,mango (mixed),2023,8
3076,2617,chackgarin brown,Chackgarin Brown,1489.8,1491.6,8,2,Seven Hills Red Winter 2026,seven hills red winter 2026 (YCC-U20),2026,603979776
3077,4297,jenny rodriguez,Jenny Rodriguez,1489.8,1423.8,7,1,Florida-B (Diesel),florida-b (diesel),2026,32
3078,3372,kevin li,KEVIN LI,1489.8,1467.1,5,1,Wachusett Regional High School-B (Wachusett Mountaineers),wachusett regional high school-b (wachusett mountaineers) (HS),2015,1048576
3079,1981,lauren ostrem,Lauren Ostrem,1489.8,1515.1,13,2,Minnesota Superior U17B,minnesota superior u17b (YCC-U17),2026,536870913
3080,2605,joseph sunukjian,Joseph Sunukjian,1489.8,1491.9,5,1,Westlake-Varsity (Acton Westlake Ultimate),westlake-varsity (acton westlake ultimate) (HS),2025,1048576
3081,1897,todd wolma,Todd Wolma,1489.8,1517.7,12,1,Johnny Bravo,johnny bravo,2026,1
3082,2614,matthew rybak,Matthew Rybak,1489.8,1491.7,7,1,Rochester (EZ Women),rochester (ez women),2019,32
3083,2975,pieran robert,Pieran Robert,1489.7,1479.8,13,1,Madison MUFAbots U20X,madison mufabots u20x (YCC-U20 mixed),2024,268435456
3084,1527,ian maddox,Ian Maddox,1489.6,1533.8,8,1,Midtown-Varsity (Gauntlet (girls)),midtown-varsity (gauntlet (girls)) (HS girls),2026,2097152
3085,3934,eva fury,Eva Fury,1489.6,1444.3,15,1,Bates (Cold Front),bates (cold front),2022,96
3086,3935,josie gillett,Josie Gillett,1489.6,1444.3,15,1,Bates (Cold Front),bates (cold front),2022,96
3087,4094,tyson kossin,Tyson Kossin,1489.5,1435.8,28,2,Bingham High School (Breakham),bingham high school (breakham) (HS girls),2019,2097152
3088,3803,lynn laniewski,Lynn Laniewski,1489.5,1449.7,12,1,Parkway South High School (Patriots),parkway south high school (patriots) (HS),2016,1048576
3089,4366,megann rogers,Megann Rogers,1489.5,1419.6,7,1,DINO,dino (women's),2018,16
3090,1647,tyler cable,Tyler Cable,1489.5,1527.5,35,2,Rhino Slam!,rhino slam!,2023,67108865
3091,2376,kathleen curry,Kathleen Curry,1489.5,1500.8,6,1,LA Sky,la sky (YCC-U20 mixed),2024,268435456
3092,3137,andrew west,Andrew West,1489.4,1474.4,5,1,Queen City Kings,queen city kings,2026,1
3093,3843,andrew manca,Andrew Manca,1489.4,1448.0,23,3,Catalyst,catalyst (mixed),2026,1048584
3094,3887,eleanor burg,Eleanor Burg,1489.4,1446.1,5,1,Trinity (Altitude),trinity (altitude),2015,32
3095,763,tom matthews,Tom Matthews,1489.4,1586.1,147,2,Sprocket,sprocket (mixed),2026,9
3096,1726,joshua hartzog,Joshua Hartzog,1489.4,1524.3,45,6,ECHHS/CFS (FEast),echhs/cfs (feast) (YCC-U20 girls),2020,674234401
3097,4029,madilynn werbianskyj,Madilynn Werbianskyj,1489.4,1439.7,11,1,Indiana (Calamity Jane),indiana (calamity jane),2019,32
3098,2357,nikolas rivera,Nikolas Rivera,1489.3,1501.4,10,1,Grand Canyon (Lopes),grand canyon (lopes),2025,2
3099,3417,joseph hatton,Joseph Hatton,1489.3,1465.5,5,1,Bearden High School Knoxville (Disc Dawgs),bearden high school knoxville (disc dawgs) (HS),2015,1048576
3100,2676,thomas moyer,Thomas Moyer,1489.3,1489.7,15,2,McGillis (McGillis Magpies),mcgillis (mcgillis magpies) (MS mixed),2018,33554432
3101,2575,jonathan legendre,Jonathan Legendre,1489.2,1493.1,26,1,Latin School of Chicago (Colossus of Latin),latin school of chicago (colossus of latin) (HS),2026,1048576
3102,4273,irene faust,Irene Faust,1489.2,1426.0,45,2,Arizona State (Caliente),arizona state (caliente),2026,32
3103,3408,darren phillips,Darren Phillips,1489.2,1465.7,5,1,Texas Christian (Wrath),texas christian (wrath),2020,32
3104,3073,chris vanni,Chris Vanni,1489.1,1476.1,100,9,Zephyr,zephyr (women's),2026,404750384
3105,4188,nate miller,Nate Miller,1489.1,1431.2,14,3,Armstrong High School-B (Falcon Punch B),armstrong high school-b (falcon punch b) (HS),2015,72351744
3106,3195,jacob baumer,Jacob Baumer,1489.1,1472.1,6,1,Cal State-Long Beach (Pyramid Scheme),cal state-long beach (pyramid scheme),2020,2
3107,2474,gustavo capo,Gustavo Capo,1489.1,1497.0,12,1,Emory (Emory Juice),emory (emory juice),2022,2
3108,2495,mariel hammond,Mariel Hammond,1489.1,1496.3,6,1,Oregon Tide,oregon tide (YCC-U17 girls),2022,1073741824
3109,2145,charlie stavlo,Charlie Stavlo,1489.0,1509.3,32,3,Maeve,maeve (women's),2016,134217744
3110,3124,melissa hassler,Melissa Hassler,1489.0,1474.8,8,2,Berkeley High School (Coup Hysteria),berkeley high school (coup hysteria) (HS girls),2019,3145728
3111,4071,jake hare,Jake Hare,1489.0,1436.9,12,2,California-San Diego-B (Air Squids LITE ),california-san diego-b (air squids lite ),2020,2
3112,2757,christopher watkins,CHRISTOPHER WATKINS,1489.0,1487.2,5,1,Waterford (Ravens),waterford (ravens) (HS),2014,1048576
3113,2554,hannah cammack,Hannah Cammack,1489.0,1494.1,6,1,White Bear Lake Area High School (Girls A),white bear lake area high school (girls a) (HS girls),2016,2097152
3114,3309,mason nash,Mason Nash,1489.0,1468.8,5,1,Sachse High School (Sachse Mustangs),sachse high school (sachse mustangs) (HS),2019,1048576
3115,1772,danie proby,Danie Proby,1489.0,1522.3,9,2,Team Canada Mixed-Senior,team canada mixed-senior (mixed),2024,8
3116,1773,peter galbraith,Peter Galbraith,1489.0,1522.3,9,2,Team Canada Mixed-Senior,team canada mixed-senior (mixed),2024,8
3117,3744,lauren feder,Lauren Feder,1489.0,1452.1,8,1,Masterman (Centaurs),masterman (centaurs) (HS girls),2019,2097152
3118,2845,brandy turcotte,Brandy Turcotte,1489.0,1484.2,6,1,Oregon Ash,oregon ash (YCC-U17 girls),2017,1073741824
3119,2846,shailie thakkar,Shailie Thakkar,1489.0,1484.2,6,1,Oregon Ash,oregon ash (YCC-U17 girls),2017,1073741824
3120,2847,shea brennan,Shea Brennan,1489.0,1484.2,6,1,Oregon Ash,oregon ash (YCC-U17 girls),2017,1073741824
3121,1166,sunok kim,Sunok Kim,1488.9,1553.3,16,1,West Windsor-Plainsboro High School South (Pirates),west windsor-plainsboro high school south (pirates) (HS),2017,1048576
3122,3529,chris leblanc,Chris LeBlanc,1488.9,1460.6,12,2,Enloe/Raleigh Charter  (Ph-Eagles),enloe/raleigh charter (ph-eagles) (YCC-U20),2019,68157440
3123,3830,sean towey,Sean Towey,1488.9,1448.4,17,3,St. John Vianney-Varsity (Vianney ),st. john vianney-varsity (vianney ) (HS),2026,1048576
3124,3272,eric petrow,Eric Petrow,1488.9,1469.6,7,1,Hazard,hazard,2023,1
3125,2878,leslie boey,Leslie Boey,1488.9,1483.0,10,1,Indiana (Calamity Jane),indiana (calamity jane),2018,32
3126,968,benjamin korman,Benjamin Korman,1488.9,1569.1,39,2,Columbia (Uptown Local),columbia (uptown local),2023,10
3127,3019,martha lien,Martha Lien,1488.8,1478.3,9,1,Pop,pop (women's),2025,16
3128,2608,allyson mccarthy,Allyson McCarthy,1488.8,1491.9,8,1,George Mason (Extinction),george mason (extinction),2020,32
3129,3950,tim webber,Tim Webber,1488.8,1443.6,12,2,Rochester Chill U20X,rochester chill u20x (YCC-U20 mixed),2022,335544320
3130,1940,zac chandonnet,Zac Chandonnet,1488.7,1516.4,22,1,Texas State (Buckets),texas state (buckets),2018,2
3131,2450,jennifer song,Jennifer Song,1488.7,1497.6,12,1,Brooklyn Book Club,brooklyn book club (women's),2023,16
3132,2451,michal pearl,Michal Pearl,1488.7,1497.6,12,1,Brooklyn Book Club,brooklyn book club (women's),2023,16
3133,3163,kevin goffredo,Kevin Goffredo,1488.7,1473.5,5,1,Watchung Hills (Warriors),watchung hills (warriors) (HS),2022,1048576
3134,4130,taylor hood,Taylor Hood,1488.7,1434.2,6,1,Southern Mississippi (SMOOTH),southern mississippi (smooth),2023,2
3135,2925,craig manahan,CRAIG MANAHAN,1488.7,1481.6,21,1,Florida (FUEL),florida (fuel),2015,32
3136,2926,lillian morris,LILLIAN MORRIS,1488.7,1481.6,21,1,Florida (FUEL),florida (fuel),2015,32
3137,2389,von alanguilan,Von Alanguilan,1488.7,1500.2,6,1,Elmhurst (Elmhurst Evolution),elmhurst (elmhurst evolution) (HS),2026,1048576
3138,3904,matthew thompson,Matthew Thompson,1488.6,1445.4,131,4,Brookwood (Inferno),brookwood (inferno) (HS),2019,3145728
3139,1796,anna tortorici,Anna Tortorici,1488.6,1521.2,24,1,North Carolina (Pleiades),north carolina (pleiades),2026,32
3140,2477,malcolm reeves,Malcolm Reeves,1488.6,1496.9,12,1,Academe of the Oaks-JV (Firebirds),academe of the oaks-jv (firebirds) (HS),2026,1048576
3141,2478,richard whitcomb,Richard Whitcomb,1488.6,1496.9,12,1,Academe of the Oaks-JV (Firebirds),academe of the oaks-jv (firebirds) (HS),2026,1048576
3142,3067,tim slade,Tim Slade,1488.6,1476.3,49,1,Christopher Newport (Skymaul),christopher newport (skymaul),2023,6
3143,3922,taiwo misra,Taiwo Misra,1488.6,1444.9,9,1,Drake (iBex),drake (ibex),2015,96
3144,1525,owen tinti-kane,Owen Tinti-Kane,1488.6,1533.8,19,4,Boston College High School -B (BC High Eagle Ultimate),boston college high school -b (bc high eagle ultimate) (HS),2016,1048576
3145,1605,daniel mcdonald,Daniel McDonald,1488.6,1529.5,46,2,Illinois (Rise),illinois (rise),2020,2
3146,3897,andrew davis,Andrew Davis,1488.6,1445.6,13,1,Farm Show,farm show (mixed),2026,8
3147,3898,peter burt,Peter Burt,1488.6,1445.6,13,1,Farm Show,farm show (mixed),2026,8
3148,1322,chad borer,Chad Borer,1488.6,1544.7,20,1,Grady High School-JV (Gauntlet JV),grady high school-jv (gauntlet jv) (HS),2017,1048576
3149,2368,brian vest,Brian Vest,1488.6,1501.1,7,1,Lake Travis High School (Lake Travis),lake travis high school (lake travis) (HS),2026,1048576
3150,3777,vincent drybala,Vincent Drybala,1488.6,1450.7,103,4,Fieldston-A (Fieldston (B)eagles),fieldston-a (fieldston (b)eagles) (HS),2026,3145728
3151,4493,bill sanborn,Bill Sanborn,1488.5,1408.4,73,2,Garden State Ultimate,garden state ultimate,2026,536870913
3152,4693,catherine (cate) roscoe,Catherine (Cate) Roscoe,1488.5,1383.1,20,1,Cal Poly-Humboldt (Hags),cal poly-humboldt (hags),2026,32
3153,3636,trey koch,Trey Koch,1488.5,1455.7,6,1,Ball State (Wizardz),ball state (wizardz),2026,2
3154,3992,david kucherlapati,David Kucherlapati,1488.5,1441.9,49,2,Boston University (Boston University),boston university (boston university),2018,2
3155,3540,jonathan burrell,Jonathan Burrell,1488.4,1460.0,6,1,Metea Valley-Varsity (Mustang Varsity),metea valley-varsity (mustang varsity) (HS),2026,1048576
3156,4609,abbey geib,Abbey Geib,1488.4,1396.6,102,2,Case Western Reserve (Fighting Gobies),case western reserve (fighting gobies),2025,96
3157,3549,cruz alvarez-machado,Cruz Alvarez-Machado,1488.4,1459.7,12,1,The Denver Waldorf School (DWS Spartans),the denver waldorf school (dws spartans) (HS),2019,1048576
3158,4454,wesley sparkes,Wesley Sparkes,1488.4,1412.4,9,2,Colorado Cutthroat-B,colorado cutthroat-b (YCC-U20),2016,67108865
3159,3427,sion agami contreras,Sion Agami Contreras,1488.3,1465.2,5,1,Upper Arlington  (Golden Bears ),upper arlington (golden bears ) (HS),2022,1048576
3160,3618,topher brown,Topher Brown,1488.3,1456.9,8,2,Providence (PC ULTY),providence (pc ulty),2015,20
3161,3383,emily cohen,Emily Cohen,1488.3,1466.6,5,1,Madison MUFAbots U17G,madison mufabots u17g (YCC-U17 girls),2019,1073741824
3162,3384,jane zheng,Jane Zheng,1488.3,1466.6,5,1,Madison MUFAbots U17G,madison mufabots u17g (YCC-U17 girls),2019,1073741824
3163,2639,graham cunningham,Graham Cunningham,1488.3,1490.9,11,1,Jackson-Reed (Tigers Ultimate),jackson-reed (tigers ultimate) (HS girls),2026,2097152
3164,2640,phong trieu,Phong Trieu,1488.3,1490.9,11,1,Jackson-Reed (Tigers Ultimate),jackson-reed (tigers ultimate) (HS girls),2026,2097152
3165,1432,ian barry,Ian Barry,1488.3,1538.7,19,1,High Country Christian Homeschoolers (BLUR),high country christian homeschoolers (blur) (HS),2017,1048576
3166,4059,colin maneval,Colin Maneval,1488.3,1437.5,43,6,Newton North HS Boys A (Newton North Ultimate A),newton north hs boys a (newton north ultimate a) (HS),2017,269484032
3167,4061,joseph brisbois,Joseph Brisbois,1488.3,1437.4,14,1,Trainwreck,trainwreck (women's),2018,16
3168,4196,amelia farquharson,Amelia Farquharson,1488.2,1430.7,6,1,Purdue-B (Smokestack),purdue-b (smokestack),2025,32
3169,3144,allyson smith,Allyson Smith,1488.2,1474.1,21,1,Alabama-Huntsville (Terror),alabama-huntsville (terror),2023,32
3170,3145,liz craig,Liz Craig,1488.2,1474.1,21,1,Alabama-Huntsville (Terror),alabama-huntsville (terror),2023,32
3171,2953,kathleen horton,Kathleen Horton,1488.2,1480.5,57,1,Saint Louis (Anarchy),saint louis (anarchy),2026,32
3172,3263,anna reed,Anna Reed,1488.2,1469.9,31,1,Underground,underground (women's),2023,16
3173,2411,david warner,David Warner,1488.2,1499.3,21,4,Lone Peak Gold (Lone Peak Gold),lone peak gold (lone peak gold) (MS mixed),2025,38797312
3174,3029,rachel lensing,Rachel Lensing,1488.2,1477.5,14,1,Medusa,medusa (women's),2026,16
3175,3811,laura levandoski,Laura Levandoski,1488.1,1449.4,7,1,Green Hope  (Green Hope High School),green hope (green hope high school) (HS),2024,1048576
3176,2382,zane friedkin,Zane Friedkin,1488.1,1500.5,12,1,Grand Army,grand army (mixed),2026,8
3177,3113,nina herbst,NINA HERBST,1488.1,1475.2,13,2,Sheldon (Irish),sheldon (irish) (HS mixed),2015,6291456
3178,3802,clark davis,Clark Davis,1488.1,1449.7,6,1,Party Wave,party wave (mixed),2023,8
3179,2246,kate chang,Kate Chang,1488.1,1505.6,31,1,Maryland (Helpful Corn),maryland (helpful corn),2015,32
3180,3297,colin sexton,Colin Sexton,1488.0,1469.2,7,2,"Corvallis High School, Crescent Valley High School (Corvallis Force)","corvallis high school, crescent valley high school (corvallis force) (HS girls)",2019,270532608
3181,3222,brent schroeder,Brent Schroeder,1488.0,1471.1,8,1,Rebels,rebels,2026,1
3182,1675,christopher ward,Christopher Ward,1488.0,1526.3,7,2,Colorado Cutthroat U-20 Boys,colorado cutthroat u-20 boys (YCC-U20),2026,67108865
3183,1643,raymond heath,Raymond Heath,1488.0,1527.6,16,4,Richmond Spinners (Richmond Spinners),richmond spinners (richmond spinners) (YCC-U17),2026,537919489
3184,822,corinne pingul,Corinne Pingul,1488.0,1580.7,36,1,Puget Sound (Clearcut),puget sound (clearcut),2019,96
3185,4667,blake abbott,Blake Abbott,1488.0,1388.2,28,1,Texas-Dallas (Whiplash),texas-dallas (whiplash),2026,32
3186,3400,andrew kohl,Andrew Kohl,1487.9,1466.1,24,1,Grand Canyon (Lopes),grand canyon (lopes),2023,2
3187,4460,ashley mast,Ashley Mast,1487.9,1412.2,61,1,Liberty (Liberty Flames),liberty (liberty flames),2023,32
3188,1617,burt granofsky,Burt Granofsky,1487.9,1529.0,9,1,Newton North (Newton North Girls Varsity),newton north (newton north girls varsity) (HS girls),2025,2097152
3189,1618,christine dunlap,Christine Dunlap,1487.9,1529.0,9,1,Newton North (Newton North Girls Varsity),newton north (newton north girls varsity) (HS girls),2025,2097152
3190,1619,peggy hollinger,Peggy Hollinger,1487.9,1529.0,9,1,Newton North (Newton North Girls Varsity),newton north (newton north girls varsity) (HS girls),2025,2097152
3191,2696,kevin stowe,Kevin Stowe,1487.9,1489.1,5,1,Mesteño,mesteño (mixed),2019,8
3192,2345,david zheng,David Zheng,1487.9,1501.9,6,1,MN Superior U17,mn superior u17 (YCC-U17),2018,536870912
3193,2346,rose gruenhagen,Rose Gruenhagen,1487.9,1501.9,6,1,MN Superior U17,mn superior u17 (YCC-U17),2018,536870912
3194,2892,chelsea mower,Chelsea Mower,1487.9,1482.5,10,1,Northeastern-B (Valkyries),northeastern-b (valkyries),2022,32
3195,4174,graham buhse,Graham Buhse,1487.9,1431.9,20,6,Mead High (Longmont/Mead High Combo),mead high (longmont/mead high combo) (HS mixed),2025,5242880
3196,4429,greg woodruff,GREG WOODRUFF,1487.9,1414.7,13,2,Columbia (Sparkle Motion CHS),columbia (sparkle motion chs) (HS girls),2016,2097152
3197,2957,mark burton,Mark Burton,1487.8,1480.4,24,2,Switchback,switchback,2025,2097153
3198,1891,kate powers,Kate Powers,1487.8,1518.0,37,3,Forest City (Forest City Girls),forest city (forest city girls) (HS girls),2025,2097248
3199,2365,brian schoenrock,Brian Schoenrock,1487.8,1501.1,17,1,Iowa State (ISUC),iowa state (isuc),2020,2
3200,769,dmitry suvorov,Dmitry Suvorov,1487.8,1585.7,106,2,BENT,bent (women's),2025,18
3201,2531,christina soma,Christina SOMA,1487.8,1494.8,5,1,SLC Gorillaz (SLC Gorillaz),slc gorillaz (slc gorillaz) (HS girls),2016,2097152
3202,2532,mary jean jones,MARY JEAN JONES,1487.8,1494.8,5,1,SLC Gorillaz (SLC Gorillaz),slc gorillaz (slc gorillaz) (HS girls),2016,2097152
3203,3506,caroline saul,Caroline Saul,1487.7,1461.5,11,3,Carolina Copperhead,carolina copperhead (YCC-U20 mixed),2025,335544328
3204,3498,christine purtell,Christine Purtell,1487.7,1462.0,21,3,Brighton High School (Air Traffic Control),brighton high school (air traffic control) (HS girls),2024,6291456
3205,809,marvin vuong,Marvin Vuong,1487.7,1582.4,118,3,shame.,shame. (mixed),2026,10
3206,1427,akina younge,Akina Younge,1487.7,1538.9,79,3,NYU (NYU Purple Reign),nyu (nyu purple reign),2026,48
3207,1428,olivia kugiya,Olivia Kugiya,1487.7,1538.9,79,3,NYU (NYU Purple Reign),nyu (nyu purple reign),2026,48
3208,4056,david ferraro,David Ferraro,1487.7,1437.8,32,1,Rensselaer Polytech (Trudge),rensselaer polytech (trudge),2019,6
3209,1342,chris benson,CHRIS BENSON,1487.7,1543.7,17,3,Bloomington Kennedy (Bloominati),bloomington kennedy (bloominati) (HS),2016,1048576
3210,1908,stefan dicker,Stefan Dicker,1487.7,1517.5,19,1,Shade,shade,2025,1
3211,4317,shintaro tsukamoto,Shintaro Tsukamoto,1487.6,1422.2,34,3,Blackfish,blackfish,2026,7
3212,2740,chase hammond,Chase Hammond,1487.6,1487.7,5,1,Nashvillains YCC U19 Open,nashvillains ycc u19 open (YCC-U20),2016,67108864
3213,3363,robyn fennig,Robyn Fennig,1487.6,1467.2,153,3,California-Davis (Rogue),california-davis (rogue),2026,268435488
3214,4584,mackenzie kirby,Mackenzie Kirby,1487.6,1399.7,31,2,Wentworth Institute of Technology  (Concrete Jungle),wentworth institute of technology (concrete jungle),2016,6
3215,1852,greg garnhart,Greg Garnhart,1487.6,1519.5,8,1,William & Mary (Merry Men),william & mary (merry men),2020,2
3216,1616,carly morrison,Carly Morrison,1487.6,1529.0,7,1,Vice,vice (women's),2024,16
3217,2107,stephen ierardi,Stephen Ierardi,1487.5,1510.7,20,1,Tabby Rosa,tabby rosa (women's),2017,16
3218,4386,brandon van deusen,Brandon Van Deusen,1487.5,1418.3,19,1,Cal State-Long Beach (Pyramid Scheme),cal state-long beach (pyramid scheme),2023,2
3219,3852,ken taga,Ken Taga,1487.5,1447.7,5,2,Denver Montessori High School (DMHS) (Phoenix),denver montessori high school (dmhs) (phoenix) (HS mixed),2018,4194304
3220,4864,lauren casey,Lauren Casey,1487.5,1329.2,22,1,Sonoma State (D'Vine),sonoma state (d'vine),2015,32
3221,3566,connor dembiczak,Connor Dembiczak,1487.4,1459.3,6,1,South Mecklenburg (SMUC),south mecklenburg (smuc) (HS),2024,1048576
3222,3567,thomas wray,Thomas Wray,1487.4,1459.3,6,1,South Mecklenburg (SMUC),south mecklenburg (smuc) (HS),2024,1048576
3223,2149,cori bigham,Cori Bigham,1487.4,1509.2,5,1,Timberline High School (Wolves),timberline high school (wolves) (HS mixed),2019,4194304
3224,2209,savannah flanary,Savannah Flanary,1487.3,1506.7,10,2,Lone Peak (Lone Peak A Girls),lone peak (lone peak a girls) (HS girls),2025,270532608
3225,2220,andrew liebing,Andrew Liebing,1487.3,1506.3,19,1,Colorado Mines (Entropy),colorado mines (entropy),2023,6
3226,3795,charles dimitruk,Charles Dimitruk,1487.3,1450.0,17,1,Case Western Reserve (Fighting Gobies),case western reserve (fighting gobies),2026,32
3227,3796,nathan trudell,Nathan Trudell,1487.3,1450.0,17,1,Case Western Reserve (Fighting Gobies),case western reserve (fighting gobies),2026,32
3228,3797,rachel graber,Rachel Graber,1487.3,1450.0,17,1,Case Western Reserve (Fighting Gobies),case western reserve (fighting gobies),2026,32
3229,2703,erik radzinski,Erik Radzinski,1487.3,1488.9,5,1,Needham-Upper (Rockets),needham-upper (rockets) (HS),2024,1048576
3230,2704,tucker ahlers,Tucker Ahlers,1487.3,1488.9,5,1,Needham-Upper (Rockets),needham-upper (rockets) (HS),2024,1048576
3231,2688,kristi huang,Kristi Huang,1487.3,1489.4,42,2,Wild Card,wild card (mixed),2025,40
3232,2910,samantha jacobson,Samantha Jacobson,1487.3,1481.9,37,6,Benilde-St. Margaret's (Red Knights),benilde-st. margaret's (red knights) (HS),2017,72351744
3233,2434,cooper lane,Cooper Lane,1487.2,1498.4,6,1,North Park (Allihopa),north park (allihopa),2017,96
3234,696,michael lawler,MICHAEL LAWLER,1487.2,1594.6,16,1,Brute Squad,brute squad (women's),2014,16
3235,697,sarah cook,Sarah Cook,1487.2,1594.6,16,1,Brute Squad,brute squad (women's),2014,16
3236,1822,dean anderson,Dean Anderson,1487.2,1520.4,33,2,Rosemount (Irish),rosemount (irish) (HS),2018,68157440
3237,3793,emma march,Emma March,1487.2,1450.1,17,4,Third Rail Y,third rail y (YCC-U20),2021,68157472
3238,2485,byron liu,Byron Liu,1487.2,1496.6,13,2,Berkeley High School-B (Coup Yellow ),berkeley high school-b (coup yellow ) (HS),2018,537919488
3239,3435,jacob long,Jacob Long,1487.2,1464.7,10,2,SlipStream,slipstream (mixed),2019,1048584
3240,1684,maggie mcmanus,Maggie McManus,1487.2,1526.0,6,1,Herd Ultimate Club (Mustangs - Girls),herd ultimate club (mustangs - girls) (HS girls),2025,2097152
3241,3489,andrea bender,Andrea Bender,1487.1,1462.4,6,1,Party Wave,party wave (mixed),2026,8
3242,3651,brian bittner,Brian Bittner,1487.1,1455.1,8,2,Glycerine,glycerine,2019,1
3243,2237,cheston gray,Cheston Gray,1487.1,1505.8,5,1,Layton High School (Break Force),layton high school (break force) (HS),2015,1048576
3244,2238,kenton jeffery,Kenton Jeffery,1487.1,1505.8,5,1,Layton High School (Break Force),layton high school (break force) (HS),2015,1048576
3245,3294,cate boezi,Cate Boezi,1487.1,1469.2,17,2,Ozone,ozone (women's),2026,18
3246,3659,william reed,William Reed,1487.1,1454.8,13,1,Takers,takers,2015,1
3247,4243,jason wood,Jason Wood,1487.1,1428.2,6,2,Fresno State (Rabid),fresno state (rabid),2017,2
3248,3278,alexander shragis,Alexander Shragis,1487.0,1469.5,35,2,Pennsylvania (Void),pennsylvania (void),2026,1073741827
3249,1352,darren (toast) mcauliffe,Darren (Toast) McAuliffe,1487.0,1543.0,10,1,Austin Disco Club,austin disco club (mixed),2026,8
3250,3140,tayara romero,Tayara Romero,1487.0,1474.4,31,2,Walt Whitman (Poets),walt whitman (poets) (HS),2025,1048592
3251,2581,emily cho,Emily Cho,1487.0,1492.9,14,3,Third Rail,third rail (YCC-U20 mixed),2023,335544320
3252,1700,michael robie,Michael Robie,1486.9,1525.5,7,1,Alabama-Huntsville (Nightmares),alabama-huntsville (nightmares),2015,6
3253,2859,chauncey keepers,Chauncey Keepers,1486.9,1483.6,16,1,South High School-JV (South Squall - Junior Varsity),south high school-jv (south squall - junior varsity) (HS),2018,1048576
3254,2860,izak gallini-matyas,Izak Gallini-Matyas,1486.9,1483.6,16,1,South High School-JV (South Squall - Junior Varsity),south high school-jv (south squall - junior varsity) (HS),2018,1048576
3255,4209,joel pitney,Joel Pitney,1486.9,1430.0,25,4,Bend Senior (Lava Bears - Varsity),bend senior (lava bears - varsity) (HS),2026,1048576
3256,4210,nishant biswas,Nishant Biswas,1486.9,1430.0,25,4,Bend Senior (Lava Bears - Varsity),bend senior (lava bears - varsity) (HS),2026,1048576
3257,2923,sean brady,Sean Brady,1486.9,1481.6,6,1,Austin (Austin High Maroons),austin (austin high maroons) (HS),2026,1048576
3258,3434,wesley chao,Wesley Chao,1486.9,1464.7,13,1,Tempo,tempo (women's),2015,16
3259,4554,luke porter,LUKE PORTER,1486.9,1402.9,25,2,School without Walls-Junior (Flightless Bird Squad),school without walls-junior (flightless bird squad) (HS),2019,1048576
3260,4201,chris miller,Chris Miller,1486.9,1430.5,39,3,Rockwood Boys (Rockwood),rockwood boys (rockwood) (HS),2023,68157440
3261,2946,timothy setterberg,Timothy Setterberg,1486.9,1480.7,11,3,Anoka (Air Benders),anoka (air benders) (HS),2016,68157440
3262,2331,griffin miller,Griffin Miller,1486.9,1502.4,5,1,Texas Two Step,texas two step (YCC-U20),2018,67108864
3263,3116,mark bradley,MARK BRADLEY,1486.9,1475.2,16,3,Saint Louis University High School-Upper (SLUH Ultimate),saint louis university high school-upper (sluh ultimate) (HS),2017,1048576
3264,3093,april ratliff,April Ratliff,1486.8,1475.6,6,1,The New School-JV (TNS Owls),the new school-jv (tns owls) (HS),2018,1048576
3265,3094,katherine smith,Katherine Smith,1486.8,1475.6,6,1,The New School-JV (TNS Owls),the new school-jv (tns owls) (HS),2018,1048576
3266,4278,andong li,Andong Li,1486.8,1425.7,57,2,Connecticut (UConn Huskies),connecticut (uconn huskies),2026,2
3267,3945,jeremy stevens,Jeremy Stevens,1486.8,1443.8,7,2,Bishop Kelly HS (Bishop Kelly HS),bishop kelly hs (bishop kelly hs) (HS mixed),2018,4194304
3268,2580,luke greenley,Luke Greenley,1486.8,1492.9,8,1,Temple (Alert),temple (alert),2022,2
3269,3984,ian daughton,Ian Daughton,1486.8,1442.1,11,2,Albany Anarchy-B,albany anarchy-b (YCC-U20 mixed),2023,268435456
3270,3920,sean hall,Sean Hall,1486.8,1444.9,8,1,Bowie (Bowie Bulldogs Open),bowie (bowie bulldogs open) (HS),2026,1048576
3271,3401,j tyler walker,J Tyler Walker,1486.8,1466.0,13,1,AC Bandits,ac bandits (mixed),2017,8
3272,466,collin meyer,Collin Meyer,1486.8,1625.8,41,3,Apple Valley High School (Eagles),apple valley high school (eagles) (HS girls),2018,137363456
3273,3326,josh blumkin,Josh Blumkin,1486.7,1468.5,5,1,Brighton (ATC),brighton (atc) (HS),2026,1048576
3274,2981,james acone,James Acone,1486.6,1479.5,10,2,Sharon High School (Eagles),sharon high school (eagles) (HS),2017,3145728
3275,3399,erin moeller,Erin Moeller,1486.6,1466.1,5,1,Minnesota Superior U17G,minnesota superior u17g (YCC-U20 girls),2021,134217728
3276,3201,andrew polcari,Andrew Polcari,1486.6,1472.0,17,1,Odyssey,odyssey,2026,1
3277,2264,max bommarito,Max Bommarito,1486.6,1504.8,38,1,Puget Sound (Postmen),puget sound (postmen),2025,6
3278,1654,benjamin lindemuth,Benjamin Lindemuth,1486.6,1527.3,8,2,Pi+,pi+ (YCC-U20 mixed),2019,268435464
3279,1655,matt brown,Matt Brown,1486.6,1527.3,8,2,Pi+,pi+ (YCC-U20 mixed),2019,268435464
3280,2435,finlay waugh,Finlay Waugh,1486.6,1498.4,116,11,Monarch (Monarch Boys A),monarch (monarch boys a) (HS),2025,38797312
3281,3552,gabriel knowles,Gabriel Knowles,1486.6,1459.7,38,3,Lexington Homeschool (Pi),lexington homeschool (pi) (HS),2025,3145728
3282,4109,francoise delisle,Francoise Delisle,1486.5,1435.2,40,3,Bates (Cold Front),bates (cold front),2026,112
3283,3227,sarah schillaci,Sarah Schillaci,1486.5,1471.0,15,2,DEVYL U-20 Mixed,devyl u-20 mixed (YCC-U20 mixed),2025,270532608
3284,1332,robert gilmor,Robert Gilmor,1486.5,1544.2,19,2,Walt Whitman High School (Poets),walt whitman high school (poets) (HS),2024,1048576
3285,4013,ben rehmann,BEN REHMANN,1486.5,1440.5,5,1,Nightmare Ultimate Boys U19,nightmare ultimate boys u19 (YCC-U20),2014,67108864
3286,2871,kyle taylor,Kyle Taylor,1486.5,1483.3,6,1,Point of No Return,point of no return (mixed),2024,8
3287,1790,charles hancock,Charles Hancock,1486.4,1521.5,49,4,Lexington Homeschool (Pi),lexington homeschool (pi) (HS),2026,806354944
3288,3590,dorothy kimel-scott,Dorothy Kimel-Scott,1486.4,1458.3,14,1,Brown (Disco Inferno),brown (disco inferno),2017,32
3289,2416,kat pohran,Kat Pohran,1486.3,1499.2,12,1,Ottawa (GeeGees),ottawa (geegees),2015,32
3290,1457,ethan taylor-pierce,Ethan Taylor-Pierce,1486.3,1537.8,31,3,Colorado College (Wasabi),colorado college (wasabi),2018,1048583
3291,2482,brian zuercher,Brian Zuercher,1486.3,1496.6,14,1,Green Hope High School (Titans of Mischief),green hope high school (titans of mischief) (HS girls),2015,2097152
3292,2467,alan huang,Alan Huang,1486.2,1497.3,11,1,Utah State (USULT),utah state (usult),2019,2
3293,2591,nathan huff,Nathan Huff,1486.2,1492.3,6,1,Utah Swarm U17 Boys,utah swarm u17 boys (YCC-U17),2022,536870912
3294,2949,josh lewis,JOSH LEWIS,1486.2,1480.5,9,3,Belton High School (Belton Biscuits),belton high school (belton biscuits) (HS),2017,5242880
3295,2484,patrick russell,Patrick Russell,1486.2,1496.6,9,1,GOAT,goat,2023,1
3296,3757,kate mcinerney,Kate McInerney,1486.2,1451.6,26,1,Xavier (Ignition),xavier (ignition),2026,96
3297,2668,colleen o'briant,COLLEEN O'BRIANT,1486.2,1489.9,15,2,Yorktown/Washington-Lee (YLee Coyotes),yorktown/washington-lee (ylee coyotes) (HS girls),2016,2097152
3298,3914,richard klena,Richard Klena,1486.2,1445.1,5,1,Cleveland State (Cleveland State Vikings),cleveland state (cleveland state vikings),2018,2
3299,2571,joseph priff,JOSEPH PRIFF,1486.2,1493.3,60,1,Shippensburg (Scapegoats),shippensburg (scapegoats),2019,6
3300,3573,pamela king,Pamela King,1486.2,1459.0,23,5,Rip Tide,rip tide (YCC-U20 girls),2026,408944648
3301,3889,robert burtley,Robert Burtley,1486.1,1446.0,35,6,Sun Prairie High School  (Sun Prairie Ultimate A),sun prairie high school (sun prairie ultimate a) (HS),2022,137363456
3302,4062,ethan davis,Ethan Davis,1486.1,1437.4,31,1,Johns Hopkins (Dangerzone),johns hopkins (dangerzone),2025,2
3303,2906,james becker,James Becker,1486.1,1482.2,11,2,Bishop Watterson High School / Wellington High School (Watterson Wellington LazerKatz),bishop watterson high school / wellington high school (watterson wellington lazerkatz) (HS),2019,1048576
3304,2006,noah backer,Noah Backer,1486.1,1514.1,10,2,Rising Tide,rising tide,2017,67108866
3305,950,neal vasireddi,Neal Vasireddi,1486.1,1570.6,16,1,Princeton (Clockwork),princeton (clockwork),2023,2
3306,3948,sean frawley,Sean Frawley,1486.0,1443.6,16,1,San Diego State (SDSU Gnomes),san diego state (sdsu gnomes),2024,32
3307,2505,elise keeney,Elise Keeney,1486.0,1495.9,20,1,Vengeance,vengeance (women's),2025,16
3308,3373,noah bush,Noah Bush,1486.0,1467.1,26,1,Carolina Friends (Fighting Quakers),carolina friends (fighting quakers) (HS),2026,1048576
3309,4065,hart matthews,Hart Matthews,1486.0,1437.4,52,6,Toro,toro (mixed),2022,1048590
3310,3369,neil butler,Neil Butler,1486.0,1467.2,5,1,Berkeley High School-Yellow-B (Coup Yellow ),berkeley high school-yellow-b (coup yellow ) (HS),2019,1048576
3311,3370,satish raj,Satish Raj,1486.0,1467.2,5,1,Berkeley High School-Yellow-B (Coup Yellow ),berkeley high school-yellow-b (coup yellow ) (HS),2019,1048576
3312,2577,tina saini,Tina Saini,1486.0,1493.1,7,1,BW Ultimate,bw ultimate (mixed),2025,8
3313,4585,jennifer lin,Jennifer Lin,1485.9,1399.6,44,2,North Carolina-B (Electra),north carolina-b (electra),2026,134217760
3314,2773,andrew grogan,Andrew Grogan,1485.9,1486.5,11,1,Ohio (Trout),ohio (trout),2021,2
3315,2774,jordan kinde,Jordan Kinde,1485.9,1486.5,11,1,Ohio (Trout),ohio (trout),2021,2
3316,2775,lloyd furuta,Lloyd Furuta,1485.9,1486.5,11,1,Ohio (Trout),ohio (trout),2021,2
3317,4300,mike dehnbostel,Mike Dehnbostel,1485.9,1423.5,17,2,California-San Diego-B (Air Squids LITE ),california-san diego-b (air squids lite ),2020,2
3318,3234,matthew niemer,Matthew Niemer,1485.8,1470.9,5,1,St. John Vianney (Vianney ),st. john vianney (vianney ) (HS),2025,1048576
3319,3569,matthew smith,Matthew Smith,1485.8,1459.2,25,2,Tennessee-Chattanooga (Swamp Donkeys),tennessee-chattanooga (swamp donkeys),2025,1048578
3320,2054,mary fuzat,Mary Fuzat,1485.8,1512.2,10,1,Texas Tea-A,texas tea-a,2026,1
3321,4381,marvin barge,Marvin Barge,1485.7,1418.6,7,1,Georgia Gwinnett (BÄR),georgia gwinnett (bär),2016,2
3322,4382,tyler fasnacht,Tyler Fasnacht,1485.7,1418.6,7,1,Georgia Gwinnett (BÄR),georgia gwinnett (bär),2016,2
3323,895,sean tepper,Sean Tepper,1485.7,1574.1,34,1,Lewis & Clark (Bacchus ),lewis & clark (bacchus ),2017,6
3324,2731,sam moxley,Sam Moxley,1485.7,1487.9,7,2,Belmont (URSA),belmont (ursa),2019,112
3325,4543,isabella burns,Isabella Burns,1485.7,1403.8,25,3,Mary Washington (Mary Massacre),mary washington (mary massacre),2024,96
3326,4242,clil phillips,Clil Phillips,1485.7,1428.4,17,3,Boulder (Flower Power),boulder (flower power) (HS girls),2025,6291456
3327,2827,ben swiatek,Ben Swiatek,1485.6,1484.7,11,1,Neuqua Valley High School (NV Ultimate HS Boys),neuqua valley high school (nv ultimate hs boys) (HS),2023,1048576
3328,2828,connor durkin,Connor Durkin,1485.6,1484.7,11,1,Neuqua Valley High School (NV Ultimate HS Boys),neuqua valley high school (nv ultimate hs boys) (HS),2023,1048576
3329,2829,daniel grosch,Daniel Grosch,1485.6,1484.7,11,1,Neuqua Valley High School (NV Ultimate HS Boys),neuqua valley high school (nv ultimate hs boys) (HS),2023,1048576
3330,2830,sean wagner,Sean Wagner,1485.6,1484.7,11,1,Neuqua Valley High School (NV Ultimate HS Boys),neuqua valley high school (nv ultimate hs boys) (HS),2023,1048576
3331,3837,derek gottlieb,Derek Gottlieb,1485.6,1448.2,28,1,Schwa,schwa (women's),2017,16
3332,1564,robert owen,Robert Owen,1485.6,1531.4,58,3,Blackman High School (Blackman High School Boys A),blackman high school (blackman high school boys a) (HS),2017,68157440
3333,3285,jenna kappelt,Jenna Kappelt,1485.6,1469.3,14,1,Carnegie Mellon (Money Mellons),carnegie mellon (money mellons),2018,32
3334,3629,phil sawin,Phil Sawin,1485.6,1456.1,30,4,St Xavier (St Xavier),st xavier (st xavier) (HS),2019,1048576
3335,2103,jacob arwe,Jacob Arwe,1485.6,1510.8,7,1,Winchester HS (Sachems),winchester hs (sachems) (HS),2016,1048576
3336,1204,garrett wilson,Garrett Wilson,1485.5,1550.8,101,8,Villains,villains (YCC-U20),2026,68157451
3337,3836,byron jordan,Byron Jordan,1485.5,1448.2,5,1,Seven Gills,seven gills,2024,1
3338,3343,tom leonard,Tom Leonard,1485.5,1467.9,27,2,Northfield High School (Mighty Hucks),northfield high school (mighty hucks) (HS),2017,68157440
3339,2461,ga wettengel,GA Wettengel,1485.5,1497.4,120,13,Bullseye,bullseye (YCC-U20 girls),2026,779091985
3340,3256,kyle cook,Kyle Cook,1485.5,1470.2,9,1,Stockton University -Upper (Stockton Ospreys),stockton university -upper (stockton ospreys),2022,2
3341,3322,marcus menzel,Marcus Menzel,1485.5,1468.6,11,3,Wisconsin-Stevens Point (Shockwave),wisconsin-stevens point (shockwave),2018,1048608
3342,1346,justin pierce,Justin Pierce,1485.4,1543.3,69,5,PoNY,pony,2023,268435467
3343,2718,tanya rush,Tanya Rush,1485.4,1488.5,5,1,SAGE International School (Sage),sage international school (sage) (HS mixed),2015,4194304
3344,4436,axis sivitz,Axis Sivitz,1485.4,1414.1,91,4,Lampshade,lampshade (mixed),2026,10
3345,4271,austin lourie,Austin Lourie,1485.4,1426.1,150,3,California-Davis (Rogue),california-davis (rogue),2026,41
3346,2840,michael ridge,Michael Ridge,1485.4,1484.4,5,1,Grimsley High School (Grimsley Ultimate),grimsley high school (grimsley ultimate) (YCC-U20),2020,67108864
3347,844,dave morgan,Dave Morgan,1485.3,1578.4,29,5,Chamblee -Varsity (Chamblee JV),chamblee -varsity (chamblee jv) (HS),2026,3145728
3348,3508,tiffany schumacher,Tiffany Schumacher,1485.2,1461.4,18,1,Vengeance,vengeance (women's),2026,16
3349,2430,adam burgess,Adam Burgess,1485.2,1498.6,9,1,Carnegie Mellon (Mr. Yuk),carnegie mellon (mr. yuk),2020,2
3350,1687,joshua kersey,Joshua Kersey,1485.2,1526.0,9,1,Union (Tennessee) (Jillz),union (tennessee) (jillz),2025,96
3351,4583,bradley kennis,Bradley Kennis,1485.2,1399.8,14,1,Ball State (Wizardz),ball state (wizardz),2026,2
3352,1096,tynan englert,Tynan Englert,1485.2,1558.7,26,1,Richmond (Spidermonkeys),richmond (spidermonkeys),2022,6
3353,3382,james bond,James Bond,1485.1,1466.7,14,1,School without Walls-Junior (Flightless Bird Squad),school without walls-junior (flightless bird squad) (HS),2019,1048576
3354,3105,matthew sutton,Matthew Sutton,1485.1,1475.4,7,1,Texas-Dallas (Woof),texas-dallas (woof),2026,2
3355,4118,daniel sines,Daniel Sines,1485.1,1434.8,7,1,NWA White Tails,nwa white tails (YCC-U20 mixed),2026,268435456
3356,4119,rachel tebbetts,Rachel Tebbetts,1485.1,1434.8,7,1,NWA White Tails,nwa white tails (YCC-U20 mixed),2026,268435456
3357,2977,aman shah,Aman Shah,1485.1,1479.7,11,3,Lampshade,lampshade (mixed),2022,1048586
3358,3082,chris goodpaster,Chris Goodpaster,1485.1,1475.9,6,2,Covington Catholic (The Ghetto Blasters),covington catholic (the ghetto blasters) (HS),2015,269484032
3359,4457,brad mower,Brad Mower,1485.1,1412.3,20,2,Ridgeline High School-B (Ridgeline),ridgeline high school-b (ridgeline) (HS mixed),2019,5242880
3360,3338,tabetha ridgway,Tabetha Ridgway,1485.0,1468.1,56,1,Denver (Hype),denver (hype),2026,32
3361,2679,garrett clay,Garrett Clay,1485.0,1489.7,113,5,Williams (Nova),williams (nova),2026,269484128
3362,4202,jeremy clark,Jeremy Clark,1485.0,1430.4,9,1,Gladstone High Schoo (Ultramatium),gladstone high schoo (ultramatium) (HS),2018,1048576
3363,3470,kristi schmeling,Kristi Schmeling,1485.0,1463.2,5,1,Worcester Polytechnic (WPI Pi-thons),worcester polytechnic (wpi pi-thons),2019,96
3364,2285,thomas mcalear,Thomas McAlear,1485.0,1504.1,29,1,McGill (MUT),mcgill (mut),2023,2
3365,2286,david whitney-brown,David Whitney-Brown,1484.9,1504.0,28,1,Victoria (Vikes),victoria (vikes),2019,2
3366,4566,kristina kohl,Kristina Kohl,1484.8,1401.5,43,4,St Louis Storm U20G,st louis storm u20g (YCC-U20 girls),2026,136314896
3367,3847,xena vilevac,Xena Vilevac,1484.8,1447.9,38,2,West Virginia (WV Wild),west virginia (wv wild),2023,34
3368,4204,daniel vandam,Daniel Vandam,1484.8,1430.3,10,1,Cornell-B (Cornell-B (Shake)),cornell-b (cornell-b (shake)),2023,2
3369,2716,ari key,Ari Key,1484.7,1488.5,6,1,cATLanta,catlanta (YCC-U20 girls),2026,134217728
3370,3215,chris ode,Chris Ode,1484.7,1471.3,9,1,SAGE International School (Sage),sage international school (sage) (HS mixed),2018,4194304
3371,3095,castrillon davis,Castrillon Davis,1484.7,1475.6,11,2,cATLanta,catlanta (YCC-U20 girls),2026,1207959552
3372,3096,juan camilo,Juan Camilo,1484.7,1475.6,11,2,cATLanta,catlanta (YCC-U20 girls),2026,1207959552
3373,3457,robert miller,Robert Miller,1484.7,1463.9,23,2,Maryland Blackout,maryland blackout (YCC-U20 mixed),2023,269484032
3374,2275,drew woods,Drew Woods,1484.6,1504.5,20,1,Magma Bears,magma bears,2026,1
3375,1830,alex pauli,Alex Pauli,1484.5,1520.2,28,2,Gahanna Lincoln High School (Gahanna Fog),gahanna lincoln high school (gahanna fog) (HS),2017,5242880
3376,3016,nicholas bissonnette,NICHOLAS BISSONNETTE,1484.5,1478.4,6,1,Flying Piglet,flying piglet (YCC-U17),2016,536870912
3377,3017,stephen babcock,Stephen Babcock,1484.5,1478.4,6,1,Flying Piglet,flying piglet (YCC-U17),2016,536870912
3378,2607,jessica larson,Jessica Larson,1484.5,1491.9,27,1,Oberlin (Flying Horsecows),oberlin (flying horsecows),2019,6
3379,3957,rhyan miller,Rhyan Miller,1484.5,1443.1,5,1,Sam Houston (Deuce Ultimate),sam houston (deuce ultimate),2024,2
3380,3958,ryan salters,Ryan Salters,1484.5,1443.1,5,1,Sam Houston (Deuce Ultimate),sam houston (deuce ultimate),2024,2
3381,4723,john cassidy,John Cassidy,1484.5,1377.9,45,1,Xavier (B.L.O.B.),xavier (b.l.o.b.),2022,6
3382,2297,benjamin mosow,Benjamin Mosow,1484.5,1503.6,9,1,Hopkins High School JV Boys (Hopkins Hurt JV Boys),hopkins high school jv boys (hopkins hurt jv boys) (HS),2018,1048576
3383,1515,derek cheng,Derek Cheng,1484.5,1534.3,35,1,Traffic,traffic (women's),2026,16
3384,2952,kimberly sabo,Kimberly Sabo,1484.5,1480.5,10,1,Michigan State (Infamous),michigan state (infamous),2014,32
3385,711,qing (jenny) wei,Qing (Jenny) Wei,1484.4,1593.1,24,3,Chapel Hill High School (Ember),chapel hill high school (ember) (HS girls),2021,1210056704
3386,2721,elizabeth lehman,Elizabeth Lehman,1484.4,1488.4,5,1,Creamland,creamland,2026,512
3387,4660,joseph friedman,Joseph Friedman,1484.4,1389.4,21,3,DEVYL U-17,devyl u-17 (YCC-U17),2019,537919488
3388,3865,david brandolph,David Brandolph,1484.4,1447.1,10,1,CITYWIDE Special,citywide special,2021,1
3389,3866,patrick lindsey,Patrick Lindsey,1484.4,1447.1,10,1,CITYWIDE Special,citywide special,2021,1
3390,2792,conrad hock,Conrad Hock,1484.4,1486.0,5,1,Oregon Eclipse,oregon eclipse (YCC-U17),2022,536870912
3391,2734,brock stephan,Brock Stephan,1484.4,1487.8,49,1,Ohio (Trout),ohio (trout),2026,2
3392,862,avery jones,Avery Jones,1484.4,1576.5,14,1,California-San Diego (UCSD D-Co Womxn's Ultimate),california-san diego (ucsd d-co womxn's ultimate),2020,32
3393,863,kelli iwamoto,Kelli Iwamoto,1484.4,1576.5,14,1,California-San Diego (UCSD D-Co Womxn's Ultimate),california-san diego (ucsd d-co womxn's ultimate),2020,32
3394,864,rebeca ellis,Rebeca Ellis,1484.4,1576.5,14,1,California-San Diego (UCSD D-Co Womxn's Ultimate),california-san diego (ucsd d-co womxn's ultimate),2020,32
3395,3519,benjamin longchamp,Benjamin Longchamp,1484.4,1461.1,30,1,Pop,pop (women's),2025,16
3396,3313,claire bidigare-curtis,Claire Bidigare-Curtis,1484.4,1468.7,5,1,Equi'Knox,equi'knox (YCC-U20 girls),2019,134217728
3397,2056,jordan kerr,Jordan Kerr,1484.4,1512.2,6,1,Utah Swarm U20 Mixed,utah swarm u20 mixed (YCC-U20 mixed),2023,268435456
3398,2838,cody winsborrow,Cody Winsborrow,1484.3,1484.5,7,1,Kalamazoo United Chill,kalamazoo united chill (YCC-U20 mixed),2018,268435456
3399,4669,collin bartoldus,Collin Bartoldus,1484.3,1387.8,40,4,SUNY-Stony Brook (Smash),suny-stony brook (smash) (women's),2024,268435568
3400,3020,austin barden,Austin Barden,1484.3,1478.2,5,1,Seattle (Throbot),seattle (throbot),2021,38
3401,2018,piers macnaughton,Piers MacNaughton,1484.3,1513.5,19,1,Harvard (Red Line),harvard (red line),2014,6
3402,2978,paul krenik,Paul Krenik,1484.2,1479.7,14,3,Minnesota Superior U20B,minnesota superior u20b (YCC-U20),2025,67108865
3403,3374,thomas grund,THOMAS GRUND,1484.2,1467.1,19,5,Prior Lake (PLUTO),prior lake (pluto) (HS),2015,1048576
3404,3439,graham dow,Graham Dow,1484.2,1464.3,5,1,Utah Swarm U20 Boys - D2,utah swarm u20 boys - d2 (YCC-U20),2026,67108864
3405,3440,maxim rassoul-agha,Maxim Rassoul-Agha,1484.2,1464.3,5,1,Utah Swarm U20 Boys - D2,utah swarm u20 boys - d2 (YCC-U20),2026,67108864
3406,3441,merick moar,Merick Moar,1484.2,1464.3,5,1,Utah Swarm U20 Boys - D2,utah swarm u20 boys - d2 (YCC-U20),2026,67108864
3407,3626,jayd phelps,Jayd Phelps,1484.2,1456.3,52,4,Oregon (Panther Ultimate),oregon (panther ultimate) (HS),2026,3145728
3408,4599,alissa farina,Alissa Farina,1484.2,1397.5,13,1,Miami (Florida) (Southern Tropical Depressions),miami (florida) (southern tropical depressions),2024,32
3409,4600,hannah broos,Hannah Broos,1484.2,1397.5,13,1,Miami (Florida) (Southern Tropical Depressions),miami (florida) (southern tropical depressions),2024,32
3410,4601,lian ortner,Lian Ortner,1484.2,1397.5,13,1,Miami (Florida) (Southern Tropical Depressions),miami (florida) (southern tropical depressions),2024,32
3411,2797,ella hackett-reicher,ELLA HACKETT-REICHER,1484.2,1485.9,40,3,Cathedral High School (Griffin),cathedral high school (griffin) (HS),2017,5242880
3412,2868,ryan lacy,Ryan Lacy,1484.2,1483.3,21,1,Colorado-Denver (Frostbite),colorado-denver (frostbite),2017,2
3413,4616,henry northey,Henry Northey,1484.2,1395.8,25,4,Oak Park River Forest -Varsity (Oak Park River Forest),oak park river forest -varsity (oak park river forest) (HS),2026,1048576
3414,2396,alexander jirele,Alexander Jirele,1484.2,1500.0,8,2,MN Superior U17,mn superior u17 (YCC-U17),2018,537919488
3415,2875,anne ortiz,Anne Ortiz,1484.2,1483.1,13,1,Vengeance,vengeance (women's),2025,16
3416,3112,gregory gipson,GREGORY GIPSON,1484.1,1475.2,6,1,Public Enemy,public enemy (mixed),2015,8
3417,3454,cotie mcmahon,Cotie McMahon,1484.1,1463.9,90,6,West HS Krakens Mixed B* (West HS Krakens Mixed B*),west hs krakens mixed b* (west hs krakens mixed b*) (HS mixed),2017,38797312
3418,2215,erynn schroeder,Erynn Schroeder,1484.0,1506.6,10,1,Wisconsin (Bella Donna),wisconsin (bella donna),2022,32
3419,4751,louise garfias,Louise Garfias,1484.0,1371.8,28,1,LSU (LSU Women's Ultimate),lsu (lsu women's ultimate),2024,32
3420,2753,lauren nelson,Lauren Nelson,1483.9,1487.3,37,2,Team of Friends,team of friends (women's),2021,48
3421,3280,alex walsh,Alex Walsh,1483.9,1469.5,10,1,Herd Ultimate Club (Mustangs - Boys),herd ultimate club (mustangs - boys) (HS),2026,1048576
3422,3748,kevin halprin,Kevin Halprin,1483.9,1452.0,5,1,Savannah Wild,savannah wild (mixed),2025,8
3423,3749,stacie coleman,Stacie Coleman,1483.9,1452.0,5,1,Savannah Wild,savannah wild (mixed),2025,8
3424,3841,melanie felix,Melanie Felix,1483.9,1448.0,24,1,Virginia Commonwealth (Vendetta),virginia commonwealth (vendetta),2018,32
3425,3242,ben ayres,Ben Ayres,1483.9,1470.7,8,2,Empire State Eggs,empire state eggs (YCC-U20),2026,67108896
3426,4296,donna paxon,Donna Paxon,1483.9,1424.0,19,3,Asheville High School (Cougars),asheville high school (cougars) (HS),2022,605028352
3427,1762,wilson tryon,Wilson Tryon,1483.9,1522.7,51,1,Washington University (Contra),washington university (contra),2026,2
3428,2573,richard mcleod,Richard Mcleod,1483.9,1493.2,9,1,Simon Fraser (SFU Red Leafs),simon fraser (sfu red leafs),2026,2
3429,2574,russell hamilton,Russell Hamilton,1483.9,1493.2,9,1,Simon Fraser (SFU Red Leafs),simon fraser (sfu red leafs),2026,2
3430,4396,christopher neal,Christopher Neal,1483.9,1417.2,23,4,Carrboro HS (Carrboro B),carrboro hs (carrboro b) (YCC-U20 mixed),2023,336592896
3431,3030,austin baxter,Austin Baxter,1483.9,1477.5,63,7,Claremont (Braineaters),claremont (braineaters),2026,5242886
3432,3509,timothy werkmeister,Timothy Werkmeister,1483.8,1461.2,5,1,Long Island Riff Raff,long island riff raff,2025,1
3433,3375,ben morgenstern,Ben Morgenstern,1483.8,1467.0,51,3,Impulse,impulse (YCC-U20),2025,67108873
3434,2991,lawrence (larry) greenley,Lawrence (Larry) Greenley,1483.8,1479.3,22,1,Methacton (MUF),methacton (muf) (HS),2017,1048576
3435,3943,sarah kratzer,Sarah Kratzer,1483.8,1443.9,10,1,Swell,swell (women's),2025,16
3436,4233,maxwell rick,Maxwell Rick,1483.8,1429.1,13,1,Bentley (WoBUS),bentley (wobus),2025,96
3437,3230,katie yezzi,Katie Yezzi,1483.8,1471.0,5,1,Bethlehem Central High School  (BCHS Ultimate Eagles),bethlehem central high school (bchs ultimate eagles) (HS),2022,1048576
3438,2940,adam rogers,Adam Rogers,1483.8,1480.8,55,1,Brandeis (TRON),brandeis (tron),2026,6
3439,3437,danny bruce,Danny Bruce,1483.8,1464.4,56,6,Lakeville North High School (LUDA),lakeville north high school (luda) (HS),2018,72351744
3440,4531,craig anderson,Craig Anderson,1483.8,1405.0,62,1,Florida State (DUF),florida state (duf),2024,2
3441,3063,john ransburgh,John Ransburgh,1483.7,1476.5,10,2,Dolly For President,dolly for president (women's),2026,24
3442,3012,cindy pfender,CINDY PFENDER,1483.6,1478.5,10,1,Pennsbury High School (Pennsbury Ultimate Female Frisbee),pennsbury high school (pennsbury ultimate female frisbee) (HS girls),2014,2097152
3443,2273,matthew rehder,Matthew Rehder,1483.6,1504.6,30,1,Southern Illinois-Edwardsville (SIEGE),southern illinois-edwardsville (siege),2026,2
3444,4402,june kang,JUNE KANG,1483.6,1416.6,10,1,Temptress,temptress (women's),2015,16
3445,1399,walden nelson,Walden Nelson,1483.5,1540.9,26,2,Northwestern (GungHo),northwestern (gungho),2019,38
3446,2626,shelly peyton,Shelly Peyton,1483.5,1491.3,16,1,Vice,vice (women's),2026,16
3447,3381,alex nida,Alex Nida,1483.5,1466.7,5,1,Oakstone Academy (Oakstone),oakstone academy (oakstone) (HS),2018,1048576
3448,3484,jason talerman,Jason Talerman,1483.5,1462.6,9,1,Wheaton (MA) (WULF),wheaton (ma) (wulf),2017,6
3449,4220,clark bauman,Clark Bauman,1483.5,1429.6,6,1,Denison (Denison Frisbee Ultimate Club),denison (denison frisbee ultimate club),2025,6
3450,1053,claudia miner,Claudia Miner,1483.4,1562.3,44,1,Cornell (Wild Roses),cornell (wild roses),2026,32
3451,3396,josh lieberthal,Josh Lieberthal,1483.4,1466.3,5,2,Oak Park River Forest High School-Blue (OPRF Revolution - Blue),oak park river forest high school-blue (oprf revolution - blue) (HS),2017,1048576
3452,4260,daniel smeltzer,Daniel Smeltzer,1483.4,1426.8,6,1,Cal State-Long Beach (Stalkers),cal state-long beach (stalkers),2016,2
3453,2756,stuart kellner,STUART KELLNER,1483.4,1487.2,15,1,Temper,temper,2015,1
3454,2784,zak pritchard,Zak Pritchard,1483.3,1486.2,7,1,Burlington High School-B (Chorses),burlington high school-b (chorses) (HS),2014,1048576
3455,4036,steve hall,Steve Hall,1483.3,1439.2,8,1,Charlotte Country Day School (Buccaneers),charlotte country day school (buccaneers) (HS),2014,1048576
3456,3257,benjamin scharadin,Benjamin Scharadin,1483.3,1470.2,7,1,Colby (CDC (Men's)),colby (cdc (men's)),2023,6
3457,4022,christopher vanlang,CHRISTOPHER VANLANG,1483.3,1440.1,7,2,Le Moyne (Goblins),le moyne (goblins),2017,36
3458,3305,spencer rosner,Spencer Rosner,1483.3,1468.9,13,1,Mount Mansfield Union High School (Cougars),mount mansfield union high school (cougars) (HS),2014,1048576
3459,2205,summer wilson,Summer Wilson,1483.2,1507.0,15,2,Texas Tango,texas tango (YCC-U20 girls),2026,136314880
3460,4655,tucker martin,Tucker Martin,1483.1,1390.5,16,1,Colorado State-B (Bibida),colorado state-b (bibida),2026,2
3461,4085,justin waltrip,Justin Waltrip,1483.1,1436.1,12,2,Pine-Richland High School (Pine-Richland Ultimate),pine-richland high school (pine-richland ultimate) (HS),2026,1048576
3462,3391,wendell wilson,Wendell Wilson,1483.1,1466.4,5,1,Miramonte (Rogue Bucks),miramonte (rogue bucks) (HS),2015,1048576
3463,3502,daniel bates,Daniel Bates,1483.0,1461.8,10,1,St John's (Minnesota) (BAM),st john's (minnesota) (bam),2024,6
3464,3500,sarah kingsley,Sarah Kingsley,1483.0,1462.0,7,2,Midtown High School-JV (Gauntlet JV High School Girls),midtown high school-jv (gauntlet jv high school girls) (HS girls),2024,2097152
3465,2638,dan kramar,DAN KRAMAR,1483.0,1490.9,11,1,Northeastern-B (Beastern),northeastern-b (beastern),2018,2
3466,4791,lauren louderback,Lauren Louderback,1483.0,1361.3,52,1,Puget Sound (Clearcut),puget sound (clearcut),2026,96
3467,3643,miguel doran,Miguel Doran,1483.0,1455.4,6,1,Lincoln-Sudbury Regional High School (LS Warriors),lincoln-sudbury regional high school (ls warriors) (HS),2024,1048576
3468,3644,solange lavanchy,Solange Lavanchy,1483.0,1455.4,6,1,Lincoln-Sudbury Regional High School (LS Warriors),lincoln-sudbury regional high school (ls warriors) (HS),2024,1048576
3469,4551,lillian ponitz,Lillian Ponitz,1482.9,1403.3,13,1,Georgia Tech-B (Wreck B),georgia tech-b (wreck b),2020,32
3470,3980,olivia graham,Olivia Graham,1482.9,1442.3,29,2,Independence High School-JV (FLIGHT),independence high school-jv (flight) (HS),2019,3145728
3471,4114,annie shriver,Annie Shriver,1482.8,1434.9,10,1,Madison MUFAbots U20B,madison mufabots u20b (YCC-U20),2023,67108864
3472,4115,samuel erickson,Samuel Erickson,1482.8,1434.9,10,1,Madison MUFAbots U20B,madison mufabots u20b (YCC-U20),2023,67108864
3473,4866,matt delehaunty,Matt Delehaunty,1482.8,1326.7,62,8,De Smet Jesuit-JV (DUC (De Smet Jesuit) JV),de smet jesuit-jv (duc (de smet jesuit) jv) (HS),2026,605028353
3474,2444,baron tran,Baron Tran,1482.8,1497.8,6,1,Blitz-A,blitz-a (YCC-U20),2026,67108864
3475,4818,george (mick) stukes,George (Mick) Stukes,1482.8,1353.6,36,1,Charlotte Country Day School (Buccaneers),charlotte country day school (buccaneers) (HS),2018,1048576
3476,4006,joseph fagyas,Joseph Fagyas,1482.8,1441.0,9,1,Sachse High School (Sachse Mustangs),sachse high school (sachse mustangs) (HS),2019,1048576
3477,3917,john kessel,John Kessel,1482.7,1445.0,12,1,Copper Hills-B (CHills),copper hills-b (chills) (HS mixed),2019,4194304
3478,4579,sarah anciaux,Sarah Anciaux,1482.7,1400.2,14,2,Artemis,artemis (YCC-U17 girls),2016,1073741824
3479,1112,caleb texeira,Caleb Texeira,1482.7,1556.9,13,1,Butler (Butler Big Dog),butler (butler big dog),2026,6
3480,2339,david petersen,David Petersen,1482.7,1502.2,6,1,Fairport High School (Fairport Bipolar Bears),fairport high school (fairport bipolar bears) (HS),2015,1048576
3481,4032,tania reitz,Tania Reitz,1482.6,1439.2,161,4,Utah (Spiral Jetty Ultimate),utah (spiral jetty ultimate),2026,134217776
3482,2771,ethan sabin,Ethan Sabin,1482.6,1486.7,5,2,Lake Travis High School (Lake Travis),lake travis high school (lake travis) (HS),2025,1048576
3483,4685,annie phan,Annie Phan,1482.6,1384.8,12,3,Lakeshore Drive,lakeshore drive (women's),2026,48
3484,4434,maketa mattimore,Maketa Mattimore,1482.6,1414.4,34,1,Grand Valley (Lakers),grand valley (lakers),2026,32
3485,2200,jonny malks,Jonny Malks,1482.6,1507.2,16,2,Rogue,rogue (YCC-U20 girls),2022,671088640
3486,4332,ross osborn,Ross Osborn,1482.6,1421.2,13,2,Hoggard 2025 (Vikings),hoggard 2025 (vikings) (HS),2025,1048576
3487,4349,eva petzinger,Eva Petzinger,1482.6,1420.2,62,1,Harvard (Red Line),harvard (red line),2020,2
3488,3455,julia hill,Julia Hill,1482.6,1463.9,5,2,Cor Jesu (Cor Jesu Red),cor jesu (cor jesu red) (HS girls),2021,2097152
3489,3771,august schwartz,August Schwartz,1482.5,1450.9,15,1,Junco,junco,2026,1
3490,3924,donovan triplett,Donovan Triplett,1482.5,1444.8,8,1,Center Grove High School-Freshman (Trojans ),center grove high school-freshman (trojans ) (HS),2016,1048576
3491,3025,john verhayden,John Verhayden,1482.5,1477.7,24,1,Mississippi State (Dark Horse),mississippi state (dark horse),2020,2
3492,3635,william mcilvain,William McIlvain,1482.4,1455.8,6,1,South Forsyth High  (South Forsyth War Eagles),south forsyth high (south forsyth war eagles) (HS),2018,1048576
3493,4630,antonia van twisk,Antonia Van Twisk,1482.4,1393.9,16,3,Lakeshore Drive,lakeshore drive (women's),2026,41943056
3494,4500,sasha bugler,SASHA BUGLER,1482.4,1407.5,11,1,Silver Line,silver line (women's),2015,16
3495,3501,halley mclean,Halley McLean,1482.3,1461.9,7,2,Hypnosis,hypnosis (YCC-U20 girls),2019,136314880
3496,3610,alexander taylor,Alexander Taylor,1482.3,1457.2,18,1,Elon (Big Fat Bomb),elon (big fat bomb),2020,6
3497,2657,kevin held,KEVIN HELD,1482.3,1490.3,7,2,Mahtomedi (Maul A),mahtomedi (maul a) (HS),2014,68157440
3498,662,ethan downs,Ethan Downs,1482.3,1598.0,31,2,William & Mary (Merry Men),william & mary (merry men),2020,2
3499,4251,seth gleeson,Seth Gleeson,1482.2,1427.6,37,1,North Carolina-Asheville (UNC Asheville Bulldogs),north carolina-asheville (unc asheville bulldogs),2016,6
3500,2527,gene calo,Gene Calo,1482.2,1495.1,23,3,Cherry Creek (El Oso),cherry creek (el oso) (HS mixed),2023,5242880
3501,3392,carlos nunez,Carlos Nunez,1482.2,1466.3,5,1,Warao,warao,2026,1
3502,3716,sam stantial,Sam Stantial,1482.2,1453.0,6,1,Beverly High School (Panthers),beverly high school (panthers) (HS),2016,1048576
3503,2570,rodger oakes,Rodger Oakes,1482.1,1493.3,44,2,Pickerington (Pickerington),pickerington (pickerington) (HS),2019,5242880
3504,3605,justin palin,Justin Palin,1482.1,1457.5,9,2,Providence College (PC Ulty),providence college (pc ulty) (college mixed),2019,524294
3505,3715,margaret (maggie) mathias,Margaret (Maggie) Mathias,1482.1,1453.0,10,1,Deadly Viper Assassination Squad,deadly viper assassination squad (women's),2017,16
3506,3128,christian brink,Christian Brink,1482.1,1474.7,71,3,Colorado Small Batch,colorado small batch (women's),2024,118
3507,3981,elizabeth grobbel,Elizabeth Grobbel,1482.1,1442.2,6,1,Smith (Luna Disc ),smith (luna disc ),2025,64
3508,4516,maya banks,Maya Banks,1482.1,1406.1,19,2,Madison MUFAbots U17B,madison mufabots u17b (YCC-U17),2023,1610612736
3509,1241,tom bertrand,Tom Bertrand,1482.0,1548.4,41,2,Watkinson School (Rams),watkinson school (rams) (HS),2019,1048608
3510,2366,james berry,James Berry,1482.0,1501.1,20,2,Texas Tango,texas tango (YCC-U20 girls),2026,135266304
3511,3142,michael casey,Michael Casey,1482.0,1474.3,6,2,Hartford (Hartford Lighthouse),hartford (hartford lighthouse),2019,6
3512,2866,roman pham,Roman Pham,1482.0,1483.4,12,2,Minnesota Superior U20B,minnesota superior u20b (YCC-U20),2026,67108865
3513,2316,david neder,DAVID NEDER,1482.0,1502.8,20,1,Alabama (Yellow Hammer),alabama (yellow hammer),2015,2
3514,2720,zachary cincotta,Zachary Cincotta,1481.9,1488.4,5,1,Columbia-JV2 (CHS JVB),columbia-jv2 (chs jvb) (HS),2019,1048576
3515,2299,gabrielle aufderheide,Gabrielle Aufderheide,1481.9,1503.5,6,1,Utah Swarm U17 Boys,utah swarm u17 boys (YCC-U17),2023,536870912
3516,4430,adam miller,Adam Miller,1481.9,1414.7,14,3,Corvallis Combined (Force),corvallis combined (force) (HS girls),2026,7340032
3517,4431,matthew kevan,Matthew Kevan,1481.9,1414.7,14,3,Corvallis Combined (Force),corvallis combined (force) (HS girls),2026,7340032
3518,3752,scott grimm,Scott Grimm,1481.8,1451.9,42,5,West HS Mixed A (Krakens Mixed A),west hs mixed a (krakens mixed a) (HS mixed),2019,5242880
3519,3743,dan cuoco,Dan Cuoco,1481.8,1452.1,15,2,Cherry Creek High School (El Oso),cherry creek high school (el oso) (HS mixed),2019,5242880
3520,3354,kristen wentzel,Kristen Wentzel,1481.7,1467.6,9,1,XUA (St Xavier),xua (st xavier) (HS),2026,1048576
3521,3638,colm luker,Colm Luker,1481.7,1455.6,10,2,Riverton (Silverwolves),riverton (silverwolves) (HS),2025,1048576
3522,3444,alejandro christenson,Alejandro Christenson,1481.7,1464.2,5,1,Superior B,superior b (YCC-U20),2021,67108864
3523,1759,justin forman,Justin Forman,1481.7,1522.8,56,2,Chicago (Supernova),chicago (supernova),2026,48
3524,2022,kendall beadleson,Kendall Beadleson,1481.7,1513.4,5,1,Warhawks,warhawks (YCC-U20 girls),2014,134217728
3525,4701,brooke wooldridge,Brooke Wooldridge,1481.6,1381.3,12,1,Temptress,temptress (women's),2016,16
3526,3768,jonathan jasper,Jonathan Jasper,1481.6,1451.0,5,1,Garnet Valley (Garnet Valley),garnet valley (garnet valley) (HS girls),2026,2097152
3527,3504,janeanne levenstein,Janeanne Levenstein,1481.6,1461.7,5,1,Goucher (All You Can Eat),goucher (all you can eat),2017,96
3528,3548,isabel simon,ISABEL SIMON,1481.5,1459.8,15,1,Oberlin  (Preying Manti),oberlin (preying manti),2016,96
3529,2983,brenden fischer-femal,Brenden Fischer-Femal,1481.5,1479.5,15,2,Judge Memorial HS (Judge),judge memorial hs (judge) (HS mixed),2017,5242880
3530,3089,bailey parton,Bailey Parton,1481.5,1475.7,5,1,Durham School of the Arts - Riverside High (Salty Dog),durham school of the arts - riverside high (salty dog) (HS),2017,1048576
3531,4742,megan sweas,MEGAN SWEAS,1481.5,1373.5,13,1,Reign,reign (women's),2015,16
3532,3224,matt lafever,Matt LaFever,1481.5,1471.0,5,1,Madison MUFAbots U17B,madison mufabots u17b (YCC-U17),2026,536870912
3533,3225,mercer dilweg,Mercer Dilweg,1481.5,1471.0,5,1,Madison MUFAbots U17B,madison mufabots u17b (YCC-U17),2026,536870912
3534,3164,andrew schanck,Andrew Schanck,1481.4,1473.4,9,1,Jughandle,jughandle (mixed),2014,8
3535,965,daron byerly,Daron Byerly,1481.4,1569.3,19,1,Zero Strategy,zero strategy (mixed),2026,8
3536,1719,josh yira,Josh Yira,1481.4,1524.6,33,1,St Olaf (Vortex),st olaf (vortex),2026,96
3537,3286,daniel blanc,Daniel Blanc,1481.4,1469.3,11,1,Purdue (Undue Ultimate),purdue (undue ultimate),2018,2
3538,3287,trevor kyle,Trevor Kyle,1481.4,1469.3,11,1,Purdue (Undue Ultimate),purdue (undue ultimate),2018,2
3539,2803,evan obregon,Evan Obregon,1481.4,1485.6,18,3,Sun Prairie United - East/West-A (Sun Prairie Ultimate A),sun prairie united - east/west-a (sun prairie ultimate a) (HS),2026,1048576
3540,4167,kalene morozumi,Kalene Morozumi,1481.4,1432.3,37,5,Virginia Vortex,virginia vortex (YCC-U20),2026,605028360
3541,4024,lindsay stith,Lindsay Stith,1481.4,1439.8,6,1,Hustle,hustle (YCC-U20 girls),2017,134217728
3542,4642,benton fletcher,Benton Fletcher,1481.4,1392.2,54,2,Stackcats,stackcats (mixed),2026,40
3543,3906,molly kover,Molly Kover,1481.3,1445.3,5,1,Bard High School Early College (Ultimaidens),bard high school early college (ultimaidens) (HS girls),2019,2097152
3544,3554,andrew ouyang,Andrew Ouyang,1481.3,1459.6,10,1,California-B (ThugMo),california-b (thugmo),2020,2
3545,3555,greg salazar,Greg Salazar,1481.3,1459.6,10,1,California-B (ThugMo),california-b (thugmo),2020,2
3546,4218,valerie willocq,Valerie Willocq,1481.2,1429.7,26,2,BUDA,buda (YCC-U20 girls),2018,134217744
3547,3117,jordan (jay mar) marchetto,Jordan (Jay Mar) Marchetto,1481.2,1475.1,8,1,Georgia-B (Chillydawgs),georgia-b (chillydawgs),2020,2
3548,4162,samuel devine,Samuel DeVine,1481.2,1432.5,8,1,Evanston-JV (Evanston Ultimate Kits),evanston-jv (evanston ultimate kits) (HS),2026,1048576
3549,3940,david gabriel,David Gabriel,1481.2,1444.0,5,1,North Florida (Category 5),north florida (category 5),2026,2
3550,1035,matt lubitz,Matt Lubitz,1481.1,1563.2,66,1,Lehigh (Gravity),lehigh (gravity),2024,96
3551,3840,carmen tormey,Carmen Tormey,1481.1,1448.1,68,8,Triangle Tourists Girls,triangle tourists girls,2024,411041840
3552,4057,james pistrang,James Pistrang,1481.1,1437.6,14,3,Amherst Regional Middle School (ARMS),amherst regional middle school (arms) (MS),2024,9437184
3553,3379,caeden newby,Caeden Newby,1481.0,1466.7,5,1,Oregon -B (Bucks),oregon -b (bucks),2026,2
3554,3380,matthew spadaro,Matthew Spadaro,1481.0,1466.7,5,1,Oregon -B (Bucks),oregon -b (bucks),2026,2
3555,3750,scott stanley,Scott Stanley,1481.0,1452.0,15,2,Bullseye,bullseye (YCC-U20 girls),2026,671088640
3556,4375,spencer norman,Spencer Norman,1481.0,1418.9,16,1,Air Force (Afterburn),air force (afterburn),2022,6
3557,2439,cody mcinnis,Cody McInnis,1481.0,1498.0,13,1,Sprocket,sprocket (mixed),2024,8
3558,3558,erin o'connor,Erin O'Connor,1481.0,1459.5,11,3,Boulder High School (Flower Power),boulder high school (flower power) (HS girls),2024,7340032
3559,3861,chad bowers,Chad Bowers,1481.0,1447.3,5,1,Drury (Drury VooDu),drury (drury voodu),2015,6
3560,3862,matt battaglia,Matt Battaglia,1481.0,1447.3,5,1,Drury (Drury VooDu),drury (drury voodu),2015,6
3561,2783,jason huang,Jason Huang,1481.0,1486.2,36,1,San Jose State (Spartans),san jose state (spartans),2025,2
3562,3241,rebecca chang,REBECCA CHANG,1481.0,1470.7,16,2,DEVYL,devyl (YCC-U20 girls),2017,134217760
3563,3641,james kersten,James Kersten,1480.9,1455.5,11,2,Madison MUFAbots,madison mufabots (YCC-U20 mixed),2015,268435456
3564,1292,nitesh desai,Nitesh Desai,1480.9,1545.7,29,1,Wesleyan (Nietzsch Factor),wesleyan (nietzsch factor),2026,6
3565,4100,dagney cooke,Dagney Cooke,1480.9,1435.6,8,1,Tempo,tempo (women's),2019,16
3566,4862,kyle nelson,Kyle Nelson,1480.9,1330.0,82,7,Minnesota Superior B,minnesota superior b (women's),2023,1210056720
3567,2407,jeffrey harvey,Jeffrey Harvey,1480.9,1499.6,8,1,Buffalo Lake Effect,buffalo lake effect (mixed),2025,8
3568,621,benjamin jelinek,Benjamin Jelinek,1480.8,1603.8,105,1,Colorado College (Wasabi),colorado college (wasabi),2026,7
3569,3041,georges-emile cote,Georges-Emile Cote,1480.8,1477.1,18,1,McGill (MUT),mcgill (mut),2025,2
3570,1594,michael gentile,Michael Gentile,1480.7,1529.9,116,11,Radnor (Radnor Girls Varsity),radnor (radnor girls varsity) (HS girls),2023,404750392
3571,3707,jessica cahoon,Jessica Cahoon,1480.7,1453.2,8,1,Beaumont (Blue Streaks),beaumont (blue streaks) (HS mixed),2026,4194304
3572,1665,matthew kearney,Matthew Kearney,1480.7,1526.5,101,3,Connecticut (UConn Women's Ultimate),connecticut (uconn women's ultimate),2026,34
3573,3687,matt mcmahon,Matt McMahon,1480.7,1453.7,16,3,South Lakes High School (Seahucks),south lakes high school (seahucks) (HS mixed),2022,7340032
3574,2790,alex kaja,Alex Kaja,1480.6,1486.1,12,1,North Carolina School of Science and Mathematics (Science and Math Ultimate Frisbee),north carolina school of science and mathematics (science and math ultimate frisbee) (HS),2016,1048576
3575,2998,sierra barthen,Sierra Barthen,1480.6,1479.0,20,2,Eden Prairie High School (Eagles),eden prairie high school (eagles) (HS girls),2016,136314880
3576,4452,anthony erlandson,Anthony Erlandson,1480.6,1412.7,12,2,Central Catholic High School (Vikings),central catholic high school (vikings) (HS),2018,68157440
3577,3042,benjamin driggs,Benjamin Driggs,1480.6,1477.1,8,1,Viewmont (A) (Viewmont A),viewmont (a) (viewmont a) (HS),2017,1048576
3578,4007,sydney friedman,Sydney Friedman,1480.6,1440.8,5,1,Brooklyn Technical (Brooklyn Disco Tech),brooklyn technical (brooklyn disco tech) (HS girls),2025,2097152
3579,4008,tessa jones,Tessa Jones,1480.6,1440.8,5,1,Brooklyn Technical (Brooklyn Disco Tech),brooklyn technical (brooklyn disco tech) (HS girls),2025,2097152
3580,1223,caleb denecour,Caleb Denecour,1480.6,1549.8,50,2,Surly COUGARS,surly cougars,2019,288
3581,2625,sean charles sommerville,SEAN CHARLES SOMMERVILLE,1480.6,1491.4,16,2,Bear Flaggers,bear flaggers (YCC-U20),2015,68157440
3582,2681,ellen au-yeung,Ellen Au-Yeung,1480.6,1489.6,5,1,British Columbia (Thunderbirds),british columbia (thunderbirds),2020,32
3583,1868,charlie mercer,Charlie Mercer,1480.6,1518.8,31,2,Lights Out,lights out (mixed),2025,8
3584,3139,libby cravens,Libby Cravens,1480.5,1474.4,35,2,Fort Collins Club (Fort Collins AYU Club),fort collins club (fort collins ayu club) (HS),2026,5242880
3585,4598,eric peacock,Eric Peacock,1480.5,1397.7,31,3,Arapahoe High School Boys B (Arapahoe Boys B),arapahoe high school boys b (arapahoe boys b) (HS),2019,5242880
3586,3696,talon johnson,Talon Johnson,1480.5,1453.4,9,1,MOONDOG,moondog (mixed),2025,8
3587,2037,autumn porter,Autumn Porter,1480.5,1512.9,10,1,Lone Peak-D (Lone Peak D),lone peak-d (lone peak d) (HS mixed),2019,4194304
3588,1941,conrad hougen,Conrad Hougen,1480.4,1516.4,58,3,Denver (Hype),denver (hype),2019,32
3589,4025,peter cope,Peter Cope,1480.4,1439.8,5,1,Lincoln-Sudbury Regional (Lincoln-Sudbury Warriors),lincoln-sudbury regional (lincoln-sudbury warriors) (HS girls),2025,2097152
3590,4026,scott macleish,Scott MacLeish,1480.4,1439.8,5,1,Lincoln-Sudbury Regional (Lincoln-Sudbury Warriors),lincoln-sudbury regional (lincoln-sudbury warriors) (HS girls),2025,2097152
3591,2492,brian olsen,Brian Olsen,1480.4,1496.3,33,5,Prior Lake-JV1 (PLUTO JV1),prior lake-jv1 (pluto jv1) (HS),2016,1048576
3592,1858,ellie sjordal,Ellie Sjordal,1480.4,1519.1,6,1,MN Superior,mn superior (YCC-U20 mixed),2018,268435456
3593,3556,david nernberg,David Nernberg,1480.3,1459.6,13,2,Fox Chapel Area (Fox Chapel Foxes),fox chapel area (fox chapel foxes) (HS),2024,1048584
3594,2354,josiah mort,Josiah Mort,1480.3,1501.5,6,1,Atascadero High School (Mud Pit),atascadero high school (mud pit) (HS),2016,1048576
3595,4398,daniel detone,Daniel DeTone,1480.3,1416.9,13,1,Cal State-Long Beach (Pyramid Scheme),cal state-long beach (pyramid scheme),2024,2
3596,4399,miguel hector,Miguel Hector,1480.3,1416.9,13,1,Cal State-Long Beach (Pyramid Scheme),cal state-long beach (pyramid scheme),2024,2
3597,2793,hannah aaron,Hannah Aaron,1480.3,1486.0,5,1,Lindbergh High School (Lady Flyers),lindbergh high school (lady flyers) (HS girls),2022,2097152
3598,3813,julia aspelund,Julia Aspelund,1480.3,1449.3,9,1,Michigan-B (BFLY),michigan-b (bfly),2019,32
3599,3814,melinda cook,Melinda Cook,1480.3,1449.3,9,1,Michigan-B (BFLY),michigan-b (bfly),2019,32
3600,3000,alexandre d'souza,Alexandre D'Souza,1480.3,1478.9,6,1,Toronto Wild,toronto wild (YCC-U17),2019,536870912
3601,3001,derek vigar,Derek Vigar,1480.3,1478.9,6,1,Toronto Wild,toronto wild (YCC-U17),2019,536870912
3602,3002,louie weng,Louie Weng,1480.3,1478.9,6,1,Toronto Wild,toronto wild (YCC-U17),2019,536870912
3603,2848,darrin harris,DARRIN HARRIS,1480.3,1484.1,6,1,Monarch Mixed B (Monarch Mixed B),monarch mixed b (monarch mixed b) (HS mixed),2019,4194304
3604,3244,peter belsito,Peter Belsito,1480.2,1470.5,8,1,Mounds View JV (Mounds View JV ),mounds view jv (mounds view jv ) (HS),2018,1048576
3605,3781,daniel garlock,Daniel Garlock,1480.2,1450.6,5,1,Madison MUFAbots U17B,madison mufabots u17b (YCC-U17),2021,536870912
3606,2170,michael venezia,Michael Venezia,1480.2,1508.1,9,1,Alabama (Yellow Hammer),alabama (yellow hammer),2014,2
3607,2347,alison kidd,Alison Kidd,1480.2,1501.9,11,1,Minnesota Superior U17B,minnesota superior u17b (YCC-U17),2025,536870912
3608,3219,jennifer pashley,Jennifer Pashley,1480.1,1471.2,41,5,El Cerrito (EC GO),el cerrito (ec go) (HS girls),2026,1210056736
3609,3970,jason o'neill,Jason O'Neill,1480.1,1442.7,5,1,Calamity,calamity (mixed),2021,8
3610,3883,angelica boyden,Angelica Boyden,1480.1,1446.3,47,1,Lewis & Clark (Artemis),lewis & clark (artemis),2022,96
3611,4626,jackson stearns,Jackson Stearns,1480.1,1394.4,29,1,California (California-Berkeley),california (california-berkeley),2016,2
3612,3015,aaron thompson,Aaron Thompson,1480.0,1478.5,8,1,Coppell High School (Coppell Ultimate Frisbee),coppell high school (coppell ultimate frisbee) (HS),2023,1048576
3613,3930,eric cooney,Eric Cooney,1480.0,1444.6,9,2,Columbia-JV2 (CHS JVB),columbia-jv2 (chs jvb) (HS),2026,3145728
3614,4447,derek grimm,Derek Grimm,1480.0,1413.1,11,2,Massachusetts (Lady Zoo ),massachusetts (lady zoo ),2021,38
3615,3918,glen anderson,Glen Anderson,1479.9,1445.0,25,4,Tenafly-A (Tiger Ultimate),tenafly-a (tiger ultimate) (MS),2026,13631488
3616,1975,goda raslan,Goda Raslan,1479.9,1515.3,10,1,Pittsburgh-B (High Voltage),pittsburgh-b (high voltage),2019,32
3617,3747,caleigh moore,Caleigh Moore,1479.9,1452.0,10,1,Denver (Hype),denver (hype),2026,32
3618,3418,david pickett,DAVID PICKETT,1479.9,1465.5,16,2,Aragon High School (2016 Disception),aragon high school (2016 disception) (HS),2016,1048576
3619,3362,tyler postema,Tyler Postema,1479.9,1467.3,9,1,Grand Valley (Lakers),grand valley (lakers),2024,32
3620,2509,hector chaidez,Hector Chaidez,1479.8,1495.8,21,2,Edwardsville-JV (Edwardsville JV),edwardsville-jv (edwardsville jv) (HS),2026,1048576
3621,4801,elizabeth gupta-harrison,Elizabeth Gupta-Harrison,1479.8,1358.5,43,2,UCLA-B (UCLA Midas),ucla-b (ucla midas),2025,48
3622,2446,david delorenzo,David Delorenzo,1479.8,1497.8,6,2,Four Rivers Charter School (Four Rivers Boys Middle School),four rivers charter school (four rivers boys middle school) (MS),2024,75497472
3623,3727,leah barlow,Leah Barlow,1479.7,1452.6,57,1,Emory (Luna),emory (luna),2024,32
3624,2876,matthew zawacki,matthew zawacki,1479.7,1483.1,9,1,Amity Regional (Amity Ultimate),amity regional (amity ultimate) (HS),2016,1048576
3625,3062,richard finley,Richard Finley,1479.7,1476.5,45,12,Kirkwood High School 2021 (Kirkwood Pioneers 2019),kirkwood high school 2021 (kirkwood pioneers 2019) (HS girls),2021,3145728
3626,524,claire sharman,Claire Sharman,1479.7,1614.4,20,1,Oregon (Fugue),oregon (fugue),2016,32
3627,4053,jessica brunner,Jessica Brunner,1479.7,1438.0,107,8,DAPPER,dapper,2026,271581217
3628,2521,kenneth auger,Kenneth Auger,1479.6,1495.3,8,2,Lakeville South (Cougars),lakeville south (cougars) (HS),2018,5242880
3629,4496,abagael cheng,Abagael Cheng,1479.6,1408.1,8,2,Fieldston (Fieldston Eagles),fieldston (fieldston eagles) (HS),2025,1048576
3630,3594,joe leibforth,Joe Leibforth,1479.6,1458.0,11,2,Vel Phillips Memorial (Memorial Ultimate),vel phillips memorial (memorial ultimate) (HS),2026,68157440
3631,4320,mya hernandez,Mya Hernandez,1479.6,1422.0,26,4,Michigan Rainbow Connection,michigan rainbow connection (YCC-U20 mixed),2023,271581184
3632,4353,matthew michelson,Matthew Michelson,1479.6,1420.2,8,1,CITYWIDE Special,citywide special,2023,1
3633,3330,allison knight,Allison Knight,1479.6,1468.4,10,2,Centerville HS (2016 Centerville Outsiders),centerville hs (2016 centerville outsiders) (HS),2016,1048576
3634,3331,mark yandrick,MARK YANDRICK,1479.6,1468.4,10,2,Centerville HS (2016 Centerville Outsiders),centerville hs (2016 centerville outsiders) (HS),2016,1048576
3635,3039,chaily derecskey,Chaily Derecskey,1479.5,1477.1,6,1,Colorado Cutthroat U-17 Boys TWO,colorado cutthroat u-17 boys two (YCC-U17),2026,536870912
3636,3040,drew grant,Drew Grant,1479.5,1477.1,6,1,Colorado Cutthroat U-17 Boys TWO,colorado cutthroat u-17 boys two (YCC-U17),2026,536870912
3637,3870,kevin draper,Kevin Draper,1479.5,1446.9,14,1,VETO,veto (women's),2014,16
3638,3987,kara scheu,KARA SCHEU,1479.5,1442.0,5,1,Stanford-B (Stanford Women's B (Petrifly)),stanford-b (stanford women's b (petrifly)),2015,32
3639,4560,rosalind echols,ROSALIND ECHOLS,1479.5,1401.9,12,1,Science Leadership Academy (Rockets),science leadership academy (rockets) (HS girls),2015,2097152
3640,2101,ethan cecchetti,ETHAN CECCHETTI,1479.5,1510.8,5,1,Townies,townies (mixed),2018,8
3641,4594,dana rose,Dana Rose,1479.5,1398.1,11,1,Georgia Tech-B (Wreck B),georgia tech-b (wreck b),2019,32
3642,3237,colleen morton,Colleen Morton,1479.4,1470.8,12,1,Philadelphia Phang,philadelphia phang (YCC-U20 girls),2026,134217728
3643,3208,zubair abdulla,Zubair Abdulla,1479.4,1471.7,50,6,Ozone,ozone (women's),2026,67108883
3644,1433,molly clay,Molly Clay,1479.4,1538.6,71,1,Colorado State (Hell's Belles),colorado state (hell's belles),2020,32
3645,1620,lyra olson,Lyra Olson,1479.4,1529.0,19,1,Shiver,shiver (women's),2025,16
3646,4446,chas busch,Chas Busch,1479.4,1413.3,8,1,Scythe,scythe,2025,1
3647,3118,alex kapiamba,Alex Kapiamba,1479.3,1475.1,5,1,Michigan (Flywheel),michigan (flywheel),2021,32
3648,2462,shira stern,Shira Stern,1479.3,1497.4,8,1,Nathan Hale (Raiders),nathan hale (raiders) (HS girls),2014,2097152
3649,1912,denny porter,DENNY PORTER,1479.3,1517.3,11,1,Ingraham High School (Rams),ingraham high school (rams) (HS),2015,1048576
3650,1913,spencer wilkerson,SPENCER WILKERSON,1479.3,1517.3,11,1,Ingraham High School (Rams),ingraham high school (rams) (HS),2015,1048576
3651,4121,lindsey fallon,Lindsey Fallon,1479.3,1434.8,8,1,Columbus (Frisbaes),columbus (frisbaes) (HS girls),2019,2097152
3652,2752,andrew bogle,Andrew Bogle,1479.3,1487.4,28,3,SUNY-Stony Brook (Panic),suny-stony brook (panic),2022,1048578
3653,2045,bryn martyna,Bryn Martyna,1479.3,1512.5,19,1,Heist,heist (women's),2018,16
3654,3983,zack hunsberger,Zack Hunsberger,1479.2,1442.1,5,1,Shippensburg (Scapegoats),shippensburg (scapegoats),2023,6
3655,3410,jacky chung,Jacky Chung,1479.2,1465.7,18,1,Maryland (Maryland Ultimate),maryland (maryland ultimate),2023,2
3656,3411,ryan low,Ryan Low,1479.2,1465.7,18,1,Maryland (Maryland Ultimate),maryland (maryland ultimate),2023,2
3657,4395,john allums,John Allums,1479.2,1417.4,16,1,Riverside High School (Goon Squad),riverside high school (goon squad) (HS),2016,1048576
3658,2314,tanner boyle,Tanner Boyle,1479.2,1502.9,6,1,Iowa State (ISUC),iowa state (isuc),2021,2
3659,1122,loren schieber,Loren Schieber,1479.1,1556.3,70,1,Kansas (Betty Ultimate),kansas (betty ultimate),2018,32
3660,4570,jackson booth,Jackson Booth,1479.1,1401.1,21,1,Copper Hills-B (CHills),copper hills-b (chills) (HS mixed),2019,4194304
3661,3976,melanie craxton,Melanie Craxton,1479.1,1442.4,7,2,Stanford-B (Stanford Prison Experiment),stanford-b (stanford prison experiment),2017,34
3662,3963,britt grubbs,Britt Grubbs,1479.1,1443.0,10,2,Lebanon-B (Warrior Open B),lebanon-b (warrior open b) (HS),2026,34603008
3663,3271,lucas rugani,Lucas Rugani,1479.1,1469.6,5,1,Carolina Friends (Fighting Quakers),carolina friends (fighting quakers) (HS),2026,1048576
3664,3037,karina cruz,Karina Cruz,1479.1,1477.2,23,3,BUDA U20G,buda u20g (YCC-U20 girls),2026,136314896
3665,4438,brian morrison,Brian Morrison,1479.1,1413.8,20,1,Rutgers-B (Mystery Machine),rutgers-b (mystery machine),2022,2
3666,3296,donovan hugel,Donovan Hugel,1479.1,1469.2,30,5,DEVYL U-20 Open,devyl u-20 open (YCC-U20),2026,69206017
3667,4149,andrew berry,Andrew Berry,1479.0,1433.4,189,3,Mischief,mischief (mixed),2024,41
3668,3153,kathryn peake,Kathryn Peake,1479.0,1473.9,8,2,Somerville (Villens),somerville (villens) (HS girls),2025,2097152
3669,3871,calvin vannoy,Calvin Vannoy,1479.0,1446.8,9,1,Cupcakes,cupcakes (mixed),2026,8
3670,2886,luke frangione,LUKE FRANGIONE,1479.0,1482.7,20,4,Paramus Catholic HS (PARAMUS CATHOLIC),paramus catholic hs (paramus catholic) (HS),2016,3145728
3671,3831,milo korman,Milo Korman,1479.0,1448.4,29,1,Case Western Reserve (Fighting Gobies[A]),case western reserve (fighting gobies[a]),2020,2
3672,3206,elise tardiff,Elise Tardiff,1479.0,1471.8,6,1,Rip Tide,rip tide (YCC-U20 girls),2026,134217728
3673,1193,ben nelson,Ben Nelson,1478.9,1551.5,25,1,Sprout,sprout,2026,1
3674,4166,evan meyers,Evan Meyers,1478.9,1432.4,14,3,Edwardsville-JV (Edwardsville JV),edwardsville-jv (edwardsville jv) (HS),2025,1048576
3675,4228,trevor sawatzky,Trevor Sawatzky,1478.9,1429.2,11,2,Iowa Cornsaw,iowa cornsaw (YCC-U20),2016,68157440
3676,2359,caitlin rugg,Caitlin Rugg,1478.9,1501.2,24,1,UCLA (BLU),ucla (blu),2014,32
3677,3068,alisa li,ALISA LI,1478.8,1476.2,6,1,Philadelphia Forge (Girls),philadelphia forge (girls) (YCC-U20 girls),2017,134217728
3678,1718,nolan benoit,Nolan Benoit,1478.8,1524.6,38,5,Equinox,equinox (YCC-U20 mixed),2026,404750360
3679,3452,radmila dancikova,Radmila Dancikova,1478.8,1464.0,7,1,Caltech (Aftermath),caltech (aftermath),2020,6
3680,1980,kiersten mailler,Kiersten Mailler,1478.8,1515.1,29,1,Phantom,phantom,2022,1
3681,2724,raleke hughes,Raleke Hughes,1478.8,1488.1,17,3,East (Easts United),east (easts united) (HS girls),2026,2097168
3682,3812,michael assaf,Michael Assaf,1478.8,1449.3,8,1,Pine-Richland (Pine-Richland Ultimate),pine-richland (pine-richland ultimate) (HS),2025,1048576
3683,3809,stewart kelley,Stewart Kelley,1478.7,1449.4,16,4,Cape Elizabeth (Cape Ultimate - Open),cape elizabeth (cape ultimate - open) (HS),2026,72351746
3684,3810,tucker livingston,Tucker Livingston,1478.7,1449.4,16,4,Cape Elizabeth (Cape Ultimate - Open),cape elizabeth (cape ultimate - open) (HS),2026,72351746
3685,3709,kevin foster,Kevin Foster,1478.7,1453.1,6,2,Catalyst,catalyst (mixed),2026,12
3686,2717,douglas propp,Douglas Propp,1478.7,1488.5,5,2,Ramaz (Ramaz),ramaz (ramaz) (HS),2025,1048576
3687,3180,scott groux,Scott Groux,1478.6,1472.6,8,2,Utah Swarm U17 Boys,utah swarm u17 boys (YCC-U17),2024,603979776
3688,4730,nicole welch,Nicole Welch,1478.6,1376.1,43,4,Rip Tide,rip tide (YCC-U20 girls),2026,404750344
3689,2569,kelsen alexander,Kelsen Alexander,1478.6,1493.4,35,1,Heist,heist (women's),2019,16
3690,3481,aaron kane,AARON KANE,1478.6,1462.7,6,1,Carnegie Mellon (Mr. Yuk),carnegie mellon (mr. yuk),2014,2
3691,3482,akshay krishnamurthy,Akshay Krishnamurthy,1478.6,1462.7,6,1,Carnegie Mellon (Mr. Yuk),carnegie mellon (mr. yuk),2014,2
3692,3483,nicholas audette,Nicholas Audette,1478.6,1462.7,6,1,Carnegie Mellon (Mr. Yuk),carnegie mellon (mr. yuk),2014,2
3693,3568,maxwell underhill,Maxwell Underhill,1478.6,1459.2,5,1,Oregon High School (Panther Ultimate),oregon high school (panther ultimate) (HS),2024,1048576
3694,2582,matthew shu,Matthew Shu,1478.6,1492.9,84,1,Emory (Emory Juice),emory (emory juice),2026,2
3695,3719,nate olander,Nate Olander,1478.6,1452.9,35,1,Cedarville (Swarm),cedarville (swarm),2026,6
3696,2322,xtehn frame,Xtehn Frame,1478.6,1502.7,25,2,Roosevelt (Rough Riders),roosevelt (rough riders) (HS girls),2015,3145728
3697,3114,ian ambrose,Ian Ambrose,1478.5,1475.2,6,1,North Texas (UNT),north texas (unt),2024,2
3698,3033,taylor williams,Taylor Williams,1478.5,1477.4,6,2,Dark Sky,dark sky (women's),2026,2097168
3699,3648,arlo furst,ARLO FURST,1478.5,1455.1,6,1,The Cambridge School of Weston (Uruk-Hai),the cambridge school of weston (uruk-hai) (HS),2015,1048576
3700,2984,brandyss sherman-hall,Brandyss Sherman-Hall,1478.5,1479.5,22,1,Missouri S&T (Miner Threat),missouri s&t (miner threat),2024,6
3701,2985,michael lahmeyer,Michael Lahmeyer,1478.5,1479.5,22,1,Missouri S&T (Miner Threat),missouri s&t (miner threat),2024,6
3702,2986,ray mauntel,Ray Mauntel,1478.5,1479.5,22,1,Missouri S&T (Miner Threat),missouri s&t (miner threat),2024,6
3703,2290,brynne speizer,BRYNNE SPEIZER,1478.5,1503.8,10,1,Aragon High School (Disception),aragon high school (disception) (HS),2015,1048576
3704,2937,cody hubbard,Cody Hubbard,1478.4,1481.0,28,3,VanDals,vandals (YCC-U17),2026,536870952
3705,2059,phillip korolog,Phillip Korolog,1478.4,1512.0,13,1,Colorado College (Wasabi),colorado college (wasabi),2018,6
3706,2060,sam hale,Sam Hale,1478.4,1512.0,13,1,Colorado College (Wasabi),colorado college (wasabi),2018,6
3707,2909,darius tse,Darius Tse,1478.4,1482.0,94,7,Highland Park  (Bravehearts),highland park (bravehearts) (HS),2022,68157459
3708,3056,luke norby,Luke Norby,1478.4,1476.7,10,2,Texas BBQ,texas bbq,2026,268435457
3709,1999,daniel freedman,Daniel Freedman,1478.3,1514.3,19,3,Treasure Valley Home Schoolers (TVHS) (Almost Angels),treasure valley home schoolers (tvhs) (almost angels) (HS mixed),2019,4194304
3710,1623,patrick cox,PATRICK COX,1478.3,1528.9,14,1,Backhanded,backhanded (women's),2015,16
3711,3954,john nguyen,John Nguyen,1478.3,1443.3,13,2,Amber,amber (mixed),2024,40
3712,2274,ryan woodhouse,Ryan Woodhouse,1478.3,1504.5,63,1,Boston College (Eagles),boston college (eagles),2026,2
3713,1789,victoria graves,Victoria Graves,1478.3,1521.5,24,1,Union (Tennessee) (Jillz),union (tennessee) (jillz),2025,96
3714,3697,tyler berg,Tyler Berg,1478.2,1453.4,18,3,St. Louis Park High School  (St. Louis Park CRUSH),st. louis park high school (st. louis park crush) (HS girls),2024,3145728
3715,3726,juliet bishop,Juliet Bishop,1478.2,1452.6,41,1,Maryland (Helpful Corn),maryland (helpful corn),2025,32
3716,4249,annie koch,Annie Koch,1478.1,1427.8,12,1,Incline,incline (women's),2025,16
3717,4139,dwayne purper,Dwayne Purper,1478.1,1433.8,8,2,Warhawks,warhawks (YCC-U20 girls),2023,134217744
3718,4227,zechariah lin,Zechariah Lin,1478.0,1429.2,16,4,Midtown-JV (Gauntlet JV Boys),midtown-jv (gauntlet jv boys) (HS),2025,1048576
3719,3057,chris van benthuysen,Chris van Benthuysen,1478.0,1476.7,29,2,Latin School of Chicago (Colossus of Latin),latin school of chicago (colossus of latin) (HS),2026,1048576
3720,4140,linda quon,Linda Quon,1478.0,1433.7,6,1,Helix,helix (YCC-U20),2017,67108864
3721,4043,kevin baumann,Kevin Baumann,1478.0,1438.6,56,5,Sabers,sabers (HS mixed),2019,273678344
3722,2794,zachary cole,Zachary Cole,1478.0,1485.9,13,2,Evanston Township High School (Evanston Ultimate),evanston township high school (evanston ultimate) (HS),2024,1048578
3723,3426,jordan barenbaum,JORDAN BARENBAUM,1478.0,1465.2,33,3,Arizona State-B (Pleasure),arizona state-b (pleasure),2020,2
3724,3467,steven smith,Steven Smith,1478.0,1463.4,29,1,Asbury (Asbury Ultimate),asbury (asbury ultimate),2026,6
3725,2633,aaron dunn,Aaron Dunn,1477.9,1491.1,12,2,Texas Tea-A,texas tea-a,2026,1
3726,4573,michael schriefer,Michael Schriefer,1477.9,1400.6,13,2,Southern Connecticut State (Owls Ultimate),southern connecticut state (owls ultimate),2026,2
3727,4230,william hannon,William Hannon,1477.9,1429.1,17,2,Montgomery Bell Academy (MBA) (MBA),montgomery bell academy (mba) (mba) (HS),2026,1048576
3728,2960,sadie jezierski,Sadie Jezierski,1477.9,1480.3,17,4,Seven Hills Bx,seven hills bx,2024,335544330
3729,4686,jessica smith-josling,Jessica Smith-Josling,1477.9,1384.8,12,1,Tempo,tempo (women's),2026,16
3730,3065,larry dean,LARRY DEAN,1477.9,1476.4,6,1,Flying Piglets,flying piglets (YCC-U17),2014,536870912
3731,3582,kate trenerry,Kate Trenerry,1477.8,1458.7,25,1,Grit,grit (women's),2023,16
3732,3884,brittany boyd,Brittany Boyd,1477.8,1446.3,49,5,Minnesota Superior U20G,minnesota superior u20g (YCC-U20 girls),2024,1210056720
3733,3571,julia petro,Julia Petro,1477.8,1459.1,20,2,Yorktown/Washington-Lee (YLee Coyotes),yorktown/washington-lee (ylee coyotes) (HS girls),2017,2097184
3734,2558,dylan corona,Dylan Corona,1477.7,1493.9,5,1,Alameda (Monarchs),alameda (monarchs) (HS),2026,1048576
3735,2559,quinton yap,Quinton Yap,1477.7,1493.9,5,1,Alameda (Monarchs),alameda (monarchs) (HS),2026,1048576
3736,4830,samuel raths,Samuel Raths,1477.7,1347.6,47,5,Minnesota-C (Minnesota C),minnesota-c (minnesota c),2026,1074790402
3737,4039,seth fisher-olvera,Seth Fisher-Olvera,1477.7,1438.9,6,1,Solar Flares,solar flares (YCC-U20 mixed),2024,268435456
3738,4040,vivien marmerstein,Vivien Marmerstein,1477.7,1438.9,6,1,Solar Flares,solar flares (YCC-U20 mixed),2024,268435456
3739,2918,molly schwartz,Molly Schwartz,1477.7,1481.8,12,2,Minnesota Superior U20B,minnesota superior u20b (YCC-U20),2025,67108865
3740,3283,jason weinstein,Jason Weinstein,1477.7,1469.4,5,1,Maplewood Middle School and South Orange Middle School (Columbia Cougars (Middle School)),maplewood middle school and south orange middle school (columbia cougars (middle school)) (HS),2023,1048576
3741,3284,kerry cordero,Kerry Cordero,1477.7,1469.4,5,1,Maplewood Middle School and South Orange Middle School (Columbia Cougars (Middle School)),maplewood middle school and south orange middle school (columbia cougars (middle school)) (HS),2023,1048576
3742,2961,kelly ross,Kelly Ross,1477.6,1480.3,12,3,Jackson Reed (Wilson),jackson reed (wilson) (HS girls),2022,137363456
3743,4169,cale jorgenson,Cale Jorgenson,1477.6,1432.1,9,1,Denver (Sourdough),denver (sourdough),2017,2
3744,3154,jack blair,Jack Blair,1477.6,1473.8,19,1,University School of Nashville (Brutal Grassburn),university school of nashville (brutal grassburn) (HS),2015,1048576
3745,3923,thomas duplaix,Thomas Duplaix,1477.6,1444.8,25,1,Club M - Manic,club m - manic,2025,1
3746,2737,adam hart,ADAM HART,1477.5,1487.7,5,1,Lake Park High School (Empire),lake park high school (empire) (HS),2015,1048576
3747,3938,drew wotton,Drew Wotton,1477.5,1444.1,7,1,COSMOS,cosmos (women's),2025,16
3748,4095,sasha harrison-gunzelman,Sasha Harrison-Gunzelman,1477.5,1435.7,27,3,West HS Mixed B2 (West HS Mixed B2),west hs mixed b2 (west hs mixed b2) (HS mixed),2019,5242880
3749,3054,emily brixey,Emily Brixey,1477.5,1476.7,13,2,East  (Denver East Junior Varsity),east (denver east junior varsity) (HS mixed),2025,5242880
3750,3997,michael lipman,Michael Lipman,1477.5,1441.6,9,2,Stanford-B (Stanford Prison Experiment),stanford-b (stanford prison experiment),2017,34
3751,332,devon terry,Devon Terry,1477.5,1654.7,45,1,Brigham Young (CHI),brigham young (chi),2024,2
3752,3996,catherine smith,Catherine Smith,1477.4,1441.7,13,2,Colorado Mines (Orediggers),colorado mines (orediggers),2025,32
3753,2284,hugh white,Hugh White,1477.3,1504.2,12,1,Rock Canyon (Jaguars),rock canyon (jaguars) (HS),2016,1048576
3754,4171,george foster,George Foster,1477.3,1432.1,11,2,Deadrise,deadrise (YCC-U20),2015,67108865
3755,4361,ella yang,Ella Yang,1477.3,1419.7,9,1,Parkway (Parkway United),parkway (parkway united) (HS girls),2026,2097152
3756,4362,emily timm,Emily Timm,1477.3,1419.7,9,1,Parkway (Parkway United),parkway (parkway united) (HS girls),2026,2097152
3757,4363,mary otten,Mary Otten,1477.3,1419.7,9,1,Parkway (Parkway United),parkway (parkway united) (HS girls),2026,2097152
3758,4872,michael tran,Michael Tran,1477.3,1320.7,83,1,San Diego State (Federales ),san diego state (federales ),2026,2
3759,4728,adam dahlquist,Adam Dahlquist,1477.3,1376.4,15,1,Harvard-B (BRed Line),harvard-b (bred line),2026,2
3760,4729,angus fuori,Angus Fuori,1477.3,1376.4,15,1,Harvard-B (BRed Line),harvard-b (bred line),2026,2
3761,2449,rachel van scoy,Rachel Van Scoy,1477.3,1497.6,5,1,CIVA Charter High School (Raven MadFLX),civa charter high school (raven madflx) (HS mixed),2019,4194304
3762,4718,tom house,Tom House,1477.2,1378.7,76,7,Asheville (Asheville),asheville (asheville) (HS),2026,873463808
3763,1635,michelle walters,Michelle Walters,1477.2,1528.3,19,1,Maeve,maeve (women's),2015,16
3764,2898,cody havens,Cody Havens,1477.2,1482.3,41,1,Tennessee-Chattanooga (Swamp Donkeys),tennessee-chattanooga (swamp donkeys),2026,2
3765,3699,eleanor heil,Eleanor Heil,1477.2,1453.3,17,1,Wakefield Arlington Career Center Yorktown (WACC-Town),wakefield arlington career center yorktown (wacc-town) (HS girls),2026,2097152
3766,3929,cade jones,Cade Jones,1477.2,1444.6,14,1,Georgia Tech-B (Tribe),georgia tech-b (tribe),2026,2
3767,4225,katelyn stavinga,Katelyn Stavinga,1477.1,1429.3,14,1,Franklin Regional (Franklin Regional Ultimate Girls),franklin regional (franklin regional ultimate girls) (HS girls),2018,2097152
3768,3150,chris doehring,Chris Doehring,1477.1,1474.0,6,1,Birds Of Play,birds of play (YCC-U20),2022,67108864
3769,3151,cy toriello,Cy Toriello,1477.1,1474.0,6,1,Birds Of Play,birds of play (YCC-U20),2022,67108864
3770,3152,grant boyd,Grant Boyd,1477.1,1474.0,6,1,Birds Of Play,birds of play (YCC-U20),2022,67108864
3771,3350,jacqueline baer,Jacqueline Baer,1477.0,1467.8,5,1,Hoax,hoax (women's),2017,16
3772,3069,emily stege,Emily Stege,1477.0,1476.1,101,2,Saint Louis (Anarchy),saint louis (anarchy),2022,32
3773,4322,lily eisner,Lily Eisner,1477.0,1421.9,21,2,Third Rail U20 Gx,third rail u20 gx (YCC-U20 girls),2026,134217728
3774,3878,zak waldschmidt,ZAK WALDSCHMIDT,1476.9,1446.6,11,2,DeForest High School  (DeForest ),deforest high school (deforest ) (HS),2017,1048576
3775,3791,kevin habermas,Kevin Habermas,1476.9,1450.2,105,2,Liberty (Flames),liberty (flames),2026,34
3776,3551,charlotte doran,Charlotte Doran,1476.8,1459.7,12,1,Northeastern-B (Valkyries),northeastern-b (valkyries),2023,32
3777,3409,jessica sacks,Jessica Sacks,1476.8,1465.7,5,1,Brooklyn Hive,brooklyn hive (mixed),2026,8
3778,2694,mark mendelevitz,Mark Mendelevitz,1476.7,1489.2,60,2,Florida Tech (Florida Tech Competitive),florida tech (florida tech competitive),2022,6
3779,1749,ronan mai,Ronan Mai,1476.7,1523.3,6,1,Santa Cruz (Santa Cruz Ultimate),santa cruz (santa cruz ultimate) (HS),2026,1048576
3780,3998,michael dixon,Michael Dixon,1476.7,1441.6,9,1,Mason-JV (Green),mason-jv (green) (HS),2026,1048576
3781,3733,jimmy roney,JIMMY RONEY,1476.7,1452.4,5,1,Hucklebears,hucklebears (women's),2022,16
3782,570,jacob saunders,Jacob Saunders,1476.6,1608.9,218,1,Vermont (Chill),vermont (chill),2026,2
3783,3617,olivia hampton,Olivia Hampton,1476.6,1456.9,14,3,Rising Tide U20X,rising tide u20x (YCC-U20 mixed),2025,335544328
3784,3377,connor smith,Connor Smith,1476.6,1466.9,16,1,Miami (UMiami Cartel),miami (umiami cartel),2017,2
3785,2989,andrew boyer,Andrew Boyer,1476.5,1479.4,5,1,Jordan High School B (Jordan Falcons B),jordan high school b (jordan falcons b) (HS),2022,1048576
3786,3355,abby svoboda,Abby Svoboda,1476.5,1467.4,12,2,Compass Montessori (Compass Montessori Unicorns),compass montessori (compass montessori unicorns) (HS mixed),2017,5242880
3787,3356,dillon mcglue,Dillon McGlue,1476.5,1467.4,12,2,Compass Montessori (Compass Montessori Unicorns),compass montessori (compass montessori unicorns) (HS mixed),2017,5242880
3788,3357,ricky silva,Ricky Silva,1476.5,1467.4,12,2,Compass Montessori (Compass Montessori Unicorns),compass montessori (compass montessori unicorns) (HS mixed),2017,5242880
3789,2861,jesse kovacs,Jesse Kovacs,1476.5,1483.6,25,3,Chapel Hill (Chapel Hill Boys Ultimate Frisbee),chapel hill (chapel hill boys ultimate frisbee) (HS),2024,68157440
3790,3517,timothy major,TIMOTHY MAJOR,1476.5,1461.1,22,2,Bishop Hartley High School (Bishop Hartley),bishop hartley high school (bishop hartley) (HS),2015,5242880
3791,3664,rohith rao,Rohith Rao,1476.5,1454.6,10,1,Beacon (Beacon Blue Demons),beacon (beacon blue demons) (HS girls),2026,2097152
3792,4807,elizabeth cravens,Elizabeth Cravens,1476.5,1356.6,41,7,Fort Collins Club (Fort Collins AYU Club),fort collins club (fort collins ayu club) (HS),2023,135266352
3793,164,cameron barton,Cameron Barton,1476.5,1724.9,96,3,Carleton College-Eclipse (Eclipse),carleton college-eclipse (eclipse),2025,112
3794,4352,rebecca ostman,Rebecca Ostman,1476.4,1420.2,8,2,Eastern Michigan (Raging Peacocks),eastern michigan (raging peacocks),2019,32
3795,2947,luisa maria neves,Luisa Maria Neves,1476.4,1480.6,8,1,Vassar (Boxing Nuns),vassar (boxing nuns),2023,96
3796,1208,denver moore,Denver Moore,1476.4,1550.4,33,1,Layton High School-B (Break Force ),layton high school-b (break force ) (HS),2019,1048576
3797,4832,megan kuhfuss golrick,Megan Kuhfuss Golrick,1476.4,1345.9,26,2,Drexel (Flash Point),drexel (flash point),2019,32
3798,2455,brad ashley,Brad Ashley,1476.4,1497.5,24,1,Nebraska (Cornfed Ultimate),nebraska (cornfed ultimate),2020,2
3799,2459,casey vaughn,Casey Vaughn,1476.3,1497.4,18,1,Anthem,anthem (mixed),2025,8
3800,3695,tamar austin,Tamar Austin,1476.3,1453.5,9,1,Cambridge Rindge and Latin (Falcons),cambridge rindge and latin (falcons) (HS girls),2025,2097152
3801,1733,sam berglund,Sam Berglund,1476.3,1524.2,14,3,Dark Sky,dark sky (women's),2026,269484048
3802,3913,hari sridhara,Hari Sridhara,1476.3,1445.2,9,1,rATLers,ratlers (YCC-U17 girls),2026,1073741824
3803,3507,mackenzie magner,Mackenzie Magner,1476.3,1461.4,12,2,Riptide,riptide,2024,1048577
3804,2348,justin principi,Justin Principi,1476.3,1501.8,5,1,Pennsbury (Pennsbury),pennsbury (pennsbury) (HS),2017,1048576
3805,3891,alex harned,Alex Harned,1476.3,1445.9,15,1,Victoria (UVixens),victoria (uvixens),2019,32
3806,3807,barb maloney,Barb Maloney,1476.3,1449.5,34,2,Lexington Catholic High School (LexCath Flying Knights),lexington catholic high school (lexcath flying knights) (HS),2019,269484032
3807,3578,sheila conlan,Sheila Conlan,1476.2,1458.8,6,1,Greely (Cumberland Ultimate),greely (cumberland ultimate) (HS girls),2026,2097152
3808,4275,drew nickels,Drew Nickels,1476.2,1425.9,6,1,Mary Washington (Mother of George),mary washington (mother of george),2024,2
3809,4074,"arielle ""angi","Arielle ""Angi",1476.2,1436.8,34,1,Denver (Sourdough),denver (sourdough),2023,2
3810,4075,"khai"" nelson","Khai"" Nelson",1476.2,1436.8,34,1,Denver (Sourdough),denver (sourdough),2023,2
3811,3314,katie ledoux,Katie Ledoux,1476.2,1468.7,16,2,Rising Tide U20B,rising tide u20b (YCC-U20),2026,68157440
3812,1958,kate thomas,KATE THOMAS,1476.1,1515.8,8,2,Eagan-JV (WUFDA),eagan-jv (wufda) (HS),2015,68157440
3813,3885,david anderson,David Anderson,1476.1,1446.2,7,2,Sacramento Academic and Vocational Academy (SAVA Ultimate),sacramento academic and vocational academy (sava ultimate) (HS),2022,1048578
3814,1823,emily witt,Emily Witt,1476.1,1520.3,10,1,Flood,flood (YCC-U20 mixed),2018,268435456
3815,4055,emily mcguire,Emily McGuire,1476.0,1437.9,11,1,Georgetown (Huckin' Foyas),georgetown (huckin' foyas),2022,32
3816,3043,declan golden,Declan Golden,1476.0,1477.1,6,1,BUDA U17B,buda u17b (YCC-U17),2026,536870912
3817,3044,sam agranat,Sam Agranat,1476.0,1477.1,6,1,BUDA U17B,buda u17b (YCC-U17),2026,536870912
3818,4198,matthew foley,Matthew Foley,1475.9,1430.6,14,2,Muhlenberg (Flying Squirrels),muhlenberg (flying squirrels),2019,6
3819,347,rohre titcomb,Rohre Titcomb,1475.8,1651.6,135,2,Seattle Riot,seattle riot (women's),2022,48
3820,4144,jesse stratton,Jesse Stratton,1475.8,1433.5,38,7,Minnesota Superior U20B,minnesota superior u20b (YCC-U20),2025,202375169
3821,4734,brian story,Brian Story,1475.8,1375.5,44,2,Center Grove High School (Trojans (A)),center grove high school (trojans (a)) (HS),2019,1048576
3822,2966,ryan courtney,Ryan Courtney,1475.7,1480.2,7,1,Utah Valley (Utah Valley Wolverines),utah valley (utah valley wolverines),2018,2
3823,4078,lane niehuser,Lane Niehuser,1475.7,1436.6,14,1,San Diego State (SDSU Gnomes),san diego state (sdsu gnomes),2015,32
3824,2433,steven hutto,Steven Hutto,1475.7,1498.4,22,2,The Classical Academy (Titans Varsity),the classical academy (titans varsity) (HS),2025,1048576
3825,3816,clea poklemba,Clea Poklemba,1475.7,1449.1,12,2,Madison MUFAbots U20X,madison mufabots u20x (YCC-U20 mixed),2021,1342177280
3826,4247,byron fang,Byron Fang,1475.6,1427.8,9,1,Miami (UMiami Vice),miami (umiami vice),2021,2
3827,3953,joseph scott mcnally,Joseph Scott McNally,1475.6,1443.3,16,4,Utah Swarm U20 Boys - D2,utah swarm u20 boys - d2 (YCC-U20),2026,68157441
3828,4091,jack shanahan,Jack Shanahan,1475.6,1435.9,8,1,Nightmare Ultimate Boys U19,nightmare ultimate boys u19 (YCC-U20),2016,67108864
3829,4092,marty markenson,Marty Markenson,1475.6,1435.9,8,1,Nightmare Ultimate Boys U19,nightmare ultimate boys u19 (YCC-U20),2016,67108864
3830,2008,seth martin,Seth Martin,1475.6,1513.9,8,1,Jackson-Reed (JV) (Jackson-Reed JV),jackson-reed (jv) (jackson-reed jv) (HS),2024,1048576
3831,2759,daniel gretsch sr.,DANIEL GRETSCH Sr.,1475.6,1487.2,12,1,Apex High School (Apex High School),apex high school (apex high school) (HS),2016,1048576
3832,1681,james mullmann,James Mullmann,1475.6,1526.2,23,1,Cornell (Buds),cornell (buds),2023,2
3833,4012,amanda lin,Amanda Lin,1475.6,1440.6,5,1,Washington-B (Big Bang),washington-b (big bang),2019,32
3834,3131,erin thompson,ERIN THOMPSON,1475.5,1474.6,24,1,Brookwood (Inferno),brookwood (inferno) (HS girls),2017,2097152
3835,3820,ciaran shaughnessy,Ciaran Shaughnessy,1475.5,1448.8,35,2,Oklahoma State (Ultimato),oklahoma state (ultimato),2025,2
3836,3080,courtney king,Courtney King,1475.5,1475.9,12,1,Arizona (Scorch),arizona (scorch),2021,32
3837,3616,craig howering,Craig Howering,1475.5,1456.9,30,3,Mad City Vibes,mad city vibes (mixed),2024,1048584
3838,3989,jason mickey,Jason Mickey,1475.5,1442.0,15,2,Cincinnati (Cincinnati),cincinnati (cincinnati),2016,32
3839,3941,sam taylor,Sam Taylor,1475.4,1444.0,5,1,East High School B (Denver East Mixed B),east high school b (denver east mixed b) (HS mixed),2019,4194304
3840,4060,jon hsu,JON HSU,1475.3,1437.5,8,1,Capitol Punishment,capitol punishment (mixed),2015,8
3841,4575,teresa feng,Teresa Feng,1475.3,1400.3,48,1,San Diego State (SDSU Gnomes),san diego state (sdsu gnomes),2026,32
3842,3683,becky norling-ruggles,Becky Norling-Ruggles,1475.3,1453.8,9,1,Swarthmore (Warmothers),swarthmore (warmothers),2026,96
3843,2550,andrew geisel,Andrew Geisel,1475.3,1494.2,6,1,Tennessee (Tennessee),tennessee (tennessee),2021,2
3844,599,ashley escobar,Ashley Escobar,1475.2,1606.0,23,2,Seven Hills U20 Mixed,seven hills u20 mixed (YCC-U20 mixed),2025,268435472
3845,3544,aiste guobyte,Aiste Guobyte,1475.2,1459.9,9,1,DePaul (Laser Chains),depaul (laser chains),2020,96
3846,2958,jeffrey laubscher,Jeffrey Laubscher,1475.2,1480.3,9,1,Truman State (JujiTSU),truman state (jujitsu),2026,6
3847,3735,alex guerrero,Alex Guerrero,1475.2,1452.3,11,1,Alabama-Huntsville (Nightmares),alabama-huntsville (nightmares),2025,2
3848,3736,samuel williams,Samuel Williams,1475.2,1452.3,11,1,Alabama-Huntsville (Nightmares),alabama-huntsville (nightmares),2025,2
3849,3732,christopher schultz-davis,Christopher Schultz-Davis,1475.1,1452.4,11,1,Texas Christian (Wrath),texas christian (wrath),2019,32
3850,4552,paul phillips,Paul Phillips,1475.1,1403.1,16,3,Arapahoe High School - Black (Arapahoe Black),arapahoe high school - black (arapahoe black) (HS mixed),2019,5242880
3851,4635,matthew thomas,Matthew Thomas,1475.1,1393.1,38,1,North Carolina School of Science and Math (SMUF),north carolina school of science and math (smuf) (HS),2019,1048576
3852,4497,grete wilt,Grete Wilt,1475.1,1407.8,14,1,Ben Franklin Academy-JV (Storm ),ben franklin academy-jv (storm ) (HS),2017,1048576
3853,4498,hunter martinez,Hunter Martinez,1475.1,1407.8,14,1,Ben Franklin Academy-JV (Storm ),ben franklin academy-jv (storm ) (HS),2017,1048576
3854,3503,layne scherer,Layne Scherer,1475.0,1461.7,83,2,Catholic (Nun Betta),catholic (nun betta),2022,112
3855,3868,kyla waite,Kyla Waite,1475.0,1447.0,8,1,Lane Tech (Lane Tech Ultimate),lane tech (lane tech ultimate) (HS),2026,1048576
3856,2764,izzy pitman,Izzy Pitman,1475.0,1487.0,13,2,Equinox,equinox (YCC-U20 mixed),2026,268435464
3857,3406,desmond staples,Desmond Staples,1475.0,1465.9,9,1,Phoenix,phoenix,2026,1
3858,2974,kayla emrick,Kayla Emrick,1474.9,1479.9,142,8,Pittsburgh (Danger),pittsburgh (danger),2026,402653234
3859,3209,noah martin,Noah Martin,1474.9,1471.6,16,2,Cleveland (Warriors),cleveland (warriors) (HS),2026,5242880
3860,2944,katie bilicki,Katie Bilicki,1474.9,1480.7,13,1,Buffalo Lake Effect,buffalo lake effect (mixed),2026,8
3861,1072,george ehrhardt,George Ehrhardt,1474.8,1560.6,99,7,High Country Homeschoolers (Barefoot in the Park),high country homeschoolers (barefoot in the park) (YCC-U20 girls),2020,137363496
3862,3276,charles eyrich,Charles Eyrich,1474.8,1469.6,18,1,British Columbia (Thunderbirds),british columbia (thunderbirds),2018,2
3863,3912,keenan mckelvey,Keenan McKelvey,1474.8,1445.2,7,1,Green River Swordfish,green river swordfish,2024,1
3864,3550,anna pritchard,Anna Pritchard,1474.8,1459.7,12,1,Whitworth (Bangarang),whitworth (bangarang),2020,6
3865,2025,jacob spiro,Jacob Spiro,1474.8,1513.3,67,5,Madison West-JV1 (Madison West Ultimate),madison west-jv1 (madison west ultimate) (HS),2026,1048592
3866,4348,travis crawford,Travis Crawford,1474.8,1420.2,10,1,Duluth (Wildcats),duluth (wildcats) (HS),2026,1048576
3867,3203,jeffrey brauning,Jeffrey Brauning,1474.7,1471.9,9,1,Columbus Cocktails,columbus cocktails (mixed),2021,8
3868,1602,arianna munro,Arianna Munro,1474.7,1529.6,21,4,Oregon Tide,oregon tide (YCC-U17 girls),2026,1343225856
3869,777,frank nam,Frank Nam,1474.7,1585.0,56,4,Underground,underground (women's),2019,269484048
3870,4555,eric volkmeier,Eric Volkmeier,1474.7,1402.8,27,1,St Thomas (Purple Reign),st thomas (purple reign),2026,6
3871,4556,mitchell allen,Mitchell Allen,1474.7,1402.8,27,1,St Thomas (Purple Reign),st thomas (purple reign),2026,6
3872,4533,brian benge,Brian Benge,1474.6,1404.5,69,2,Wisconsin-Milwaukee (Black Cat),wisconsin-milwaukee (black cat),2025,3
3873,4369,katherine brown,Katherine Brown,1474.6,1419.3,7,1,White Bear Lake Area High School (Girls A),white bear lake area high school (girls a) (HS girls),2015,2097152
3874,1405,kenneth culotta,Kenneth Culotta,1474.6,1540.5,29,2,Maple Grove Senior High  (Floppy Discs ),maple grove senior high (floppy discs ) (HS),2017,68157440
3875,1713,henry argetsinger,Henry Argetsinger,1474.6,1524.7,30,2,California Burrito,california burrito (mixed),2025,10
3876,4563,syed ali,Syed Ali,1474.6,1401.5,12,1,Brooklyn Technical-B (Tech Support B Team),brooklyn technical-b (tech support b team) (HS),2026,1048576
3877,2233,brady hammond,Brady Hammond,1474.5,1505.9,23,2,Baylor (Stonewall),baylor (stonewall),2026,2
3878,3395,elisabeth burdette,Elisabeth Burdette,1474.5,1466.3,8,1,Orem High School-B (Bestia Ultimate (B)),orem high school-b (bestia ultimate (b)) (HS),2017,1048576
3879,3255,cara crouch,Cara Crouch,1474.5,1470.2,27,2,Texas Tango,texas tango (YCC-U20 girls),2019,134217744
3880,3473,brian greenbaum,Brian Greenbaum,1474.5,1463.1,23,2,Vanderbilt (Surge),vanderbilt (surge),2026,32
3881,3474,grace robinson,Grace Robinson,1474.5,1463.1,23,2,Vanderbilt (Surge),vanderbilt (surge),2026,32
3882,3475,rachel barr,Rachel Barr,1474.5,1463.1,23,2,Vanderbilt (Surge),vanderbilt (surge),2026,32
3883,3240,stephen walker,STEPHEN WALKER,1474.5,1470.7,5,1,Minnesota-B (Ugly Duckling),minnesota-b (ugly duckling),2016,2
3884,3741,elizabeth mccullagh,Elizabeth McCullagh,1474.5,1452.1,29,1,Oklahoma State (Ultimato),oklahoma state (ultimato),2025,2
3885,2127,phil brochard,Phil Brochard,1474.5,1509.8,5,1,Albany (Albany Cougars),albany (albany cougars) (HS),2025,1048576
3886,867,jacqueline bourgeois,Jacqueline Bourgeois,1474.5,1576.1,35,1,Wild Card,wild card (mixed),2015,8
3887,4788,dana underwood,Dana Underwood,1474.4,1362.3,15,1,Emory-B (Tuna ),emory-b (tuna ),2023,32
3888,1915,aki ohdera,Aki Ohdera,1474.4,1517.2,20,1,Penn State  (Crisis),penn state (crisis),2016,32
3889,1916,michelle tran,Michelle Tran,1474.4,1517.2,20,1,Penn State  (Crisis),penn state (crisis),2016,32
3890,4066,toshihiro nagase,Toshihiro Nagase,1474.4,1437.3,33,2,Tufts (Elephant Men),tufts (elephant men),2026,3
3891,3982,dante tollefson,Dante Tollefson,1474.4,1442.2,10,2,Copper Hills-B (Copper Hills),copper hills-b (copper hills) (HS),2015,1048576
3892,4219,hales pink,Hales Pink,1474.4,1429.6,11,1,Rochester Chill U20X,rochester chill u20x (YCC-U20 mixed),2024,268435456
3893,3680,guinevere rauch,Guinevere Rauch,1474.4,1453.8,6,1,Philadelphia Pythons,philadelphia pythons (YCC-U17 girls),2025,1073741824
3894,3681,jackie weiss,Jackie Weiss,1474.4,1453.8,6,1,Philadelphia Pythons,philadelphia pythons (YCC-U17 girls),2025,1073741824
3895,3682,olivia steinberg,Olivia Steinberg,1474.4,1453.8,6,1,Philadelphia Pythons,philadelphia pythons (YCC-U17 girls),2025,1073741824
3896,4330,eric peters,Eric Peters,1474.4,1421.3,9,1,Providence (PC Ulty),providence (pc ulty),2026,6
3897,3815,cameron yeoh,Cameron Yeoh,1474.4,1449.2,13,1,Inferno,inferno (women's),2015,16
3898,1538,benjamin kofoed,Benjamin Kofoed,1474.4,1533.0,25,2,Apple Valley High School (Eagles),apple valley high school (eagles) (HS girls),2018,136314880
3899,3463,derek miller,Derek Miller,1474.4,1463.6,14,1,Chico State  (Chico Chicas),chico state (chico chicas),2019,32
3900,3254,deblina datta,Deblina Datta,1474.4,1470.3,7,1,Atlanta International School (AIS Eagles - Boys Varsity),atlanta international school (ais eagles - boys varsity) (HS),2022,1048576
3901,2990,josh goertzen,Josh Goertzen,1474.3,1479.4,20,1,Lafayette (Lafayette Jazz),lafayette (lafayette jazz) (HS),2019,1048576
3902,3518,bryan finney,Bryan Finney,1474.3,1461.1,8,1,Natick High School (Redhawks),natick high school (redhawks) (HS),2016,1048576
3903,4318,isaac chestler,Isaac Chestler,1474.3,1422.1,10,2,Colorado Cutthroat U-20 Boys TWO,colorado cutthroat u-20 boys two (YCC-U20),2026,67108865
3904,4319,mohammud tilmo,Mohammud Tilmo,1474.3,1422.1,10,2,Colorado Cutthroat U-20 Boys TWO,colorado cutthroat u-20 boys two (YCC-U20),2026,67108865
3905,446,samantha salvia,Samantha Salvia,1474.3,1629.1,33,1,Fury,fury (women's),2016,16
3906,4384,"charles ""sifu hotman"" cannon","Charles ""Sifu Hotman"" Cannon",1474.3,1418.5,23,2,Stevens Tech (Stevens Tech),stevens tech (stevens tech),2018,6
3907,3949,simrit khalsa,Simrit Khalsa,1474.2,1443.6,21,1,Arizona (Scorch),arizona (scorch),2016,96
3908,3779,abby ritterband,Abby Ritterband,1474.1,1450.7,14,1,MIT (sMITe),mit (smite),2026,32
3909,3780,susannah byrd,Susannah Byrd,1474.1,1450.6,6,1,Pittsburgh-B (High Voltage),pittsburgh-b (high voltage),2020,32
3910,3909,steven finn,STEVEN FINN,1474.1,1445.3,7,2,Hopkins High School-B (Hopkins Hurt JV Black),hopkins high school-b (hopkins hurt jv black) (HS),2014,68157440
3911,4591,ayuna uemura,Ayuna Uemura,1474.1,1398.6,50,4,Impulse,impulse (YCC-U20),2026,69206025
3912,3633,jeff thomas,JEFF THOMAS,1474.1,1455.9,6,1,Eagan High School-C (WUFDA),eagan high school-c (wufda) (HS),2014,1048576
3913,4529,john higgs,John Higgs,1474.1,1405.1,11,3,Austin Double Trouble,austin double trouble (YCC-U17),2019,542113792
3914,3825,samantha applegate,Samantha Applegate,1474.0,1448.6,14,3,Berkeley High School-Yellow-B (Coup Yellow ),berkeley high school-yellow-b (coup yellow ) (HS),2019,269484032
3915,4334,katelyn bozich,Katelyn Bozich,1474.0,1421.1,12,2,Pittsburgh-B (High Voltage),pittsburgh-b (high voltage),2022,2097184
3916,2180,francis kelley,Francis Kelley,1474.0,1507.8,92,8,East (Easts United),east (easts united) (HS girls),2026,137363472
3917,4052,daniel schultz,Daniel Schultz,1473.9,1438.0,27,3,Knights of Ni,knights of ni,2022,1048583
3918,4615,jaime capron,Jaime Capron,1473.8,1395.9,20,2,Virginia Rebellion,virginia rebellion (women's),2025,48
3919,3632,hannah frank,Hannah Frank,1473.8,1455.9,8,1,Wisconsin-B (Atropa),wisconsin-b (atropa),2017,32
3920,3688,isaiah platt,Isaiah Platt,1473.8,1453.7,6,1,VanDals,vandals (YCC-U17),2026,536870912
3921,3689,luke stipanovic,Luke Stipanovic,1473.8,1453.7,6,1,VanDals,vandals (YCC-U17),2026,536870912
3922,1055,sam harkness,Sam Harkness,1473.8,1562.0,21,1,Sockeye,sockeye,2025,1
3923,3259,hensley sejour,Hensley Sejour,1473.8,1470.1,61,1,Pittsburgh Temper,pittsburgh temper,2024,1
3924,2301,andrew foldesi,Andrew Foldesi,1473.8,1503.4,26,1,Michigan-B (Michigan-B),michigan-b (michigan-b),2019,2
3925,1048,james wolf,James Wolf,1473.7,1562.5,52,5,Hypnosis,hypnosis (YCC-U20 girls),2019,136314912
3926,1630,blaire thomson,Blaire Thomson,1473.7,1528.5,24,1,Catholic (Nun Betta),catholic (nun betta),2019,96
3927,3936,david kopechek,David Kopechek,1473.7,1444.2,25,3,Olentangy Berlin High School (Olentangy Spinners),olentangy berlin high school (olentangy spinners) (HS),2023,3145728
3928,2280,katherine yost,Katherine Yost,1473.6,1504.2,5,1,Norcross High School-JV (Blue Devil Energy),norcross high school-jv (blue devil energy) (HS),2019,1048576
3929,2216,mike bell,Mike Bell,1473.6,1506.5,7,1,Dwight-Englewood (Bulldogs),dwight-englewood (bulldogs) (HS),2015,1048576
3930,3778,jacob graff,Jacob Graff,1473.6,1450.7,9,1,Minnesota-B (Minnesota B),minnesota-b (minnesota b),2025,2
3931,3686,ryan anderson,Ryan Anderson,1473.6,1453.8,26,3,Friends-Baltimore (Friends School of Baltimore),friends-baltimore (friends school of baltimore) (HS),2026,1048576
3932,4797,mariamme burgess,Mariamme Burgess,1473.6,1359.4,54,1,Wake Forest (Ruckus),wake forest (ruckus),2025,32
3933,4870,scott hetu,Scott Hetu,1473.5,1322.6,35,1,Michigan-B (BFLY),michigan-b (bfly),2020,32
3934,3510,justin warrington,JUSTIN WARRINGTON,1473.5,1461.2,9,2,New Hampshire (Sisters of Oriza),new hampshire (sisters of oriza),2015,32
3935,3645,jonah wisch,Jonah Wisch,1473.5,1455.4,18,2,Colorado College (Wasabi),colorado college (wasabi),2019,1048582
3936,4506,corey vaccaro,Corey Vaccaro,1473.5,1407.1,18,1,Marist (Fox Ultimate),marist (fox ultimate),2018,6
3937,4540,michael woolley,Michael Woolley,1473.5,1404.0,63,7,Maeser Prep (Lions),maeser prep (lions) (HS mixed),2019,7340033
3938,4420,melinda alvey,Melinda Alvey,1473.4,1415.5,46,2,Air Force (Kiwi),air force (kiwi),2021,1048672
3939,4765,jacob walsh,Jacob Walsh,1473.4,1368.2,59,2,California-Irvine (Nightlife),california-irvine (nightlife),2026,3
3940,1867,amelia lentz,Amelia Lentz,1473.4,1518.8,34,2,Chicago (Supernova),chicago (supernova),2022,96
3941,480,rebecca perston,Rebecca Perston,1473.4,1622.4,120,1,Portland (UPRoar),portland (uproar),2026,96
3942,3212,noa harnik,Noa Harnik,1473.3,1471.5,5,2,D'Evelyn/Columbine  (Hela),d'evelyn/columbine (hela) (HS girls),2019,6291456
3943,3511,connor myers,Connor Myers,1473.3,1461.2,10,2,Compass Montessori School (Unicorns),compass montessori school (unicorns) (HS),2015,5242880
3944,3512,cristobal abbud,CRISTOBAL ABBUD,1473.3,1461.2,10,2,Compass Montessori School (Unicorns),compass montessori school (unicorns) (HS),2015,5242880
3945,3513,erin casellas,Erin Casellas,1473.3,1461.2,10,2,Compass Montessori School (Unicorns),compass montessori school (unicorns) (HS),2015,5242880
3946,3514,sabine von lersner,Sabine von Lersner,1473.3,1461.2,10,2,Compass Montessori School (Unicorns),compass montessori school (unicorns) (HS),2015,5242880
3947,2536,sam harris,Sam Harris,1473.3,1494.7,40,5,Third Rail U20 Bx,third rail u20 bx (YCC-U20),2025,336592902
3948,3755,sarah lemanski,Sarah Lemanski,1473.2,1451.8,19,1,Pittsburgh-B (High Voltage),pittsburgh-b (high voltage),2018,32
3949,3907,lacie schroeder,Lacie Schroeder,1473.2,1445.3,6,1,Sun Prairie High School (Sun Prairie Girls Ultimate),sun prairie high school (sun prairie girls ultimate) (HS girls),2019,2097152
3950,3937,aileen thomas,Aileen Thomas,1473.2,1444.1,21,5,cATLanta,catlanta (YCC-U20 girls),2019,402653208
3951,4692,pamela kraus,Pamela Kraus,1473.1,1383.4,16,2,Sizzle,sizzle (women's),2019,272
3952,2772,heather wilkerson,Heather Wilkerson,1473.1,1486.7,5,1,Highland Park High School (Las Chupacabras),highland park high school (las chupacabras) (HS),2019,1048576
3953,2917,jacob thress,Jacob Thress,1473.1,1481.8,20,3,Knoxville Grizzlies,knoxville grizzlies (HS),2025,68157440
3954,4645,andy lightcap,Andy Lightcap,1473.1,1392.2,30,3,Atlanta International-Varsity (AIS Eagles - Boys Varsity),atlanta international-varsity (ais eagles - boys varsity) (HS),2026,1048576
3955,3968,allegra johnson mckee,Allegra Johnson McKee,1473.1,1442.7,22,2,Minnesota-B (Minnesota B),minnesota-b (minnesota b),2026,1073741826
3956,3761,christopher strahler,Christopher Strahler,1473.1,1451.5,12,3,Fryeburg Academy (Fryeburg Academy),fryeburg academy (fryeburg academy) (HS),2026,7340032
3957,4123,joseph norby,Joseph Norby,1473.0,1434.6,12,1,Carnegie Mellon (Mr. Yuk),carnegie mellon (mr. yuk),2019,2
3958,2758,austin ambrose,Austin Ambrose,1473.0,1487.2,16,1,Purdue (Undue Ultimate),purdue (undue ultimate),2019,2
3959,2371,austin eilbeck,Austin Eilbeck,1473.0,1501.0,43,2,Grandview Heights High School (Grandview Heights),grandview heights high school (grandview heights) (HS),2019,5242880
3960,3760,joe donovan,Joe Donovan,1473.0,1451.5,6,1,Loyola Blakefield (Loyola Ultimate),loyola blakefield (loyola ultimate) (HS),2026,1048576
3961,4738,darius brown,Darius Brown,1473.0,1374.0,32,4,DCI Dragons (DC International Boys),dci dragons (dc international boys) (HS),2026,3145728
3962,4416,robin maillard,Robin Maillard,1473.0,1415.8,21,1,Pine-Richland (Pine-Richland Ultimate),pine-richland (pine-richland ultimate) (HS),2025,1048576
3963,3714,samuel perreth,Samuel Perreth,1473.0,1453.0,6,2,Corvallis-JV (Force JV),corvallis-jv (force jv) (HS),2026,3145728
3964,2725,tim desilets,Tim Desilets,1473.0,1488.1,7,1,Upper Merion High School (Upper Merion),upper merion high school (upper merion) (HS),2017,1048576
3965,4172,natalie gustafson,Natalie Gustafson,1473.0,1432.1,34,3,Zephyr,zephyr (women's),2025,1048594
3966,4365,dana steinhorst,Dana Steinhorst,1473.0,1419.6,10,1,Maeser Prep (Maeser Prep),maeser prep (maeser prep) (HS girls),2018,2097152
3967,4077,lance shuey,Lance Shuey,1472.9,1436.6,54,5,Compass Montessori - Golden (Compass Montessori Unicorns - Girls),compass montessori - golden (compass montessori unicorns - girls) (HS girls),2026,7340032
3968,4403,kristen pojunis,Kristen Pojunis,1472.9,1416.5,44,1,San Diego State (SDSU Gnomes),san diego state (sdsu gnomes),2026,32
3969,3312,mary rockwell,Mary Rockwell,1472.9,1468.7,15,2,ATLas,atlas (YCC-U17),2021,538968064
3970,2839,luke tierney-trevor,Luke Tierney-Trevor,1472.9,1484.4,5,1,Rising Tide U20B,rising tide u20b (YCC-U20),2026,67108864
3971,2343,devin kosowan,Devin Kosowan,1472.9,1502.0,14,4,Boston College High School -B (BC High sEagle Ultimate),boston college high school -b (bc high seagle ultimate) (HS),2024,1048576
3972,3869,elena betke-brunswick,ELENA BETKE-BRUNSWICK,1472.9,1447.0,6,2,Amherst Regional (JVB) (Amherst Girls JVB),amherst regional (jvb) (amherst girls jvb) (HS girls),2016,2097152
3973,4237,liam mulligan,Liam Mulligan,1472.8,1428.9,11,1,Xavier (B.L.O.B.),xavier (b.l.o.b.),2025,6
3974,4325,zach kieffer,Zach Kieffer,1472.8,1421.7,10,1,Nightmare Ultimate Boys U20,nightmare ultimate boys u20 (YCC-U20),2018,67108864
3975,1235,garrett taylor,Garrett Taylor,1472.8,1548.8,81,2,BARNSTORM,barnstorm,2025,7
3976,3624,kelsey turner,Kelsey Turner,1472.7,1456.4,6,2,Philly Girls Phang,philly girls phang (YCC-U20 girls),2024,134217760
3977,4410,jennifer wu,Jennifer Wu,1472.7,1416.0,7,1,Madison MUFAbots,madison mufabots (YCC-U20 girls),2022,134217728
3978,4411,laura coleman,Laura Coleman,1472.7,1416.0,7,1,Madison MUFAbots,madison mufabots (YCC-U20 girls),2022,134217728
3979,2763,austin kaczmarski,Austin Kaczmarski,1472.7,1487.0,10,1,Verona Area High School (Verona Area Ultimate),verona area high school (verona area ultimate) (HS),2023,1048576
3980,1422,robbie brennan,Robbie Brennan,1472.7,1539.5,27,1,Traffic,traffic (women's),2025,16
3981,3190,elizabeth just,Elizabeth Just,1472.7,1472.3,9,1,Vel Phillips Memorial (Memorial Spartans),vel phillips memorial (memorial spartans) (HS girls),2026,2097152
3982,4280,amy bosch,AMY BOSCH,1472.7,1425.3,9,1,Texas-Arlington  (Texas at Arlington - Yetti),texas-arlington (texas at arlington - yetti),2014,32
3983,3845,sarah zietlow,Sarah Zietlow,1472.6,1447.9,5,1,South Dakota U19 Girls,south dakota u19 girls (YCC-U20 girls),2014,134217728
3984,4180,christian belus,Christian Belus,1472.6,1431.4,18,3,Charlotte Flight,charlotte flight (YCC-U20),2023,68157442
3985,4181,diego collazo,Diego Collazo,1472.6,1431.4,18,3,Charlotte Flight,charlotte flight (YCC-U20),2023,68157442
3986,3896,mei bruist,Mei Bruist,1472.5,1445.6,19,1,Northeastern (Valkyries A),northeastern (valkyries a),2017,32
3987,4577,bob egan,Bob Egan,1472.5,1400.2,23,1,Raleigh Charter High School (PUF),raleigh charter high school (puf) (HS),2018,1048576
3988,4665,qxhna titcomb,Qxhna Titcomb,1472.5,1388.5,32,1,Seattle Mixtape,seattle mixtape (mixed),2026,8
3989,3855,nicholas jennings,Nicholas Jennings,1472.5,1447.6,5,1,Utah Valley University (CHOMP),utah valley university (chomp),2017,2
3990,3076,daniel paoletti,Daniel Paoletti,1472.5,1476.1,7,1,Rat City,rat city (mixed),2022,8
3991,4689,justin fang,Justin Fang,1472.5,1384.0,11,1,Georgetown-B (Georgetown B- Biddin' Foyas),georgetown-b (georgetown b- biddin' foyas),2025,32
3992,4294,olivia woodruff,Olivia Woodruff,1472.5,1424.1,30,3,Rutgers (Rutgers Nightshade),rutgers (rutgers nightshade),2023,134217760
3993,4851,john booth,John Booth,1472.5,1337.2,32,4,Atlanta International School (AIS - Varsity GIrls),atlanta international school (ais - varsity girls) (HS girls),2019,3145728
3994,2686,eric albright,Eric Albright,1472.4,1489.5,54,6,Compass Montessori - Golden (Compass Montessori Unicorns - Girls),compass montessori - golden (compass montessori unicorns - girls) (HS girls),2026,7340032
3995,1652,monty waldron,MONTY WALDRON,1472.4,1527.3,48,2,Nashvillains YCC U19 Open,nashvillains ycc u19 open (YCC-U20),2016,68157440
3996,3233,gregory jositas,Gregory Jositas,1472.3,1470.9,8,1,Southern Connecticut State (Mighty Hucks),southern connecticut state (mighty hucks),2019,2
3997,4400,brittany wright,Brittany Wright,1472.3,1416.7,12,1,Michigan-B (BFLY),michigan-b (bfly),2020,32
3998,4315,zachary weiss,ZACHARY WEISS,1472.3,1422.3,14,1,Classy,classy (mixed),2023,8
3999,3075,mark jaworski,Mark Jaworski,1472.2,1476.1,23,3,Westerville North High School (Westerville North),westerville north high school (westerville north) (HS),2017,5242881
4000,3189,megan gillen,Megan Gillen,1472.2,1472.3,49,1,MIT (sMITe),mit (smite),2026,32
4001,3216,isaac palmer,Isaac Palmer,1472.1,1471.3,14,3,Carolina Sky,carolina sky (YCC-U20),2026,336592896
4002,2553,alec malenfant,Alec Malenfant,1472.1,1494.1,8,1,Great River School-JV (Great River Stars),great river school-jv (great river stars) (HS),2018,1048576
4003,3833,john eppley,John Eppley,1472.0,1448.3,13,3,DJUSD (DYU High School),djusd (dyu high school) (HS),2025,1048576
4004,3232,eric trollinger,Eric Trollinger,1472.0,1470.9,8,1,Georgia Tech-B (Tribe),georgia tech-b (tribe),2025,2
4005,3766,daniel marsh,DANIEL MARSH,1472.0,1451.0,22,2,Compass Montessori (Compass Montessori Unicorns),compass montessori (compass montessori unicorns) (HS mixed),2017,5242880
4006,3822,matty spillum,Matty Spillum,1472.0,1448.7,12,2,Bethel (Bethel Ultimate),bethel (bethel ultimate),2019,524294
4007,4834,brian buck,Brian Buck,1472.0,1345.1,37,2,Boston University (Boston University),boston university (boston university),2017,2
4008,4514,alex morrone,Alex Morrone,1471.9,1406.2,13,1,Connecticut Insomnia,connecticut insomnia (YCC-U20),2016,67108864
4009,4163,aaron weaver,Aaron Weaver,1471.9,1432.5,12,1,Santa Barbara High School (Dunes),santa barbara high school (dunes) (HS),2023,1048576
4010,3385,jesse myers,JESSE MYERS,1471.9,1466.6,13,1,Groove,groove (mixed),2015,8
4011,4700,rachel johnson,Rachel Johnson,1471.8,1381.4,46,4,Minnesota-B (Minnesota B),minnesota-b (minnesota b),2025,2097248
4012,2479,david hoffman,David Hoffman,1471.8,1496.8,183,6,Notre Dame (Papal Rage),notre dame (papal rage),2026,372244482
4013,4604,benjamin eto,Benjamin Eto,1471.8,1397.3,19,2,California-San Diego-B (Air Squids LITE ),california-san diego-b (air squids lite ),2020,2
4014,3386,andrew hu,Andrew Hu,1471.8,1466.6,9,2,Bridgewater Raritan  (Bridgewater Raritan ),bridgewater raritan (bridgewater raritan ) (HS),2023,1048576
4015,3794,katherine li,Katherine Li,1471.8,1450.1,13,3,Carolina Copperhead,carolina copperhead (YCC-U20 mixed),2025,1342177288
4016,2723,marc stuart,Marc Stuart,1471.8,1488.1,7,1,Head Royce School (Jayhawks),head royce school (jayhawks) (HS),2014,1048576
4017,2726,john sands,John Sands,1471.8,1488.0,10,2,Cape Elizabeth (Cape Ultimate - Open),cape elizabeth (cape ultimate - open) (HS),2025,5242880
4018,3971,malia smith,Malia Smith,1471.8,1442.6,13,1,UCLA-B (UCLA Midas),ucla-b (ucla midas),2023,32
4019,3048,mia letterie,Mia Letterie,1471.7,1476.9,21,2,'Shine,'shine (mixed),2022,134217736
4020,3058,steven kolp,Steven Kolp,1471.7,1476.6,45,2,Flying Pig,flying pig (YCC-U20),2022,67108866
4021,3662,joseph forbes,Joseph Forbes,1471.6,1454.7,60,2,Southern California (USC Lockdown),southern california (usc lockdown),2018,2
4022,4200,jack corcoran,Jack Corcoran,1471.6,1430.5,6,1,Nightmare,nightmare (YCC-U17),2022,536870912
4023,3690,jeanette vyhanek,Jeanette Vyhanek,1471.6,1453.6,38,2,Cooper High School (CULT),cooper high school (cult) (HS girls),2017,136314880
4024,4341,helen huang,Helen Huang,1471.6,1420.9,21,1,Michigan-B (BFLY),michigan-b (bfly),2015,32
4025,3532,audrey phillips,Audrey Phillips,1471.5,1460.3,25,4,St. Louis Park High School  (St. Louis Park CRUSH),st. louis park high school (st. louis park crush) (HS girls),2018,136314880
4026,1560,david leder,David Leder,1471.5,1531.5,32,1,Rochester (Piggies),rochester (piggies),2026,6
4027,4350,richard schrishuhn,RICHARD SCHRISHUHN,1471.5,1420.2,10,2,Pritzker College Prep X (Jaguars X),pritzker college prep x (jaguars x) (HS),2015,1048576
4028,4351,steven hull,Steven Hull,1471.5,1420.2,10,2,Pritzker College Prep X (Jaguars X),pritzker college prep x (jaguars x) (HS),2015,1048576
4029,3965,peter freeman,Peter Freeman,1471.5,1442.8,5,2,Nashua High School North (Nashua North Ultimate),nashua high school north (nashua north ultimate) (HS mixed),2017,5242880
4030,3459,christina schueler,Christina Schueler,1471.5,1463.8,5,2,Summit High School (Summit Mixed Varsity),summit high school (summit mixed varsity) (HS mixed),2015,4194304
4031,3679,ben richardson,BEN RICHARDSON,1471.5,1453.9,6,1,Madison West High School -JV (Madison West Ultimate ),madison west high school -jv (madison west ultimate ) (HS),2017,1048576
4032,1693,andrew baginski,Andrew Baginski,1471.4,1525.7,58,6,Hypnosis,hypnosis (YCC-U20 girls),2018,136314912
4033,3300,gunnar heckler,gunnar heckler,1471.4,1469.1,5,2,Neap Tide,neap tide (YCC-U17),2019,536870913
4034,3903,kaci cessna,Kaci Cessna,1471.3,1445.4,7,1,Cutthroat Girls,cutthroat girls (YCC-U20 girls),2015,134217728
4035,4063,wyatt berreman,Wyatt Berreman,1471.3,1437.4,8,3,Berkeley High School Freshman 2-Freshman (Lo Qyu ),berkeley high school freshman 2-freshman (lo qyu ) (HS),2019,1048576
4036,3734,derek fairbanks,Derek Fairbanks,1471.3,1452.4,16,1,Hastings High School (Hastings),hastings high school (hastings) (HS),2016,1048576
4037,4574,ana leon,ANA LEON,1471.3,1400.4,13,1,Emory-B (Tuna ),emory-b (tuna ),2019,32
4038,3915,aaron bass,Aaron Bass,1471.2,1445.0,5,1,Forsyth Central High School (Forsyth Central Intensity),forsyth central high school (forsyth central intensity) (HS),2018,1048576
4039,3916,brian dickey,Brian Dickey,1471.2,1445.0,5,1,Forsyth Central High School (Forsyth Central Intensity),forsyth central high school (forsyth central intensity) (HS),2018,1048576
4040,1697,daniel wickens,Daniel Wickens,1471.2,1525.6,79,3,Fungi,fungi,2026,3
4041,3894,heng tong,Heng Tong,1471.1,1445.7,5,1,Northview High School (Northview Titans),northview high school (northview titans) (HS),2018,1048576
4042,4664,ezekiel (ziggy) nunez,Ezekiel (Ziggy) Nunez,1471.1,1388.6,37,1,Timpview High School-B (Timpview HS),timpview high school-b (timpview hs) (HS),2019,1048576
4043,2606,david wetzel,David Wetzel,1471.1,1491.9,5,1,Spanish Fork High School (Spanish Fork Flyers),spanish fork high school (spanish fork flyers) (HS),2015,1048576
4044,4002,gretchen kiehlbaugh,Gretchen Kiehlbaugh,1471.0,1441.4,12,1,Venom,venom (women's),2022,16
4045,3443,david hauser,David Hauser,1471.0,1464.2,7,1,Decatur High School (DHS Boys' Varsity),decatur high school (dhs boys' varsity) (HS),2019,1048576
4046,3121,gabriel smestad,Gabriel Smestad,1471.0,1474.9,11,1,Rising Tide U20B,rising tide u20b (YCC-U20),2026,67108864
4047,3122,victoria morales,Victoria Morales,1471.0,1474.9,11,1,Rising Tide U20B,rising tide u20b (YCC-U20),2026,67108864
4048,4286,carver westendorff,CARVER WESTENDORFF,1471.0,1425.1,7,2,Georgia Southern (Southern Sirens),georgia southern (southern sirens),2014,34
4049,2206,eric coglianese,Eric Coglianese,1471.0,1506.9,23,1,Ohio State (Leadbelly),ohio state (leadbelly),2024,2
4050,4207,courtney avioli,Courtney Avioli,1470.9,1430.2,8,1,Washington-B (Big Bang),washington-b (big bang),2026,32
4051,4722,nick hunter,Nick Hunter,1470.9,1378.3,23,1,North Florida (Category 5),north florida (category 5),2024,2
4052,3085,nicholas creech,Nicholas Creech,1470.8,1475.8,9,1,Bellarmine (Frisbeasts),bellarmine (frisbeasts) (HS),2018,1048576
4053,3086,paul spitzmueller,Paul Spitzmueller,1470.8,1475.8,9,1,Bellarmine (Frisbeasts),bellarmine (frisbeasts) (HS),2018,1048576
4054,2618,ellis newhouse,Ellis Newhouse,1470.8,1491.6,6,1,Minnesota Superior U17B,minnesota superior u17b (YCC-U17),2025,536870912
4055,2619,leo sovell-fernandez,Leo Sovell-Fernandez,1470.8,1491.6,6,1,Minnesota Superior U17B,minnesota superior u17b (YCC-U17),2025,536870912
4056,4442,daniel koble,Daniel Koble,1470.8,1413.4,43,1,San Diego State (Federales ),san diego state (federales ),2026,2
4057,3004,michael dussault,Michael Dussault,1470.8,1478.9,11,2,Sharon High School (Eagles),sharon high school (eagles) (HS),2024,1048576
4058,2922,frederick muench,Frederick Muench,1470.8,1481.6,10,1,Hastings on Hudson (The Hastings Washington Football Team Ultimate Team),hastings on hudson (the hastings washington football team ultimate team) (HS),2025,1048576
4059,4081,austin do,Austin Do,1470.7,1436.3,6,1,Lake Braddock Secondary School (Bruins),lake braddock secondary school (bruins) (HS mixed),2021,4194304
4060,3591,gary bernard,GARY BERNARD,1470.7,1458.2,14,2,Lincoln-Sudbury Regional High School (Taco Wagon Boys (Season 2016)),lincoln-sudbury regional high school (taco wagon boys (season 2016)) (HS),2016,1048576
4061,2883,ellen mueller,Ellen Mueller,1470.7,1482.7,9,1,American (Dirty Ladies),american (dirty ladies),2026,32
4062,2884,emily kiver,Emily Kiver,1470.7,1482.7,9,1,American (Dirty Ladies),american (dirty ladies),2026,32
4063,4142,alexandra mcmackin,Alexandra McMackin,1470.6,1433.6,6,1,Lafayette High School (Thunder Alley),lafayette high school (thunder alley) (HS),2016,1048576
4064,4267,robert ray,Robert Ray,1470.6,1426.5,18,3,White Bear Lake Area High School (Girls A),white bear lake area high school (girls a) (HS girls),2016,3145728
4065,3842,kevin smith,KEVIN SMITH,1470.6,1448.0,5,1,The Cambridge School of Weston (Uruk-Hai),the cambridge school of weston (uruk-hai) (HS),2016,1048576
4066,4671,kevin baldwin,Kevin Baldwin,1470.6,1387.2,34,4,Fairport (Rochester ),fairport (rochester ) (HS),2025,336592896
4067,3167,cate brandt-fontaine,Cate Brandt-Fontaine,1470.5,1473.3,6,1,Madison MUFAbots U20X,madison mufabots u20x (YCC-U20 mixed),2023,268435456
4068,3783,greg evans,Greg Evans,1470.5,1450.5,5,2,Taylor County High School (Cardinals),taylor county high school (cardinals) (HS),2019,1048576
4069,3340,meghan hawkins,Meghan Hawkins,1470.5,1468.0,17,3,SLC Gorillaz (SLC Gorillaz),slc gorillaz (slc gorillaz) (HS girls),2016,3145728
4070,4191,timothy hebda,Timothy Hebda,1470.5,1431.0,13,2,Cape Elizabeth (Cape Ultimate - Girls),cape elizabeth (cape ultimate - girls) (HS girls),2026,6291456
4071,2630,torsten johnson,Torsten Johnson,1470.5,1491.3,5,2,Northampton High School 2015-JV2 (Blue Devils Ultimate Boys JVB 2015),northampton high school 2015-jv2 (blue devils ultimate boys jvb 2015) (HS),2015,1048576
4072,3279,david wiseman,David Wiseman,1470.5,1469.5,21,3,Madison MUFAbots,madison mufabots (YCC-U20 mixed),2017,268435458
4073,4122,anjile an,Anjile An,1470.5,1434.7,5,1,Columbia-B (Columbia B),columbia-b (columbia b),2020,32
4074,4679,sandy brown,Sandy Brown,1470.4,1386.2,31,2,Denver (Sourdough),denver (sourdough),2024,2
4075,4143,michael taylor,Michael Taylor,1470.4,1433.5,65,1,Central Florida (Dogs of War),central florida (dogs of war),2023,2
4076,2152,josh mayor,Josh Mayor,1470.4,1509.0,24,3,Equi'Knox,equi'knox (YCC-U20 girls),2019,137363456
4077,3165,kevin o'keefe,Kevin O'Keefe,1470.4,1473.4,9,3,Montclair High School -JV (Montclair Geese),montclair high school -jv (montclair geese) (HS mixed),2024,5242880
4078,3946,ryan kelly,Ryan Kelly,1470.4,1443.8,5,1,Capital City Mumbo Sauce,capital city mumbo sauce (YCC-U17),2025,536870912
4079,4373,jacob wigen,Jacob Wigen,1470.3,1418.9,27,1,Oregon State (Beavers),oregon state (beavers),2018,2
4080,3460,lucas kim,Lucas Kim,1470.3,1463.7,21,2,ATLas,atlas (YCC-U17),2026,537919488
4081,4131,matt reardon,MATT REARDON,1470.2,1434.1,6,1,Christian Brother College High School (CBC Ultimate),christian brother college high school (cbc ultimate) (HS),2015,1048576
4082,747,alex ghesquiere,Alex Ghesquiere,1470.2,1589.0,60,3,Vault,vault,2026,25
4083,3738,jeff jordan,Jeff Jordan,1470.2,1452.2,10,2,Coppell High School (Coppell Ultimate Team),coppell high school (coppell ultimate team) (HS),2019,1048576
4084,3657,ron cummings,Ron Cummings,1470.2,1454.8,6,1,Archbishop Carroll (Carroll),archbishop carroll (carroll) (HS),2014,1048576
4085,4192,eric tait,Eric Tait,1470.1,1431.0,6,1,Cedar High School (Cedar Ultimate Team),cedar high school (cedar ultimate team) (HS girls),2015,2097152
4086,3607,joe (peanut) dweck,Joe (Peanut) Dweck,1470.1,1457.3,57,4,Jumbo Slice,jumbo slice (mixed),2025,536870923
4087,4641,galen trexler,Galen Trexler,1470.1,1392.4,29,1,Cal Poly-Humboldt (Humboldt Buds),cal poly-humboldt (humboldt buds),2026,2
4088,3829,bonnie lin,Bonnie Lin,1470.1,1448.4,5,1,Neuqua Valley Girls B -B (eNVy B),neuqua valley girls b -b (envy b) (HS girls),2015,2097152
4089,3671,dane o'brien,Dane O'Brien,1470.1,1454.2,6,1,North Allegheny  (NAGU),north allegheny (nagu) (HS girls),2015,2097152
4090,2557,greg cepuran,Greg Cepuran,1470.1,1493.9,15,1,Minnesota-B (Ugly Duckling),minnesota-b (ugly duckling),2019,2
4091,1030,yara el-khatib,Yara El-Khatib,1470.0,1563.6,22,2,Haverford/Bryn Mawr (Sneetches),haverford/bryn mawr (sneetches),2025,2097248
4092,2705,bill campbell,Bill Campbell,1470.0,1488.9,36,2,Dwight-Englewood (Bulldogs),dwight-englewood (bulldogs) (HS),2026,5242880
4093,4487,jared kobe,Jared Kobe,1470.0,1409.5,8,3,Queen City Fury,queen city fury (HS),2023,137363456
4094,1563,jimmy mickle,Jimmy Mickle,1470.0,1531.4,8,1,Johnny Encore,johnny encore,2021,129
4095,3026,mark wagner,Mark Wagner,1469.9,1477.6,8,2,Belmont High School-JV (Belmont High School JV),belmont high school-jv (belmont high school jv) (HS),2024,1048576
4096,1795,rachel sullivan,Rachel Sullivan,1469.9,1521.3,17,1,Oklahoma Christian (Eagles),oklahoma christian (eagles),2025,6
4097,3032,daniel miller,Daniel Miller,1469.8,1477.4,6,2,Mavericks,mavericks,2023,67108865
4098,4116,mitchell o'connor,Mitchell O'Connor,1469.8,1434.9,19,2,Phoenix,phoenix (women's),2026,18
4099,4418,alexander ogren,Alexander Ogren,1469.8,1415.7,10,1,Caltech (Aftermath),caltech (aftermath),2023,6
4100,3808,aaron declet,Aaron DeClet,1469.7,1449.4,23,3,Chatfield Senior High School - B Team (Chatfield Highest Bidders - B Team),chatfield senior high school - b team (chatfield highest bidders - b team) (HS),2018,5242880
4101,3782,spiro nakos,Spiro Nakos,1469.7,1450.6,26,1,Texas A&M (Stacked),texas a&m (stacked),2016,32
4102,4298,marc kaylor,Marc Kaylor,1469.7,1423.7,74,1,Colorado-B (CUCU),colorado-b (cucu),2024,2
4103,4453,lindsey newell,Lindsey Newell,1469.6,1412.4,13,2,Georgia College (Lynx rufus),georgia college (lynx rufus),2025,102
4104,3601,terence southard,Terence Southard,1469.5,1457.7,13,3,Flying Pig,flying pig (YCC-U20),2018,67108865
4105,3921,robert stasi,Robert Stasi,1469.5,1444.9,7,2,INcognito,incognito (mixed),2017,268435464
4106,3027,carl nelson,Carl Nelson,1469.5,1477.6,49,6,MN Superior,mn superior (YCC-U17),2015,609222656
4107,3656,john stec,John Stec,1469.5,1454.9,22,3,Vel Phillips Memorial (Memorial Ultimate),vel phillips memorial (memorial ultimate) (HS),2026,1048576
4108,2405,richard rostkowski,Richard Rostkowski,1469.4,1499.7,6,1,Concordia Lutheran High School (Crusaders),concordia lutheran high school (crusaders) (HS),2019,1048576
4109,3619,mei-lien converse,Mei-Lien Converse,1469.4,1456.8,11,2,Birds Of Play,birds of play (YCC-U20),2022,68157440
4110,2397,ada wright,Ada Wright,1469.4,1499.9,6,1,Seven Hills U17 Gx,seven hills u17 gx (YCC-U17 girls),2025,1073741824
4111,2398,julien butwin,Julien Butwin,1469.4,1499.9,6,1,Seven Hills U17 Gx,seven hills u17 gx (YCC-U17 girls),2025,1073741824
4112,2399,leina goto,Leina Goto,1469.4,1499.9,6,1,Seven Hills U17 Gx,seven hills u17 gx (YCC-U17 girls),2025,1073741824
4113,4544,eric page,Eric Page,1469.3,1403.7,22,1,Pine Richland High School (Pine Richland Rams),pine richland high school (pine richland rams) (HS girls),2019,2097152
4114,2289,jonathan patterson,Jonathan Patterson,1469.3,1503.9,27,1,Littleton High School (LION ULTIMATE),littleton high school (lion ultimate) (HS),2017,1048576
4115,3886,angelina ferrari,Angelina Ferrari,1469.3,1446.1,5,1,Frostbite,frostbite (YCC-U20),2021,67108864
4116,3091,david gest,David Gest,1469.3,1475.7,9,1,Abington Friends (Abington Friends Ultimate GNB),abington friends (abington friends ultimate gnb) (HS girls),2026,2097152
4117,3092,tina yen,Tina Yen,1469.3,1475.7,9,1,Abington Friends (Abington Friends Ultimate GNB),abington friends (abington friends ultimate gnb) (HS girls),2026,2097152
4118,4037,"jonathan ""the blind bandit"" stirk","Jonathan ""The Blind Bandit"" Stirk",1469.2,1439.1,53,1,Colorado-B (CUCU),colorado-b (cucu),2023,2
4119,4135,joe sobansky,Joe Sobansky,1469.2,1433.9,9,3,Lago de Fuego,lago de fuego,2016,11
4120,4749,cara murray,Cara Murray,1469.1,1372.0,35,1,Maryland Blackout,maryland blackout (YCC-U20 mixed),2026,268435456
4121,4321,sean agniel,Sean Agniel,1469.1,1421.9,42,6,St Louis Storm U20B,st louis storm u20b (YCC-U20),2026,605028352
4122,3873,kenzie weed,Kenzie Weed,1469.1,1446.7,5,1,Regis Jesuit High School (Regis Jesuit Ultimate),regis jesuit high school (regis jesuit ultimate) (HS mixed),2017,4194304
4123,2412,thomas maroon,Thomas Maroon,1469.1,1499.3,10,1,Masterman (Centaurs),masterman (centaurs) (HS girls),2023,2097152
4124,4747,lisi lohre,Lisi Lohre,1469.1,1372.4,26,4,School Without Walls X (Flightless Bird Squad),school without walls x (flightless bird squad) (HS girls),2026,203423745
4125,4187,michael farnham,Michael Farnham,1469.1,1431.3,11,1,PARLAY,parlay,2026,1
4126,2253,kevin pignone,Kevin Pignone,1469.0,1505.3,46,3,North Carolina (Darkside),north carolina (darkside),2026,68157442
4127,3261,meredith leahy,Meredith Leahy,1469.0,1470.0,15,2,cATLanta,catlanta (YCC-U20 girls),2026,134217744
4128,3535,david bohrer,David Bohrer,1469.0,1460.1,9,1,Livingston (Livingston Green Inferno),livingston (livingston green inferno) (HS),2026,1048576
4129,3536,jason lerner,Jason Lerner,1469.0,1460.1,9,1,Livingston (Livingston Green Inferno),livingston (livingston green inferno) (HS),2026,1048576
4130,2599,laurie clarke,Laurie Clarke,1469.0,1492.2,27,4,Decatur-JV (Decatur High School JV),decatur-jv (decatur high school jv) (HS girls),2026,2097152
4131,4468,lee jensen,Lee Jensen,1469.0,1411.6,27,7,Salt and Surf,salt and surf (YCC-U17 girls),2025,1249902592
4132,2503,anne-elise olsen,Anne-Elise Olsen,1469.0,1495.9,57,1,Amherst (Sparkle Motion),amherst (sparkle motion),2018,96
4133,4058,soren turner,Soren Turner,1469.0,1437.6,6,1,Widefield High School-B (Gladiators),widefield high school-b (gladiators) (HS),2016,1048576
4134,4302,david luebke,David Luebke,1468.9,1423.4,21,5,CUDO U20 Youth Club,cudo u20 youth club (HS),2026,72351745
4135,3445,daniel mumma,Daniel Mumma,1468.9,1464.2,5,1,Sanderson High School  (Spartans),sanderson high school (spartans) (HS),2014,1048576
4136,3446,john kenline,John Kenline,1468.9,1464.2,5,1,Sanderson High School  (Spartans),sanderson high school (spartans) (HS),2014,1048576
4137,3447,scott mouw,Scott Mouw,1468.9,1464.2,5,1,Sanderson High School  (Spartans),sanderson high school (spartans) (HS),2014,1048576
4138,3448,stephen beck,Stephen Beck,1468.9,1464.2,5,1,Sanderson High School  (Spartans),sanderson high school (spartans) (HS),2014,1048576
4139,4676,david shapiro,David Shapiro,1468.9,1386.8,89,2,Masterman (Centaurs),masterman (centaurs) (HS girls),2025,3145728
4140,3376,michelle landis,Michelle Landis,1468.8,1466.9,54,1,Rice (Torque),rice (torque),2022,96
4141,3177,daniel rowan,Daniel Rowan,1468.7,1472.8,6,1,SPASH (SPASH Panthers),spash (spash panthers) (HS),2017,1048576
4142,3007,geoffrey zheng,Geoffrey Zheng,1468.7,1478.6,5,1,Stuyvesant (Sticky Fingers ),stuyvesant (sticky fingers ) (HS),2026,1048576
4143,3008,henry lin,Henry Lin,1468.7,1478.6,5,1,Stuyvesant (Sticky Fingers ),stuyvesant (sticky fingers ) (HS),2026,1048576
4144,3009,leo xiao,Leo Xiao,1468.7,1478.6,5,1,Stuyvesant (Sticky Fingers ),stuyvesant (sticky fingers ) (HS),2026,1048576
4145,4545,patrick moran,PATRICK MORAN,1468.6,1403.6,10,2,American-B (Booty Brown ),american-b (booty brown ),2019,2
4146,3148,kyle vezina,Kyle Vezina,1468.6,1474.1,10,1,Rogue,rogue (YCC-U20 girls),2022,134217728
4147,2965,tanner coleman,Tanner Coleman,1468.6,1480.2,9,1,Lost Boys,lost boys,2019,1
4148,4133,jt taylor,JT Taylor,1468.6,1434.0,25,7,Mead High (Longmont/Mead High Combo),mead high (longmont/mead high combo) (HS mixed),2025,5242888
4149,4491,sarah pesch,Sarah Pesch,1468.5,1408.6,40,1,Colorado State (Hell's Belles),colorado state (hell's belles),2019,32
4150,3623,ethan saeta,Ethan Saeta,1468.5,1456.6,7,2,Fairview (Fairview Mixed B),fairview (fairview mixed b) (HS mixed),2024,5242880
4151,4376,brendon mersincavage,Brendon Mersincavage,1468.5,1418.7,11,1,Western New England (Golden Bears),western new england (golden bears),2026,6
4152,4377,joshua gill,Joshua Gill,1468.5,1418.7,11,1,Western New England (Golden Bears),western new england (golden bears),2026,6
4153,2351,arthur small,Arthur Small,1468.5,1501.6,74,2,Butler (Butler Big Dog),butler (butler big dog),2026,6
4154,4443,trevor knechtel,Trevor Knechtel,1468.4,1413.4,19,1,Victoria (UVixens),victoria (uvixens),2020,32
4155,4804,adam sherberg,Adam Sherberg,1468.4,1357.0,69,9,St Louis Storm U20G,st louis storm u20g (YCC-U20 girls),2026,137363472
4156,4586,mike mcgovern,Mike McGovern,1468.3,1399.5,12,2,St. Francis DeSales High School (St. Francis DeSales),st. francis desales high school (st. francis desales) (HS),2015,5242880
4157,4389,andrew hilliard,Andrew Hilliard,1468.3,1418.2,17,3,Truman State (JujiTSU),truman state (jujitsu),2026,603979782
4158,4798,andrew barczak,Andrew Barczak,1468.3,1359.3,22,1,Temple  (TUF),temple (tuf),2026,32
4159,4437,darrell cheu,Darrell Cheu,1468.2,1414.1,14,1,Purdue-B (CTRL-Z),purdue-b (ctrl-z),2023,6
4160,4221,matthew turiano,Matthew Turiano,1468.2,1429.5,20,3,Acton-Boxborough (Renegade),acton-boxborough (renegade) (HS girls),2017,3145728
4161,4086,jack slevin,Jack Slevin,1468.2,1436.1,12,1,Pulse,pulse (YCC-U17),2016,536870912
4162,4622,mei hecht,Mei Hecht,1468.2,1395.5,24,3,Boulder (Flower Power),boulder (flower power) (HS girls),2026,6291456
4163,2511,alexander knock,Alexander Knock,1468.1,1495.8,12,1,Utah Swarm U17 Boys,utah swarm u17 boys (YCC-U17),2023,536870912
4164,4236,andrew clegg,Andrew Clegg,1468.1,1428.9,7,1,Lucky PuNCs,lucky puncs (YCC-U17),2023,536870912
4165,914,daniel young,Daniel Young,1468.1,1572.8,96,2,Portland (UPRoar),portland (uproar),2026,98
4166,2766,michael harr,Michael Harr,1468.1,1486.9,5,1,Kentucky Khaos,kentucky khaos (YCC-U20),2023,67108864
4167,4183,manuel fergus,Manuel Fergus,1468.0,1431.4,6,1,NY Swipes,ny swipes (mixed),2025,8
4168,3456,ryan reinhart,Ryan Reinhart,1468.0,1463.9,14,2,Westlake-Varsity (Acton Westlake Ultimate),westlake-varsity (acton westlake ultimate) (HS),2025,1048576
4169,4038,april flore,April Flore,1468.0,1439.1,14,2,New Hampshire (Sisters of Oriza),new hampshire (sisters of oriza),2016,32
4170,3449,cameron albin,Cameron Albin,1467.9,1464.2,7,1,Texas Christian (High Noon),texas christian (high noon),2022,2
4171,3450,willy goal,Willy Goal,1467.9,1464.2,7,1,Texas Christian (High Noon),texas christian (high noon),2022,2
4172,4656,alec hirschauer,Alec Hirschauer,1467.9,1390.2,29,1,Maryland Blackout,maryland blackout (YCC-U20 mixed),2026,268435456
4173,4150,george summers,George Summers,1467.9,1433.2,11,1,Bullet,bullet,2019,1
4174,4113,kelly wojtan,Kelly Wojtan,1467.9,1435.0,14,3,Philadelphia Phang,philadelphia phang (YCC-U20 girls),2025,134217824
4175,4216,chris brackbill,Chris Brackbill,1467.8,1429.9,78,3,Space Force,space force (mixed),2026,9
4176,4814,julianna gohman,Julianna Gohman,1467.8,1354.4,28,5,Virginia Valkyrie,virginia valkyrie (YCC-U20 girls),2025,141557760
4177,4112,matthew wykle,Matthew Wykle,1467.8,1435.1,15,2,McFarland (McFarland Spartans),mcfarland (mcfarland spartans) (HS),2026,1048576
4178,2843,paul starkel,Paul Starkel,1467.8,1484.3,13,1,Texas State (Buckets),texas state (buckets),2018,2
4179,4329,michael green,Michael Green,1467.7,1421.4,22,1,Florida State-B (DUF Lite),florida state-b (duf lite),2017,2
4180,3013,sam schultz,Sam Schultz,1467.7,1478.5,15,2,Bethesda-Chevy Chase (B-CC Barons),bethesda-chevy chase (b-cc barons) (HS),2025,1048584
4181,2520,andrew curry,Andrew Curry,1467.7,1495.3,14,1,Kansas City Smokestack,kansas city smokestack,2026,1
4182,3668,nick heckman,Nick Heckman,1467.7,1454.3,53,1,NOISE,noise (mixed),2018,8
4183,4289,justinne guarin,Justinne Guarin,1467.7,1425.0,11,1,BUDA U17 Girls,buda u17 girls (YCC-U17 girls),2018,1073741824
4184,4146,brian herrmann,BRIAN HERRMANN,1467.7,1433.5,6,1,Lake Zurich (Viper),lake zurich (viper) (HS),2016,1048576
4185,4827,erin wiltgen,Erin Wiltgen,1467.6,1350.4,16,1,North Carolina School of Science and Mathematics (Science and Math Ultimate Girls (SMUG)),north carolina school of science and mathematics (science and math ultimate girls (smug)) (HS girls),2015,2097152
4186,4327,abigail henderson,Abigail Henderson,1467.6,1421.7,16,1,Swarthmore (Warmothers),swarthmore (warmothers),2018,96
4187,4547,mina kim,Mina Kim,1467.6,1403.4,33,5,Foggy Bottom Boys,foggy bottom boys (YCC-U20),2026,1140850689
4188,4064,marc seraglia,Marc Seraglia,1467.5,1437.4,73,2,Furious George,furious george,2017,3
4189,1311,cole moore,Cole Moore,1467.4,1545.2,43,2,Bowdoin (Clown),bowdoin (clown),2026,1048582
4190,2572,megumi matsushita,MEGUMI MATSUSHITA,1467.4,1493.2,34,1,Carnegie Mellon (Money Mellons),carnegie mellon (money mellons),2017,32
4191,2578,andrew theiss,Andrew Theiss,1467.3,1493.0,57,4,Rival,rival (women's),2017,5242904
4192,3711,syrus amedore,Syrus Amedore,1467.3,1453.1,21,3,Green Mountain Mixed (GMX),green mountain mixed (gmx) (YCC-U20 mixed),2015,269484040
4193,3817,simon charette,Simon Charette,1467.2,1449.0,14,1,Club M - Manic,club m - manic,2025,1
4194,3677,denis agniel,Denis Agniel,1467.2,1454.0,28,1,Wild Card,wild card (mixed),2016,8
4195,3559,ashleigh jentilet,Ashleigh Jentilet,1467.2,1459.4,7,1,Maryland-Baltimore County (Shazam),maryland-baltimore county (shazam),2021,32
4196,3560,elias white,Elias White,1467.2,1459.4,7,1,Maryland-Baltimore County (Shazam),maryland-baltimore county (shazam),2021,32
4197,3561,simeon lee,Simeon Lee,1467.2,1459.4,7,1,Maryland-Baltimore County (Shazam),maryland-baltimore county (shazam),2021,32
4198,3301,ben nye,Ben Nye,1467.1,1469.0,19,1,Swarthmore (Earthworms),swarthmore (earthworms),2017,6
4199,3188,sara nolan,Sara Nolan,1467.1,1472.4,13,2,El Cerrito High School (GO),el cerrito high school (go) (HS girls),2019,3145728
4200,3351,brandon pedersen,Brandon Pedersen,1467.1,1467.8,12,2,Utah Valley (Utah Valley Wolverines),utah valley (utah valley wolverines),2018,1048578
4201,4847,chad hobson,Chad Hobson,1467.0,1338.0,36,4,Hayride,hayride (women's),2024,68157456
4202,4212,ryan johnson,Ryan Johnson,1467.0,1430.0,21,2,Jordan High School-B (Jordan Mixed B Team),jordan high school-b (jordan mixed b team) (HS mixed),2016,4194304
4203,4511,laura perkins,Laura Perkins,1467.0,1406.6,9,1,Shadowbox,shadowbox (women's),2014,16
4204,4712,ryan bell,Ryan Bell,1466.9,1380.0,11,1,Mars Hill (Passive Fist),mars hill (passive fist),2018,4
4205,4658,lizzie tilden,Lizzie Tilden,1466.9,1389.7,52,4,Lounar,lounar,2026,269484065
4206,3742,brooke turner,Brooke Turner,1466.8,1452.1,6,2,Virginia Valkyrie,virginia valkyrie (YCC-U20 girls),2026,134217744
4207,4385,jason sutter,Jason Sutter,1466.8,1418.4,8,1,Boise Ultimate Flyway,boise ultimate flyway (YCC-U15),2018,4294967296
4208,3675,melissa (missy) davey,Melissa (Missy) Davey,1466.7,1454.1,23,1,Crackle,crackle (women's),2018,16
4209,1441,sam pfeifer,Sam Pfeifer,1466.7,1538.3,17,1,Colorado College (Wasabi),colorado college (wasabi),2022,6
4210,4708,gregory thomas,Gregory Thomas,1466.7,1380.9,18,2,Central Catholic High School (Vikings),central catholic high school (vikings) (HS),2023,68157440
4211,4518,alex cox,Alex Cox,1466.7,1406.0,11,1,SUNY-Binghamton-B (SUNY-Binghamton B),suny-binghamton-b (suny-binghamton b),2022,2
4212,4519,christopher latourette,Christopher LaTourette,1466.7,1406.0,11,1,SUNY-Binghamton-B (SUNY-Binghamton B),suny-binghamton-b (suny-binghamton b),2022,2
4213,4235,russell heitman,Russell Heitman,1466.7,1428.9,11,3,Great River School-JV (Great River Stars),great river school-jv (great river stars) (HS),2017,68157440
4214,4489,liam shramko,Liam Shramko,1466.7,1409.0,49,4,No Touching!,no touching! (mixed),2019,70254600
4215,3702,yvonne cheng,Yvonne Cheng,1466.5,1453.2,7,1,San Jose State (Spartans),san jose state (spartans),2023,2
4216,2885,torre hargett,Torre Hargett,1466.5,1482.7,67,3,Tennessee-Chattanooga (Swamp Donkeys),tennessee-chattanooga (swamp donkeys),2018,3
4217,4293,alice emch,Alice Emch,1466.4,1424.1,8,1,Virginia Valkyrie,virginia valkyrie (YCC-U20 girls),2025,134217728
4218,3412,michael-john van rhyn,Michael-John van Rhyn,1466.4,1465.6,5,3,Montclair Middle-A (Montclair Middle School Ultimate ),montclair middle-a (montclair middle school ultimate ) (MS),2026,9437184
4219,455,allan laviolette,Allan Laviolette,1466.3,1627.2,48,2,North Carolina (Pleiades),north carolina (pleiades),2022,33
4220,1757,shayna brock,Shayna Brock,1466.2,1522.9,88,3,Colorado College (Zenith),colorado college (zenith),2026,67108962
4221,3477,kaleigh bozzo,Kaleigh Bozzo,1466.1,1463.0,23,1,Boston College (Boston College),boston college (boston college),2024,32
4222,2935,theo shapinsky,Theo Shapinsky,1466.1,1481.1,5,1,Capitol Heights,capitol heights (YCC-U17),2025,536870912
4223,3321,kevin ruda,Kevin Ruda,1466.1,1468.6,11,1,St. Louis Park High School  (St. Louis Park CRUSH),st. louis park high school (st. louis park crush) (HS girls),2023,2097152
4224,4020,cassandra wong,Cassandra Wong,1466.1,1440.2,22,2,NYU (NYU Violet Femmes),nyu (nyu violet femmes),2020,32
4225,4652,ari hillman,Ari Hillman,1466.0,1390.7,31,3,Edina High School-JV (Edina Ultimate JV GOLD),edina high school-jv (edina ultimate jv gold) (HS),2018,537919488
4226,3478,nikolas radey,Nikolas Radey,1465.9,1462.9,9,2,El Cerrito High School (EC HUC),el cerrito high school (ec huc) (HS),2018,1048576
4227,4211,jordan meilstrup,Jordan Meilstrup,1465.9,1430.0,9,1,Lebanon-B (Warrior Open B),lebanon-b (warrior open b) (HS),2026,1048576
4228,3245,sora akiyoshi,Sora Akiyoshi,1465.9,1470.5,15,3,Third Rail Youth Ultimate (TRYU),third rail youth ultimate (tryu) (YCC-U20 girls),2021,137363456
4229,4326,anthony zasada,Anthony Zasada,1465.8,1421.7,19,1,Southern California (USC Lockdown),southern california (usc lockdown),2023,2
4230,2993,noel holmes,Noel Holmes,1465.8,1479.2,8,1,Vanderbilt (VUDU),vanderbilt (vudu),2018,32
4231,4027,talung chien,Talung Chien,1465.8,1439.7,10,1,West Windsor-Plainsboro HS North (Knights),west windsor-plainsboro hs north (knights) (HS),2016,1048576
4232,4802,ryan mehaffey,Ryan Mehaffey,1465.8,1358.1,58,6,Chatfield Senior High School - A Team (Chatfield Highest Bidders - A Team Boys),chatfield senior high school - a team (chatfield highest bidders - a team boys) (HS),2019,5242880
4233,3630,richard boyle,Richard Boyle,1465.7,1456.1,22,5,H-B Woodlawn Secondary Program (H-B Open),h-b woodlawn secondary program (h-b open) (HS),2022,5242880
4234,4869,alyssa kelly,Alyssa Kelly,1465.7,1323.5,27,2,Seattle (Throbots),seattle (throbots),2026,112
4235,4644,rebekah coenen,Rebekah Coenen,1465.7,1392.2,10,1,Drake (iBex),drake (ibex),2019,96
4236,4610,lucas johnson,Lucas Johnson,1465.7,1396.5,36,3,Scoop,scoop,2025,23
4237,4145,david yi,David Yi,1465.7,1433.5,6,1,Rochester Chill U20B,rochester chill u20b (YCC-U20),2022,67108864
4238,2755,carolina brusch,Carolina Brusch,1465.6,1487.2,6,1,James Madison High School (MadLUV) (Madison),james madison high school (madluv) (madison) (HS girls),2024,2097152
4239,2232,michael fritz,Michael Fritz,1465.6,1505.9,16,2,Parkway United (Parkway United),parkway united (parkway united) (HS),2019,1048576
4240,2800,robin stewart-demartino,Robin Stewart-Demartino,1465.6,1485.8,134,3,Amherst (Army of Darkness),amherst (army of darkness),2026,102
4241,4372,derek ketterer,Derek Ketterer,1465.6,1419.2,8,1,Apex Ultimate Frisbee (Apex),apex ultimate frisbee (apex) (YCC-U20),2022,67108864
4242,3485,derek raynor,DEREK RAYNOR,1465.5,1462.6,18,1,Davis High School (Davis),davis high school (davis) (HS),2017,1048576
4243,3879,logan stone,Logan Stone,1465.5,1446.5,20,1,Alibi,alibi,2026,1
4244,3198,cat belnap,Cat Belnap,1465.5,1472.0,8,1,Nampa Ultimate Frisbee (Nampa),nampa ultimate frisbee (nampa) (HS mixed),2019,4194304
4245,4262,meredith duffy,Meredith Duffy,1465.5,1426.6,64,1,MIT (sMITe),mit (smite),2026,32
4246,4528,miles gilbert,Miles Gilbert,1465.5,1405.2,26,4,Boulder (The Wave (Open)),boulder (the wave (open)) (HS),2026,5242880
4247,4486,caroline petrozzo,Caroline Petrozzo,1465.4,1409.5,12,1,Siena (Siena Saints),siena (siena saints),2023,6
4248,3826,alex python,Alex Python,1465.4,1448.5,21,1,Ithaca (Nawshus Ultimate),ithaca (nawshus ultimate),2026,6
4249,4295,ryan messersmith,Ryan Messersmith,1465.4,1424.1,28,1,Santa Clara (SCAB),santa clara (scab),2024,2
4250,4508,gretchen pohl,Gretchen Pohl,1465.4,1406.9,12,1,Fort Collins Club (Fort Collins AYU Club),fort collins club (fort collins ayu club) (HS),2026,1048576
4251,4165,caleb stanek,Caleb Stanek,1465.4,1432.4,10,1,Montana (Smokejump),montana (smokejump),2018,2
4252,3527,paul zaleski,Paul Zaleski,1465.3,1460.7,18,4,Westerville North (Westerville Airbenders),westerville north (westerville airbenders) (HS),2026,5242880
4253,3851,charles (malcolm) baker,Charles (Malcolm) Baker,1465.3,1447.7,11,1,Brooklyn Book Club,brooklyn book club (women's),2018,16
4254,4423,robert gross,Robert Gross,1465.3,1415.2,54,9,Chicago Parlay,chicago parlay (mixed),2024,68157449
4255,4632,steph sessa,Steph Sessa,1465.3,1393.6,53,3,Science Leadership Academy (Rockets),science leadership academy (rockets) (HS),2019,3145729
4256,4650,kevin wang,Kevin Wang,1465.2,1390.9,71,2,Garden State Ultimate,garden state ultimate,2023,3
4257,3464,walter esker,Walter Esker,1465.2,1463.5,5,1,Nipmuc Regional High School (Nipmuc Warriors ),nipmuc regional high school (nipmuc warriors ) (HS),2014,1048576
4258,3899,joshua washburn,Joshua Washburn,1465.1,1445.5,15,1,Northern Arizona (Jines in the Pines),northern arizona (jines in the pines),2024,32
4259,3900,samantha myland,Samantha Myland,1465.1,1445.5,15,1,Northern Arizona (Jines in the Pines),northern arizona (jines in the pines),2024,32
4260,4764,amber sniff,Amber Sniff,1465.1,1368.5,20,2,Durham School of the Arts (Bull City Bulldogs),durham school of the arts (bull city bulldogs) (HS girls),2016,3145728
4261,4335,brian sherry,Brian Sherry,1465.1,1421.1,40,2,Mississippi (RebelLion),mississippi (rebellion),2020,32
4262,3126,gavriel gelbart,Gavriel Gelbart,1465.0,1474.8,59,2,California-San Diego (Air Squids),california-san diego (air squids),2023,2
4263,3827,scott olinger,Scott Olinger,1465.0,1448.5,7,1,Slag Dump,slag dump,2018,1
4264,139,michael avila,Michael Avila,1465.0,1753.1,209,10,Jordan (Jordan Falcons),jordan (jordan falcons) (HS),2026,1812987928
4265,3956,mikey williams,Mikey Williams,1464.9,1443.1,9,1,Naperville Central High School  (Redhawks ),naperville central high school (redhawks ) (HS),2024,1048576
4266,4639,charlene hawkins,Charlene Hawkins,1464.9,1392.6,16,1,Georgia Tech-B (Wreck B),georgia tech-b (wreck b),2025,32
4267,4205,kristel mchugh,Kristel McHugh,1464.9,1430.3,30,6,Madison West-JV (Nemea - JV),madison west-jv (nemea - jv) (HS girls),2026,2097152
4268,4206,laurel schmidt,Laurel Schmidt,1464.9,1430.3,30,6,Madison West-JV (Nemea - JV),madison west-jv (nemea - jv) (HS girls),2026,2097152
4269,4537,todd grace,Todd Grace,1464.9,1404.2,80,1,Ohio (Trout),ohio (trout),2026,2
4270,4848,jody dozono,Jody Dozono,1464.9,1337.8,33,1,Miami (Southern Tropical Depressions),miami (southern tropical depressions),2017,32
4271,4152,darren scudder,Darren Scudder,1464.7,1433.1,8,1,Chatfield Senior High School - B Team (Chatfield Highest Bidders - B Team),chatfield senior high school - b team (chatfield highest bidders - b team) (HS),2019,1048576
4272,3721,josef isaza,Josef Isaza,1464.7,1452.7,8,1,Lucky PuNCs,lucky puncs (YCC-U17),2016,536870912
4273,3722,stefan isaza,Stefan Isaza,1464.7,1452.7,8,1,Lucky PuNCs,lucky puncs (YCC-U17),2016,536870912
4274,4421,austin simpson,Austin Simpson,1464.6,1415.3,9,1,South Florida-B (Scourge),south florida-b (scourge),2015,2
4275,4571,christopher aguero,CHRISTOPHER AGUERO,1464.6,1400.8,26,4,Columbia-JV (CHS JV),columbia-jv (chs jv) (HS),2016,1048576
4276,4473,bridgette heine,Bridgette Heine,1464.6,1411.0,27,3,George Washington (George Washington Men’s Club Ultimate),george washington (george washington men’s club ultimate),2026,34
4277,4474,jackson gode,Jackson Gode,1464.6,1411.0,27,3,George Washington (George Washington Men’s Club Ultimate),george washington (george washington men’s club ultimate),2026,34
4278,4261,craig johnson,Craig Johnson,1464.5,1426.6,26,5,Brookfield East (Brookfield East),brookfield east (brookfield east) (HS),2018,336592896
4279,3516,nicholas graanfox,Nicholas Graanfox,1464.5,1461.1,11,2,Mounds View JV (Mounds View  JV),mounds view jv (mounds view jv) (HS),2016,1048576
4280,3187,blake bixler,Blake Bixler,1464.5,1472.4,62,1,Truman State (JujiTSU),truman state (jujitsu),2025,6
4281,3660,bridget sealey,Bridget Sealey,1464.5,1454.8,8,2,Minneapolis Washburn (Wolfpack),minneapolis washburn (wolfpack) (HS),2017,1048576
4282,3611,jason seidler,Jason Seidler,1464.4,1457.2,19,3,Oak Storm,oak storm (YCC-U20),2026,68157442
4283,4156,jackie schiller,Jackie Schiller,1464.4,1432.8,6,1,Round Rock (Round Rock Dragons),round rock (round rock dragons) (HS),2017,1048576
4284,4157,mark romano,Mark Romano,1464.4,1432.8,6,1,Round Rock (Round Rock Dragons),round rock (round rock dragons) (HS),2017,1048576
4285,4214,braden paynter,Braden Paynter,1464.3,1429.9,33,3,Sunken Circus,sunken circus (mixed),2022,24
4286,4455,jessica whelan,Jessica Whelan,1464.3,1412.4,8,1,SUNY-Cortland (Team Rocket),suny-cortland (team rocket),2016,2
4287,3993,dunan herman-parks,DUNAN HERMAN-PARKS,1464.2,1441.9,5,1,Hartsbrook (Hartsbrook),hartsbrook (hartsbrook) (HS),2015,1048576
4288,4548,adam pomeranz,Adam Pomeranz,1464.2,1403.3,16,2,Fairfax (Fairfax Fog),fairfax (fairfax fog) (HS),2026,5242880
4289,4549,kevin leclaire,Kevin Leclaire,1464.2,1403.3,16,2,Fairfax (Fairfax Fog),fairfax (fairfax fog) (HS),2026,5242880
4290,4550,leland powell,Leland Powell,1464.2,1403.3,16,2,Fairfax (Fairfax Fog),fairfax (fairfax fog) (HS),2026,5242880
4291,3262,robert black,Robert Black,1464.1,1470.0,37,2,Layton High School (Break Force ),layton high school (break force ) (HS),2017,1048576
4292,4481,rachel moser,Rachel Moser,1464.1,1410.0,8,1,Maryland-Baltimore County (Shazam),maryland-baltimore county (shazam),2019,32
4293,4482,sarah solis,Sarah Solis,1464.1,1410.0,8,1,Maryland-Baltimore County (Shazam),maryland-baltimore county (shazam),2019,32
4294,3191,zara cadoux,Zara Cadoux,1464.0,1472.3,18,2,Starling Ultimate,starling ultimate (women's),2022,24
4295,3231,jason jensen,Jason Jensen,1464.0,1470.9,7,1,tHUMP,thump (mixed),2017,8
4296,3799,brady denio,Brady DeNio,1464.0,1450.0,5,1,Naperville North High School  (Naperville North A Team),naperville north high school (naperville north a team) (HS),2017,1048576
4297,3800,george dore,George Dore,1464.0,1450.0,5,1,Naperville North High School  (Naperville North A Team),naperville north high school (naperville north a team) (HS),2017,1048576
4298,4170,jonathan lee,Jonathan Lee,1464.0,1432.1,15,2,Eastern Michigan (Fighting Hellfish),eastern michigan (fighting hellfish),2022,1048578
4299,4393,tom wolf,Tom Wolf,1463.9,1418.0,22,2,New Tech High (Penguins),new tech high (penguins) (HS),2024,1048576
4300,4539,kaitlyn clay,Kaitlyn Clay,1463.9,1404.1,19,4,Albany Anarchy-B,albany anarchy-b (YCC-U20 mixed),2023,338690048
4301,4843,kirk blais,Kirk Blais,1463.9,1341.4,22,3,Colorado-Mesa (Colorado Mesa Space Cows),colorado-mesa (colorado mesa space cows),2020,2
4302,4472,vincent albertoni,Vincent Albertoni,1463.9,1411.0,10,1,Sam Houston (Prison Break),sam houston (prison break),2026,2
4303,2335,fia hargil,Fia Hargil,1463.8,1502.3,14,1,Georgetown (Huckin' Foyas),georgetown (huckin' foyas),2026,32
4304,2336,sally simpson,Sally Simpson,1463.8,1502.3,14,1,Georgetown (Huckin' Foyas),georgetown (huckin' foyas),2026,32
4305,4625,craig bunce,Craig Bunce,1463.8,1395.0,113,2,Stonehill (Stonehill College Men's Ultimate),stonehill (stonehill college men's ultimate),2023,102
4306,2402,jeffrey kwolkoski,Jeffrey Kwolkoski,1463.7,1499.8,6,1,goddard (Eagls),goddard (eagls) (HS),2017,1048576
4307,4136,terry stratton,Terry Stratton,1463.6,1433.8,16,2,Metro,metro (YCC-U20),2022,67108864
4308,2131,cody mehlhorn,Cody Mehlhorn,1463.6,1509.7,24,2,White Bear Lake Open A,white bear lake open a (HS),2016,68157440
4309,4823,sharon crawford,Sharon Crawford,1463.6,1351.1,24,1,Davidson (DUFF Women),davidson (duff women),2019,96
4310,4184,jules fogarty,Jules Fogarty,1463.6,1431.3,8,1,California-B (Ursa Minor),california-b (ursa minor),2023,2
4311,4185,winston tran,Winston Tran,1463.6,1431.3,8,1,California-B (Ursa Minor),california-b (ursa minor),2023,2
4312,2552,darrin speegle,Darrin Speegle,1463.5,1494.2,12,4,Kirkwood High School 2017 (Kirkwood Pioneers 2017),kirkwood high school 2017 (kirkwood pioneers 2017) (HS girls),2017,3145728
4313,4287,jordan taylor,Jordan Taylor,1463.5,1425.0,7,2,Berkeley High School Freshman 2-Freshman (Lo Qyu ),berkeley high school freshman 2-freshman (lo qyu ) (HS),2019,1048576
4314,4288,montana roberts,Montana Roberts,1463.5,1425.0,7,2,Berkeley High School Freshman 2-Freshman (Lo Qyu ),berkeley high school freshman 2-freshman (lo qyu ) (HS),2019,1048576
4315,4877,emily pardo,Emily Pardo,1463.3,1313.9,19,1,Northwestern-B (Blaw),northwestern-b (blaw),2026,32
4316,4878,natalie stephan,Natalie Stephan,1463.3,1313.9,19,1,Northwestern-B (Blaw),northwestern-b (blaw),2026,32
4317,4239,bryan pfalzgraf,Bryan Pfalzgraf,1463.3,1428.7,31,2,Watkinson School (Rams),watkinson school (rams) (HS),2019,1048578
4318,4522,cheryl lee,Cheryl Lee,1463.3,1405.8,19,1,LA Sky,la sky (YCC-U20 mixed),2026,268435456
4319,4523,daniel hochberg,Daniel Hochberg,1463.3,1405.8,19,1,LA Sky,la sky (YCC-U20 mixed),2026,268435456
4320,4524,don macatangay,Don Macatangay,1463.3,1405.8,19,1,LA Sky,la sky (YCC-U20 mixed),2026,268435456
4321,3564,dalton heppler,Dalton Heppler,1463.2,1459.3,20,3,Arizona State-B (Pleasure),arizona state-b (pleasure),2019,2
4322,4456,amy little,AMY LITTLE,1463.2,1412.3,13,1,Tempo,tempo (women's),2014,16
4323,3758,william litchholt,William Litchholt,1463.2,1451.6,9,1,Pittsburgh-B (University of Pittsburgh- B),pittsburgh-b (university of pittsburgh- b),2026,2
4324,469,david blau,David Blau,1463.2,1625.1,37,1,PoNY,pony,2021,1
4325,3613,andrew galiger,Andrew Galiger,1463.1,1457.1,14,1,Sunshine,sunshine (mixed),2024,8
4326,2386,declan kervick,Declan Kervick,1463.1,1500.2,13,2,Equinox,equinox (YCC-U20 mixed),2024,268435464
4327,3792,joseph cari,Joseph Cari,1463.1,1450.2,77,3,Butler (Butler Big Dog),butler (butler big dog),2025,6
4328,4633,blake tubbs,Blake Tubbs,1463.0,1393.5,45,3,Sky View High School (Sky View Mixed),sky view high school (sky view mixed) (HS mixed),2019,5242880
4329,3974,jasper schneider,JASPER SCHNEIDER,1463.0,1442.5,5,1,New Vista High School (eNVy),new vista high school (envy) (HS),2014,1048576
4330,2778,pawel janas,Pawel Janas,1462.9,1486.5,37,1,UCLA (Smaug),ucla (smaug),2024,2
4331,4649,nathan wells,Nathan Wells,1462.9,1391.3,17,1,George Mason (Massacre),george mason (massacre),2020,2
4332,4716,jordan ciccarone,Jordan Ciccarone,1462.9,1379.0,43,1,Villanova (Main Line Ultimate),villanova (main line ultimate),2026,2
4333,2822,josh seamon-ingalls,Josh Seamon-Ingalls,1462.9,1485.1,12,3,Amherst Regional High School (Amherst BxJVA),amherst regional high school (amherst bxjva) (HS),2024,269484032
4334,4158,brian campbell,Brian Campbell,1462.8,1432.8,6,1,Florida State-B (DUF Lite),florida state-b (duf lite),2014,2
4335,4401,andrew curtis,Andrew Curtis,1462.8,1416.6,63,1,California-San Diego (Air Squids),california-san diego (air squids),2017,2
4336,2729,thomas trompeter,Thomas Trompeter,1462.7,1488.0,13,1,Dallas Nightfall,dallas nightfall (YCC-U20 mixed),2026,268435456
4337,1824,sterling morrone,Sterling Morrone,1462.7,1520.3,12,2,Connecticut (UConn Huskies),connecticut (uconn huskies),2015,48
4338,4258,joel jorgensen,Joel Jorgensen,1462.7,1427.0,13,3,Utah Swarm U17 Boys,utah swarm u17 boys (YCC-U17),2026,605028352
4339,4534,rosalyn rhodes,Rosalyn Rhodes,1462.7,1404.5,6,2,Morpho,morpho (HS girls),2022,136314880
4340,4670,kari rongstad,Kari Rongstad,1462.6,1387.6,34,1,James Madison Memorial High School (Memorial Spartans),james madison memorial high school (memorial spartans) (HS girls),2018,2097152
4341,4232,patrick gillen,Patrick Gillen,1462.6,1429.1,12,1,Allegheny (Hellbenderitas),allegheny (hellbenderitas),2019,96
4342,2262,rachel bradshaw,Rachel Bradshaw,1462.6,1505.0,9,1,Seattle Riot,seattle riot (women's),2026,16
4343,4160,roger chu,Roger Chu,1462.6,1432.6,20,2,Phantom,phantom,2022,3
4344,3018,charles hoppes,Charles Hoppes,1462.6,1478.4,176,7,Humiliswag West,humiliswag west (beach),2026,34426847239
4345,3398,christopher stewart,Christopher Stewart,1462.5,1466.2,5,1,St. Charles East High School (Saints),st. charles east high school (saints) (HS),2017,1048576
4346,3158,andrea esparza,Andrea Esparza,1462.4,1473.6,6,2,Texas Tango,texas tango (YCC-U20 girls),2019,134217744
4347,4721,ken rehder,Ken Rehder,1462.4,1378.3,122,12,Shiver,shiver (women's),2026,1219493904
4348,4581,kemper ackermann,Kemper Ackermann,1462.3,1400.0,20,1,Xavier (B.L.O.B.),xavier (b.l.o.b.),2026,6
4349,4189,avi ghitterman,Avi Ghitterman,1462.3,1431.1,9,1,Vanderbilt (Armada),vanderbilt (armada),2026,2
4350,4726,andrew han,Andrew Han,1462.2,1376.8,13,2,George Mason (Massacre),george mason (massacre),2019,2097154
4351,4282,brian elies,BRIAN ELIES,1462.2,1425.2,14,2,Texas-Dallas-B (Woof),texas-dallas-b (woof),2019,3
4352,3717,jonathan moore,Jonathan Moore,1462.2,1452.9,10,1,Science Leadership Academy (Rockets),science leadership academy (rockets) (HS girls),2026,2097152
4353,4041,andrew mouw,Andrew Mouw,1462.2,1438.9,53,6,Toro,toro (mixed),2026,603979790
4354,3161,david murphy,David Murphy,1462.1,1473.5,6,2,Kirkwood High School 2017 (Kirkwood Pioneers 2017),kirkwood high school 2017 (kirkwood pioneers 2017) (HS girls),2017,3145728
4355,4462,kristina beckham,Kristina Beckham,1462.0,1411.9,10,1,Missouri State (Bearly Lethal),missouri state (bearly lethal),2023,32
4356,3786,lukas powers,Lukas Powers,1462.0,1450.5,11,1,Denver (Sourdough),denver (sourdough),2018,2
4357,4666,katie horsley,Katie Horsley,1462.0,1388.2,12,1,Oregon State-B (Oregon State B),oregon state-b (oregon state b),2024,2
4358,3525,bren byerley,Bren Byerley,1462.0,1460.8,36,1,Western Washington (Chaos),western washington (chaos),2015,32
4359,4492,kaitlyn stansberry,Kaitlyn Stansberry,1462.0,1408.6,9,1,Sonoma State (D'Vine),sonoma state (d'vine),2019,32
4360,4367,katharine evans,Katharine Evans,1462.0,1419.4,12,1,Lakewood High School-C (Lakewood DEEP),lakewood high school-c (lakewood deep) (HS),2017,1048576
4361,3543,ethan moore,Ethan Moore,1461.9,1459.9,8,4,Cambridge Rindge and Latin (Falcons),cambridge rindge and latin (falcons) (HS mixed),2024,5242886
4362,3258,rachael westgate,Rachael Westgate,1461.9,1470.2,18,2,Andover High School (Andover Ultimate),andover high school (andover ultimate) (HS girls),2017,2097152
4363,1067,danielle hirsch,Danielle Hirsch,1461.9,1561.2,25,2,Oregon (Fugue),oregon (fugue),2016,2097184
4364,4299,jesus caballero,Jesus Caballero,1461.9,1423.7,26,1,Como Park Senior High (CAU),como park senior high (cau) (HS),2018,1048576
4365,4593,zaj vidal-burgie,Zaj Vidal-Burgie,1461.9,1398.1,16,2,Fieldston (Fieldston Eagles),fieldston (fieldston eagles) (HS),2025,1048576
4366,4576,chip chang,Chip Chang,1461.9,1400.3,20,2,Northern Arizona (Jines in the Pines),northern arizona (jines in the pines),2024,48
4367,4503,tom stoughton,Tom Stoughton,1461.9,1407.1,131,11,Cape Elizabeth (Cape Ultimate - Girls),cape elizabeth (cape ultimate - girls) (HS girls),2026,1009778723
4368,3614,candice lao,Candice Lao,1461.8,1457.0,6,1,UCLA-B (UCLA Midas),ucla-b (ucla midas),2022,32
4369,3425,daniel hansen,Daniel Hansen,1461.8,1465.2,14,3,DeMo,demo,2019,1048583
4370,4269,andres huenneke,Andres Huenneke,1461.8,1426.4,7,2,Virginia Vortex,virginia vortex (YCC-U20),2025,67108865
4371,4886,rachel eulau,Rachel Eulau,1461.8,1298.0,25,1,North Carolina School of Science and Mathematics (Science and Math Ultimate Girls (SMUG)),north carolina school of science and mathematics (science and math ultimate girls (smug)) (HS girls),2016,2097152
4372,4887,sam boyarsky,Sam Boyarsky,1461.8,1298.0,25,1,North Carolina School of Science and Mathematics (Science and Math Ultimate Girls (SMUG)),north carolina school of science and mathematics (science and math ultimate girls (smug)) (HS girls),2016,2097152
4373,4107,ian gill,Ian Gill,1461.8,1435.3,67,3,Maryland Blackout,maryland blackout (YCC-U20 mixed),2025,269484038
4374,4444,jonathan dunbar,JONATHAN DUNBAR,1461.7,1413.4,13,1,Spring Hill (SHUC),spring hill (shuc),2017,6
4375,3421,daniel mursewick,Daniel Mursewick,1461.7,1465.3,5,1,Deja Vu Ultimate U17 Boys,deja vu ultimate u17 boys (YCC-U17),2017,536870912
4376,4155,sean mott,Sean Mott,1461.6,1432.8,6,1,Foggy Bottom Boys,foggy bottom boys (YCC-U20),2026,67108864
4377,3977,andrew kelley,ANDREW KELLEY,1461.6,1442.4,9,3,Hopkins High School-C (Hopkins Hurt JV Silver),hopkins high school-c (hopkins hurt jv silver) (HS),2014,68157440
4378,3967,erin mckinney,Erin McKinney,1461.6,1442.7,5,1,Albany high school  (Falcon Frisbee),albany high school (falcon frisbee) (HS),2019,1048576
4379,3698,charles reznikoff,Charles Reznikoff,1461.6,1453.4,38,2,Minnesota (Minnesota A),minnesota (minnesota a),2025,3
4380,4067,william wilson,William Wilson,1461.6,1437.1,17,1,Riverton High School (Silverwolves),riverton high school (silverwolves) (HS),2017,1048576
4381,4323,owen marschall,Owen Marschall,1461.6,1421.8,17,4,Beacon (Beacon Blue Demons),beacon (beacon blue demons) (HS girls),2025,2097154
4382,4892,sofia spadotto,Sofia Spadotto,1461.5,1288.6,96,4,Temple  (TUF),temple (tuf),2025,1207959584
4383,3881,cameron lownie,Cameron Lownie,1461.5,1446.4,5,1,Andover High School-JV (Golden Gophers),andover high school-jv (golden gophers) (HS),2016,1048576
4384,4510,jeffrey patrizio,Jeffrey Patrizio,1461.5,1406.6,41,1,Oakland Catholic HS (OC Eagles),oakland catholic hs (oc eagles) (HS girls),2023,2097152
4385,4562,amy goldblatt,Amy Goldblatt,1461.5,1401.6,22,1,Rhode Island (Disky Business),rhode island (disky business),2023,32
4386,3804,liam mccarthy,Liam McCarthy,1461.5,1449.6,10,1,Vassar (Swinging Monks),vassar (swinging monks),2026,6
4387,4684,hunter whaley,Hunter Whaley,1461.5,1384.9,16,1,Columbia-B (Columbia B),columbia-b (columbia b),2017,32
4388,4404,alex mandel,Alex Mandel,1461.4,1416.2,11,1,California-Davis-B (Rogue B),california-davis-b (rogue b),2026,32
4389,4405,lauren graves,Lauren Graves,1461.4,1416.2,11,1,California-Davis-B (Rogue B),california-davis-b (rogue b),2026,32
4390,4466,matthew raskind,Matthew Raskind,1461.4,1411.7,59,4,North Carolina State-B (SixPack),north carolina state-b (sixpack),2026,536870922
4391,3193,jordan denecour,Jordan Denecour,1461.3,1472.2,12,1,Texas State (Trainwreck),texas state (trainwreck),2017,32
4392,3090,mark lin,Mark Lin,1461.3,1475.7,24,2,Revolver,revolver,2026,1
4393,2730,patrick abeli,Patrick Abeli,1461.3,1487.9,57,1,Michigan State (Infamous),michigan state (infamous),2019,32
4394,1631,abigail peterson,Abigail Peterson,1461.2,1528.4,18,1,Apple Valley High School (Eagles),apple valley high school (eagles) (HS girls),2018,2097152
4395,3066,cameron nicholes,Cameron Nicholes,1461.2,1476.4,22,1,North Georgia (Aurea Ultimate),north georgia (aurea ultimate),2020,96
4396,4076,megan tarasi,MEGAN TARASI,1461.2,1436.7,42,3,Chapel Hill High School (Chapel Hill Ultimate Frisbee),chapel hill high school (chapel hill ultimate frisbee) (HS),2016,1048576
4397,3880,camila flowerman,Camila Flowerman,1461.2,1446.4,15,2,Darkwing,darkwing (mixed),2024,536870920
4398,4461,tyler smith,Tyler Smith,1461.1,1412.2,86,9,Mounds View (Mounds View Boys),mounds view (mounds view boys) (HS),2026,202375177
4399,3174,dean merritt,Dean Merritt,1461.1,1472.9,32,2,North Carolina-Asheville (UNC Asheville Mudpuppy),north carolina-asheville (unc asheville mudpuppy),2025,6
4400,4521,andrew medeiros,Andrew Medeiros,1461.0,1405.8,16,2,Bentley (WoBUS),bentley (wobus),2018,96
4401,2548,chris brettell,Chris Brettell,1461.0,1494.4,8,1,Clutch,clutch,2023,1
4402,4640,tom cook,Tom Cook,1461.0,1392.4,18,2,Cheltenham High School (Spirit Animals),cheltenham high school (spirit animals) (HS),2019,68157440
4403,4875,elshaddai girma,Elshaddai Girma,1460.9,1316.3,20,1,Emory-B (Tuna ),emory-b (tuna ),2024,32
4404,3751,nick rieger,Nick Rieger,1460.8,1452.0,13,3,Vel Phillips Memorial (Memorial Ultimate),vel phillips memorial (memorial ultimate) (HS),2026,1048577
4405,4620,amelia cuarenta,Amelia Cuarenta,1460.8,1395.6,38,2,Wisconsin (Bella Donna),wisconsin (bella donna),2020,2097184
4406,4829,kyle boudreau,Kyle Boudreau,1460.7,1348.3,27,2,Temptress,temptress (women's),2017,1048592
4407,4530,john phillips,John Phillips,1460.7,1405.0,28,1,Masterman (Centaurs),masterman (centaurs) (HS),2018,1048576
4408,3587,michael schulz,MICHAEL SCHULZ,1460.7,1458.5,10,1,LSU (LSU Ultimate),lsu (lsu ultimate),2015,2
4409,4697,raymond palazzo,Raymond Palazzo,1460.7,1382.5,74,4,COSmic U-20 Boys,cosmic u-20 boys (YCC-U20),2026,71303175
4410,2659,tristan grovender,Tristan Grovender,1460.6,1490.2,5,1,Eagan (WUFDA),eagan (wufda) (HS),2017,1048576
4411,4636,thomas nicholas,Thomas Nicholas,1460.5,1392.9,49,3,Bethlehem Central High School (BCHS Ultimate Eagles),bethlehem central high school (bchs ultimate eagles) (HS),2026,1048576
4412,1195,nastasia tangherlini,Nastasia Tangherlini,1460.5,1551.5,39,4,Brute Squad,brute squad (women's),2026,2097200
4413,2518,tracy d'arbeloff,Tracy d'Arbeloff,1460.5,1495.5,12,2,Durham School of the Arts (Bull City Bulldogs),durham school of the arts (bull city bulldogs) (YCC-U20 girls),2020,136314880
4414,4253,jordan albro,JORDAN ALBRO,1460.5,1427.4,21,3,Yorktown High School-JV (Yorktown),yorktown high school-jv (yorktown) (HS),2017,269484032
4415,4567,katharine gilbert,Katharine Gilbert,1460.5,1401.3,8,1,Auburn (Ares),auburn (ares),2026,32
4416,4744,greg williams,Greg Williams,1460.4,1373.1,27,2,Carolina Forest High School (Panthers),carolina forest high school (panthers) (HS),2019,1048576
4417,3863,cameron hodgkinson,Cameron Hodgkinson,1460.4,1447.1,32,2,North Park (Allihopa),north park (allihopa),2019,102
4418,3960,jack puttre,Jack Puttre,1460.4,1443.0,19,1,SUNY-Buffalo (the Lorax),suny-buffalo (the lorax),2026,32
4419,3961,sarah bryant,Sarah Bryant,1460.4,1443.0,19,1,SUNY-Buffalo (the Lorax),suny-buffalo (the lorax),2026,32
4420,3962,sarah burns,Sarah Burns,1460.4,1443.0,19,1,SUNY-Buffalo (the Lorax),suny-buffalo (the lorax),2026,32
4421,4628,stephen semmens,Stephen Semmens,1460.3,1394.2,20,2,Lights Out,lights out (mixed),2022,40
4422,3347,jack field,Jack Field,1460.2,1467.9,14,1,Virginia Commonwealth (Villains),virginia commonwealth (villains),2017,2
4423,4597,jacob rosen,Jacob Rosen,1460.2,1397.7,20,1,Texas-San Antonio (Siesta),texas-san antonio (siesta),2025,2
4424,3801,luke taylor,LUKE TAYLOR,1460.1,1449.9,6,1,Maple Grove Senior High -  JV (Floppy Discs - JV),maple grove senior high - jv (floppy discs - jv) (HS),2018,1048576
4425,3932,shannon lessley,SHANNON LESSLEY,1460.0,1444.5,5,1,Spaulding High School (Spaulding),spaulding high school (spaulding) (HS),2014,1048576
4426,2936,james barnes,James Barnes,1460.0,1481.0,50,3,Bingham High School (Bingham Ultimate),bingham high school (bingham ultimate) (HS girls),2017,3145728
4427,4364,peter shayman,Peter Shayman,1460.0,1419.6,18,1,Iowa (Saucy Nancy),iowa (saucy nancy),2020,32
4428,4426,catherine belgarde,Catherine Belgarde,1459.9,1414.8,20,1,Inferno,inferno (women's),2016,16
4429,4427,sarah maller,Sarah Maller,1459.9,1414.8,20,1,Inferno,inferno (women's),2016,16
4430,4186,alex lowry,Alex Lowry,1459.8,1431.3,8,1,Samford (Dogma),samford (dogma),2020,6
4431,3694,daniel newquist,DANIEL NEWQUIST,1459.8,1453.5,36,2,Viewmont (A) (Viewmont A),viewmont (a) (viewmont a) (HS),2017,1048576
4432,4087,katie hrinyak,Katie Hrinyak,1459.8,1436.1,6,1,Loyola-Chicago (Sirens),loyola-chicago (sirens),2014,32
4433,4088,lori eich,Lori Eich,1459.8,1436.1,6,1,Loyola-Chicago (Sirens),loyola-chicago (sirens),2014,32
4434,4480,alan joel,Alan Joel,1459.7,1410.0,22,4,North Atlanta-JV (NAHS),north atlanta-jv (nahs) (HS),2026,1048576
4435,4778,christopher vieau,Christopher Vieau,1459.6,1364.0,46,4,Geneva (Vikings),geneva (vikings) (HS),2017,3145728
4436,2785,jacky hau,Jacky Hau,1459.6,1486.2,11,1,Furious George,furious george,2025,1
4437,4281,kevin tran,Kevin Tran,1459.6,1425.2,24,2,Georgia Southern (Georgia Southern Sirens),georgia southern (georgia southern sirens),2026,40
4438,3739,sam cain,Sam Cain,1459.6,1452.2,6,1,Somerville (Villens),somerville (villens) (HS girls),2025,2097152
4439,3051,jack walters-medaris,Jack Walters-Medaris,1459.5,1476.8,8,1,Madison West-JV1 (Madison West Ultimate),madison west-jv1 (madison west ultimate) (HS),2026,1048576
4440,4111,matthew anderson,Matthew Anderson,1459.5,1435.1,30,4,Newton North HS Boys A (Newton North Ultimate A),newton north hs boys a (newton north ultimate a) (HS),2017,1048576
4441,2306,brian rozinsky,Brian Rozinsky,1459.4,1503.2,39,3,Peak to Peak (Peak to Peak Jazz),peak to peak (peak to peak jazz) (HS mixed),2019,5242880
4442,4257,stephanie wood,Stephanie Wood,1459.4,1427.0,27,3,Frolic,frolic (women's),2025,1207959568
4443,3653,andrew wiebe,Andrew Wiebe,1459.3,1455.0,11,1,Cedarville (Swarm),cedarville (swarm),2017,6
4444,3654,scott gay,Scott Gay,1459.3,1455.0,11,1,Cedarville (Swarm),cedarville (swarm),2017,6
4445,1672,lisa barnes,Lisa Barnes,1459.3,1526.4,35,2,Hopkins High School (HERt),hopkins high school (hert) (HS girls),2015,136314880
4446,1695,sharon tsao,Sharon Tsao,1459.2,1525.7,37,1,Rice (Torque),rice (torque),2016,96
4447,4432,katy harris,Katy Harris,1459.1,1414.6,33,3,Wildfire,wildfire (women's),2017,3145744
4448,4661,kaitlin schneider,Kaitlin Schneider,1459.0,1389.4,21,2,Canandaigua Academy (Canandaigua Flying Bison),canandaigua academy (canandaigua flying bison) (HS),2019,3145728
4449,3985,haley “pants are an illusion” sanner,Haley “pants are an illusion” Sanner,1458.5,1442.1,12,2,DC Force,dc force (YCC-U17 girls),2018,1075838976
4450,2988,rory mcgloin,Rory McGloin,1458.5,1479.4,5,1,Northeastern-C (Salty C Dogs),northeastern-c (salty c dogs),2019,2
4451,2967,samuel (quotes) cherin,Samuel (Quotes) Cherin,1458.4,1480.1,18,1,Rochester (Piggies),rochester (piggies),2024,6
4452,4698,robert altieri,Robert Altieri,1458.4,1382.1,42,1,Rowan (Ruf Riders),rowan (ruf riders),2024,2
4453,4792,stephen robertson,Stephen Robertson,1458.3,1361.0,18,1,Troy (Troy Red Wave),troy (troy red wave),2019,2
4454,2167,chris casey,Chris Casey,1458.2,1508.4,21,2,Dimes,dimes (women's),2026,268435472
4455,4811,stephanie mack,Stephanie Mack,1458.2,1355.3,29,1,Xavier (Ignition),xavier (ignition),2020,96
4456,4284,zackary bacon,Zackary Bacon,1458.2,1425.1,9,1,Red Lotus,red lotus,2026,1
4457,4001,ellis kim,Ellis Kim,1458.1,1441.4,8,2,New Amsterdam,new amsterdam,2016,1
4458,4677,samantha pitman,Samantha Pitman,1458.0,1386.5,16,3,Bulleit Train,bulleit train (mixed),2017,104
4459,4018,mary hulcher,Mary Hulcher,1458.0,1440.3,5,1,Alabama-Birmingham (Ember),alabama-birmingham (ember),2020,32
4460,4054,himalaya mehta,Himalaya Mehta,1458.0,1437.9,39,2,Temple (Alert),temple (alert),2018,2
4461,4761,alyssa allen,Alyssa Allen,1457.8,1368.9,41,5,Orem High School (Bestia Ultimate (A)),orem high school (bestia ultimate (a)) (HS),2017,5242880
4462,4048,zach frevert,Zach Frevert,1457.8,1438.3,7,1,Iowa-B (Iowa-B (HUCititis)),iowa-b (iowa-b (hucititis)),2025,2
4463,4478,theodore fetter,Theodore Fetter,1457.8,1410.1,20,3,Neap Tide,neap tide (YCC-U17),2016,805306376
4464,3931,jeff goldberg,JEFF GOLDBERG,1457.7,1444.5,5,1,South Dakota U19 Open,south dakota u19 open (YCC-U20),2014,67108864
4465,3360,benjamin rubasch,Benjamin Rubasch,1457.7,1467.3,26,1,Northeastern-B (Beastern),northeastern-b (beastern),2026,2
4466,3361,logan reimbold-thomas,Logan Reimbold-Thomas,1457.7,1467.3,26,1,Northeastern-B (Beastern),northeastern-b (beastern),2026,2
4467,4515,megan ma,Megan Ma,1457.7,1406.2,39,3,Rutgers (Rutgers Nightshade),rutgers (rutgers nightshade),2023,134217760
4468,4657,stephanie schlosser,Stephanie Schlosser,1457.6,1389.7,45,5,Monarch (Monarch HS B),monarch (monarch hs b) (HS),2025,5242880
4469,3763,westen gehring,Westen Gehring,1457.6,1451.2,6,1,Wichita State (Wheaties),wichita state (wheaties),2023,2
4470,3282,michael lutz,MICHAEL LUTZ,1457.6,1469.4,46,2,LSU (LSU Ultimate),lsu (lsu ultimate),2016,1048578
4471,3729,kelly jones,Kelly Jones,1457.6,1452.5,18,2,Michigan-B (Michigan B),michigan-b (michigan b),2026,48
4472,4513,stacey rubinstein,Stacey Rubinstein,1457.5,1406.3,21,3,Livingston (Livingston Green Inferno),livingston (livingston green inferno) (HS),2026,5242880
4473,3693,craig stewart,Craig Stewart,1457.5,1453.5,10,1,University School of Nashville (Brutal Grassburn),university school of nashville (brutal grassburn) (HS),2014,1048576
4474,4268,mochi li,Mochi Li,1457.5,1426.4,13,1,UCLA-B (UCLA Smoke),ucla-b (ucla smoke),2020,2
4475,4743,jacqueline humphress,Jacqueline Humphress,1457.4,1373.3,36,3,Center Grove High School (Trojans (Girls)),center grove high school (trojans (girls)) (HS girls),2018,270532616
4476,3172,stuart downs,Stuart Downs,1457.4,1473.0,25,3,Academe of the Oaks (Firebirds),academe of the oaks (firebirds) (HS girls),2023,3145729
4477,4311,donna johnston,Donna Johnston,1457.3,1422.6,63,4,Michigan Tech (DiscoTech),michigan tech (discotech),2026,806354950
4478,4450,steven moore,STEVEN MOORE,1457.3,1412.9,14,3,Casa Grande High School (Casa Grande Burst),casa grande high school (casa grande burst) (HS),2016,68157440
4479,4240,anna slade,Anna Slade,1457.3,1428.6,6,1,Christopher Newport (Airbenders),christopher newport (airbenders),2020,96
4480,4241,kristin cochran,Kristin Cochran,1457.3,1428.6,6,1,Christopher Newport (Airbenders),christopher newport (airbenders),2020,96
4481,4177,bobby lee,Bobby Lee,1457.3,1431.6,10,1,Monarch Varsity B Mixed (Monarch Varsity B Mixed),monarch varsity b mixed (monarch varsity b mixed) (HS mixed),2016,4194304
4482,4028,james shanahan,James Shanahan,1457.3,1439.7,7,1,Oregon-B (ID),oregon-b (id),2017,2
4483,4409,joseph polarek,JOSEPH POLAREK,1457.1,1416.1,20,3,Deja Vu Ultimate U17 Boys,deja vu ultimate u17 boys (YCC-U17),2017,536870912
4484,4647,dominic d'aurio,Dominic D'Aurio,1457.1,1392.0,11,2,Connecticut Harpoon,connecticut harpoon (YCC-U20),2026,67108880
4485,4090,erin henry,Erin Henry,1457.1,1435.9,29,4,Southwest High School-B (MÜS Ultimate Southwest),southwest high school-b (müs ultimate southwest) (HS),2017,137363456
4486,1960,ryan oto,Ryan Oto,1457.1,1515.8,16,2,St Benedict (Rapture),st benedict (rapture),2015,96
4487,2996,john (eric) swett,John (Eric) Swett,1457.1,1479.1,25,2,Decatur High School (DHS Boys' Varsity),decatur high school (dhs boys' varsity) (HS),2018,1048576
4488,4279,aaron (aj) abraham,Aaron (AJ) Abraham,1457.0,1425.6,152,6,Colorado Mines (Entropy),colorado mines (entropy),2026,5242886
4489,4509,jonathan bernardi,Jonathan Bernardi,1457.0,1406.9,9,2,Shortridge HS (Shortridge HS),shortridge hs (shortridge hs) (HS),2017,1048576
4490,4634,jacob bonenberger,Jacob Bonenberger,1456.9,1393.1,46,7,Carolina Sky,carolina sky (YCC-U20),2026,873463816
4491,4541,alyssa renaud,Alyssa Renaud,1456.9,1404.0,9,2,Hustle,hustle (YCC-U20 girls),2017,135266304
4492,2987,ken porter,Ken Porter,1456.9,1479.5,153,1,Davidson (DUFF),davidson (duff),2026,6
4493,3712,david johnson,David Johnson,1456.8,1453.1,5,1,North Park (Lost Boys),north park (lost boys),2025,6
4494,4033,andrew temple,Andrew Temple,1456.7,1439.2,6,1,Maumee Boys,maumee boys,2026,1
4495,4034,henry connor,Henry Connor,1456.7,1439.2,6,1,Maumee Boys,maumee boys,2026,1
4496,4603,angelo ramos,Angelo Ramos,1456.7,1397.4,132,1,Illinois (Illinois),illinois (illinois),2023,32
4497,4234,malachi schultz,Malachi Schultz,1456.7,1429.0,7,2,McQuaid/Mercy (Carpe Disc-um),mcquaid/mercy (carpe disc-um) (HS),2019,5242880
4498,2592,eric stone,Eric Stone,1456.5,1492.3,14,2,Hotchkiss Varsity (Hotchkiss Varsity Ultimate),hotchkiss varsity (hotchkiss varsity ultimate) (HS),2019,1048576
4499,4467,rachel chen,Rachel Chen,1456.4,1411.6,8,1,Princeton-B (Stopwatch),princeton-b (stopwatch),2016,32
4500,3494,mitchell whitehead,Mitchell Whitehead,1456.4,1462.2,7,1,Whitworth (Bangarang),whitworth (bangarang),2026,6
4501,3640,becka alper,Becka Alper,1456.3,1455.5,8,2,Arizona (Scorch),arizona (scorch),2014,32
4502,3353,tobi hunziker,TOBI HUNZIKER,1456.3,1467.6,13,2,Pennsbury High School (Pennsbury Ultimate Female Frisbee),pennsbury high school (pennsbury ultimate female frisbee) (HS girls),2015,2097184
4503,4050,karen chalif,Karen Chalif,1456.2,1438.2,13,1,Brooklyn Book Club,brooklyn book club (women's),2024,16
4504,4559,evan tarshish,Evan Tarshish,1456.2,1402.2,18,4,Oak Park and River Forest White (OPRF White),oak park and river forest white (oprf white) (HS),2023,1048576
4505,4120,jamie quella,Jamie Quella,1456.2,1434.8,9,1,Shade,shade,2019,1
4506,4378,matthew golz,Matthew Golz,1456.1,1418.6,16,2,Wheaton (Illinois) (WestWind),wheaton (illinois) (westwind),2025,536871008
4507,4244,richard saunders,Richard Saunders,1456.1,1428.1,7,2,Broomfield High School - Mixed (En Fuego),broomfield high school - mixed (en fuego) (HS mixed),2015,5242880
4508,3908,tricia madden,Tricia Madden,1456.1,1445.3,8,3,Decatur-JV (Decatur High School JV),decatur-jv (decatur high school jv) (HS girls),2026,2097152
4509,3966,lynx yuan,Lynx Yuan,1456.0,1442.8,5,1,Madison MUFAbots U17G,madison mufabots u17g (YCC-U17 girls),2026,1073741824
4510,4756,ryan lee,Ryan Lee,1455.9,1370.0,23,2,California-San Diego-B (Air Squids LITE ),california-san diego-b (air squids lite ),2023,2
4511,4800,kevin kerr,Kevin Kerr,1455.9,1358.6,29,1,Queen Anne's County High School (QACHS Ultimate),queen anne's county high school (qachs ultimate) (HS),2024,1048576
4512,4694,barckley toole,Barckley Toole,1455.9,1383.0,21,3,Woodward Academy (Woodward Academy Female Ultimate),woodward academy (woodward academy female ultimate) (HS girls),2018,3145728
4513,4217,kevin wayner,KEVIN WAYNER,1455.8,1429.8,8,1,St. Edward High School (St. Edward Flatball Freaks),st. edward high school (st. edward flatball freaks) (HS),2018,1048576
4514,4646,krysia davis,Krysia Davis,1455.8,1392.0,10,1,Pacific Lutheran (Reign Women),pacific lutheran (reign women),2023,96
4515,4590,kyle stone,Kyle Stone,1455.8,1398.9,17,3,Brookfield East (Brookfield East),brookfield east (brookfield east) (HS),2017,68157440
4516,3988,ben valley,Ben Valley,1455.8,1442.0,7,3,Mounds View (Spinferno Girls),mounds view (spinferno girls) (HS girls),2014,3145728
4517,3857,michael brenner,Michael Brenner,1455.6,1447.5,17,2,DEVYL U-20 Mixed,devyl u-20 mixed (YCC-U20 mixed),2025,805306368
4518,4643,connor farrell,Connor Farrell,1455.5,1392.2,11,3,Kent Island-Varsity (Buccaneers),kent island-varsity (buccaneers) (HS),2026,1048576
4519,4494,kerry murphy,Kerry Murphy,1455.5,1408.3,15,2,Venom,venom (women's),2022,48
4520,4250,andrew jones,Andrew Jones,1455.5,1427.6,40,1,Brooklyn Book Club,brooklyn book club (women's),2024,16
4521,4093,andrew egemo,ANDREW EGEMO,1455.5,1435.9,5,1,White Bear Lake-JV (White Bear ),white bear lake-jv (white bear ) (HS),2016,1048576
4522,4179,ken miller,Ken Miller,1455.5,1431.6,6,1,Bronx Science A (Lone Wolves),bronx science a (lone wolves) (HS),2024,1048576
4523,3848,tenise lenta,TENISE LENTA,1455.5,1447.8,24,1,Wildfire,wildfire (women's),2016,16
4524,4199,alif mohd-amir,Alif Mohd-Amir,1455.4,1430.6,26,4,Traffic Jam (Traffic Jam),traffic jam (traffic jam) (HS),2019,269484040
4525,4836,matthew frayer,Matthew Frayer,1455.4,1343.3,41,5,Michigan Rainbow Connection,michigan rainbow connection (YCC-U20 mixed),2023,271581184
4526,868,michael caldwell,Michael Caldwell,1455.2,1575.9,138,3,Seattle Mixtape,seattle mixtape (mixed),2026,25
4527,4808,angela dana,Angela Dana,1455.2,1356.5,21,4,Rochester (Rochester),rochester (rochester) (HS girls),2026,3145728
4528,3674,kevin escott,Kevin Escott,1455.2,1454.1,60,1,Davidson (DUFF),davidson (duff),2026,6
4529,2802,austin reed,Austin Reed,1455.2,1485.7,38,1,Texas Christian (Wrath),texas christian (wrath),2019,32
4530,4082,eric verploeg,Eric VerPloeg,1455.1,1436.2,14,1,Baylor (Stonewall A),baylor (stonewall a),2024,2
4531,1610,jack duffey,Jack Duffey,1455.1,1529.1,26,2,Alameda (Monarchs),alameda (monarchs) (HS),2026,1048576
4532,4342,lauren schwartz,Lauren Schwartz,1455.1,1420.8,28,1,Texas A&M (Stacked),texas a&m (stacked),2025,32
4533,4852,jonathan huson,Jonathan Huson,1454.9,1334.6,28,2,California-San Diego-B (Air Squids LITE ),california-san diego-b (air squids lite ),2026,2
4534,2749,drew schramm,Drew Schramm,1454.9,1487.5,21,1,Grace (Lancer Ultimate),grace (lancer ultimate),2023,6
4535,2750,jordan shuler,Jordan Shuler,1454.9,1487.5,21,1,Grace (Lancer Ultimate),grace (lancer ultimate),2023,6
4536,4553,dominic antonelli,Dominic Antonelli,1454.7,1403.0,14,2,Creighton (Colossus),creighton (colossus),2019,6
4537,4753,katherine clark,KATHERINE Clark,1454.6,1371.4,28,3,Lakewood High School-B (Lakewood DEEP),lakewood high school-b (lakewood deep) (HS),2017,5242880
4538,3207,carmen ellis,Carmen Ellis,1454.6,1471.7,8,2,Oregon Tide,oregon tide (YCC-U17 girls),2022,1075838976
4539,1533,christina mcdowell,Christina McDowell,1454.5,1533.5,15,1,shame.,shame. (mixed),2021,8
4540,2516,tucker hughes,Tucker Hughes,1454.5,1495.6,10,2,Boston College High School -B (BC High Eagle Ultimate),boston college high school -b (bc high eagle ultimate) (HS),2016,1048576
4541,4343,brent poynter,Brent Poynter,1454.3,1420.7,60,1,Ohio (Trout),ohio (trout),2026,2
4542,4826,raphael hayes,Raphael Hayes,1454.2,1350.9,23,1,Portland State (Vitruvious),portland state (vitruvious),2017,2
4543,3101,betsy wallace,Betsy Wallace,1454.2,1475.5,35,1,Iowa (Saucy Nancy),iowa (saucy nancy),2023,32
4544,3404,lucy bender,Lucy Bender,1454.1,1465.9,16,1,Pittsburgh-B (High Voltage),pittsburgh-b (high voltage),2020,32
4545,4719,jim heneghan,Jim Heneghan,1454.1,1378.4,11,1,Navy (Poseidon),navy (poseidon),2026,6
4546,4605,andrew fogil,Andrew Fogil,1454.1,1397.1,25,1,Western New England (Golden Bears),western new england (golden bears),2025,6
4547,2556,hannah leathers,Hannah Leathers,1454.1,1493.9,20,2,Druid Hills High School-B (Disc Devils),druid hills high school-b (disc devils) (HS),2017,135266304
4548,1466,courtney verhaalen,Courtney Verhaalen,1453.9,1537.1,87,3,Slow,slow (mixed),2024,56
4549,4505,jacob dibley,Jacob Dibley,1453.8,1407.1,44,2,Grand Canyon (Lopes),grand canyon (lopes),2026,2
4550,3655,bob madden,Bob Madden,1453.7,1454.9,49,2,Happy Cows,happy cows (YCC-U20 mixed),2018,268435458
4551,4532,ashley brown,Ashley Brown,1453.7,1404.6,34,2,Brookwood (Inferno),brookwood (inferno) (HS girls),2016,3145728
4552,2841,evan howey,Evan Howey,1453.7,1484.4,46,1,Case Western Reserve (Fighting Gobies[A]),case western reserve (fighting gobies[a]),2026,2
4553,4773,william whitwell bailey,William Whitwell Bailey,1453.7,1364.7,32,2,Seattle (Throbot),seattle (throbot),2022,102
4554,4504,aidan ayers,Aidan Ayers,1453.7,1407.1,12,1,NWA White Tails,nwa white tails (YCC-U20 mixed),2025,268435456
4555,2712,felix pronove,Felix Pronove,1453.6,1488.7,46,3,Denver (Sourdough),denver (sourdough),2026,5242882
4556,4154,megan kurisky,Megan Kurisky,1453.5,1432.9,6,1,Lake Braddock (Bruins),lake braddock (bruins) (HS girls),2023,2097152
4557,3599,benjamin hannan,Benjamin Hannan,1453.4,1457.7,10,1,Lawrence North High School (Clockwork Ultimate),lawrence north high school (clockwork ultimate) (HS),2016,1048576
4558,3600,keith pempek,Keith Pempek,1453.4,1457.7,10,1,Lawrence North High School (Clockwork Ultimate),lawrence north high school (clockwork ultimate) (HS),2016,1048576
4559,4651,dylan-ernst schäfer,Dylan-Ernst Schäfer,1453.3,1390.9,19,2,Marianapolis Preparatory School (MUltimate),marianapolis preparatory school (multimate) (HS),2019,68157440
4560,4714,brett carr,Brett Carr,1453.3,1379.3,21,4,Arizona State-B (Pleasure Ultimate),arizona state-b (pleasure ultimate),2016,2
4561,1237,david klink,David Klink,1453.3,1548.7,37,2,Drag'n Thrust,drag'n thrust (mixed),2026,24
4562,4879,kristin thomas,Kristin Thomas,1453.3,1313.4,24,1,Messiah (Messiah Falcons),messiah (messiah falcons),2026,96
4563,3892,james sykora,James Sykora,1453.1,1445.8,14,1,North Park (Allihopa),north park (allihopa),2019,96
4564,3006,anna jenstead,Anna Jenstead,1453.0,1478.8,17,2,Madison East-B (Madison East B),madison east-b (madison east b) (HS),2026,1048576
4565,3952,lyle wallace,Lyle Wallace,1453.0,1443.4,5,1,MD Blockade,md blockade (YCC-U17),2026,536870912
4566,4668,akane kleinkopf,Akane Kleinkopf,1453.0,1388.2,16,2,Fairview (Fairview Mixed B),fairview (fairview mixed b) (HS mixed),2025,5242880
4567,4134,marissa lyons,Marissa Lyons,1452.7,1434.0,16,2,Pacific Lutheran (Reign Women),pacific lutheran (reign women),2023,96
4568,4845,william cilley,William Cilley,1452.7,1340.5,63,7,Wyoming High School (The Wyoming Jackrabbits),wyoming high school (the wyoming jackrabbits) (HS),2022,544210945
4569,1265,chris goodson,Chris Goodson,1452.4,1546.9,57,1,Ozone,ozone (women's),2019,16
4570,4750,seija stratton,Seija Stratton,1452.4,1371.8,37,8,Great Minnesota Get Together,great minnesota get together (mixed),2021,136315160
4571,3595,carter rae,Carter Rae,1452.3,1457.9,13,1,Samford (Dogma),samford (dogma),2019,6
4572,4469,kyra catabay,Kyra Catabay,1452.3,1411.1,24,2,Carolina Friends School (Koi),carolina friends school (koi) (HS girls),2021,136314880
4573,3665,rebecca nugent,Rebecca Nugent,1452.3,1454.5,40,1,Carnegie Mellon (Money Mellons),carnegie mellon (money mellons),2017,32
4574,4828,josiah colby,Josiah Colby,1452.3,1350.3,22,1,Pacific Lutheran (Reign Men),pacific lutheran (reign men),2026,6
4575,4490,trevor dehmlow,TREVOR DEHMLOW,1452.3,1408.7,11,1,Blackman High School-B (Blackman High School Boys B),blackman high school-b (blackman high school boys b) (HS),2016,1048576
4576,4270,jonathan ogrodnik,Jonathan Ogrodnik,1452.3,1426.4,26,3,Metea Valley High School (Mustang Varsity),metea valley high school (mustang varsity) (HS),2024,1048576
4577,1948,alex grande,Alex Grande,1452.2,1516.2,19,1,Yale (Süperfly),yale (süperfly),2023,2
4578,1949,jacob komenda,Jacob Komenda,1452.2,1516.2,19,1,Yale (Süperfly),yale (süperfly),2023,2
4579,3413,paul devine,paul Devine,1452.1,1465.6,9,1,Gahanna Lincoln High School (Gahanna Fog),gahanna lincoln high school (gahanna fog) (HS),2019,1048576
4580,507,alex renn,Alex Renn,1452.0,1616.9,31,1,Franciscan (Fatal),franciscan (fatal),2018,6
4581,4820,jacob christian,Jacob Christian,1451.9,1353.3,60,1,Pittsburgh-B (University of Pittsburgh- B),pittsburgh-b (university of pittsburgh- b),2026,2
4582,3074,adina chasan-taber,Adina Chasan-Taber,1451.9,1476.1,7,2,BUDA U20G,buda u20g (YCC-U20 girls),2024,136314880
4583,1983,henry frost,Henry Frost,1451.8,1515.0,40,1,Brandeis (TRON),brandeis (tron),2018,6
4584,449,stephen gussin,Stephen Gussin,1451.7,1628.2,49,5,BFG,bfg (mixed),2026,67108872
4585,4195,brent steepe,Brent Steepe,1451.7,1430.7,8,1,Monarch High School - All Players (Monarch High School - All Players),monarch high school - all players (monarch high school - all players) (HS mixed),2021,4194304
4586,4568,andrew tong,Andrew Tong,1451.6,1401.3,21,3,North Carolina State-B (SixPack),north carolina state-b (sixpack),2024,67108866
4587,3264,anne pogoriler,Anne Pogoriler,1451.6,1469.9,58,3,Colorado Small Batch,colorado small batch (women's),2017,134217744
4588,2972,annie geoghegan,Annie Geoghegan,1451.4,1480.0,6,1,Colorado-B (Petra ),colorado-b (petra ),2026,32
4589,4005,nathan doutre,Nathan Doutre,1451.4,1441.2,31,3,Viewmont (B) (Viewmont B),viewmont (b) (viewmont b) (HS),2016,1048576
4590,4796,nicolas lopresto,Nicolas LoPresto,1451.4,1359.5,18,7,Florida Gulf Coast (Eagles Ultimate),florida gulf coast (eagles ultimate),2023,67108966
4591,4648,kyle smith,Kyle Smith,1451.3,1391.9,39,4,St. Thomas (Purple Reign),st. thomas (purple reign),2020,68157446
4592,3667,tiffany lim,Tiffany Lim,1451.3,1454.4,18,1,Whetstone High School (Whetstone),whetstone high school (whetstone) (HS),2018,1048576
4593,4740,tim hopp,Tim Hopp,1451.3,1373.6,38,7,Broomfield High School  (BrHS En Fuego),broomfield high school (brhs en fuego) (HS mixed),2016,72351745
4594,4153,amy gerics,AMY GERICS,1451.2,1433.0,14,1,North Carolina-Wilmington (Seaweed),north carolina-wilmington (seaweed),2020,32
4595,3882,courtney farrell,COURTNEY FARRELL,1451.2,1446.4,6,1,cATLanta,catlanta (YCC-U20 girls),2015,134217728
4596,4483,etta qualls,Etta Qualls,1451.2,1409.9,15,4,Borah High School 2017 (Borah 2018),borah high school 2017 (borah 2018) (HS mixed),2018,4194304
4597,4841,zachary hart,Zachary Hart,1451.2,1342.1,16,1,Georgia Gwinnett (BÄR),georgia gwinnett (bär),2018,2
4598,3911,jonathan zaidman,JONATHAN ZAIDMAN,1451.2,1445.2,10,1,Wildfire,wildfire (women's),2016,16
4599,4408,cameron guillen,Cameron Guillen,1450.8,1416.1,11,1,Sam Houston (Deuce Ultimate),sam houston (deuce ultimate),2024,2
4600,4627,rocco essex-linehan,Rocco Essex-Linehan,1450.8,1394.4,13,3,Rising Tide U20X,rising tide u20x (YCC-U20 mixed),2025,268435464
4601,3428,austin tucker,Austin Tucker,1450.7,1465.2,16,1,Tennessee-Chattanooga (Swamp Donkeys),tennessee-chattanooga (swamp donkeys),2023,2
4602,3194,chris browning,Chris Browning,1450.7,1472.2,14,3,Steel,steel (women's),2018,67108881
4603,3123,vivian scott,Vivian Scott,1450.7,1474.9,28,5,VanDals,vandals (YCC-U17),2026,810549256
4604,4507,wyatt see,Wyatt See,1450.7,1407.0,46,3,Stillwater High School (Ponies),stillwater high school (ponies) (HS),2017,68157440
4605,4624,kevin o'connor,Kevin O'Connor,1450.7,1395.3,33,2,SUNY-Cortland  (Team Rocket),suny-cortland (team rocket),2026,6
4606,4631,margot stert,Margot Stert,1450.6,1393.7,11,3,Berkeley High School Freshman 1-Freshman (Lo CouX ),berkeley high school freshman 1-freshman (lo coux ) (HS),2019,269484032
4607,3745,benjamin mund,Benjamin Mund,1450.6,1452.0,24,3,Edgewood High School (Edgewood Girls Ultimate),edgewood high school (edgewood girls ultimate) (HS girls),2019,3145728
4608,3746,paderic driscoll,Paderic Driscoll,1450.6,1452.0,24,3,Edgewood High School (Edgewood Girls Ultimate),edgewood high school (edgewood girls ultimate) (HS girls),2019,3145728
4609,4619,nicholas giles,Nicholas Giles,1450.6,1395.6,40,4,Cretin-Derham Hall (Raging Safari),cretin-derham hall (raging safari) (HS),2017,68157440
4610,3964,taylor kanemori,Taylor Kanemori,1450.3,1442.9,84,5,Puget Sound (Clearcut),puget sound (clearcut),2026,268435552
4611,3557,jeremy buehl,Jeremy Buehl,1450.3,1459.5,92,7,Madison East (MEU (A)),madison east (meu (a)) (HS),2026,1048576
4612,3972,travis ellyson,Travis Ellyson,1450.2,1442.5,5,1,Masconomet High School (Masconomet Chieftains),masconomet high school (masconomet chieftains) (HS),2024,1048576
4613,3692,joshua blomberg,Joshua Blomberg,1450.2,1453.5,6,2,Rocky Mountain High School-B (Rocky Mountain Oysters),rocky mountain high school-b (rocky mountain oysters) (HS mixed),2015,4194304
4614,4259,mason cary,Mason Cary,1450.1,1426.8,44,1,North Carolina-Charlotte (Charlotte Skyrise),north carolina-charlotte (charlotte skyrise),2025,2
4615,4030,steven windness,Steven Windness,1450.0,1439.7,24,3,Horizon High School (Hawks),horizon high school (hawks) (HS mixed),2019,5242880
4616,4659,kale daniel,Kale Daniel,1450.0,1389.6,36,3,Cathedral High School (Phoenix),cathedral high school (phoenix) (HS girls),2016,137363456
4617,4344,raechell nelson,Raechell Nelson,1449.9,1420.5,32,2,Cathedral High School (Griffin),cathedral high school (griffin) (HS),2016,3145728
4618,4709,phoebe nichols,Phoebe Nichols,1449.9,1380.7,17,4,Lake Braddock (Bruins),lake braddock (bruins) (HS mixed),2023,7340032
4619,3252,aaron besser,Aaron Besser,1449.8,1470.3,20,3,Jackson-Reed (JV) (Jackson-Reed JV),jackson-reed (jv) (jackson-reed jv) (HS),2024,1048576
4620,3684,matthew rushing,Matthew Rushing,1449.7,1453.8,73,2,Elon (Big Fat Bomb),elon (big fat bomb),2018,6
4621,4755,nick jewell,Nick Jewell,1449.7,1370.6,14,1,Wentworth (Concrete Jungle),wentworth (concrete jungle),2022,6
4622,4772,julian hester,Julian Hester,1449.6,1364.9,27,2,North Carolina State-B (SixPack),north carolina state-b (sixpack),2026,2
4623,4617,georgina hosman,Georgina Hosman,1449.5,1395.6,16,1,Westlake  (Thunder),westlake (thunder) (HS girls),2019,2097152
4624,4711,matthew mccormick,Matthew McCormick,1449.5,1380.3,16,1,San Jose State (Spartans),san jose state (spartans),2023,2
4625,4831,bridget cook,BRIDGET COOK,1449.4,1347.0,71,2,Pennsylvania (Venus),pennsylvania (venus),2019,32
4626,3767,heath shanahan,Heath Shanahan,1449.4,1451.0,17,2,Brebeuf Jesuit (Braves),brebeuf jesuit (braves) (HS),2022,5242880
4627,4125,connor rock,Connor Rock,1449.3,1434.5,16,1,Nebraska (Cuddle Raptors),nebraska (cuddle raptors),2019,32
4628,4331,roger zeng,Roger Zeng,1449.2,1421.3,11,2,Virginia Vortex,virginia vortex (YCC-U20),2026,603979776
4629,4359,alexander waterhouse,Alexander Waterhouse,1449.2,1419.8,15,2,Washtenaw Technical Middle College-A (Oriboros),washtenaw technical middle college-a (oriboros) (HS),2026,1048576
4630,4360,noah gillespie,Noah Gillespie,1449.2,1419.8,15,2,Washtenaw Technical Middle College-A (Oriboros),washtenaw technical middle college-a (oriboros) (HS),2026,1048576
4631,4613,red redderson,Red Redderson,1449.1,1396.0,25,1,Virginia Rebellion,virginia rebellion (women's),2025,16
4632,2296,scott graber,Scott Graber,1449.1,1503.6,20,2,Yale (Süperfly),yale (süperfly),2023,10
4633,4222,gary delia,Gary Delia,1449.0,1429.5,13,2,Third Rail U20 Gx,third rail u20 gx (YCC-U20 girls),2026,135266304
4634,4313,andy kubinec,ANDY KUBINEC,1448.7,1422.3,11,1,UNION,union (mixed),2016,8
4635,4621,seval kanik,Seval Kanik,1448.7,1395.6,17,3,Muhlenberg College (Flying Squirrels),muhlenberg college (flying squirrels),2022,6
4636,4338,kara neaton,Kara Neaton,1448.6,1421.0,7,1,The Beacon School (Beacon Blue Demon Girls),the beacon school (beacon blue demon girls) (HS girls),2016,2097152
4637,4339,minerva muzquiz,Minerva Muzquiz,1448.6,1421.0,7,1,The Beacon School (Beacon Blue Demon Girls),the beacon school (beacon blue demon girls) (HS girls),2016,2097152
4638,4070,david landis,David Landis,1448.6,1437.1,8,2,Fall Line (RUYO-FYUL),fall line (ruyo-fyul) (HS),2021,1048576
4639,4283,karen boardman,Karen Boardman,1448.5,1425.2,20,2,The New School-JV (TNS Owls),the new school-jv (tns owls) (HS),2026,3145728
4640,4104,jacob tice,Jacob Tice,1448.5,1435.4,77,3,Toro,toro (mixed),2026,14
4641,4629,mason hollis,MASON HOLLIS,1448.4,1394.2,11,1,Voodoo,voodoo,2018,1
4642,4558,christopher cruz,Christopher Cruz,1448.3,1402.3,59,1,Villanova (Main Line Ultimate),villanova (main line ultimate),2026,2
4643,4014,andrew hepler,Andrew Hepler,1448.2,1440.5,15,3,North (Vikings),north (vikings) (HS mixed),2025,5242880
4644,4520,benjamin shivers,Benjamin Shivers,1448.1,1405.8,69,3,Woodward Academy (Woodward Academy),woodward academy (woodward academy) (HS),2022,3145728
4645,4565,ryan gardner,Ryan Gardner,1448.0,1401.5,20,3,Canandaigua Academy (Canandaigua Flying Bison),canandaigua academy (canandaigua flying bison) (HS),2018,3145728
4646,3581,morgan harris,Morgan Harris,1448.0,1458.7,6,1,Choate Rosemary Hall (Wild Boars),choate rosemary hall (wild boars) (HS),2018,1048576
4647,4213,thomas dockery,Thomas Dockery,1447.9,1430.0,70,5,Dreadnought,dreadnought,2026,103
4648,4691,dan laurila,Dan Laurila,1447.8,1383.4,30,3,Northern Comfort,northern comfort (mixed),2024,41
4649,4527,rebecca lambert,Rebecca Lambert,1447.6,1405.3,23,2,Westlake  (Thunder),westlake (thunder) (HS girls),2019,6291456
4650,743,bryan ritter,Bryan Ritter,1447.5,1589.3,36,2,Middleton-JV (Middlton Boys B),middleton-jv (middlton boys b) (HS),2026,1048576
4651,4380,nicole getter,Nicole Getter,1447.1,1418.6,42,8,DC Force,dc force (YCC-U17 girls),2026,1209008144
4652,4512,john raynolds,John Raynolds,1447.0,1406.4,23,1,Blueprint,blueprint,2024,1
4653,4190,peter konigsberg,Peter Konigsberg,1446.9,1431.0,18,2,Mamaroneck High School (Murda Geese),mamaroneck high school (murda geese) (HS),2019,1048576
4654,1747,alex fraser,Alex Fraser,1446.8,1523.5,37,3,Hopkins High School (HERt),hopkins high school (hert) (HS girls),2015,137363456
4655,4309,alexander duckles,Alexander Duckles,1446.4,1423.0,7,1,Walter Johnson High School (Walter Johnson Pitchers),walter johnson high school (walter johnson pitchers) (HS),2023,1048576
4656,3828,richard rudnicki,Richard Rudnicki,1446.4,1448.4,20,2,Woodside  (Wolverines),woodside (wolverines) (HS),2015,1048578
4657,1894,brian dobyns,Brian Dobyns,1446.2,1517.9,29,4,Warhawks,warhawks (YCC-U20 girls),2018,135266416
4658,4392,ben clark,Ben Clark,1446.1,1418.1,53,5,St. Louis University High (SLUH Ultimate),st. louis university high (sluh ultimate) (HS),2026,1048576
4659,4129,hao shen,Hao Shen,1446.1,1434.2,7,1,MIT-B (Woodmunchers),mit-b (woodmunchers),2025,2
4660,4495,justin baumann,Justin Baumann,1446.1,1408.1,70,2,Bates (Orange Whip),bates (orange whip),2026,102
4661,4777,matthew mccabe,Matthew McCabe,1445.8,1364.0,16,3,Pritzker College Prep Y (Jaguars Y),pritzker college prep y (jaguars y) (HS),2015,1048576
4662,4433,evan mclean,Evan McLean,1445.6,1414.6,29,6,Wakefield Arlington Career Center-B (WACCtown),wakefield arlington career center-b (wacctown) (HS),2026,7340032
4663,2197,stacy fifer,Stacy Fifer,1445.6,1507.3,23,7,Evanston (Disco),evanston (disco) (HS girls),2026,271581200
4664,4580,andrew benton,Andrew Benton,1445.5,1400.1,25,1,Georgia Tech-B (Tribe),georgia tech-b (tribe),2023,2
4665,4725,eric vander heyden,Eric Vander Heyden,1445.2,1377.2,29,2,Green Hope-B (Green Hope High School),green hope-b (green hope high school) (HS),2015,1048576
4666,4748,irene tsinajinnie,Irene Tsinajinnie,1445.1,1372.4,18,1,Georgia Tech-B (Wreck B),georgia tech-b (wreck b),2026,32
4667,4132,joseph wagner,Joseph Wagner,1445.0,1434.1,12,2,Saratoga Springs High School (Saratoga Ultimate),saratoga springs high school (saratoga ultimate) (HS),2022,68157440
4668,166,lindsay soo,Lindsay Soo,1444.9,1724.6,73,3,Phoenix,phoenix (women's),2022,2097200
4669,4853,katherine macri,Katherine Macri,1444.7,1334.5,32,1,Colorado-B (Petra ),colorado-b (petra ),2026,32
4670,4854,leilani nelson,Leilani Nelson,1444.7,1334.5,32,1,Colorado-B (Petra ),colorado-b (petra ),2026,32
4671,4680,sarah flaherty,Sarah Flaherty,1444.6,1385.8,12,2,Frostbite,frostbite (YCC-U20 mixed),2019,268435456
4672,4479,joel wheatley,JOEL WHEATLEY,1444.6,1410.0,8,1,Baltimore Polytechnic Institute (Engineers),baltimore polytechnic institute (engineers) (HS),2017,1048576
4673,4785,chris gray,Chris Gray,1444.6,1362.9,35,1,Methacton (MUF),methacton (muf) (HS),2019,1048576
4674,4637,sam wood,Sam Wood,1444.6,1392.9,17,2,Wisconsin-La Crosse (BadLUC),wisconsin-la crosse (badluc),2024,2
4675,1413,maggie peck,Maggie Peck,1444.6,1540.2,33,1,Drag'n Thrust,drag'n thrust (mixed),2026,8
4676,4770,erin swails,Erin Swails,1444.5,1365.8,18,1,Richmond (Richmond Redhots),richmond (richmond redhots),2023,96
4677,4815,candace hoefert,Candace Hoefert,1444.3,1354.3,20,4,List,list,2021,9
4678,4391,timothy halfmann-morris,Timothy Halfmann-Morris,1444.3,1418.1,53,2,Christian Brothers College High (CBC Ultimate),christian brothers college high (cbc ultimate) (HS),2026,1048576
4679,4542,jillian sacco,Jillian Sacco,1444.2,1403.8,22,2,Bentley (WoBUS),bentley (wobus),2019,96
4680,4713,xavier stewart,Xavier Stewart,1444.2,1379.7,17,3,Towson High School (Towson Ultimate),towson high school (towson ultimate) (HS),2025,1048576
4681,4706,anna membrino,Anna Membrino,1443.7,1381.0,54,2,NYU (NYU Violet Femmes),nyu (nyu violet femmes),2022,48
4682,4355,spencer hawkins,Spencer Hawkins,1443.6,1420.1,59,1,Colorado College (Wasabi),colorado college (wasabi),2026,7
4683,4470,jan mueller,Jan Mueller,1443.4,1411.1,16,4,SEMI,semi (YCC-U20),2015,67108865
4684,4471,sam greenwood,Sam Greenwood,1443.4,1411.1,16,4,SEMI,semi (YCC-U20),2015,67108865
4685,3620,christian berger,Christian Berger,1443.4,1456.8,8,3,Layton-A (Break Force A),layton-a (break force a) (HS),2026,1048576
4686,1367,monica weindling,Monica Weindling,1443.3,1542.3,95,3,Colorado College (Zenith),colorado college (zenith),2025,112
4687,1775,kevin huerta,Kevin Huerta,1443.3,1522.2,41,1,Jordan (Jordan Falcons),jordan (jordan falcons) (HS),2026,1048576
4688,4016,ed arnold-berkovits,Ed Arnold-Berkovits,1443.2,1440.4,35,5,Columbia-JV2 (CHS JVB),columbia-jv2 (chs jvb) (HS mixed),2024,5242880
4689,4849,jacob clary,Jacob Clary,1443.2,1337.4,21,1,Florida Tech (Flux),florida tech (flux),2024,96
4690,4735,joe andrighetti,Joe Andrighetti,1443.1,1374.9,14,1,Bethel (Bethel Ultimate),bethel (bethel ultimate),2026,6
4691,4569,elizabeth middleton,Elizabeth Middleton,1443.0,1401.3,22,1,Metro North,metro north (mixed),2019,8
4692,4704,mike youngs,Mike Youngs,1442.9,1381.1,27,3,Swingers,swingers (mixed),2022,42
4693,4774,nicole cantello,Nicole Cantello,1442.9,1364.7,43,2,Hypnosis,hypnosis (YCC-U20 mixed),2021,270532608
4694,3919,jack duhon,Jack Duhon,1442.9,1444.9,21,3,Carolina Copperhead,carolina copperhead (YCC-U20 mixed),2025,805306376
4695,4536,nicholas granados-kramer,Nicholas Granados-Kramer,1442.7,1404.4,25,1,Alibi,alibi,2025,1
4696,3951,zach balls,Zach Balls,1442.7,1443.5,68,2,Utah State (Scotsmen),utah state (scotsmen),2024,3
4697,4780,megan kirby,Megan Kirby,1442.5,1363.8,18,2,Syracuse (Fox Force Seven),syracuse (fox force seven) (women's),2024,48
4698,4705,heather buckley,Heather Buckley,1442.3,1381.1,11,4,Berkeley High School-B (Coup Yellow ),berkeley high school-b (coup yellow ) (HS),2016,1048576
4699,4215,daniel durham,Daniel Durham,1442.3,1429.9,9,1,Sky View High School-B (Sky View Ultimate),sky view high school-b (sky view ultimate) (HS),2017,1048576
4700,3759,sara rubin,Sara Rubin,1442.1,1451.5,6,2,Huskies (Huskies),huskies (huskies) (HS girls),2016,2097152
4701,4089,blake spitz,Blake Spitz,1442.1,1436.1,21,1,Amherst (Sparkle Motion),amherst (sparkle motion),2020,96
4702,4779,eric hart,Eric Hart,1442.0,1364.0,20,3,Cornell College (C-Team),cornell college (c-team),2019,67633158
4703,2807,rachael maxwell,Rachael Maxwell,1441.9,1485.5,71,1,Colorado College (Zenith),colorado college (zenith),2026,96
4704,4897,abby nissen,Abby Nissen,1441.8,1271.8,56,7,Edwardsville (Edwardsville Tigers (girls)),edwardsville (edwardsville tigers (girls)) (HS girls),2026,137363472
4705,4197,jordan keen,Jordan Keen,1441.8,1430.6,74,7,OAK Ignite,oak ignite (YCC-U17),2026,542113792
4706,2728,lily steponaitis,Lily Steponaitis,1441.6,1488.0,171,3,Stanford (Stanford Men's Ultimate Team),stanford (stanford men's ultimate team),2025,6
4707,4873,cody rebholz,Cody Rebholz,1441.6,1318.6,23,1,Kansas State (Wizards),kansas state (wizards),2026,2
4708,4223,samson zhou,Samson Zhou,1441.3,1429.5,6,1,Purdue-B (CTRL-Z),purdue-b (ctrl-z),2018,2
4709,3576,everett ziegenfuss,Everett Ziegenfuss,1441.2,1458.9,5,1,North Allegheny  (NAGU),north allegheny (nagu) (HS girls),2022,2097152
4710,4846,vonterio duncan,Vonterio Duncan,1441.1,1339.2,22,1,Kent State (Klockwork),kent state (klockwork),2026,2
4711,4805,ian cutler,Ian Cutler,1441.1,1356.7,15,1,Northeastern-B (Valkyries),northeastern-b (valkyries),2026,32
4712,3890,jonathan casey,Jonathan Casey,1440.9,1446.0,5,1,Hillsborough High School (Hillsborough Ultimate),hillsborough high school (hillsborough ultimate) (HS),2018,1048576
4713,4612,amy donahue,Amy Donahue,1440.9,1396.4,14,2,Marquette (Moxie),marquette (moxie),2016,268435488
4714,4137,eric woolridge,Eric Woolridge,1440.8,1433.8,21,1,Appalachian State (Nomads),appalachian state (nomads),2017,2
4715,4582,sam farnsworth,Sam Farnsworth,1440.6,1399.9,13,2,Boston University-B (Uprising B),boston university-b (uprising b),2023,32
4716,1820,erich fabian,Erich Fabian,1440.5,1520.4,70,2,Layton High School-B (Break Force ),layton high school-b (break force ) (HS),2019,1048576
4717,4783,connor fortin,Connor Fortin,1440.3,1363.0,49,1,Connecticut (UConn Huskies),connecticut (uconn huskies),2020,2
4718,4374,catherine konopka,Catherine Konopka,1440.2,1418.9,11,2,MD Blockade,md blockade (YCC-U17),2026,537919488
4719,4308,shelley sizemore,Shelley Sizemore,1440.1,1423.0,37,1,Wake Forest  (Ruckus),wake forest (ruckus),2016,96
4720,4833,sarah piersall,Sarah Piersall,1440.1,1345.2,15,1,Texas-B (Mayhem),texas-b (mayhem),2023,32
4721,4254,victoria bellamy,Victoria Bellamy,1440.0,1427.3,8,2,Austin (Austin High Maroons),austin (austin high maroons) (HS),2025,1048576
4722,4141,jason bertocci,Jason Bertocci,1439.9,1433.6,40,2,Indiana (Calamity Jane),indiana (calamity jane),2019,33
4723,4880,paul froeschle,Paul Froeschle,1439.7,1311.2,45,2,Winc City Fog of War,winc city fog of war,2023,7
4724,3205,michael berthelsen,Michael Berthelsen,1439.4,1471.8,10,1,Northfield High School (Mighty Hucks),northfield high school (mighty hucks) (HS),2016,1048576
4725,4203,matt gubernick,Matt Gubernick,1439.4,1430.3,15,1,DePaul (Laser Chains),depaul (laser chains),2018,32
4726,4292,marty mctigue,Marty McTigue,1439.3,1424.6,48,3,Wayzata High School (Wabbits),wayzata high school (wabbits) (HS),2018,72351744
4727,4707,trevor yandow,Trevor Yandow,1439.3,1381.0,15,3,Frostbite,frostbite (YCC-U20 mixed),2019,272629760
4728,4733,mary turner,Mary Turner,1439.2,1375.6,16,2,Equi'Knox,equi'knox (YCC-U20 girls),2019,135266304
4729,4654,janine hlavaty,Janine Hlavaty,1439.0,1390.5,71,2,Rutgers (Rutgers Nightshade),rutgers (rutgers nightshade) (women's),2025,48
4730,4440,grant maynard,Grant Maynard,1439.0,1413.5,41,1,Nebraska (Cornfed Ultimate),nebraska (cornfed ultimate),2022,2
4731,4781,sarah helding,Sarah Helding,1438.9,1363.4,24,2,Latin School of Chicago (Colossus of Latin),latin school of chicago (colossus of latin) (HS),2026,1048608
4732,4857,ben weintraub,Ben Weintraub,1438.6,1332.9,17,2,Northeastern-B (Valkyries),northeastern-b (valkyries),2026,40
4733,4865,jody ayers,Jody Ayers,1438.5,1328.4,105,3,Arkansas (Ludicrous Speed ),arkansas (ludicrous speed ),2026,268435467
4734,3104,ben aldridge,Ben Aldridge,1438.4,1475.4,72,2,Cherry Creek High School (El Oso),cherry creek high school (el oso) (HS mixed),2018,5242880
4735,4896,anri brod,Anri Brod,1438.3,1275.6,22,2,Northwestern-B (Blaw),northwestern-b (blaw),2026,134217760
4736,4557,alex jackson,Alex Jackson,1438.2,1402.7,31,1,Georgia State (Underground),georgia state (underground),2024,2
4737,3220,lane siedor,Lane Siedor,1438.0,1471.2,15,2,Brute Squad,brute squad (women's),2024,134217744
4738,4803,collin gall,Collin Gall,1437.9,1357.1,88,2,San Diego State (Federales ),san diego state (federales ),2026,2
4739,2786,jinny riedel,Jinny Riedel,1437.9,1486.2,32,4,Seattle Riot,seattle riot (women's),2026,68157457
4740,4148,matt cragun,Matt Cragun,1437.7,1433.4,21,2,Bingham High School - Girls (Bingham Ultimate - Girls),bingham high school - girls (bingham ultimate - girls) (HS girls),2018,2097152
4741,4795,sean donnellan,Sean Donnellan,1437.4,1360.1,24,3,Rochester Chill U20X,rochester chill u20x (YCC-U20 mixed),2023,335544320
4742,4564,matthew bates,Matthew Bates,1437.3,1401.5,25,2,Cape Elizabeth (Cape Ultimate - Open),cape elizabeth (cape ultimate - open) (HS),2018,3145728
4743,3895,andrew riggs,Andrew Riggs,1437.3,1445.7,21,2,Polar Bears,polar bears (mixed),2023,1048584
4744,4336,tim eubanks,Tim Eubanks,1437.3,1421.0,19,1,Maryland Blackout,maryland blackout (YCC-U20 mixed),2023,268435456
4745,343,bridget johnson,Bridget Johnson,1437.2,1652.8,107,6,Storm,storm (mixed),2025,136314936
4746,2413,chris hart,CHRIS HART,1437.1,1499.3,27,1,Cherry Creek High School (El Oso),cherry creek high school (el oso) (HS),2017,1048576
4747,4799,kevin lambert,Kevin Lambert,1437.0,1359.2,17,2,Marcus 2 (Marcus 2),marcus 2 (marcus 2) (HS mixed),2017,4194320
4748,4809,dennis servaty,Dennis Servaty,1436.8,1356.2,29,4,Spearfish High School (Spearfish Storm),spearfish high school (spearfish storm) (HS),2017,940572672
4749,4855,lynn boyd,Lynn Boyd,1436.4,1333.3,37,3,Central Magnet (Ambush),central magnet (ambush) (HS),2019,3145760
4750,3499,peter ngo,Peter Ngo,1436.3,1462.0,12,2,Brookwood (Inferno),brookwood (inferno) (HS),2025,1048576
4751,4451,anthony sapichino,Anthony Sapichino,1436.0,1412.9,10,2,DEVYL U-20 Mixed,devyl u-20 mixed (mixed),2026,268435464
4752,4069,jacob goyne,Jacob Goyne,1436.0,1437.1,24,1,Clemson (Joint Chiefs of Waft),clemson (joint chiefs of waft),2026,2
4753,4821,andrew barten,Andrew Barten,1436.0,1352.7,29,3,Henry Sibley (Warriors),henry sibley (warriors) (HS girls),2016,70254592
4754,3290,devin cox,Devin Cox,1435.9,1469.3,8,2,ATLas,atlas (YCC-U17),2022,603979776
4755,4790,doug oetter,Doug Oetter,1435.8,1361.7,176,2,Georgia College (Disconnected),georgia college (disconnected),2026,102
4756,4194,stacy lu,Stacy Lu,1435.5,1430.9,20,1,Whetstone High School (Whetstone),whetstone high school (whetstone) (HS),2019,1048576
4757,4786,chris hanson,Chris Hanson,1435.5,1362.3,30,5,Hoggard 2025 (Vikings),hoggard 2025 (vikings) (HS),2025,806354944
4758,4787,jennifer tucker,Jennifer Tucker,1435.5,1362.3,30,5,Hoggard 2025 (Vikings),hoggard 2025 (vikings) (HS),2025,806354944
4759,3994,zachary hollis,Zachary Hollis,1435.4,1441.8,57,7,ATLiens,atliens (YCC-U20),2026,605028353
4760,4806,bonnie ho,Bonnie Ho,1435.3,1356.6,17,1,Washington-B (Big Bang),washington-b (big bang),2026,32
4761,4354,jm rallo,JM Rallo,1435.2,1420.1,40,1,Messiah (Falcons),messiah (falcons),2024,6
4762,4291,kelsey kausch,Kelsey Kausch,1435.1,1424.6,41,3,Radnor (Radnor Girls Varsity),radnor (radnor girls varsity) (HS girls),2026,136314896
4763,4861,seana lindenthaler,Seana Lindenthaler,1435.1,1330.6,35,1,RIT (Yams),rit (yams),2026,32
4764,4147,jonathan hoffman,Jonathan Hoffman,1434.9,1433.5,66,2,Shippensburg (Scapegoats),shippensburg (scapegoats),2019,6
4765,4863,tyler davis,Tyler Davis,1434.7,1329.9,38,5,Buffalo Brain Freeze,buffalo brain freeze (mixed),2023,111
4766,4850,ryan mitchell,Ryan Mitchell,1434.6,1337.3,57,2,Pacific Lutheran (Reign Women),pacific lutheran (reign women),2019,96
4767,4682,margaret walker,Margaret Walker,1434.6,1385.3,10,1,Madison MUFAbots U17B,madison mufabots u17b (YCC-U17),2021,536870912
4768,4824,seth graham,Seth Graham,1434.6,1351.0,30,1,Methacton (MUF),methacton (muf) (HS),2019,1048576
4769,3333,clayton thomas,Clayton Thomas,1434.6,1468.4,51,8,Maple Grove Senior High - Varsity (Floppy Discs - Varsity),maple grove senior high - varsity (floppy discs - varsity) (HS),2018,741343232
4770,4715,madison olesen,Madison Olesen,1434.5,1379.2,73,5,Flight Club,flight club (mixed),2026,10
4771,4098,timothy opdahl,Timothy Opdahl,1434.3,1435.7,40,4,Pushovers,pushovers (mixed),2026,1048587
4772,4674,tom brady,Tom Brady,1434.1,1387.0,24,2,Cape Elizabeth (Cape Ultimate - Girls),cape elizabeth (cape ultimate - girls) (HS girls),2016,3145728
4773,4333,melissa huegerich,Melissa Huegerich,1434.0,1421.1,42,4,Northern Arizona (Jines in the Pines),northern arizona (jines in the pines),2024,96
4774,4390,jonathan rosen,Jonathan Rosen,1433.9,1418.1,9,2,Louisville (502),louisville,2017,2
4775,4110,emma sirkin,Emma Sirkin,1433.9,1435.1,27,2,Brebeuf Jesuit (Braves),brebeuf jesuit (braves) (HS),2025,5242880
4776,4891,richard holder,Richard Holder,1433.7,1292.4,96,9,Asheville (Asheville),asheville (asheville) (HS),2026,873463808
4777,4397,ryan turner,Ryan Turner,1433.3,1417.2,35,3,Worcester Polytechnic Institute (Bullets Ultimate),worcester polytechnic institute (bullets ultimate),2023,6
4778,4424,jason arbon,Jason Arbon,1433.1,1415.1,10,2,Syracuse High School (Syracuse Team A),syracuse high school (syracuse team a) (HS),2018,1048576
4779,4425,mike wangemann,Mike Wangemann,1433.1,1415.1,10,2,Syracuse High School (Syracuse Team A),syracuse high school (syracuse team a) (HS),2018,1048576
4780,4763,steve relles,Steve Relles,1432.9,1368.7,14,3,Bethlehem Central-B (BCHS Ultimate Eagles (JV)),bethlehem central-b (bchs ultimate eagles (jv)) (HS),2026,1048576
4781,4856,kyle romard,Kyle Romard,1432.8,1333.3,42,5,Flying Piglet,flying piglet (YCC-U17),2019,537919489
4782,4263,christopher gibbs,Christopher Gibbs,1432.7,1426.5,17,3,DEVYL Developmental,devyl developmental (YCC-U17),2026,542113792
4783,2642,kathleen dyer,Kathleen Dyer,1432.6,1490.7,127,8,Center Grove HS (A) (Trojans (A)),center grove hs (a) (trojans (a)) (HS),2025,74448896
4784,4265,noah richmond,Noah Richmond,1432.4,1426.5,9,2,BLT Stacks,blt stacks (mixed),2018,1048584
4785,4168,stephen rockwell,Stephen Rockwell,1432.3,1432.1,29,3,Brookwood (Inferno),brookwood (inferno) (HS),2025,1048576
4786,4784,kimberly cerveny,Kimberly Cerveny,1432.2,1363.0,33,1,Washington University-B (Washington University (Locamotive)),washington university-b (washington university (locamotive)),2024,32
4787,3933,scott andrews,Scott Andrews,1431.9,1444.3,46,2,Revival,revival (mixed),2023,10
4788,4702,dustin smith,Dustin Smith,1431.7,1381.3,31,2,Davidson (DUFF),davidson (duff),2023,1048582
4789,4485,rory lenny,Rory Lenny,1431.6,1409.7,27,2,Fort Collins Club (Fort Collins AYU Club),fort collins club (fort collins ayu club) (HS),2026,5242880
4790,4484,ken karnas,Ken Karnas,1431.4,1409.8,184,11,DEVYL U20 Girls,devyl u20 girls (YCC-U20 girls),2022,137363490
4791,4623,brian bedord,Brian Bedord,1431.3,1395.5,17,3,San Jose State (Spartans),san jose state (spartans),2023,1048578
4792,4097,zach hochstadt,Zach Hochstadt,1431.3,1435.7,17,2,East  (Denver East Junior Varsity),east (denver east junior varsity) (HS),2026,5242880
4793,1658,yancy knight,Yancy Knight,1431.0,1527.1,18,2,Sky View High School (Sky View Mixed),sky view high school (sky view mixed) (HS mixed),2019,5242880
4794,4488,reid wilson,REID WILSON,1430.9,1409.5,26,1,Luther (Lufda),luther (lufda),2015,6
4795,4638,erik sebesta,Erik Sebesta,1430.9,1392.8,17,4,Cambridge Rindge and Latin (Falcons),cambridge rindge and latin (falcons) (HS girls),2025,1081081856
4796,4727,elizabeth penny,Elizabeth Penny,1430.8,1376.6,83,1,FAB,fab (women's),2025,16
4797,4885,james glaze,James Glaze,1430.5,1299.4,62,2,Miami (UMiami Cartel),miami (umiami cartel),2018,2
4798,4413,jeff kunkle,Jeff Kunkle,1430.3,1415.8,7,1,North County High School (Knights),north county high school (knights) (HS),2019,1048576
4799,4793,alicia shultz,Alicia Shultz,1430.3,1360.4,21,4,Home School -Upper (UDK),home school -upper (udk) (YCC-U20),2019,68157440
4800,3316,anne lee lavette,Anne Lee Lavette,1430.2,1468.6,9,3,Birmingham (Forge),birmingham (forge) (HS),2015,68157441
4801,3171,alicia kersten,Alicia Kersten,1430.2,1473.0,19,3,Somerville High School (Villen Ultimate),somerville high school (villen ultimate) (HS),2024,1611661312
4802,4822,thomas kirby,Thomas Kirby,1430.1,1352.2,23,4,Hoosick Falls  Home School (UDK),hoosick falls home school (udk) (HS),2019,68157440
4803,4607,jake rubin-miller,Jake Rubin-Miller,1430.0,1396.9,32,8,Evanston (Disco),evanston (disco) (HS girls),2026,312475664
4804,4903,mike montaruli,Mike Montaruli,1429.8,1236.0,42,2,Motive,motive,2026,7
4805,4884,jonathan stokes,Jonathan Stokes,1429.7,1300.5,24,1,Hampton (Hampton Ultimate Club),hampton (hampton ultimate club) (HS),2026,1048576
4806,4867,dustin bragg,Dustin Bragg,1429.5,1326.6,28,1,Cal Poly-SLO-B (Motion B),cal poly-slo-b (motion b),2026,32
4807,4868,loren bloom,Loren Bloom,1429.5,1326.6,28,1,Cal Poly-SLO-B (Motion B),cal poly-slo-b (motion b),2026,32
4808,4301,clayton simons,Clayton Simons,1429.4,1423.5,30,1,Tennessee-Chattanooga (Swamp Donkeys),tennessee-chattanooga (swamp donkeys),2024,2
4809,4771,tyler roberts,Tyler Roberts,1429.3,1365.7,20,2,Creighton (Colossus),creighton (colossus),2022,6
4810,3339,nick james,Nick James,1429.2,1468.1,24,3,Oakland Technical (Disc-O-Tech),oakland technical (disc-o-tech) (HS),2026,1048576
4811,4810,alex bertoia,Alex Bertoia,1428.5,1355.4,43,2,Grand Valley (Lakers),grand valley (lakers),2025,2
4812,4894,zoe lewis,Zoe Lewis,1428.5,1280.9,35,2,Drexel (Spitfire),drexel (spitfire),2024,34
4813,4760,tymer moses,Tymer Moses,1428.4,1369.0,32,1,Montana State (Rum Runners),montana state (rum runners),2023,2
4814,4741,bryan sansbury,Bryan Sansbury,1428.3,1373.6,38,1,Tennessee-Chattanooga (Swamp Donkeys),tennessee-chattanooga (swamp donkeys),2024,2
4815,4874,eliot fenton,Eliot Fenton,1428.1,1318.2,49,3,Wild Card,wild card (mixed),2024,11
4816,3389,bryan ruediger,Bryan Ruediger,1428.1,1466.5,5,1,Michigan Stubble,michigan stubble (YCC-U17),2021,536870912
4817,4838,john gruter,John Gruter,1427.6,1342.7,30,3,Xavier (B.L.O.B.),xavier (b.l.o.b.),2026,603979782
4818,3135,andrew wilkes,ANDREW WILKES,1427.6,1474.5,28,2,NYU (New York Ultimate),nyu (new york ultimate),2017,2
4819,3136,william katz,William Katz,1427.6,1474.5,28,2,NYU (New York Ultimate),nyu (new york ultimate),2017,2
4820,4703,john misra,John Misra,1427.5,1381.1,15,1,Ames High School (Parallel),ames high school (parallel) (HS),2017,1048576
4821,4737,thomas barnouw,Thomas Barnouw,1427.2,1374.2,27,3,Fairfield High School (Tribe),fairfield high school (tribe) (HS),2023,1048578
4822,4882,trevor isaacson,Trevor Isaacson,1427.1,1301.1,25,1,Colorado State-B (Bibida),colorado state-b (bibida),2026,2
4823,3228,emily lawrence,Emily Lawrence,1427.0,1471.0,13,2,Parkway (Parkway United),parkway (parkway united) (HS girls),2024,2097152
4824,4732,ben slade,Ben Slade,1426.7,1375.9,118,2,Christopher Newport (Skymaul),christopher newport (skymaul),2026,6
4825,3625,nancy freitas,Nancy Freitas,1426.7,1456.4,27,4,Oakland Technical (Disc-O-Tech),oakland technical (disc-o-tech) (HS),2026,135266304
4826,1259,isaac saul,Isaac Saul,1426.5,1547.2,34,1,PoNY,pony,2024,1
4827,4768,paul summers,Paul Summers,1426.3,1366.6,17,2,KnoxFusion,knoxfusion (women's),2022,1048592
4828,3608,marc morrison,Marc Morrison,1426.0,1457.3,21,2,Paideia (Paideia - Boys JV),paideia (paideia - boys jv) (HS),2026,1048576
4829,4835,anna kilbourn,Anna Kilbourn,1426.0,1343.7,44,3,Michigan-B (Michigan B),michigan-b (michigan b),2026,48
4830,4592,sacha kaiser,Sacha Kaiser,1425.9,1398.5,30,1,Alibi,alibi,2026,1
4831,4762,grace donahue,Grace Donahue,1425.7,1368.9,51,4,Colorado Cutthroat U-20 Boys TWO,colorado cutthroat u-20 boys two (YCC-U20),2026,72351745
4832,4687,christopher baines,Christopher Baines,1425.7,1384.3,14,3,Monarch (Monarch HS B),monarch (monarch hs b) (HS),2026,5242880
4833,4688,max wuesthoff,Max Wuesthoff,1425.7,1384.3,14,3,Monarch (Monarch HS B),monarch (monarch hs b) (HS),2026,5242880
4834,4387,sunny saini,Sunny Saini,1425.5,1418.3,29,1,BW Ultimate,bw ultimate (mixed),2025,8
4835,4812,jason nell,Jason Nell,1425.5,1354.9,13,2,Widefield High School-B (Gladiators),widefield high school-b (gladiators) (HS),2016,3145728
4836,4314,kathryn herbers,Kathryn Herbers,1425.2,1422.3,28,4,Anderson High School (McAnderson GNB team),anderson high school (mcanderson gnb team) (HS girls),2025,137363472
4837,4837,emma chin,Emma Chin,1425.0,1343.2,84,6,Stuyvesant (Stuyvesant Sticky Fingers),stuyvesant (stuyvesant sticky fingers) (HS girls),2026,404750339
4838,4819,derek oberleiton,Derek Oberleiton,1424.9,1353.5,36,4,DEVYL U-20 Open,devyl u-20 open (YCC-U20),2025,67108867
4839,2529,will sweeney,Will Sweeney,1424.6,1495.0,40,5,Tugboat,tugboat,2026,5242881
4840,4388,paul mcmichael,PAUL MCMICHAEL,1424.5,1418.2,22,1,Swing State,swing state (mixed),2017,8
4841,4769,rebecca casey,Rebecca Casey,1423.9,1365.9,21,2,Westfield B2 (Westfield B2),westfield b2 (westfield b2) (HS),2026,5242880
4842,4602,kyle silva,Kyle Silva,1423.8,1397.4,52,1,North Carolina-Asheville (UNC Asheville Bulldogs),north carolina-asheville (unc asheville bulldogs),2018,6
4843,4176,nick galvez,Nick Galvez,1423.7,1431.7,31,3,Durham Academy-Upper (Durham Academy Cavaliers),durham academy-upper (durham academy cavaliers) (HS),2018,68157441
4844,4312,sophie balentine,Sophie Balentine,1423.6,1422.5,7,1,Harding (Sky Bisons),harding (sky bisons),2026,32
4845,4844,patrick o'brien,Patrick O'Brien,1423.1,1340.7,29,3,Worcester Polytechnic (WPI Pi-thons),worcester polytechnic (wpi pi-thons),2019,96
4846,4881,kate fasbender,Kate Fasbender,1423.0,1302.9,23,2,Verona Area High School (Force),verona area high school (force) (HS girls),2018,3145728
4847,4775,kalea dodge,Kalea Dodge,1422.6,1364.2,59,3,Rebels,rebels,2026,49
4848,4745,dan champion,Dan Champion,1422.4,1372.9,20,2,Flying Piglet,flying piglet (YCC-U17),2026,603979776
4849,4535,matt standen,Matt Standen,1422.3,1404.4,44,3,Fort Collins Club (Fort Collins AYU Club),fort collins club (fort collins ayu club) (HS),2026,5242896
4850,4759,joseph barzilai,Joseph Barzilai,1422.3,1369.2,56,7,Ladue (Ladue Rams A),ladue (ladue rams a) (HS),2026,3145729
4851,4414,andie tappenden,Andie Tappenden,1422.3,1415.8,9,1,Latin School of Chicago (Colossus of Latin),latin school of chicago (colossus of latin) (HS),2026,1048576
4852,4724,lauren carden,Lauren Carden,1422.1,1377.7,16,2,Oakland Technical (Oak Tech HS Girls),oakland technical (oak tech hs girls) (HS girls),2026,2097160
4853,4683,brittany mccready,Brittany McCready,1422.0,1385.0,21,2,Lone Peak-B (Lone Peak),lone peak-b (lone peak) (HS girls),2017,270532608
4854,4435,isaac conley,Isaac Conley,1421.7,1414.2,17,4,Utah Swarm U17 Boys,utah swarm u17 boys (YCC-U17),2025,540016642
4855,4754,alec mathena,Alec Mathena,1421.1,1370.8,17,2,Oakstone Academy (Oakstone),oakstone academy (oakstone) (HS),2017,5242880
4856,4767,philippe paravicini,Philippe Paravicini,1420.8,1367.0,24,2,Sonoma State (D'Vine),sonoma state (d'vine),2022,1048608
4857,4248,joanna larson,Joanna Larson,1420.5,1427.8,9,1,The Classical Academy (Titans Varsity),the classical academy (titans varsity) (HS),2026,1048576
4858,4449,don phillips,Don Phillips,1420.3,1413.0,17,3,Harvard (Bromfield)-JV (Harvard Ultimate Club (White)),harvard (bromfield)-jv (harvard ultimate club (white)) (HS),2016,1048576
4859,4776,gregory castelli,Gregory Castelli,1419.4,1364.1,33,1,Fox Chapel Area (Fox Chapel Foxes),fox chapel area (fox chapel foxes) (HS),2024,1048576
4860,4445,julianne crockett,Julianne Crockett,1418.8,1413.3,24,4,Ladue High School (Ladue Rams A),ladue high school (ladue rams a) (HS),2024,3145728
4861,4463,matt west,Matt West,1418.6,1411.9,18,1,Las Positas (Hawks),las positas (hawks),2017,2
4862,4825,charlotte cloyd,Charlotte Cloyd,1418.2,1350.9,18,4,Paideia School-JV (DemiGroove),paideia school-jv (demigroove) (YCC-U20 girls),2020,136314896
4863,4021,matthew straus,Matthew Straus,1418.1,1440.2,20,3,Oakland Technical (Disc-O-Tech),oakland technical (disc-o-tech) (HS),2026,3145728
4864,4606,andrew applegate,Andrew Applegate,1417.6,1397.0,50,7,Rip Tide,rip tide (YCC-U20 girls),2026,407896072
4865,4720,mark davis,Mark Davis,1417.0,1378.4,39,1,Arizona State (Caliente),arizona state (caliente),2020,32
4866,4817,kelly rusin,Kelly Rusin,1416.9,1353.7,20,4,Sabers,sabers (HS mixed),2019,406847496
4867,4895,neal earley,Neal Earley,1416.9,1279.9,157,7,Flying Piglet,flying piglet (YCC-U17),2026,609222657
4868,4888,matthew heath,Matthew Heath,1416.0,1295.0,150,3,Harvard (Red Line),harvard (red line),2025,11
4869,4794,keith westgate,Keith Westgate,1415.7,1360.4,47,4,Andover High School (Andover Ultimate),andover high school (andover ultimate) (HS girls),2017,3145728
4870,2768,martin aguilera,Martin Aguilera,1415.6,1486.9,162,6,flATLine,flatline (YCC-U20 mixed),2026,338690064
4871,4842,jamie barr,JAMIE BARR,1415.2,1341.6,16,1,Princeton-B (Stopwatch),princeton-b (stopwatch),2018,32
4872,4441,sean douglass,Sean Douglass,1414.5,1413.5,79,1,Texas State (Trainwreck),texas state (trainwreck),2024,32
4873,4904,tim kreutzfeldt,Tim Kreutzfeldt,1414.5,1224.0,72,3,Drexel (Spitfire),drexel (spitfire),2023,3
4874,4752,elizabeth rock,Elizabeth Rock,1414.2,1371.5,27,1,Nebraska (Cuddle Raptors),nebraska (cuddle raptors),2019,32
4875,3685,ben faust,Ben Faust,1412.6,1453.8,20,1,DiG,dig,2018,1
4876,4758,michael dennis,Michael Dennis,1410.8,1369.4,14,1,Jeffersonville High School  (Devils Hammer ),jeffersonville high school (devils hammer ) (HS),2017,1048576
4877,4859,michael stevens,Michael Stevens,1408.6,1332.2,29,3,Colorado State-B (Bibida),colorado state-b (bibida),2024,10
4878,4394,christopher king,Christopher King,1408.3,1417.8,23,3,Virginia Vortex,virginia vortex (YCC-U20),2026,68157441
4879,4618,shane skriletz,Shane Skriletz,1407.8,1395.6,116,7,Spring Break '93,spring break '93,2026,5242929
4880,4690,thomas croskey,Thomas Croskey,1406.8,1384.0,53,2,Holy Ghost Preparatory School (Firebirds),holy ghost preparatory school (firebirds) (HS),2024,1048576
4881,4839,elizabeth melillo,Elizabeth Melillo,1405.9,1342.5,54,6,Westfield B2 (Westfield B2),westfield b2 (westfield b2) (HS),2026,544210944
4882,4902,gus preston,Gus Preston,1405.8,1236.7,44,5,Versa,versa (women's),2024,402653232
4883,4876,ken adams,Ken Adams,1405.8,1314.7,35,5,Madison West-JV1 (Madison West Ultimate),madison west-jv1 (madison west ultimate) (HS),2025,607125504
4884,4789,emma demelim,Emma DeMelim,1404.4,1362.2,38,1,Bowdoin (Chaos Theory),bowdoin (chaos theory),2026,96
4885,4428,keith pollock,Keith Pollock,1404.0,1414.8,8,1,Madison East-B (Madison East B),madison east-b (madison east b) (HS),2026,1048576
4886,4890,ryan tappel,Ryan Tappel,1403.1,1293.3,58,1,Loyola-Chicago (Darkwing),loyola-chicago (darkwing),2026,2
4887,4695,rabah sbitani,Rabah Sbitani,1402.6,1383.0,24,7,Richmond Spinners (Richmond Spinners),richmond spinners (richmond spinners) (YCC-U17),2026,609222657
4888,4611,neal patel,Neal Patel,1402.5,1396.4,34,5,Drake (DUC),drake (duc),2019,67108879
4889,4816,alaister mcfarren,Alaister McFarren,1399.4,1354.2,47,1,Grace (Lancer Ultimate),grace (lancer ultimate),2026,6
4890,4860,kelsey salvo,Kelsey Salvo,1394.9,1331.3,28,1,Portland (UPRoar),portland (uproar),2026,96
4891,4905,heather ayers,Heather Ayers,1393.7,1206.2,37,1,NWA White Tails,nwa white tails (YCC-U20 mixed),2026,268435456
4892,4813,chris northard,Chris Northard,1393.5,1354.8,25,3,Superior 2,superior 2 (YCC-U20),2016,68157440
4893,4164,kelley knapek,Kelley Knapek,1392.6,1432.4,20,4,Broomfield High School - Mixed  (En Fuego Mixed 2018),broomfield high school - mixed (en fuego mixed 2018) (HS mixed),2019,6291456
4894,4893,rebecca mitchell,Rebecca Mitchell,1389.5,1281.3,84,3,Colorado Mines (Enthalpy),colorado mines (enthalpy),2024,112
4895,4871,india stubbs,India Stubbs,1387.7,1321.0,31,5,Paideia-JV (Demi Groove - Paideia JV Girls),paideia-jv (demi groove - paideia jv girls) (HS girls),2026,136314880
4896,4889,heather gardner,Heather Gardner,1385.3,1293.5,39,4,Blackman High School (Blackman High School (open)),blackman high school (blackman high school (open)) (HS),2019,3145760
4897,4899,allison case,Allison Case,1384.4,1253.0,42,2,Syracuse (Fox Force Seven),syracuse (fox force seven),2026,48
4898,4900,brian erwin,Brian Erwin,1384.4,1253.0,42,2,Syracuse (Fox Force Seven),syracuse (fox force seven),2026,48
4899,4898,cara sieber,Cara Sieber,1383.3,1257.1,56,5,NYU (New York University ),nyu (new york university ),2026,273678347
4900,4901,christopher kizis,Christopher Kizis,1383.0,1241.4,58,1,Hofstra (Flying Dutchmen),hofstra (flying dutchmen),2025,3
4901,4009,sarah craig,Sarah Craig,1382.6,1440.8,12,3,St Louis University High (SLUH Ultimate JV),st louis university high (sluh ultimate jv) (HS),2022,1048576
4902,4717,andrew carne,Andrew Carne,1382.4,1378.8,11,2,Madison East-B (Madison East B),madison east-b (madison east b) (HS),2026,1048576
4903,4731,zach zebarth,Zach Zebarth,1368.2,1376.0,14,1,Center Grove High School-B (Trojans),center grove high school-b (trojans) (HS),2019,1048576
4904,3192,cameron brock,Cameron Brock,1365.7,1472.2,11,1,Eastern Hancock High School (Royal Air Force),eastern hancock high school (royal air force) (HS),2017,1048576
4905,4883,bridget doherty,Bridget Doherty,1362.4,1300.6,36,5,Oak Park and River Forest-Upper (OPRF Huskies),oak park and river forest-upper (oprf huskies) (HS),2025,3145728
4906,4906,jacob shade,Jacob Shade,1352.0,1117.0,59,10,Alexandria City (Small Titans),alexandria city (small titans) (HS girls),2026,611319809
