norm_name,college_teams,club_teams,review
aadit bhatia,illinois (rise),roundhouse; u54,
aadit shah,ohio state (leadbelly); ohio state-b (big buckin' chicken),haymaker,
aage bonnell,carleton college (cut); seven hills bx,ave,
aaliyan mohammed,mississippi state (dark horse),cookie mon$terz; memphis pharaohs,
aanand yu,north carolina state (nc state alpha); north carolina state-b (sixpack); triangle tourists boys 2-b,nc brickhouse-upper,
aaron barcio,texas (tuff),clutch; doublewide; joe sefton's little heroes; lil heroes; swangos; texas swing; texas united,
aaron bartlett,michigan (magnum),chicago machine; foggy bottom boys; nain rouge; truck stop; watchdogs,
aaron baymiller,clemson (joint chiefs of waft),charleston heat stroke; space cowboys,
aaron berger,harvard (red line); harvard-b (bred line),harvard (red line); mystery box; shade,
aaron bruce,columbia (uptown local),columbia (uptown local); spring break '93,
aaron burger,northern iowa (ammunition),loaded panda,
aaron casey-fix,wisconsin-b (fauxdags),nomad; ope,
aaron crockett,idaho (red scare),charleston heat stroke; lost boys; make it rain,
aaron crothers,penn state (spank),happy valley roofing and mustache supply; updog,
aaron damsky,suny-binghamton (suny-binghamton),magma bears; suny-binghamton (suny-binghamton),
aaron dawson,portland state (vitruvious),make it rain; name brand,
aaron devine,john brown (ironfist),dreadnought: battleship-b,
aaron fandel,massachusetts -b (umass amherst developmental); massachusetts-b (umass amherst developmental); massachusetts-d (umass amherst developmental),dcviii,
aaron gilbert,rensselaer polytech (trudge); rensselaer polytechnic institute (trudge),motive,
aaron goings,kennesaw state (parliament),delirium,
aaron hamilton,rensselaer polytech (trudge); rensselaer polytechnic institute (trudge),chemical x; motive,
aaron jue-sans,california-santa barbara-b (black out),john doe,
aaron kaplan,gold rush; oregon (ego),rhino slam!,
aaron knishkowy,maryland (maryland ultimate),town hall stars; watchdogs,
aaron lam,lehigh (lehigh ); lehigh-b (lehigh-b),spring break '93,
aaron lavitsky,maryland (maryland ultimate),town hall stars,
aaron magtoto,georgetown (justice),la maquina -a; mort,
aaron maymin,suny-binghamton (suny-binghamton),bartle boys; festive salmon; overcast; sawtooth,
aaron mcadams,south florida (scallywags),tampa tempest,
aaron mcdaniel,pittsburgh (en sabah nur),garden state ultimate; puppies,
aaron mercado,california-santa cruz (slugs),wavestorms,
aaron miller,suny-binghamton (suny-binghamton),bodega cats; long island riff raff; satellite,
aaron mogilner,ohio state (leadbelly); ohio state-b (big buckin' chicken),trident ii,
aaron ogdee,texas state (texas state buckets),riptide; riverside,
aaron rahman,houston (skyline),adventure time; black gold; firefly tx,
aaron ramsey,pennsylvania (void),adelphos,
aaron reeves,auburn (aetos),alliance 2,
aaron rosenthal,dartmouth (pain train),foggy bottom boys; philadelphia pacmen; redwolves; truck stop; zyzzyva,
aaron smith,messiah (falcons); oklahoma christian (eagles),brawl; flash flood; glycerine; texas bbq; texas two step,
aaron spangler,john brown (ironfist),dreadnought: battleship-b,
aaron steiger,caltech (aftermath); chicago-b (hedonism bots),chimney; ditto a,
aaron stettner,wisconsin (hodags); wisconsin-b (fauxdags),dcviii; zoboomafoo,
aaron stone,pennsylvania (void),give me death,
aaron swenson,saint louis (archangel),s l u r p,
aaron wei,north carolina (darkside),brickhouse; cash crop 2; raleigh-durham united,
aarush panda,california-b (ursa minor),east bay earthworms; on ramp; pittsburgh stealers,
aayush muthuswamy,brown (brownian motion),switchback,
abdiel rosario,florida-b (florida b),vicious cycle,
abdulraouf kablaoui,suny-albany (scam),alibi,
abe palmer,illinois (rise),hb woodlawn; hb woodlawn flatball; u54,
abeer lamba,british columbia (thunderbirds),dna,
abenezer diribssa,kennesaw state (parliament),atlanta outlaws; delirium,
abhinav burju,trinity (turbulence),a la carte-b; dallas delinquents,
abhishek varadarajan,carnegie mellon (mr. yuk),bdc,
abraham boardman,carleton college (cut),mallard; minnesota superior a,
abraham faber,carleton college-karls (karls); carleton college-karls-c (karls),beef depot,
abraham frolichstein-appel,oberlin (flying horsecows); wisconsin-milwaukee (black cat); wisconsin-milwaukee-b (blackout),mke; slimjim fc,
abraham lovich,rochester (piggies),pgz,
abraham sun,alabama-birmingham (inferno),alliance; alliance 2,
abram yehle,colorado cutthroat: youth club u-20 boys; colorado-b (cucu),colorado cutthroat: youth club u-20 boys; red lotus; ycc u20 developmental team,
acero liang li,suny-stony brook (panic),uproar,
achilles hahn,south carolina (gamecock ultimate),lost boys,
achyuta murli,indiana (hoosiermama?s),black sheep,
adam ali,carleton college (carleton house of pancakes); carleton college-chop (carleton house of pancakes),x wives-a,
adam assaad,carnegie mellon (mr. yuk); carnegie mellon-b (poison control),pittsburgh stealers; space force,
adam baarman,purdue-b (ctrl-z),lafayette street dogs,
adam barbosa,spring hill (shuc),battleship,
adam becker,rowan (ruf riders),oakay; triumph,
adam bell,georgia (jojah),riverside; sauce,
adam blum,kenyon (serf),ez; ghostbusters; philadelphia padawans,
adam bronstein,charlottesville clownies,doggpound; oakgrove boys; oat; puzzles; t.r.w.f.b.; yacht club,
adam brown,indiana (hoosiermama?s),shadows,
adam brunner,lsu (purple haze),gang of disc,
adam carita,maryland (maryland ultimate),town hall stars,
adam chin,gonzaga (guru ),seven gills,
adam cloutier,maine (blackfly),allen's adolescents; maine (nor'easter); red tide,
adam cohen,binghamton (suny-binghamton); suny-binghamton (suny-binghamton),bartle boys; zyzzyva,
adam costello,south florida (scallywags),players into serious sports,
adam dahlquist,minnesota-b (ugly duckling); minnesota-c (rubber ducky),bag,
adam dantonio,central connecticut state (blue barracudas),colt,
adam donaldson,arkansas (ludicrous speed ),arkansas (ludicrous speed ); dreadnought,
adam douillet,arizona state (prime); arizona state-b (pleasure),bonsoon; monsoon,
adam fleury,clemson (joint chiefs of waft),space cowboys,
adam goldstein,georgia (jojah),town hall stars,
adam goodwin,georgia state (underground),atlanta arson; buffalo ultimate; dyno,
adam grossberg,georgia tech (tribe),chain lightning; ghostbusters; philadelphia pacmen; philadelphia padawans,
adam hanizeski,oklahoma (apes of wrath),supercell,
adam hess,ball state (cardinals),maumee boys,
adam jasensky,wisconsin-b (fauxdags),rubicon rapids,
adam kohn,williams (wufo),alibi,
adam krim,christopher newport (skymaul),fathom ii; shipyard,
adam leonard,siena (siena saints),ascension,
adam manuel,"wake forest (well oiled machine, baby)",hydra,
adam mcnichols,oregon (ego),dark star; portland tremor; rhino slam!,
adam meyer,louisville (lucky); wisconsin-la crosse (badluc),scythe,
adam norrbom,virginia tech (burn),foggy bottom boys; munch box; truck stop; vault,
adam park,harvard (red line),harvard (red line); town hall stars; zyzzyva,
adam reed,maryland (maryland ultimate),atliens; town hall stars,
adam ricci,pittsburgh (en sabah nur),pittsburgh temper; puppies,
adam rose,brigham young-b (chi b),"bgf sl,ut; fat stacks; zombie tidal wave",
adam rothman,carleton college (cut),mallard ii,
adam ryder,delaware (sideshow),revolt,
adam smith,rowan (ruf riders); vermont-c (chill b),el niño; rebels; uproar; uproar claws,
adam stautberg,michigan (magnum),chicago machine; mango tree; nain rouge,
adam straub,colorado mesa (colorado mesa mavericks),buoyancy,
adam thornton,cincinnati (bearcats); cincinnati -b (bearcats b),flying pig,
adam tran,california-san diego (air squids),skipjack,
adam vera,california-davis (davis dogs),green river swordfish,
adam walker,colorado college (wasabi),journeymen,
adam wang,michigan (magnum),womp,
adam weingast,temple (alert),citywide special; jawn,
adam weiss,hofstra (flying dutchmen),medicine men; puzzles; town hall stars; vault,
adam wells,south florida (scallywags); south florida-b (scourge),players into serious sports,
adam white,kennesaw state (parliament),hammerhead; psychedelic,
adam whitton,purdue (undue ultimate),drought; i-69; nighthawk; red imp.ala,
adam wright,oberlin (flying horsecows),beachfront property; black market ii; blacker market; magma bears,
adam wulkan,gold rush; oregon (ego),oakland ultimate,
addison carnow,north carolina (darkside),banc,
adi gummadi,california-b (ursa minor),east bay earthworms; ursa,
adil ali,gold rush,bay dog; shadows,
adin mcgurk,vanderbilt (armada),foggy bottom boys,
adithya deepak,georgia tech (tribe),big booty men; flying pig; flying piglet; trident,
aditya shanbag,massachusetts -b (umass amherst developmental),bag,
aditya vunnum,california (ursa major); california-b (ursa minor),ursa; zyzzyva,
adrian arreaza,central florida (dogs of war),bloom; psychedelic; reptar,
adrian golay,indiana (hoosiermama?s),black sheep,
adrian lin,brown (brownian motion),buda u20b; diy; scoop,
adrian oteiza,brown-b (brown - b),providence poultry,
adrian pagan,ucla-b (ucla smoke),green river swordfish,
adrian staples,vermont-b (chill d); vermont-b (chill dev),bang; big wrench; deluxe; red squirrels; tbd; trout,
adrian wang,suny-stony brook (panic),suny-stony brook (panic),
adriel barham,carleton college (cut),neap tide; rising tide u20b,
adriel kershner,berry (bucks),romulus,
adrien prioul-ritz,boston university (boston university),big wrench; buda u20b,
advaith subramanian,tulane (tucks); tulane-b (tulane b),gang of disc,
ahanu reiva,colorado cutthroat: youth club u-20 boys,carbon; colorado cutthroat: youth club u-20 boys; false summit; iso atmo; tugboat,
ahmaad daniel,georgia state (underground),rush hour atl,
ahmed ma,british columbia -b (b-birds),oni,
aidan anich,xavier (b.l.o.b.),rotisserie chicken,
aidan ayers,arkansas (ludicrous speed ),arkansas (ludicrous speed ),
aidan ball,indiana (hoosiermama?s),shenanigans,
aidan bannon,haverford (big donkey ultimate),anchor; battery,
aidan baris,emory (emory juice),yee-haw,
aidan beam,texas-b (graze),forge; riverside messengers; riverside messengers-b,
aidan brady,colorado state-b (bibida),choice city hops,
aidan brannon,seven hills bx,make it rain,
aidan byrne,missouri s&t (miner threat),stl moonar,
aidan carroll,south florida (scallywags); south florida-b (scourge),players into serious sports,
aidan carter,clark (woo town killer bees),crossfire,
aidan catalano,carnegie mellon (mr. yuk); carnegie mellon-b (poison control),pittsburgh stealers,
aidan cunningham,denver (sourdough),denver -upper (four more dough ),
aidan curry,california-santa cruz (slugs),oat; red dawn; revolver; wavestorms; zodiac,
aidan deane,vermont-c (chill b),burly,
aidan di salvo,northeastern-c (salty c dogs),mbta,
aidan downey,georgia (jojah),atliens; chain lightning; truck stop,
aidan dwyer,xavier (b.l.o.b.),rotisserie chicken,
aidan earnest,central florida (dogs of war); central florida-b (havoc),bloom,
aidan euclide,wisconsin-b (fauxdags),dangerous unidentified mystical beast,
aidan foley,xavier (b.l.o.b.),rotisserie chicken,
aidan gangai,case western reserve (fighting gobies[a]); suny-binghamton (suny-binghamton),bartle boys,
aidan garvey,wisconsin-b (fauxdags),rubicon rapids,
aidan godlaski,ohio (trout),ohio (trout),
aidan goode,suny-binghamton-b (suny-binghamton b),suny-binghamton-b (suny-binghamton b),
aidan gray,cosmic u-20 boys,cosmic u-20 boys,
aidan hale,michigan (magnum); washington-b (washington b),diesel; eldl; mango tree-a; seven gills; souf,
aidan hayes,maine (blackfly); maine (snositi),neap tide; red tide; rising tide u20b,
aidan henry,hofstra (flying dutchmen),fli-b honeybees,
aidan hwang,northeastern-c (salty c dogs),mbta,
aidan joyce,alabama (yellow hammer),banc,
aidan lieberman,rochester (piggies),pgz,
aidan magee,james madison (hellfish); pennsbury (pennsbury),garden state ultimate,
aidan martin-weinbaum,amherst regional (hurricanes); kenyon (serf),colt,
aidan mcgovern,florida tech (florida tech competitive),colt; crossfire; raptor,
aidan mckelvey,california-davis (davis dogs),green river swordfish; swordfish,
aidan mckibben,mcgill (mut),blackfish,
aidan mclaren,suny-albany (scam),alibi,
aidan mitchell,georgetown (justice),bdc; john doe,
aidan nelappana,florida tech (f-it),certified scrubs,
aidan norris,"wake forest (well oiled machine, baby)",hydra,
aidan obregon,wisconsin (hodags),conspiracy theory; dangerous unidentified mystical beast; rubicon rapids; zoboomafoo,
aidan oconnell,william & mary (merry men),carolina sky,
aidan oneill,massachusetts (zoodisc),haymaker; haymaker x; roundhouse,
aidan perez,suny-binghamton (suny-binghamton),alibi; motive; suny-binghamton (suny-binghamton),
aidan pietruszka,georgia tech-b (tribe),atlanta outlaws; dyno; two-headed goose,
aidan pulido,texas-b (graze),lil heroes,
aidan reedy-schneider,california-san diego (air squids); california-san diego-b (air squids lite ); california-san diego-c (air squids select),skipjack,
aidan rosser,marquette (birdhouse),milwaukee breaker,
aidan sauls,south carolina (gamecock ultimate),lost boys; space cowboys,
aidan sommer,cincinnati (bearcats),cincinnati flying piglet; dynasty; flying piglet,
aidan stark-chessa,bates (orange whip),resurgam,
aidan stevens,ohio state (leadbelly),alamode; cincinnati flying piglet; flying pig,
aidan stokes,north carolina-charlotte (charlotte skyrise); texas united,texas united,
aidan thomas,notre dame (papal rage),mob ultimate,
aidan todd,appalachian state (nomads),raleigh-durham united,
aidan tow,missouri s&t (miner threat),stl moonar,
aidan vogel,notre dame (papal rage),cache valley high ground; nain rouge,
aidan wenham,texas tech (tumbleweed),deaf fruit,
aidan wilson,texas state (texas state buckets),adventure time; riverside; texas tea-a,
aiden ballard,west virginia (wv wild),gummy bear hitmen,
aiden coutin,utah (zion curtain),powderhogs,
aiden fields,north carolina state (nc state alpha),cash crop 2; nc brickhouse-upper; raleigh-durham united; ring of fire,
aiden gorman,minnesota-c (minnesota c); minnesota-c (rubber ducky),house,
aiden holman,tennessee-chattanooga (swamp donkeys); tennessee-chattanooga -b (tennessee-chattanooga b),nocturnal,
aiden hsu,reed (hoot),junco,
aiden kempf,dickinson (dumptrucks); dickinson (junkyard turkeys),delco club; ez; ghostbusters; philadelphia padawans,
aiden kern-kensler,indiana (hoosiermama?s),black sheep,
aiden killeen,montana state (rum runners),sawtooth,
aiden landis,pittsburgh (en sabah nur),impulse; pittsburgh temper; puppies; slag dump; sord,
aiden leary,"wake forest (well oiled machine, baby)",hydra,
aiden lomen,arizona state (prime),mallard; minnesota superior u20b; overdrive; sub zero,
aiden martinsen,wisconsin (hodags),dangerous unidentified mystical beast,
aiden oconnor,virginia tech (burn),winc city fog,
aiden rathmann,depaul (duc),roundhouse,
aiden reed,virginia tech (burn),helots,
aiden rudy,michigan state (arc),beacon; eldl,
aiden weisgerber,suny-buffalo-b (buffalo grinch),arcane edge,
aiden willis,johns hopkins (dangerzone),bomb squad,
aidin terris,california-santa cruz (slugs),red dawn; wavestorms; zyzzyva,
aidyn rosochowicz,south florida (scallywags); south florida-b (scourge),players into serious sports,
aj campbell,case western reserve (fighting gobies[a]),magma bears,
aj dickerson,miami (ohio) (miami boogiemen),dynasty,
aj dyer,georgia-b (chillydawgs),power point ultimate,
aj humbert,indiana (hoosiermama?s),black sheep; brickyard; momintum,
aj larson,minnesota (grey duck),mallard; minnesota superior u20b,
ajani knorr,penn state-b (lovetap),chemical x,
akash mcminnn,oregon (ego),amigos-jv; texas united,
akash shrestha,washington (sundodgers),souf,
akilesh swamy,southern california (usc lockdown),hazard,
akira koenigsberg,oregon state (beavers),dark star; oregon trainwreck; trainwreck and friends,
akos konkoly,minnesota (grey duck); minnesota (minnesota a),dinkytown doughboys; kenji's bbb; mallard,
akram abudheer,charlottesville clownies,crypt; oakgrove boys; richmond floodwall; truck stop,
akul kadyan,oklahoma (apes of wrath),sprawl; zoo,
alain saal-dalma,carnegie mellon (mr. yuk),oc crows,
alain zhou,michigan-b (michigan-b),mischief,
alan caceres,north texas (unt),dallas delinquents,
alan chen,california-san diego (air squids); johns hopkins (dangerzone),streetgang,
alan chi,purdue (undue ultimate),dallas delinquents; lafayette street dogs; lil heroes; sprawl,
alan flores,arizona (sunburn),arizona frisbee club; sonoran dog; sonoran pups,
alan maher,penn state-b (lovetap),happy valley roofing and mustache supply,
alan morey,kansas (horrorzontals),friendly fire-c,
alan nguyen,maryland-baltimore county (booya),huckleberry; jolly roger; mob ultimate,
alan poulsen,utah state (scotsmen),cache valley high ground,
alan walker ii,central connecticut state (blue barracudas),souf,
alan whittemore,rit (rit spudheds),buffalo frostbite,
alan wu,pennsylvania (void); rutgers (machine); rutgers-b (mystery machine),helots; mbta; pennsylvania (void); pride of rowan newark; rugrat knights-a,
alan yi,suny-stony brook (panic),lantern,
alan yuen,california-irvine (nightlife),oc crows; seven gills; triumph,
albert capodanno,delaware (sideshow),delaware (sideshow),
albert hutchinson,north florida (category 5),flux,
albert rosario-pichardo,columbia (uptown local),deepfake,
albert yuan,duke (brimstone),brickhouse; dig; raleigh-durham united,
alberto morales-fernandez,massachusetts (zoodisc),amherst orlando magic; mob ultimate,
alden beck,suny-stony brook (brick); suny-stony brook (panic); suny-stony brook-b (brick),uptown local y,
alden birkett,rit (rit spudheds),crossfire,
alden pritchard,carnegie mellon-b (poison control),space force,
alden rosakranse,georgia tech (tribe),colt; dirty laundry; python; yee-haw,
aldi novianto,akron (goonsquad),neo,
alec bakholdin,rutgers (machine),garden state ultimate; not a sport; pride of rowan newark; rutger colege,
alec belteau,florida (florida),frizz,
alec brainard,yale (süperfly),sungho moon,
alec denbraber,western michigan (dark horse),beacon; midnight meat train; red imp.ala,
alec detzel,grand valley (lakers); iowa (ihuc),trident,
alec minnicks,alabama-huntsville (nightmares),ronin; second nature,
alec olslund,california-davis (davis dogs),green river swordfish,
alec scheffler,alabama-b (yellow hammer),rougaroux,
alec screnchuk,southern illinois-edwardsville (siege),stl moonar,
alejandro (alex) perez,kansas (horrorzontals),friendly fire; mallard; mallard x; overdrive; triumph,
alejandro christenson,minnesota-duluth (northern lights),conspiracy theory; dingwop; mallard ii; the body,
alejandro ortiz olivas,arizona state-b (pleasure),monsoon,
alejandro pagan,california-davis (davis dogs); california-davis-b (davis dogs b),green river swordfish; swordfish,
alejandro palomino,salt.,powderhogs; shrimp,
alejandro reyes,san diego state (federales ),skipjack; streetgang,
aleksei felt,utah valley (utah valley ultimate),sundance kids; wretched refuse,
alesh fremouw,northeastern (huskies); oregon state (beavers),dark star; reál hogs fc-b,
alessandro gibson,illinois state (gnomes); illinois state-b (illinois state gnomes b),trident ii; trident iii; triiident,
alessandro marcolini,arizona state (prime),tempe tantrum,
alex atkins,colorado (mamabird),citywide special; johnny bravo; lotus; patrol; philadelphia pacmen,
alex babler,oklahoma christian (eagles),friendly fire; kansas city smokestack,
alex ballentine,appalachian state (nomads); davenport (panthers),banc; raleigh-durham united,
alex becker,western washington (dirt),babe; chimney; ghost train; seven gills,
alex bindschadler,san diego state (federales ),skipjack,
alex bleuzen,north carolina-wilmington (seamen),right coast,
alex borinstein,colorado (mamabird),bbb; sky hook,
alex brinkman,macalester (macalester open ultimate),stl goonar,
alex broering,georgia tech (tribe),doggpound; python,
alex brown,alabama (yellow hammer),gargantuan spider dragons-senior; madhouse,
alex chen,california-b (ursa minor); california-santa cruz-b (ucsc b (ooze)),anchor; firefall,
alex dagostino,stevens tech (stevens tech); stevens tech-b (stevens tech),revolt,
alex davis,saint louis (archangel),bash bros; john doe,
alex dugas,rose-hulman (elephantitis),zoo animals,
alex fairbanks,edinboro (haggis),chemical x,
alex fialon,johns hopkins (dangerzone),dreadnought,
alex fiordalisi,north carolina (darkside),cash crop 2,
alex flores,case western reserve (fighting gobies[a]); case western reserve-b (fighting gobies),exhaust pipe,
alex forsberg,utah (zion curtain),powderhogs; shrimp,
alex gronau,georgia southern (eagles),savannah wild,
alex hall-witt,oregon (ego),rhino slam!; scoop,
alex henige,wisconsin-milwaukee (black cat),bux; mke,
alex herman,cal poly-slo (slocore); cal poly-slo-b (slob); cal poly-slo-c (sloc),wavestorms,
alex hubley,minnesota-duluth (northern lights),dingwop,
alex jenkins,marquette (birdhouse),lantern; pesterbug; richmond floodwall; silence of the clams,
alex kauff,drexel (spitfire),bearfax,
alex kaylor,georgia tech-b (tribe),atlanta outlaws,
alex kelley,purdue (undue ultimate),lafayette street dogs,
alex khater,george washington (g-dub hippos),adelphos; beef depot,
alex kozitza,minnesota-b (ugly duckling),knights of ni; overdrive,
alex labarge,penn state-behrend (justdisc league),dapper,
alex labrador,south carolina (gamecock ultimate),cockfight,
alex lemoncelli,pittsburgh (en sabah nur),impulse; puppies,
alex lien,st. olaf (berzerkers),overdrive,
alex longe,victoria (vikes),surf,
alex ma,northeastern-b (beastern),mbta,
alex martinich,wisconsin-milwaukee (black cat),mke,
alex merrifield,brigham young-b (chi b),sundance kids,
alex meyer,michigan-b (michigan-b),journeymen,
alex miller,nebraska (cornfed ultimate),carbon; enigma; mycellium,
alex mullen,penn state (spank),pittsburgh stealers; pittsburgh temper,
alex murry,colorado mesa (colorado mesa mavericks),buoyancy,
alex newton,minnesota-b (minnesota b),ope,
alex parikh-briggs,california-b (ursa minor),battery; east bay earthworms,
alex paulauskas,illinois (rise),trident; trident ii,
alex pistolesi,richmond (spidermonkeys),blueprint; magma bears; oak grove boys; oakgrove boys,
alex portillo,suny-stony brook (panic),suny-stony brook (panic),
alex poy,gold rush,bay dog; journeymen,
alex ricci,james madison (hellfish),winc city fog; winc city fog of war,
alex rini,colorado cutthroat u-20 boys; colorado cutthroat: youth club u-20 boys,colorado cutthroat u-20 boys; colorado cutthroat: youth club u-20 boys,
alex rossmeissl,puget sound (postmen),anchor; battery; red dawn; seven gills,
alex rowe,alabama-b (yellow hammer),second nature,
alex rudy,ohio state (leadbelly),babe; flying dutchmen,
alex rybak,purdue (undue ultimate),lafayette street dogs,
alex rzasnicki,texas a&m-b (dozen matter),quaze,
alex santai,oklahoma christian (eagles),barnstorm,
alex solano,colby (cdc (men's)),new jersey gemini,
alex spenceley,pittsburgh (en sabah nur),pittsburgh temper; slag dump; sord,
alex staco,suny-fredonia (terrifying turtles),long island riff raff,
alex stevenson,miami alumni; miami-upper-upper,enigma; flying dutchmen; tanasi,
alex storrer,northeastern (huskies); stanford (stanford men's ultimate team),iditarod; mbta; scoop,
alex stumphauzer,heartbreak,castle; haymaker; heartbreak,
alex theriot,wisconsin-eau claire (eauzone),nomad,
alex tsvetkov,minnesota (grey duck); minnesota (minnesota a),dinkytown doughboys; kenji's bbb; mallard; mallard ii,
alex tucker,houston (skyline),adventure time,
alex turney,charlottesville clownies; virginia (night train),puzzles; rush hour atl; vault,
alex valdes,texas-b (graze),stuff,
alex van der geest,arizona state (prime),drought; monsoon; nighthawk,
alex walker,salt.,powderhogs; shrimp; x wives-a,
alex warrington,ohio state (leadbelly),chimney; flying dutchmen,
alex wiersbitzky,penn state (spank),adelphos; philadelphia padawans,
alex wilcox,dc recruits,hb woodlawn flatball club,
alex will,maryland-baltimore county (booya),emu,
alex winsness,virginia tech (burn),little red wagon,
alex yannelli,cal poly-slo (slocore),shrimp,
alex yu,colorado (mamabird); colorado cutthroat u-20 boys,colorado cutthroat u-20 boys; colorado cutthroat: youth club u-20 boys; red lotus,
alex zheng,illinois (rise); minnesota-b (ugly duckling),colonels; haymaker; knights of ni; mallard ii; the body,
alex zhuang,duke (brimstone),carolina sky,
alexander (zander) lutz,penn state (spank),ghostbusters; phantom; philadelphia pacmen,
alexander abrams,northeastern (huskies),mbta,
alexander allen,tennessee-chattanooga (swamp donkeys),nocturnal,
alexander belfiore,stanford (stanford bloodthirsty); stanford (stanford men's ultimate team),sockeye,
alexander bernier,missouri (missouri),castle,
alexander bork,colorado-b (cucu); colorado-c (rooster tussle),colorado cutthroat (colorado cutthroat); daybreak; inception,
alexander chen,case western reserve (fighting gobies[a]); rutgers (machine),chimney; rugrat knights-a,
alexander clare,ucla (smaug); ucla-b (ucla smoke),bart; green river swordfish,
alexander daley,charlottesville clownies; delaware (sideshow),watchdogs,
alexander davis,north carolina (darkside),brickhouse; cash crop; garden state ultimate; pony; ring of fire,
alexander dibenio,alabama-huntsville (nightmares),rampage; ronin; second nature,
alexander drogin,brown (brownian motion); brown-b (brown - b),providence poultry,
alexander fick,dartmouth (pain train),lantern,
alexander gerber,brigham young (chi); brigham young-b (chi b),wretched refuse,
alexander grega,delaware (sideshow); delaware-b (sideshow),delaware (sideshow); ez,
alexander hunkins,oberlin (flying horsecows),citywide special; duck and cover; scoop,
alexander janelle,florida (florida); texas (tuff),gamble; h.i.p; vicious cycle,
alexander kabat,washington (sundodgers),souf,
alexander kerr,maryland (maryland ultimate),oak grove boys; town hall stars,
alexander kirages,carnegie mellon (mr. yuk),pittsburgh stealers; pittsburgh temper; trident; trident ii; trident iii,
alexander kucich,carleton college (cut),one night,
alexander laney,georgia tech-b (tribe),savannah wild,
alexander lerner,north carolina state (nc state alpha),buda; somerville bag,
alexander manos,connecticut (uconn huskies),colt,
alexander masters,oak storm,scooby coupy coup,
alexander meredith,army (army west point); army (army- west point),army-west point,
alexander mooney,central florida (dogs of war),omen; reptar,
alexander nessel,michigan state-b (riot control); toronto (tula),diesel,
alexander noll,suny-stony brook (panic),suny-stony brook (panic),
alexander nordahl,houston (skyline),beef depot,
alexander pierce,pittsburgh-b (university of pittsburgh- b),happy valley roofing and mustache supply; pittsburgh stealers,
alexander schatzberg,cornell (buds),los buds,
alexander simmons,east tennessee state (dry bones),electricity,
alexander skerbitz,texas-dallas (woof),sprawl,
alexander smith,grove city (grove city doomsday),alibi; hazard,
alexander solimene,east carolina (irates),riverside riptide,
alexander southern,vassar (swinging monks),vassar (swinging monks),
alexander subarsky,british columbia -b (shipwreck),joe fisher,
alexander tayyeb,north carolina state (nc state alpha),brickhouse; cash crop 2; kansas city smokestack; nc brickhouse-upper,
alexander tett,sam houston state (deuce ultimate),texas heatwave,
alexander utsis,illinois-b (boomland),fuse; house,
alexander vasil,minnesota-duluth (northern lights),mallard,
alexander vasserman,drexel (spitfire); johns hopkins (dangerzone); johns hopkins-b (dangerzone b),adelphos; bomb squad; mob ultimate,
alexander velberg,mit (grim beaver),genny lite,
alexander vu,gold rush; tufts (elephant men),oat; scoop,
alexander wegman,truman state (jujitsu),fifty-fifty; tsunami b,
alexander yang,pittsburgh-b (university of pittsburgh- b),puppies,
alexandro garcia,florida state (duf),stag,
alexis plourde,ottawa (gee-gees),jerk factory; red circus,
alfardil alam,nyu (new york university ),deepfake; nyu (new york university ),
allen hale,vassar (swinging monks),vassar (swinging monks),
allen meese,south carolina (gamecock ultimate); south carolina-b (south carolina),oakay; parlay; space cowboys,
allen shen,northeastern (huskies),iditarod; white sauce hot sauce,
aloha das,arizona state (prime); arizona state-b (pleasure),bonsoon; tempe tantrum,
alonzo mendoza,george mason (meteors),beef depot (development)-dev,
alper kutlug,virginia tech (burn); virginia tech-b (virginia tech b),crypt,
alston dong,rutgers (machine),rugrat knights-a,
alton olson,carnegie mellon (mr. yuk),ghost train; john doe; seven gills; slag dump; switchback,
alvaro guzman,texas-dallas (woof),brawl; gamble,
alvin miles,arizona state (prime); arizona state-b (pleasure),bonsoon; drought; monsoon; tempe tantrum,
alvin wang,michigan (magnum),emerald city; four; red imp.ala; waste management squad,
aly hirani,texas (tuff),stuff,
aman guruacharya,penn state (spank),impulse; pittsburgh stealers,
aman jain,yale (süperfly),sungho moon,
aman siddiqi,worcester polytech (whisper); worcester polytechnic (whisper),riverside riptide,
amanat ali,oak storm,bay dog; zodiac,
amatheon bohan,georgia tech (tribe),atlanta outlaws; little red wagon; rush hour atl,
ambrose stevens,colorado cutthroat u-20 boys,colorado cutthroat u-20 boys; colorado cutthroat u-20 boys two,
ambrose vellequette,santa clara (scab); santa clara-b (scratch),red lotus,
amir avdicevic,villanova (main line ultimate),devyl u-20 open,
amir brown,jacksonville state (firebird ),alliance 2,
amir devine,california-san diego (air squids),ballston booya,
amir jeudy,williams (wufo),long island riff raff,
amit cohen,california-b (ursa minor),ursa,
amit patel,colorado state (hibida); colorado state-b (bibida); colorado state-b (hibida),choice city hops,
ammar dossaji,south carolina-b (south carolina),gambit; space cowboys,
ammon longenecker,emory (emory juice),atlanta arson; pulp,
an trieu,knox (river rats),overflow,
anantjot aneja,simon fraser (sfu red leafs),oni,
anastasia gagliardi,army (army west point),army - west point,
anders butsch,notre dame (papal rage),burning river; forest city,
anders carlson,william & mary (merry men),bryce whitney fan club,
anders eckburg,california-davis (davis dogs),green river swordfish,
anders juengst,north carolina (darkside),cash crop; foggy bottom boys; pony; ring of fire,
anders lind,wisconsin-platteville (udderburn),dingwop,
anders pearson,colorado (mamabird); colorado cutthroat: youth club u-20 boys,colorado cutthroat u-20 boys; fungi; tugboat; ycc u20 developmental team,
anders shenholm,carleton college (cut),mutiny; tirebizfriz,
andong li,connecticut-b (grind),colt; connecticut 9 to 5; spring break '93,
andre coates,kansas (horrorzontals),kansas city smokestack; nox,
andre dumez,tulane (tucks); tulane-b (tulane b),gang of disc,
andre phillips,davidson (duff),gambit,
andre savard,mcgill (mut),you need to calm down,
andreas moeller,georgetown (justice),mort,
andrei grigorian,rutgers (machine); rutgers-b (mystery machine),rugrat knights-a,
andres granofsky,pittsburgh (en sabah nur),buda u20b; lantern; puppies,
andres huenneke,george mason (meteors); james madison (hellfish),bdc; john doe; la maquina -a,
andres ibarra,dartmouth (pain train),ghost train; red dawn,
andrew bacarella,kentucky (kult),black lung,
andrew barczak,temple (alert); tennessee-chattanooga (swamp donkeys),jawn,
andrew barnard,minnesota (grey duck); minnesota-c (rubber ducky),dinkytown doughboys; kenji's bbb; mallard ii,
andrew baxter,claremont (braineaters),cognitive disconance,
andrew blair,kentucky (kult),black lung; colonels,
andrew block,truman state (jujitsu),moon pigs,
andrew brandenburg,arizona state (prime); arizona state-b (pleasure),bonsoon; monsoon,
andrew brechner,liberty (flames),l.u.t $ack,
andrew brown,baylor (stonewall a); illinois-b (boomland),madison club,
andrew camp,texas-san antonio (velox),alamode,
andrew canzano,notre dame (papal rage),el niño,
andrew chen,illinois (rise); ucla (smaug),battery; doggpound; nsfw; u54,
andrew chizek,iowa state (isuc); iowa state-b (bsuc),bemo,
andrew clayton,missouri s&t (miner threat),friendly fire; nox,
andrew cory,florida (florida); florida-b (florida b),vicious cycle,
andrew counce,auburn (aetos),alliance,
andrew davis,oklahoma (apes of wrath),barnstorm,
andrew deleon,sul ross state (sul ross ultimate),shrimp discs,
andrew depuy,ohio state (leadbelly),colonels; flying dutchmen,
andrew dizney,florida tech (f-it); florida tech (florida tech competitive),bloomin' reptars; raptor,
andrew duong,trinity (turbulence); trinity university (turbulence),shrimp discs,
andrew ebinger,rensselaer polytech (trudge),motive,
andrew elliott,utah (zion curtain),adelphos; powderhogs; reál hogs fc-b,
andrew ericson,wisconsin- la crosse (badluc),bux; mad men,
andrew ferrufino,texas-san antonio (siesta),a la carte-b,
andrew fischer,wooster (wooster hawks ),haymaker,
andrew frazer,georgia state (underground),dyno,
andrew gajan,pittsburgh (en sabah nur),puppies,
andrew gallagher,rit (rit spudheds),oak grove boys; overcast,
andrew garcia,fresno state (rabid),so cal all stars,
andrew gasson,purdue (undue ultimate),big booty men; cmen; dynasty; endgame; flying pig; lafayette street dogs,
andrew gervia,rensselaer polytech (trudge); rensselaer polytechnic institute (trudge),green mountain boys,
andrew graham,john brown (ironfist),dreadnought,
andrew griffin,carleton college-karls (karls); south carolina-b (south carolina),chimney,
andrew grosso,california-santa cruz (slugs),wavestorms,
andrew halloran,massachusetts-lowell (riverhawks),bag,
andrew harmon,tennessee (tennessee),on ramp,
andrew hilliard,truman state (jujitsu),tsunami b,
andrew hipskind,texas christian (high noon),clutch; colonels; papa bear; texas tea-a,
andrew hodge,carleton university (ravens),phoenix,
andrew holladay,virginia tech (burn); virginia tech-b (virginia tech b),ballston booya,
andrew huang,emory (emory juice),helots; white sauce hot sauce,
andrew kelly,penn state (spank); temple (alert),jawn; updog,
andrew kenny,oklahoma (apes of wrath),supercell,
andrew kim,michigan (magnum),metro,
andrew kindseth,chicago (fission),ditto a; greater gary goblins x; haymaker; roundhouse,
andrew king,grand canyon (lopes),drought,
andrew kirchhoff,carthage (carthage blitz),house,
andrew kroft,trinity (turbulence),a la carte-b; dallas delinquents; san antonio warhawks,
andrew laeuger,northwestern (nut),hazard,
andrew lam,north carolina-charlotte (charlotte skyrise),castle,
andrew lamberson,clemson (joint chiefs of waft),riverside; space cowboys; truck stop,
andrew lass,colgate (jabberwock),magma bears,
andrew leutz,amherst regional (hurricanes); vermont-b (chill dev),bang,
andrew lewis,tulane (tucks),flicky stardust and the cutters from mars; rougaroux,
andrew li,north carolina (darkside),brickhouse; ring of fire; triforce,
andrew london,george mason (meteors); virginia (night train),foggy bottom boys; hb woodlawn (hbw united); john doe; oak grove boys; vault,
andrew lord,princeton (clockwork),doublewide; flash flood,
andrew lukasewycz,denver (sourdough),edina high school (edina high school varsity),
andrew macisaac,arizona state (prime); arizona state-b (pleasure); utah valley (utah valley ultimate),bonsoon; drought; expendables,
andrew mahr,new haven (chargers),bomb squad,
andrew marshall,brandeis (tron),magma bears,
andrew mcginley,wisconsin-platteville (udderburn),conspiracy theory; dcviii,
andrew menke,louisville (lucky),colonels,
andrew mennig,pittsburgh (en sabah nur),wooder,
andrew miller,brigham young (chi),blink-122 weekends; hazard; the roofing co.,
andrew nash,maryland-b (astro quakers),mob ultimate,
andrew nee,northeastern (huskies),iditarod,
andrew ngo,temple (alert),jawn,
andrew nguyen,arkansas (ludicrous speed ),watchdogs,
andrew ohrberg,mississippi state (dark horse),cookie mon$terz; memphis pharaohs,
andrew okyere,mit (grim beaver),crossfire,
andrew olson,iowa state (isuc); iowa state-b (bsuc),dingwop,
andrew osborn,ohio state (leadbelly),babe,
andrew page,parkland - plu alumni,ghost train; switchback,
andrew parker,stonehill (stonehill college men's ultimate),overflow,
andrew paulson,wisconsin (hodags),ironside,
andrew phillips,washington (sundodgers); washington-b (washington b),ave; seven gills,
andrew ploskunak,duke (brimstone),cash crop 2; scoop,
andrew pollis,northeastern (huskies),iditarod,
andrew potter,cincinnati (bearcats); cincinnati -b (bearcats b),enigma,
andrew pottinger,kansas (horrorzontals),grudge; kansas city smokestack,
andrew poulos,west chester (west chester (a)),dub club,
andrew rake,alabama (yellow hammer); alabama-c (yellowhammer c),apollo; on ramp; ronin,
andrew ralicki,suny-buffalo (green eggs and ham); suny-buffalo-b (buffalo mixed),alibi,
andrew record,jacksonville state (firebird ),alliance 2; war machine,
andrew riley,maine (blackfly); maine (snositi),neap tide,
andrew roth,illinois state (gnomes); illinois state-b (illinois state gnomes b),shift; trident ii; triiident,
andrew roy,california (california-berkeley); carleton college (cut),foggy bottom boys; john doe; sub zero; truck stop,
andrew schmidt,xavier (b.l.o.b.),rotisserie chicken,
andrew seibert,temple (alert),citywide special; phantom; phoenix f.c.,
andrew sentell,alabama-huntsville (nightmares),gvl trout; rampage; space cowboys,
andrew sharpe,virginia (night train),winc city fog of war,
andrew sheehan,northeastern-b (beastern),chicago machine; johnny encore; mbta,
andrew silberstein,columbia (uptown local),uptown local y,
andrew sin,purdue (undue ultimate),blink-122 weekends; i-69,
andrew sington,georgetown (justice),john doe; red wolves; redwolves,
andrew sinor,tennessee-chattanooga (swamp donkeys),gentlemen's club; tennessee gents,
andrew skinner,union (tennessee) (union jaxx),cookie mon$terz,
andrew sobol,christopher newport (skymaul),yacht club,
andrew soto,iso atmo,carbon; helots; ice bros; iso atmo; makawua,
andrew st hilaire,bentley (icehouse),resurgam ultimate,
andrew stephen,brigham young (chi),the killjoys; utah hatu,
andrew stewart,indiana (hoosiermama?s),austin amigos; black sheep; flash flood; texas two step,
andrew sullivan,oklahoma christian (eagles); texas-dallas (woof),brawl; sky hook; texas bbq,
andrew thoennes,oregon state (beavers),dark star; oregon trainwreck; trainwreck and friends,
andrew thorson,colorado-b (cucu),colorado cutthroat,
andrew treat,bowdoin (clown),old fat and saggy,
andrew truax,akron (goonsquad),scoop,
andrew tuck,kennesaw state (parliament),romulus,
andrew van den driesen,simon fraser (sfu red leafs),blackfish; furious george,
andrew vetne,indiana (hoosiermama?s); indiana-b (hoosierdaddy!s),black sheep; shenanigans,
andrew vieregge,michigan state (arc); michigan state-b (riot control),diesel,
andrew voelkerding,purdue (undue ultimate),dynasty,
andrew wagner,rit (rit spudheds),buffalo frostbite,
andrew watson,arkansas (ludicrous speed ),dreadnought,
andrew weitzman,yale (süperfly); yale - y (süperfly - y),howe caverns,
andrew white,samford (dogma),cockfight; space cowboys,
andrew wright,florida (florida); florida-b (florida b),black lung; frizz; vicious cycle,
andrew yakes,missouri (missouri),mallard; nomad,
andrew yurchak,pittsburgh-b (university of pittsburgh- b); pittsburgh-c (pitt-b plus pro max),citywide special,
andrew zambrotta,binghamton (suny-binghamton); suny-binghamton-b (suny-binghamton b),bartle boys,
andrew zertuche,texas a&m-b (dozen matter),forge,
andrew zhao,suny-buffalo-b (buffalo grinch),motive,
andrew zhu,massachusetts (zoodisc); massachusetts -b (umass amherst developmental),duck and cover; tirebizfriz,
andrew zichelli,maryland (maryland ultimate),bryce whitney fan club,
andrzej porter,davenport (panthers); rowan (ruf riders),helots; rebels,
andy jiang,georgia-b (chillydawgs),parlay,
andy kennedy,illinois (rise),beachfront property,
andy larsen,south carolina (gamecock ultimate),lost boys,
andy nguyen,houston (skyline),adventure time,
andy schmidt,butler (butler big dog); butler-b (big dog - developmental),8-bit; 8-bit defenders; on ramp,
andy schneider,illinois state (gnomes),red hots - u20,
andy shi,nyu (new york university ),haze; nyu (new york university ),
andy zeng,west chester (west chester),ez,
andy zheng,mit (grim beaver); suny-stony brook (brick); suny-stony brook (panic),long island riff raff; pineapple,
andy zhou,texas (tuff); texas united,heatwave; lil heroes; texas duffy; texas united,
angel coronado,ucla-b (ucla smoke),the incline,
angel garcia silva,central florida (dogs of war); central florida-b (havoc),bloom; bloomin' reptars; bud,
angus fuori,cal state-long beach (pyramid scheme),bag,
angus grant,vermont (chill),oregon trainwreck; portland tremor,
angus yocum,delaware (sideshow),ez; updog,
aniketh muddala,georgia (jojah); georgia-b (chillydawgs),harvest moon,
anil driehuys,case western reserve (fighting gobies[a]),chimney,
anish shrestha,california (ursa major),zyzzyva,
anna farrington,cleveland state (cleveland state vikings),scoop,
anselm yededji,virginia commonwealth (biscuit villains),crypt; jolly roger; richmond floodwall,
anson parker,lewis & clark (bacchus ),junco; minnesota superior u20b; name brand; ope,
anthony blando,wisconsin-oshkosh (ufo),timber,
anthony bloomfield,drexel (spitfire),adelphos; ez,
anthony caccavari,xavier (b.l.o.b.),rotisserie chicken,
anthony farina,west chester (west chester (a)); west chester (west chester); west chester-b (west chester (b)),dub club,
anthony fitzpatrick,rit (rit spudheds),genny lite,
anthony gibson,clemson (joint chiefs of waft),gvl trout,
anthony gutowsky,wisconsin-whitewater (sub*par),bux; chicago machine; mad men; red hots - u20,
anthony jirele,minnesota (grey duck),dinkytown doughboys; kenji's bbb; mallard; minnesota superior u20b; sub zero,
anthony johnson,florida state (duf),vicious cycle,
anthony lee,simon fraser (sfu red leafs),coast,
anthony longo,richmond (spidermonkeys),odyssey,
anthony marino,sacred heart (laces),castle,
anthony miller,oklahoma state (ultimato),black knights,
anthony moore,wisconsin-stevens point (homegrown),timber,
anthony mounga,utah state (scotsmen); utah state (usult),bonneville flatball club; ncfo; old ephraim; pando; shrimp; the killjoys,
anthony nunez,rutgers (machine),devyl u-20 open; rugrat knights-a,
anthony om,marquette-b (birdfeeder),milwaukee revival,
anthony peterman,texas a&m (dozen); texas a&m-b (dozen matter),dallas delinquents; sprawl; texas duffy,
anthony phan,southern california (usc lockdown),hazard; refinery,
anthony rice,iso atmo,iso atmo,
anthony ruzzo,illinois (rise),black market; roundhouse; spoon x-freshman; trident i,
anthony sanderell,ohio state (leadbelly),babe; fine giant; flying dutchmen,
anthony scibelli,loyola-chicago (darkwing),crossfire; haymaker; roundhouse,
anthony smoaks,stevens tech (stevens tech),rebels,
anthony zelinskas,ohio state (leadbelly),flying pig; flying piglet,
antoine mathieu,rensselaer polytech (trudge); rensselaer polytechnic institute (trudge),dirty laundry,
anton orme,cal poly-slo (slocore),revolver; wavestorms,
antonio cervantes,minnesota (minnesota a),kenji's bbb; mallard; minnesota superior u20b,
antonio lazzaro,maryland-baltimore county (booya),emu,
antonio rueda,oregon state (beavers),dark star; oat; rhino slam!,
antonio sumler,virginia commonwealth (biscuit villains),crypt,
antonio vengoechea,ithaca (nawshus ultimate),dap lab,
aran baphna,loyola-chicago (darkwing),roundhouse,
aran sheehan,wesleyan (nietzsch factor),colt,
arbin tamang,vermont-b (chill dev),bang,
archer gordon,north carolina state (nc state alpha),dark star,
archie kranz,georgetown (justice),la maquina -a,
arden markin,alabama (yellow hammer),battery,
arden randazzo,colorado mines-b (orediggers),heatwave,
ardian hoxhaj,saint louis (archangel),stl moonar,
ari carp,lehigh (lehigh ),bag; needham squad; phantom; skeleton squad,
ari dean,cal poly-slo-b (slob),sauce,
ari glockner,case western reserve-b (fighting gobies),exhaust pipe,
ari mondrow,colorado-b (cucu); colorado-c (rooster tussle),red lotus,
ari pincus,cal poly-ccwr (ccwr); cal poly-slo (slocore); foggy bottom boys,oak grove boys; red wolves; town hall stars,
ari siegel,florida (florida); florida-b (florida b); william & mary (merry men),frizz; jolly roger; vicious cycle,
ari solomon,binghamton (suny-binghamton); suny-binghamton (suny-binghamton),bartle boys; colt; festive salmon,
ari stockwell,columbia (uptown local),uptown local x,
ari wechsler,binghamton (suny-binghamton); suny-binghamton (suny-binghamton),bartle boys; magma bears; roundhouse; suny-binghamton (suny-binghamton),
arik screnchuk,southern illinois-edwardsville (siege),stl moonar,
arj tripathy,illinois (rise),make it rain; orcats,
arjun agarwal,texas a&m-b (dozen matter); texas-b (graze),riverside messengers,
arjun deshmukh,north carolina (darkside),cash crop 2; nc brickhouse-upper,
arjun nayak,texas-dallas (woof),riverside messengers,
arjun samudrala,illinois (rise),mint; odyssey; u54,
arko chatterjee,washington university-b (contraband),roundhouse,
arlan straub,louisville (lucky),colonels,
armando feldman,amherst regional (hurricanes); massachusetts -b (umass amherst developmental); rhode island (riut),amherst orlando magic; duck and cover,
arnav poddar,illinois-b (boomland),beef depot (development)-dev; u54,
arni hoang,washington-b (washington b); washington-c (uw c),ave,
arthur albarran,illinois (rise),cowtown cannons,
arthur aucoin,massachusetts (zoodisc),pony; sprout; yew nork yew nork,
arthur carne,wisconsin (hodags),mad men; zoboomafoo,
arthur chen,columbia (uptown local),7am; oat,
arthur harris,colorado mines (entropy),imperial; isosceles; knights of ni,
arthur liaw,rutgers (machine),garden state ultimate; ghostbusters; not a sport; pride of rowan newark; rugrat knights-a,
arthur madsen,denver (sourdough),forward motion,
arthur maiorella,syracuse (doom),black market i; black market ii; mohawk valley wild; trident ii,
arthur shim,georgia tech (tribe),bag; bullet; h.o.g. ultimate; rush hour; rush hour atl,
arthur walstra,grace (lancer ultimate),parking lot,
arvin parameswaran,oak storm,red dawn; scooby coupy coup,
arvind nagabhirava,columbia (uptown local),uptown local y,
arya goutam,california-b (ursa minor); claremont (braineaters),battery; cognitive disconance,
arya vadnere,suny-buffalo-b (buffalo grinch),arcane edge,
aryan singh,new jersey tech (highlanders); texas united,amigos-jv,
asa bowen,illinois (rise),black market iii; mallard; nasty girls; trident; trident i,
asa brown,arkansas (ludicrous speed ),arkansas (ludicrous speed ); austin amigos; dreadnought; riverside,
asa kahle,oregon (ego); oregon -b (bucks),roundhouse,
asa mohammed,suny oswego (flying monkeys); suny-buffalo (green eggs and ham),alibi; buffalo frostbite,
asa thomson,massachusetts (zoodisc); massachusetts -b (umass amherst developmental),bag; big wrench; duck and cover; shades,
asaad mohmoud,alabama-birmingham (inferno),ronin,
ashan kiridena,nyu (new york university ),ballston booya; deepfake; haze,
asher daniels,tennessee (tennessee),tanasi; villains,
asher gottlieb,wisconsin-b (fauxdags),dangerous unidentified mystical beast; roundhouse,
asher lehrer-small,brown (brownian motion),deathsquad,
asher levy,vermont-b (chill dev),bang,
asher moore,akron (goonsquad),burning river,
asher niedzwiedz,texas-dallas (woof),brawl; texas duffy,
asher rosen,american (stall 11); american-b (revolution); virginia (night train),foggy bottom boys,
asher solodar,ithaca (nawshus ultimate),new jersey gemini,
asher strayhorn,michigan-b (michigan-b),diesel,
asher wallen,duke (brimstone),nc brickhouse-upper,
ashley king,high point (high point university bagheera),hot tamales,
ashton jin,ucla (smaug); ucla-b (ucla smoke),san antonio warhawks,
ashton minnich,cincinnati -b (bearcats b),tennessee folklore,
ashton scott,auburn (aetos); virginia commonwealth (biscuit villains),war machine,
ashton tucker,james madison-b (smellfish),power point ultimate,
ashwin pothukuchi,michigan (magnum),nain rouge,
assaf golan,washington (sundodgers),sockeye,
aston horton,colorado (mamabird); iso atmo,colorado cutthroat; colorado cutthroat (colorado cutthroat); colorado cutthroat: youth club u-20 boys; dawg pound; iso atmo,
atharv jamdagny,colorado cutthroat: youth club u-20 boys,red lotus,
atharv patil,north carolina-wilmington (seamen),banc,
atharva kurve,penn state-b (lovetap),happy valley roofing and mustache supply,
atkin arnstein,colorado (mamabird),johnny bravo; lotus,
aton pinchassi,arizona (sunburn),sonoran pups,
atticus nafziger,william & mary (merry men),bryce whitney fan club,
august cosinuke,claremont (braineaters),cognitive disconance,
august rundlet,wisconsin-b (fauxdags),dangerous unidentified mystical beast,
august soderberg,brandeis (tron),battery; oc crows,
august specht,florida state (duf),bloom; florida untied,
august wagner,william & mary (merry men),ballston booya; foggy bottom boys; red wolves; shade,
august wietfeldt,princeton (clockwork),rebels,
august williams,massachusetts (zoodisc),big wrench; buda; zoboomafoo,
augustine hauge,notre dame (papal rage); notre dame-b (opus d's),forge,
aujin li,toronto (tula),houndd; pipe,
austen lee,arkansas (ludicrous speed ),dreadnought: battleship-b,
austin alvarado,william & mary (merry men),bryce whitney fan club; foggy bottom boys; hb boys; puppies; redwolves,
austin baird,utah valley (utah valley ultimate),sundance kids,
austin chapin,western michigan (dark horse),zoo animals,
austin chau,maryland (maryland ultimate),adelphos; sonoran dog; town hall stars,
austin chuang,drexel (spitfire); emory (emory juice),yee-haw,
austin cincotta,suny-binghamton-b (suny-binghamton b),suny-binghamton-b (suny-binghamton b),
austin cottarel,arizona state (prime); arizona state-b (pleasure),battery; drought,
austin covey,california-santa barbara (black tide),offshore,
austin daly,rose-hulman (elephantitis),zoo animals,
austin fan,georgia tech-b (tribe); princeton (clockwork),helots; side hustle,
austin gin,minnesota (grey duck); minnesota (minnesota a),kenji's bbb; mallard; mallard ii; sub zero,
austin gould,oklahoma (apes of wrath),fungi; rawhide; supercell,
austin green,colorado college (wasabi); colorado cutthroat: youth club u-20 boys,colorado cutthroat u-20 boys; colorado cutthroat: youth club u-20 boys; fungi,
austin hasbrook,utah (zion curtain),bamwagon; low point; powderhogs; souf,
austin hegmon,georgia state (underground),atlanta arson; rush hour atl,
austin heineman,truman state (jujitsu),nox,
austin howell,iso atmo,carbon; iso atmo,
austin hubbard,gonzaga (guru ),gonzaga (guru ),
austin hwang,ucla (smaug),doggpound; nsfw; yee-haw,
austin johnson,wisconsin-milwaukee (black cat),happyboise-jv; hippie mafia; house; mad men; mke,
austin joseph,california-davis (davis dogs),green river swordfish; swordfish,
austin lyall,auburn (aetos),capitol city chaos,
austin ngan,michigan (magnum); michigan-b (michigan-b),mango tree-a; marc; stuyvesant sticky fingers alumni,
austin paynter,maryland (maryland ultimate),crypt; town hall stars; winc city fog; winc city fog of war,
austin philp,northeastern (huskies); northeastern-c (salty c dogs),bag; mbta,
austin puckett,georgia southern (eagles),atlanta arson,
austin riegel,ohio state (leadbelly),flying dutchmen; nain rouge; omen,
austin swift,virginia commonwealth (biscuit villains),richmond floodwall,
austin thomas,wooster (wooster hawks ),atlanta arson; dyno,
austin vanloon,florida-b (florida b),players into serious sports,
austin von alten,north carolina state (nc state alpha),brickhouse; ring of fire,
austin wargin,texas tech (tumbleweed),cowtown cannons,
austin weiss,northeastern (huskies); northeastern-b (beastern),bag; mbta,
avery acierno,north carolina state (nc state alpha),brickhouse,
avery bandstra,iowa (ihuc),cryptic,
avery brennen,texas-b (graze),riverside messengers; stuff,
avery campbell,temple (alert),jawn; phantom,
avery dunham,north carolina-charlotte (charlotte skyrise),queen city kings,
avery gleeson,ohio state (leadbelly),flying dutchmen,
avery houston,northeastern-b (beastern),iditarod; mbta,
avery levandoski,carolina flyers youth academy u20; liberty (flames),l.u.t $ack,
avi ghitterman,vanderbilt (armada),sundowners,
avi kirschbaum,aviators (aviators & friends),yew nork yew nork,
avi skolnick,rochester (piggies),dapper; pgz; rochester open club,
avram sirkis,western new england (golden bears),spring break '93,
axel agami contreras,ohio state (leadbelly),babe; flying pig,
axel hartzog,colorado (mamabird); colorado-b (cucu),bonafide scrubs; johnny bravo,
axel olson,carleton college (cut),mystery gang,
axel williams,colorado state (hibida); colorado state-b (hibida),butterflies; choice city hops; colorado cutthroat: youth club u-20 boys; inception,
ayden lee,yale (süperfly),sungho moon,
ayden moran,florida (florida),frizz; vicious cycle,
aylen learned,colorado (mamabird),barden btate bultimate; garden state ultimate; johnny bravo; lotus; mailmeñ,
ayush sharma,california-b (ursa minor),east bay earthworms,
ayyub jemal,washington state (air raid),bamwagon,
azeez adeyemi,brown (brownian motion),shade,
azi levites-cohen,tufts (elephant men),night owl,
azim kanjiyani,auburn (aetos),atlanta outlaws,
bailey burklund ryan,suny-binghamton (suny-binghamton),bartle boys,
bailey prochaska,cal poly-slo (slocore),little teapots; offshore; socal condors; wavestorms,
bailey roberts,north carolina (darkside),cash crop 2; space coast ultimate,
bailey sweetser,rit (rit spudheds),alibi,
barnes lowry,mississippi state (dark horse); mississippi state -b (trenches ); mississippi state-b (pony express); mississippi state-c (trenches b),cookie mon$terz,
barry mccoy,case western reserve (fighting gobies[a]),chimney,
bart turney,virginia (night train),rush hour atl,
beau de koninck,mary washington (mother of george),foggy bottom boys; red wolves; truck stop; vault,
beck buskirk,colorado-b (cucu); colorado-c (rooster tussle),red lotus; texas united,
becker joseph,penn state (spank),happy valley roofing and mustache supply; night owl; philadelphia pacmen; sepda night owl,
becker mathie,iowa state (isuc),mallard; mallard x; sub zero,
beckett sessums,oregon (ego),dark star; rhino slam!,
beckett yelton,berry (bucks),romulus,
beema rajan,vanderbilt (armada),nocturnal,
belisario garza,texas-san antonio (velox),alamode,
bella perez,cleveland state (cleveland state vikings),scoop,
ben alexander,case western reserve (fighting gobies[a]),burning river; carolina sky; chimney; scoop,
ben altschuler,harvard (red line),harvard (red line),
ben anderson,alabama (yellow hammer),chimney; tanasi; vault,
ben armstrong,charlotte flight; north carolina-b (batch); western carolina (western carolina catamounts),gambit; nc brickhouse-upper; queen city kings,
ben baird,victoria (vikes),dcviii; surf; zoboomafoo,
ben blahosky,minnesota-duluth (northern lights),dingwop; the body,
ben brink,chicago (fission),ghost train; haymaker; roundhouse,
ben brochard,gold rush; oregon state (beavers),bay dog; zyzzyva,
ben bronstein,elon (big fat bomb),el niño,
ben campion,emory (emory juice),atlanta outlaws; nc brickhouse-upper,
ben carpenter,colorado college (wasabi),wasabi,
ben chaimberg,yale (süperfly),colt,
ben chamis,northeastern (huskies),diz; iditarod; pittsburgh temper; scoop,
ben chung,vassar (swinging monks),vassar (swinging monks),
ben cockrell,alabama-birmingham (inferno); spring hill (shuc),battleship,
ben cohen,tennessee-chattanooga (swamp donkeys),imperial,
ben dameron,north carolina (darkside),atliens; pony; ring of fire,
ben dickson,lehigh (lehigh ),bryce whitney fan club,
ben doniger,navy (poseidon); virginia (night train),crypt,
ben drucker,rhode island (riut),brooklyn tech support plus,
ben eichel,lewis & clark (bacchus ),junco,
ben fasciano,bates (orange whip); bates college (orange whip),red tide,
ben feeney,amherst regional (hurricanes),duck and cover; sprout,
ben field,northeastern (huskies),dig; iditarod; red tide; rising tide; slugfest,
ben fuguet,oberlin (flying horsecows); washington university (contra),carolina sky; chimney; lounar,
ben gelfond,connecticut college (dasein),crossfire,
ben goldman,cornell (buds),buda; sprout,
ben grimes,new hampshire (new hampshire ultimate team),crossfire,
ben haywood,ohio state (leadbelly),flying dutchmen,
ben hirschman,salt.,low point; trout,
ben horrisberger,oregon (ego),dig; red tide; rhino slam!; rising tide u20b,
ben johnson,loyola marymount (lions),veteran move,
ben jones,salt.,powderhogs; trout,
ben kempe,cincinnati (bearcats),i-69,
ben kishter,iso atmo,iso atmo; mad men,
ben kleinman,dartmouth (pain train),alibi,
ben knoth,miami (ohio) (miami boogiemen); miami university (ohio) (miami boogiemen),enigma,
ben kogot,oregon state-b (oregon state b),oregon trainwreck,
ben kuster,virginia (night train),oak grove boys; red wolves; truck stop,
ben lareau,illinois-b (boomland),u54,
ben leurquin,wisconsin-eau claire (eauzone),nomad,
ben lind,yale (süperfly),spring break '93,
ben malech,tulane (tucks),overflow,
ben martinez,vermont (chill),amigos-jv; doublewide; lil heroes; riptide; texas united,
ben masterson,iowa (ihuc),cryptic; demo; zodiac,
ben mcauliffe,puget sound (postmen); seattle (throbots),anchor; wavestorms,
ben mckelvey,ithaca (nawshus ultimate),odyssey; wave,
ben meister,baylor (stonewall a),adelphos; brawl; clutch; scythe,
ben morgan,arkansas (ludicrous speed ),dreadnought,
ben noerager,berry (bucks),romulus,
ben pestana,"wake forest (well oiled machine, baby)",hydra,
ben pickels,ohio state (leadbelly),pittsburgh temper,
ben plumstead,michigan state (arc),east lansing detroit lions; marc,
ben pomeranz,brown-b (brown - b),providence poultry,
ben porter,macalester (macalester open ultimate); macalester college (macalester open ultimate),swangos; texas toast,
ben resar,michigan tech (discotech),timber; zoo animals,
ben sampson,arkansas (ludicrous speed ),arkansas (ludicrous speed ),
ben schroeder,california-irvine (nightlife),oc crows,
ben searcy,east tennessee state (dry bones),electricity,
ben simmons,north carolina-charlotte (charlotte skyrise),banc; big wrench,
ben slade,christopher newport (skymaul),fathom; munch box; town hall stars; yacht club,
ben stone,texas a&m (dozen); texas a&m-b (dozen matter),alamode; texas duffy,
ben thoennes,oregon state (beavers),dark star; oregon eruption!; rhino slam!,
ben thollander,texas (tuff),lil heroes; riverside; stuff,
ben tokarz,penn state (spank),ez; happy valley roofing and mustache supply; updog,
ben uribe,ucla (smaug); ucla-b (ucla smoke),nsfw,
ben walton,vanderbilt (armada),nashville mudcats,
ben watts,towson (pandamonium),louisiana second line,
ben wright,washington state (air raid),anchor; memphis belle; trent's team,
benen shea,cal poly-humboldt (humboldt buds); colorado state (hibida); cosmic u-20 boys,cosmic u-20 boys; springs open team; the incline,
benjamin adair,florida (florida); xavier (b.l.o.b.),cmen; rotisserie chicken; vicious cycle,
benjamin andersen-taylor,maryland (maryland ultimate),town hall stars,
benjamin andrade,texas-san antonio (velox),alamode,
benjamin armstrong,north carolina-b (batch),nc brickhouse-upper,
benjamin ashton,utah valley (utah valley ultimate),lil’ huckers; pando; shrimp; the killjoys,
benjamin barnett,james madison (hellfish),l.u.t $ack,
benjamin bell-de rivera,whitman (whitman sweets),oregon trainwreck,
benjamin berlin,villanova (main line ultimate),citywide special,
benjamin bishop,ohio (trout),burning river,
benjamin bolan,washington (sundodgers),sockeye,
benjamin bolz,marquette (birdhouse); marquette-b (birdfeeder),milwaukee revival; void,
benjamin brauer,minnesota (minnesota a); minnesota-b (ugly duckling),dinkytown doughboys; kenji's bbb,
benjamin bruce,drexel (spitfire),ez,
benjamin brunswick,toledo (savage),enigma,
benjamin burchett iv,kennesaw state (parliament),atlanta outlaws; two-headed goose,
benjamin centracchio,northeastern (huskies),big wrench; iditarod; mutiny; scoop,
benjamin close,grace (lancer ultimate),i-69,
benjamin corrigan,james madison (hellfish); james madison-b (smellfish),winc city fog; winc city fog of war,
benjamin cram,clemson (joint chiefs of waft),space cowboys,
benjamin crosbie,florida (florida),oakay; triumph; vicious cycle,
benjamin croteau,mcgill (mut),club m - manic; magma,
benjamin cys,michigan state-b (riot control),beef depot,
benjamin eggler,drexel (spitfire),adelphos,
benjamin eichner,oberlin (flying horsecows),town hall stars,
benjamin elliott,california-davis (davis dogs),blueprint; guerrilla; zyzzyva,
benjamin evashavik,north carolina-charlotte (charlotte skyrise),banc; pittsburgh temper; queen city kings,
benjamin farmer,elon (big fat bomb),pittsburgh stealers,
benjamin fernandez,stanford (stanford men's ultimate team),anchor,
benjamin fjetland-souza,st. olaf (berzerkers),mallard; overdrive,
benjamin forkner,oregon state-b (oregon state b),oregon trainwreck,
benjamin forton,alabama (yellow hammer); alabama-c (yellowhammer c),alliance; apollo; ronin; second nature,
benjamin fried,northwestern (lake effect); northwestern (nut),x wives-a,
benjamin fuller,winona state (experience),ufo,
benjamin garcia,carleton college-chop (carleton house of pancakes); carleton college-karls-c (karls); central florida (dogs of war); central florida-b (havoc); south florida (scallywags); south florida-b (scourge),bud,
benjamin george,new haven (chargers); wentworth (concrete jungle),resurgam ultimate,
benjamin goldstein,rochester (piggies),dapper,
benjamin green,pittsburgh-b (university of pittsburgh- b); pittsburgh-c (pitt-b plus pro max),oakgrove boys; pittsburgh stealers; vault,
benjamin greenberg,william & mary (merry men),bryce whitney fan club; foggy bottom boys; hb woodlawn (hbw united); redwolves; truck stop,
benjamin guest,maryland-baltimore county (booya),mob ultimate,
benjamin halperin,bowdoin (clown),bowdoin (clown); red tide,
benjamin hauptli,north carolina-wilmington (seamen),right coast,
benjamin heindrichs,ohio (trout),flying dutchmen; ohio (trout),
benjamin hoffman,utah state (scotsmen); utah state (usult),cache valley high ground; old ephraim,
benjamin holt,arizona state (prime); arizona state-b (pleasure),bonsoon,
benjamin hubbard,cedarville (swarm),swarm,
benjamin israel,bowdoin (clown),greater gary goblins y; south shore line,
benjamin jiang,british columbia (thunderbirds),furious george,
benjamin karish,california-b (ursa minor),east bay earthworms; ursa,
benjamin karni,california-b (ursa minor),digit; ursa,
benjamin kass-mullet,tufts (elephant men),bag; dig; diy; scoop; somerville bag,
benjamin keigwin,oregon (ego); oregon -b (bucks),new jersey gemini,
benjamin kinnaird,carolina flyers youth academy u20; north carolina-wilmington (seamen),triumph,
benjamin lamperti,california-san diego (air squids),make it rain,
benjamin laplante,"california state university, chico (chico state); chico state (chico state)",float,
benjamin levy,swarthmore (earthworms),blueprint; garden party; garden state ultimate; pony,
benjamin lewis,washington (sundodgers),ave,
benjamin lindemuth,kentucky (kult),black lung; colonels,
benjamin liu-may,oregon state (beavers),dark star; rhino slam!,
benjamin lodahl,oregon state (beavers); oregon state-b (oregon state b),forward motion,
benjamin lopez,dickinson (dumptrucks),mob ultimate,
benjamin marshall,liberty (flames),l.u.t $ack,
benjamin matton-conover,northeastern-b (beastern),mbta,
benjamin mcbride,brigham young (chi); brigham young-b (chi b),sundance kids; utah hatu; wretched refuse,
benjamin melendez,embry-riddle (dirty birds),barnstorm; omen; space coast ultimate,
benjamin michalak,wisconsin-milwaukee (black cat),fork x-senior; fuse; trident ii; trident iii,
benjamin mimick,st john's (minnesota) (bam),nomad,
benjamin miralaeff,alabama (yellow hammer),red hots - u20,
benjamin mundt,lsu (purple haze),hb boys; john doe,
benjamin narwold,california-davis (davis dogs); california-davis-b (davis dogs b),green river swordfish; unrestricted free agents,
benjamin nusbaum,cornell (buds),brooklyn tech support plus,
benjamin ogden,southern mississippi (smooth),golden triangle ultimate; southern hospitality,
benjamin oneill,william & mary (merry men),bryce whitney fan club,
benjamin packard,cornell (buds),los buds,
benjamin payson,vermont (chill),neap tide; powderhogs; red tide; rising tide u20b,
benjamin perry,rochester (piggies),buffalo frostbite,
benjamin portner,georgetown (justice),beef depot; mort; washington-liberty (washington-lee slarenegs),
benjamin pratt,california-santa cruz (slugs),wavestorms,
benjamin preiss,carleton college (cut),chicago machine; foggy bottom boys,
benjamin prince,texas-b (graze),lil heroes,
benjamin reimler,washington university (contra),castle; lounar; stl lounar,
benjamin rimington,indiana (hoosiermama?s),trident,
benjamin robinson,syracuse (doom),electricity; nashvillians; philadelphia padawans,
benjamin romnek,wisconsin-whitewater (sub*par),kfc; timber,
benjamin rosenberg,suny-albany (scam); suny-albany-b (scam),long island riff raff,
benjamin saterbak,northeastern (huskies); triangle tourists boys-b,cash crop 2; iditarod; nc brickhouse-upper,
benjamin savage,victoria (vikes),surf,
benjamin sayre,tennessee (tennessee),parlay; tennessee folklore,
benjamin sayres,vassar (swinging monks),vassar (swinging monks),
benjamin schachter,rice (cloud 9),adventure time; firefly tx,
benjamin schlesinger,johns hopkins (dangerzone),bomb squad,
benjamin schorsch,western washington (dirt),sky-90,
benjamin scott,james madison (hellfish),oak grove boys; winc city fog; winc city fog of war,
benjamin sherwood,cincinnati (bearcats),dynasty; flying pig; solar eclipse,
benjamin shulman,grinnell (grinnellephants),deepfake,
benjamin spergel,purdue (undue ultimate),colonels; lafayette street dogs,
benjamin tandlmayer,penn state-behrend (justdisc league),alibi,
benjamin tnaib,virginia (night train),bdc; hb woodlawn; hb woodlawn flatball,
benjamin toruno,brown (brownian motion),blueprint; shade,
benjamin travers,lewis & clark (bacchus ),junco; name brand,
benjamin vick,vassar (swinging monks),vassar (swinging monks),
benjamin wall,vermont (chill),red tide,
benjamin waltman,columbia (uptown local),hardta spelots; magma bears; zoboomafoo,
benjamin wang,columbia (uptown local),uptown local x,
benjamin weber,massachusetts -b (umass amherst developmental); massachusetts-b (umass amherst developmental); massachusetts-d (umass amherst developmental),odyssey; red squirrels,
benjamin weinstein,vermont (chill); vermont-b (chill dev),bang; red squirrels; retired; tirebizfriz,
benjamin whidden,brandeis (tron),crossfire,
benjamin whitehill,purdue-b (ctrl-z),lafayette street dogs; maumee boys; parking lot,
benjamin wood,george washington (george washington men’s club ultimate),devyl u-20 open; new jersey gemini,
benjamin wrenn,concordia-wisconsin (concordia university wisconsin),milwaukee breaker; riptide-b; rubicon rapids,
benjamin zhu,north carolina-charlotte (charlotte skyrise); penn state (spank),happy valley roofing and mustache supply; haze; pittsburgh stealers,
benjamin zou,cornell (buds),frizz,
benji feidler,penn state (spank),ez; happy valley roofing and mustache supply; oakgrove boys; updog,
bennett greenfield,arizona (sunburn),reál hogs fc-b,
bennett hartley,northeastern-b (beastern),mbta,
bennett schmid,army (army- west point); army (army-west point),army-west point,
benno krojer,mcgill (mut),club m - manic,
benoit hueber,colorado mesa (colorado mesa mavericks),buoyancy; red lotus,
benson cady,cal poly-ccwr (ccwr); cal poly-slo (slocore),seven gills,
benton habel,iowa state (isuc),cryptic; demo; kansas city smokestack,
benton shevlin,colorado (mamabird); university of colorado boulder-c (cucu2),bonafide scrubs,
beorn morrow-caron,vermont (chill),tire; tirebizfriz,
bergen hoff,colorado college (wasabi),wasabi,
bernard suwirjo,california-san diego (air squids),oat; streetgang,
bernard wang,california (ursa major); columbia (uptown local),stuyvesant sticky fingers; stuyvesant sticky fingers alumni,
bernie waldman,northwestern (lake effect),deepfake; on ramp,
bhagya patel,florida (florida),florida untied; vicious cycle,
bilal nizamani,georgetown (justice),la maquina -a; mort,
billy daniels,binghamton (suny-binghamton); suny-binghamton-b (suny-binghamton b),adk mountain crew; festive salmon,
billy peir,ucla (smaug); ucla-b (ucla smoke),bart; wavestorms,
billy si,southern california (usc lockdown),hazard,
billy wallace,georgia (jojah),atlanta arson,
bimi prewitt,utah (zion curtain),x wives-a,
bingqian pan,california-irvine (nightlife); michigan-b (michigan-b),diesel; oc crows,
bizimana musa,tarleton state (texan ultimate); texas-san antonio (siesta),a la carte-b,
bjorn lief,st olaf (berzerkers),m.y.t.h.o.s.,
bjorn peterson,missouri s&t (miner threat),stl moonar,
blaine garner,heartbreak; north carolina state-b (sixpack),carolina sky; heartbreak,
blair koontz,luther (lufda),overdrive,
blair weber,wisconsin-milwaukee (black cat),mke,
blaise horsfall,cosmic u-20 boys,cosmic u-20 boys,
blake bailey,texas state (texas state buckets),riverside messengers-b,
blake baldwin,baylor (stonewall a),cowtown cannons,
blake civello,california-san diego-b (air squids lite ),monsoon,
blake fraley,indiana (hoosiermama?s),colonels,
blake holt,green canyon (green canyon - a),bonneville flatball club; shrimp; utah swarm u20 boys,
blake jordan,utah state (usult),old ephraim,
blake katz,maryland (maryland ultimate),mob ultimate,
blake krapfl,nebraska (cornfed ultimate),cryptic; scythe; sub zero,
blake musfeldt,colorado (mamabird); colorado-b (cucu); colorado-c (rooster tussle),bonafide scrubs; colorado cutthroat: youth club u-20 boys; iso atmo; red lotus,
blake pahlavan,maryland (maryland ultimate),town hall stars,
blake poferl,north dakota state (windbreak),the fargoats,
blake reino,suny-stony brook (panic),fli-b honeybees,
blake stratton,north carolina state (nc state alpha),alliance; brickhouse; h.o.g. ultimate; southern hospitality,
blane pack,angelo state (ramz ultimate frisbee),a la carte-b,
bobby burns,kennesaw state (parliament),atlanta outlaws,
bobby eleveld,carleton college (cut),grudge; make it rain; switchback,
bobby elston,central connecticut state (blue barracudas); central connecticut state (yetis),ballston booya; colt,
bobby henkelmann,cornell (buds),los buds,
bobby talerico,central florida (dogs of war); central florida-b (havoc),bloom; bud; certified scrubs,
boden retherford,wooster (wooster hawks ),elysium; neap tide,
bodhi brenner,california-san diego (air squids),amherst orlando magic; iditarod; scoop,
bodhi harmony,north carolina (darkside),cash crop 2; ring of fire,
bodie cole,florida state (duf),florida untied,
bodie shargel,california-santa cruz (slugs); california-santa cruz-b (ucsc b (ooze)),anchor; wavestorms,
bohui lu,boston university (boston university),shade; stuyvesant sticky fingers; stuyvesant sticky fingers alumni,
boris strots,texas-dallas (woof),anchor; dallas delinquents,
boston musgrave,utah state (scotsmen),cache valley high ground,
bowen wang,mit (grim beaver),pineapple; wave,
boyang gan,california-b (ursa minor),columbia (uptown local),
brad mckeen,salt.,demo; powderhogs; the killjoys; wretched refuse,
brad predmore,temple (alert),bearproof,
brad thomson,south carolina (gamecock ultimate); south carolina-b (south carolina),queen city kings,
brad vega,gonzaga (guru ),heartbreak,
braden beebe,tennessee-chattanooga (swamp donkeys),tanasi; tennessee folklore; tennessee gents; villains,
braden distel,arizona state (prime); arizona state-b (pleasure),drought; monsoon; tempe tantrum,
braden laidlaw,georgetown (justice),mort,
bradford patterson,george washington (g-dub hippos),ender's outcasts; oakgrove boys; redwolves,
bradley caldwell,cincinnati (bearcats),cmen; dynasty; flying pig; omen,
bradley casto,suny-geneseo (snail),buffalo frostbite; dap lab,
bradley fleming,alabama-huntsville (nightmares),chain lightning,
bradley gonzalez,florida state (duf),uproar,
bradley kerr,michigan (magnum); michigan-b (michigan-b),marc,
bradley paul,central florida (dogs of war),bloom; degens of war; florida untied; raptor,
bradley vaal,ball state (cardinals),8-bit; on ramp,
brady aneshansel,ohio state (leadbelly),flying dutchmen; scoop,
brady cason,california-irvine (nightlife),oc crows,
brady chen,waterloo (warriors),pipe,
brady gumz,minnesota-duluth (northern lights),minnesota superior u20b,
brady hammond,baylor (stonewall a),dallas delinquents; riverside; san antonio warhawks; sprawl,
brady rorke,north dakota state (windbreak),the fargoats,
brady smith,cincinnati (bearcats),dynasty; endgame; flying pig; omen,
bradyn andres,colorado cutthroat: youth club u-20 boys; colorado mines (entropy); colorado mines (entropy) (orediggers); colorado mines-b (orediggers),ycc u20 developmental team,
braeden hill,air force (afterburn),firefall,
braeden skoczen,akron (goonsquad),burning river,
branden frieden,utah (zion curtain),powderhogs,
brando nguyen,washington state (air raid),make it rain; orcats,
brandon adibe,carleton university (ravens),phoenix,
brandon aguilar,jacksonville state (firebird ),romulus,
brandon anderson,alabama-b (yellow hammer),battleship,
brandon barker,cedarville (swarm),cedarville swarm; swarm,
brandon beers,auburn (aetos),alliance; bormingham sectionboi$; chain lightning; freaks; ironmen; southern hospitality,
brandon brown,kansas (horrorzontals); kansas-b (kansas b (vertikills)),battleship,
brandon chan,suny-stony brook (panic),magma bears; stuyvesant sticky fingers; stuyvesant sticky fingers alumni,
brandon cheeseman,concordia-wisconsin (concordia university wisconsin); wisconsin-milwaukee-b (blackout),milwaukee breaker,
brandon chen,suny-stony brook (panic),cerberus; suny-stony brook (panic),
brandon cooper,kansas state (wizards),cold cuts; meadowlark; nox,
brandon cousar,north carolina-charlotte (charlotte skyrise),nc brickhouse-upper; queen city kings; triumph,
brandon daniel-morales,swarthmore (earthworms),citywide special,
brandon faillace,high point (high point university bagheera); west chester (west chester),dub club,
brandon garcia,california-davis (davis dogs); california-davis-b (beagles); iso atmo,carbon; el niño; iso atmo,
brandon garcia flores,chico state (chico state),anchor,
brandon griffith,wichita state (wheaties),meadowlark; supercell,
brandon howell,cal poly-slo (slocore); cal poly-slo-b (slob); cal poly-slo-c (sloc),oc crows,
brandon jordan,brigham young (chi),pando; powderhogs; the killjoys; wretched refuse,
brandon krekelberg,minnesota-duluth (northern lights),dingwop; imperial; mallard ii,
brandon lamberty,temple (alert),citywide special; jawn; patrol; phantom; vault,
brandon lemens,texas (tuff); texas-b (graze),joe sefton's little heroes; lil heroes,
brandon macho,minnesota (grey duck),kenji's bbb; mallard; sub zero,
brandon martin,cal state-long beach (pyramid scheme),gamble,
brandon ngo,houston (skyline),black gold; rice box,
brandon orourke,towson (pandamonium),mob ultimate,
brandon patanjo,suny-albany (scam); suny-albany-b (scam),long island riff raff,
brandon raposo,suny-stony brook (panic),suny-stony brook (panic),
brandon reith,lehigh (lehigh ),adelphos; citywide special; ez,
brandon sanders,texas state (texas state buckets),riverside,
brandon sasser,akron (goonsquad); louisville (lucky),colonels; scoop,
brandon school,mississippi (ole miss flagship); mississippi (ole miss rebels),southern hospitality,
brandon shunk,penn state (spank),chemical x; happy valley roofing and mustache supply,
brandon skoba,missouri s&t (miner threat),castle; stl lounar; stl moonar,
brandon van deusen,cal state-long beach (pyramid scheme); ucla (smaug),chain lightning; hazard; socal condors; sundowners,
brandon zhou,carnegie mellon (mr. yuk),battery; pittsburgh stealers,
brandyss sherman-hall,missouri s&t (miner threat),kansas city smokestack; nox; stl moonar,
brannan tisdale,mississippi state (dark horse); mississippi state-b (trenches ),prism; southern hospitality,
brannon hawkins,tarleton state (texan ultimate),texas united,
branson seaton,oklahoma christian (eagles),barnstorm,
brant raleigh,army (army west point),black knights,
brantley bargerhuff,jacksonville state (firebird ),alliance; swarm,
braxton breed,william & mary (merry men),bryce whitney fan club,
braxton whitt,mississippi state (dark horse),cookie mon$terz,
brayden beeman,grand canyon (lopes),nighthawk,
brayden mathias,macalester (flat earth); macalester (macalester open ultimate),emu,
brayden morrison,carolina flyers youth academy u20; elon (big fat bomb); triangle tourists boys-b,raleigh-durham united; ring of fire,
brayden nelson,wisconsin-stevens point (homegrown),kfc; timber,
brayden ruble,wichita state (wheaties),meadowlark,
brayden walker,north texas (unt),dallas delinquents; riverside,
brayden ye,california (ursa major),zyzzyva,
brayson reed,wentworth (concrete jungle),resurgam ultimate,
brendan bogel,gonzaga (guru ),ghost train; switchback,
brendan camareno,south florida (scallywags),uproar; uproar claws,
brendan clancy,eastern michigan (fighting hellfish),diesel,
brendan fellows,british columbia -b (b-birds),green mountain boys,
brendan finley,northern iowa (ammunition),loaded panda,
brendan keith,arizona state (prime),drought; florida untied; h.i.p; iso atmo,
brendan king,northeastern (huskies),buda; iditarod,
brendan leone,central connecticut state (blue barracudas); central connecticut state (yetis),central connecticut state (yetis),
brendan mackel,loyola marymount (lions),battery; nsfw,
brendan mccluskey,georgia tech (tribe); princeton (clockwork),illinois youth ultimate - u20; journeymen; python; red hots - u20; rush hour atl,
brendan mcguinness,california-santa barbara (black tide),offshore; skipjack,
brendan moore,eastern michigan (fighting hellfish),diesel; mischief,
brendan parzynski,western michigan (dark horse),diesel,
brendan sheets,colorado (mamabird),bbb; lotus,
brendan slack,central connecticut state (yetis); pittsburgh-b (university of pittsburgh- b),connecticut 9 to 5,
brendan smith,loyola marymount (lions),veteran move,
brenden gasper,pittsburgh (en sabah nur),ghostbusters; philadelphia padawans; puppies; sepda night owl,
brenden hershman,rowan (ruf riders),hardta spelots; helots; rebels,
brendon gu,carnegie mellon (mr. yuk); stanford (stanford bloodthirsty); stanford (stanford men's ultimate team),space force,
brendon mersincavage,oklahoma christian (eagles); western new england (golden bears),spring break '93,
brendon sackey,st. thomas (purple reign),knights of ni; the body,
brennan kramling,north carolina state (nc state alpha),brickhouse,
brennen mahon,california-san diego (air squids),streetgang,
brent pham,mary washington (mother of george),bryce whitney fan club,
bret dickey,texas tech (tumbleweed),deaf fruit,
brett adams,texas a&m-b (dozen matter),firefly tx,
brett coulter,virginia tech-b (virginia tech b),beef depot; haze,
brett duncan,wisconsin-eau claire (eauzone),minnesota superior u20b; nomad,
brett hulsmeyer,auburn (aetos),chain lightning; freaks; revolver,
brett marchant,james madison (hellfish),la maquina -a,
brett porter,coe (kohucks); texas-dallas (woof),black penguins club; satellite,
brett schoppert,richmond (spidermonkeys),oak grove boys; oakgrove boys,
brett thornton,colorado mesa (colorado mesa mavericks),colorado mesa (colorado mesa mavericks),
brian bekken,alabama-huntsville (nightmares),second nature,
brian chan,loyola marymount (lions),east bay earthworms; veteran move,
brian dinicola,rutgers (machine),garden state ultimate; not a sport; rutger colege; tune-up,
brian goode,iowa state (isuc),demo; loaded panda; red bat,
brian hayden-brewer,san diego state (federales ),desert penguins; streetgang,
brian healy,idaho (graffiti); idaho (red scare),ez,
brian honea,texas-dallas (woof),brawl; flash flood; texas bbq,
brian hough,michigan state (arc),red imp.ala,
brian huber,xavier (b.l.o.b.),rotisserie chicken,
brian jorgensen,missouri (missouri),roundhouse,
brian lascek,penn state-behrend (justdisc league),smogborn,
brian mchatton,oklahoma (apes of wrath),supercell,
brian metzger,miami (florida) (umiami vice),el niño,
brian nigro,college of new jersey (revolution),helots,
brian street,texas (tuff),gamble; plex; zoo,
brian strothman,tufts-b (tufts b),bag; john doe,
brian trowbridge,north carolina (darkside),banc; cash crop 2; ring of fire,
brian vannuyen,cleveland state (cleveland state vikings),scoop,
brian ward,iso atmo,iso atmo; iso cardio; isosceles; puppies,
brian zheng,california-b (ursa minor),ursa,
brice redmond,california-santa barbara (black tide),oat; sundowners,
brijesh berrington,seven hills bx,grudge,
brock caston,morehouse (morehouse ultimate),gang of disc,
brock hyatt,utah state (scotsmen); utah state (usult),bonneville flatball club; cache valley high ground,
brock jensen,utah valley (utah valley ultimate),lil’ huckers; sundance kids; wretched refuse,
brock stephan,clemson (joint chiefs of waft),flying dutchmen; space cowboys,
brock thibodeaux,lsu (purple haze),gamble; rougaroux,
brodie halvorson,colorado state-b (bibida),buoyancy; ycc u20 developmental team,
brodie sewell,jacksonville state (firebird ),alliance 2,
brody armstrong,tennessee-chattanooga (swamp donkeys),tennessee folklore,
brody dobson,brigham young (chi),sundance kids,
brody johnson,liberty (flames),alamode,
brogan sullivan,west chester-b (west chester b),dub club,
brom schindler,cincinnati (bearcats),crypt,
brooks clifford,georgetown (justice),la maquina -a; mort,
brooks fleming,north carolina-charlotte (charlotte skyrise),queen city kings,
brooks manuel,colorado cutthroat u-17 boys,colorado cutthroat u-17 boys,
bruce bell,grove city (grove city doomsday),delco club,
bruce manning,houston (skyline),adventure time,
bruno becker,oberlin (flying horsecows),emu,
bruno garcia lavanchy,michigan (magnum),buda regional cut-b; iditarod,
bryan cloutier,ucla (smaug),doggpound; nsfw,
bryan delledonne,delaware (sideshow),adelphos,
bryan dole,massachusetts (zoodisc),buda u20b; shades; sprout,
bryan frumkin,virginia commonwealth (biscuit villains),bdc; richmond floodwall; winc city fog of war,
bryan fuglestad,grand canyon (lopes),overdrive,
bryan geenen,marquette (birdhouse),mke; timber,
bryant grafton,florida gulf coast (eagles ultimate),bloom; el niño,
bryant hall,princeton (clockwork),rebels,
bryant smith,wright state (airstrike),enigma,
bryant wu,texas-b (graze),lil heroes,
bryce buttenwieser,colorado mesa (colorado mesa mavericks),buoyancy,
bryce dietrich-rebillot,akron (goonsquad); ohio state (leadbelly),burning river,
bryce endecott,nebraska (cornfed ultimate),friendly fire,
bryce jackson,oregon (ego); oregon -b (bucks),atlanta arson; dark star; little red wagon,
bryce kerr,brigham young (chi),pando; sundance kids; the killjoys; wretched refuse,
bryce kurfman,illinois-b (boomland),stl moonar,
bryce lozinski,california-san diego (air squids),socal condors; streetgang,
bryce lublin,vermont (chill); vermont-b (chill dev),bang,
bryce markel,rensselaer polytech (trudge); rensselaer polytechnic institute (trudge),banc; colt; lantern,
bryce roman,rit (rit spudheds),dapper; rochester open club,
bryce rundell,utah (zion curtain),legal trouble; x wives-a,
bryce stalter,south florida (scallywags),players into serious sports,
bryce taneri,mississippi state (dark horse); mississippi state-b (trenches ),prism; texas duffy,
bryce whitney,duke (brimstone); william & mary (merry men),bryce whitney fan club,
brycen louis,alabama-huntsville (nightmares),ronin,
bryn mccoll,british columbia (thunderbirds),furious george,
byron jordan,western washington (dirt),seven gills,
cade ashland,st olaf (berzerkers); st. olaf (berzerkers),knights of ni; overdrive,
cade barnes,utah valley (utah valley ultimate),lil’ huckers; sundance kids; utah hatu,
cade colston,colorado mines (entropy); colorado state (hibida),fungi,
cade jones,georgia tech-b (tribe),atlanta outlaws; dyno; two-headed goose,
cade snyder,tarleton state (texan ultimate),shrimp discs,
cade white,texas (tuff),doublewide; gamble; joe sefton's little heroes; lil heroes; mad men,
cade zschiesche,iowa (ihuc),cryptic; red bat,
caden bahry,akron (goonsquad),forest city; scoop,
caden sigerud,arizona (sunburn); grand canyon (lopes),nighthawk,
caden walker,rhode island (riut),brooklyn tech support plus,
caden weis,providence (pc ulty),riverside riptide,
caden wild,central florida (dogs of war),certified scrubs,
caeden newby,parkland - plu alumni,dark star; ghost train,
cael kubly,grand canyon (lopes),nighthawk,
caelan mcsweeney,massachusetts (zoodisc),dig; dix; redwolves; sprout; tirebizfriz; truck stop,
cailin kennedy,northern colorado (upstream ),red lotus,
caio rudloff,florida (florida); florida-b (florida b),frizz; vicious cycle,
caitlin igel,colorado-c (rooster tussle),red lotus,
cajetan evans,elon (big fat bomb),expendables; red squirrels; skeleton squad,
cal nightingale,brown (brownian motion),providence poultry; vault,
calan kirkpatrick,massachusetts (zoodisc),buda u20b; sprout,
cale everroad,rose-hulman (elephantitis),scoop; zoo animals,
caleb akiyama,seattle (throbot); seattle (throbots),make it rain; waste management squad,
caleb anderson,iso atmo,carbon; dawg pound,
caleb avery,north carolina-wilmington (seamen),brickhouse; right coast,
caleb batchelder,east tennessee state (dry bones),electricity; tennessee folklore,
caleb bevers,iso atmo,ice bros; iso atmo; iso cardio,
caleb boyer,vanderbilt (armada),nashville mudcats,
caleb byers,mississippi state (dark horse); mississippi state-c (trenches b),alliance; crypt,
caleb carpenter,suny binghamton-b (binghamton [b] y); suny-binghamton-b (suny-binghamton b),adk mountain crew; suny-binghamton-b (suny-binghamton b),
caleb christensen,arizona state (prime); arizona state-b (pleasure),sawtooth,
caleb chua,simon fraser (sfu red leafs),joe fisher,
caleb cochran,grace (lancer ultimate),parking lot,
caleb coons,berry (bucks),romulus,
caleb dorsch,missouri (missouri),moon pigs; stl moonar,
caleb eiden,nebraska (cornfed ultimate),carbon; scythe,
caleb gonzalez,colorado mines (entropy),bud; raptor,
caleb griffiths,minnesota (grey duck); minnesota (minnesota a); st. olaf (berzerkers),kenji's bbb; mallard; overdrive; sub zero,
caleb hofheinz,north carolina state-b (sixpack),nc brickhouse-upper,
caleb huchro,suny-binghamton-b (suny-binghamton b),suny-binghamton-b (suny-binghamton b),
caleb hughes,texas tech (tumbleweed),cowtown cannons,
caleb jenson,western new england (golden bears),big gordo's racing,
caleb kaufman,tufts-b (tufts b),deepfake,
caleb kelly,west chester (west chester),dub club,
caleb knoll,colorado cutthroat u-20 boys,colorado cutthroat u-20 boys; ycc u20 developmental team,
caleb kugel,iowa state (isuc),nox; the body,
caleb lance,oklahoma christian (eagles),barnstorm; nosey,
caleb mok,san jose state (spartans),battery; creaky; wavestorms,
caleb moran,brown (brownian motion),hb woodlawn (hbw united); mystery box,
caleb morehouse,vermont-b (chill d); vermont-c (chill b),bang; big gordo's racing,
caleb powers,alabama-huntsville (nightmares),ronin,
caleb riener,dickinson (dumptrucks),crypt,
caleb rockhill,hofstra (flying dutchmen),hofstra (flying dutchmen); long island riff raff,
caleb rosen,cal poly-slo-b (slob); cal poly-slo-c (sloc),snip snip,
caleb sanders,wisconsin (hodags),dangerous unidentified mystical beast; zoboomafoo,
caleb schwing,john brown (ironfist); wichita state (wheaties),dreadnought,
caleb seamon,tufts (elephant men),sprout; white sauce hot sauce,
caleb sharer,marquette-b (birdfeeder),milwaukee revival,
caleb shirk,liberty (flames),l.u.t $ack,
caleb sizemore,appalachian state (nomads),hydra,
caleb snider,oregon state-b (oregon state b),general strike,
caleb stow,liberty (flames),l.u.t $ack,
caleb texeira,vanderbilt (armada),gentlemen's club; nashville mudcats; parking lot; tennessee gents,
caleb thompson,middlebury-b (branksters),buda regional cut-b,
caleb weldy,liberty (flames),l.u.t $ack; raleigh-durham united; triumph,
caleb yu,georgia tech-b (tribe),atlanta arson,
callahan bosworth,oregon state (beavers),dark star; oregon trainwreck; rhino slam!,
callahan morris,oklahoma state university (ultimato),jolly roger,
callahan phinney,oregon (ego),mystery gang,
callan daenzer,dayton (flud),the body,
calvin bird,ucla (smaug),nsfw,
calvin brown,cal poly-slo (slocore),pony; republic; revolver; socal condors,
calvin caldwell,cincinnati (bearcats),dynasty; flying dutchmen; omen,
calvin ciorba,richmond (spidermonkeys),mallard; sub zero,
calvin clark,utah state (scotsmen); utah state (usult),old ephraim,
calvin coulbury,mcgill (mut),austin amigos; club m - manic; riverside; swangos,
calvin dodge,western washington (dirt),ghost train; grudge; switchback,
calvin guswa,tufts (elephant men),buda u20b,
calvin nguyen,simon fraser (sfu red leafs); texas (tuff); texas-b (graze),blackfish; clutch; joe sefton's little heroes; quaze; the bayou boys,
calvin prenkert,butler (butler big dog),bird patrol; charleston heat stroke; los beeros,
calvin roe,virginia (night train),roundhouse,
calvin stoughton,colorado (mamabird),dig; johnny bravo; lotus; red tide; rising tide u20b,
calvin wicks,ucla (smaug),buda u20b; diz; scoop; socal condors,
cam copeland,alabama-birmingham (inferno); spring hill (shuc); spring hill college (shuc),alliance; chain lightning; haymaker; swarm,
cam sommerville,carleton university (ravens),phoenix,
camden eslick,east tennessee state (dry bones),tanasi,
camden lunceford,san diego state (federales ),offshore; skipjack,
camden mah,california (california-berkeley); california (ursa major),bay dog; ursa; zyzzyva,
cameron copeland,central connecticut state (blue barracudas),ironmen,
cameron fiske,ucla-b (ucla smoke),nsfw,
cameron fortenbaugh,texas tech (tumbleweed),deaf fruit,
cameron freeman,washington university (contra),lounar; stl lounar,
cameron genest,central florida (dogs of war),bloom; degens of war; reptar,
cameron hartman,utah (zion curtain),blackest market; coastal empire; nasty girls; omen; powderhogs; shrimp; trout,
cameron houghton,western washington (dirt),emerald city,
cameron kennedy,ottawa (gee-gees),phoenix,
cameron knox,ottawa (gee-gees),etobicoke,
cameron lay,california-santa barbara (black tide),overflow,
cameron levine,massachusetts (zoodisc),buda u20b; dig; sprout; tirebizfriz,
cameron lowe,rochester (piggies),dapper,
cameron macdougall,north carolina state-b (sixpack),nc brickhouse-upper,
cameron park,brandeis (tron),iditarod; lantern,
cameron porter,utah (zion curtain),powderhogs,
cameron reid,sam houston state (deuce ultimate),firefly tx,
cameron salvatore,massachusetts -b (umass amherst developmental); massachusetts-b (umass amherst developmental); massachusetts-d (umass amherst developmental),amherst orlando magic,
cameron schleeper,missouri (missouri),mallard; moon pigs,
cameron taleghani,california (ursa major),zyzzyva,
cameron thatcher,indiana (hoosiermama?s),beacon; black sheep; brickyard,
cameron thompson,colorado college (wasabi),womp,
cameron welp,arizona state (prime); arizona state-b (pleasure),tempe tantrum,
cameron white,oklahoma christian (eagles),barnstorm; dawg pound; false summit; supercell,
cami patrick,columbia (uptown local),switchback; uptown local y,
camilo santiago,indiana (hoosiermama?s),i-69; shenanigans,
campbell darlington,colorado cutthroat: youth club u-20 boys; colorado state (hibida); colorado state-b (bibida),colorado cutthroat: youth club u-20 boys,
campbell tucker-hill,washington university (contra),lounar; pittsburgh stealers,
camron chambers,ohio state (leadbelly),flying dutchmen,
cannon delionback,alabama-birmingham (inferno),alliance,
cannon kvicala,alabama (yellow hammer),alliance; ronin,
cannon spelman,dayton (flud),cincinnati flying piglet; dynasty; flying piglet; the boys,
cannon yarborough,charleston (palmetto bums),charleston heat stroke,
canon avey,grace (lancer ultimate),parking lot,
carl crawford,vermont (chill),retired; sprout; tirebizfriz,
carl gross,columbia (uptown local),battery; columbia (uptown local),
carl lasker,william & mary (merry men); yale (süperfly),jelly straus; john doe; mr. scott and the tots; shade,
carl peterson,georgia tech (tribe),dyno,
carl pickhardt,saint louis (archangel),s l u r p,
carl saba,lehigh (lehigh ),bag; lantern; needham squad; skeleton squad,
carlo quitorio,fresno state (rabid),firefall; fresno firefall,
carlo vanni,miami (ohio) (miami boogiemen); miami university (ohio) (miami boogiemen); penn state (spank),atlanta arson,
carlos cepeda-diaz,columbia (uptown local),columbia (uptown local); uptown local x,
carlos garcia,san diego state (federales ),casino ultimate; skipjack,
carlos yatar,memphis (bluff ultimate); university of memphis (bluff ultimate),memphis pharaohs,
carlson chiles,wheaton (illinois) (mastodon),black market i; black market ii,
carmi rosensweig,colorado cutthroat: youth club u-20 boys,colorado cutthroat u-20 boys; colorado cutthroat: youth club u-20 boys,
carson boyer,northern iowa (ammunition),loaded panda; zodiac,
carson cofer,christopher newport (skymaul),brackish; fathom,
carson cooper,stephen f austin (frontier),adventure time,
carson crouch,cal poly-slo (slocore); chico state (chico state),choice city hops; colorado cutthroat: youth club u-20 boys; iso atmo; oat; offshore; socal condors; unrestricted free agents,
carson goins,north carolina-charlotte (charlotte skyrise),banc,
carson nowland,oklahoma (apes of wrath),supercell,
carson owen,auburn (aetos),ronin; second nature,
carson punt,yale (süperfly),sungho moon,
carson russell,grand canyon (lopes); grand canyon-b (g-force),swordfish,
carson splear,illinois (rise); illinois-b (boomland),u54,
carson ulrich,brigham young (chi); brigham young-b (chi b),sundance kids; utah hatu,
carter altruda,depaul (duc),roundhouse,
carter bayer,washington (sundodgers),sockeye; souf,
carter cripe,oregon state-b (oregon state b),make it rain; portland tremor,
carter crooks,northeastern (huskies),buda u20b; odyssey,
carter dundass,victoria (vikes),surf,
carter franklin,iupui (jaguars),popperton ultimate frisbee; powderhogs,
carter halstrom,colorado (mamabird),bonafide scrubs; swans,
carter hart,butler (butler big dog),trident ii,
carter hawkins,massachusetts (zoodisc),colonels; fungi; sprout,
carter hayes,south carolina (gamecock ultimate); south carolina-b (south carolina),lost boys,
carter horton,arkansas (ludicrous speed ),dreadnought: battleship-b,
carter jensen,pittsburgh-b (university of pittsburgh- b),hb woodlawn; puppies,
carter kletch,appalachian state (nomads),banc; queen city kings,
carter lafond,suny-buffalo-b (buffalo grinch),frostchomp; long island riff raff; mohawk valley wild,
carter lankford,california (ursa major),revolver,
carter lawless,vermont (chill),neap tide; red tide; rising tide u20b,
carter limbert,ohio (trout),charleston heat stroke,
carter monroe,penn state (spank),john doe; pittsburgh stealers,
carter neuman,georgia (jojah),dyno; hooch; little red wagon,
carter patton,oklahoma (apes of wrath),flash flood; supercell,
carter petrella,st olaf (berzerkers); st. olaf (berzerkers),knights of ni; nomad,
carter rathur,georgia (jojah),atliens; banc,
carter schafer,st olaf (berzerkers); st. olaf (berzerkers),knights of ni,
carter stevens,amherst regional (hurricanes); massachusetts -b (umass amherst developmental),tire,
carter tegen,georgia tech (tribe),python; rush hour atl; watchdogs,
carter weinstein,vermont-b (chill dev),devyl u-20 open; garden state ultimate,
carver ward,denver (sourdough),tugboat,
casey hepburn,richmond (spidermonkeys),oak grove boys; puzzles,
casey koenig,rensselaer polytechnic institute (trudge),buffalo frostbite,
casey rispoli,penn state (spank),pittsburgh stealers,
casey santa,kent state (kent state damn gravity); kent state (klockwork),hazard,
casey shanaberger,northern iowa (ammunition),loaded panda,
casey thornton,vermont (chill),adelphos; ghostbusters; philadelphia pacmen; phoenix f.c.; sprout,
cash budlong,washington university (contra),edina high school (edina high school varsity),
cason hancock,arizona (sunburn); columbia (uptown local),adventure time; sonoran pups,
caspar tarr,south carolina (gamecock ultimate); south carolina-b (south carolina),lost boys,
cassian koselak,cosmic u-20 boys,cosmic u-20 boys,
cavan hicks,suny-binghamton (suny-binghamton); suny-binghamton-b (suny-binghamton b),motive; suny-binghamton-b (suny-binghamton b),
cedar hines,western washington (dirt),sockeye,
cedar noonan,massachusetts -b (umass amherst developmental); massachusetts-b (umass amherst developmental); massachusetts-d (umass amherst developmental),bag; sprout; tire,
cedric blanco,northern colorado (upstream ),colorado cutthroat u-20 boys two,
cesar gutierrez,memphis (bluff ultimate),cookie mon$terz; memphis pharaohs,
chackgarin brown,washington (sundodgers),bamwagon; cojones; sockeye; souf,
chad yorgason,brigham young (chi),bonneville flatball club; pando; shrimp; the killjoys,
chai kirshtein,charleston (palmetto bums),charleston heat stroke,
chan woo park,ohio state (leadbelly),dirty d; transatlantic danger zone,
chander boyd-fliegel,oregon (ego),emerald city; rhino slam!,
chandler moy,purdue (undue ultimate),lafayette street dogs,
changhe xie,california-irvine (nightlife); ucla (smaug); ucla-b (ucla smoke),oc crows,
chapman lee,clemson (joint chiefs of waft),lost boys,
charles aubitz,syracuse (doom),nomad,
charles baird,christopher newport (skymaul),fathom; fathom ii; oak grove boys; red wolves; redwolves,
charles barnes,ucla-b (ucla smoke),green river swordfish,
charles bitler,carleton college (cut); gold rush,mavericks; oat; smoak (u20),
charles camilli,cal poly-slo (slocore),mallard ii; overdrive; zoboomafoo,
charles conner,rutgers (machine),rugrat knights-a,
charles craemer,washington (sundodgers); washington-b (washington b),make it rain,
charles erickson,denver (sourdough),colorado cutthroat; colorado cutthroat (colorado cutthroat),
charles erny,minnesota (minnesota a),edina high school (edina high school varsity); kenji's bbb,
charles farrington,cleveland state (cleveland state vikings),lake effect; scoop,
charles garavelli,maine (snositi),green mountain boys,
charles gartner,christopher newport (skymaul),brackish; shipyard; yacht club,
charles gaylord,james madison (hellfish),vault,
charles gordon,lsu (purple haze),gang of disc; louisiana second line,
charles jetton,luther (lufda),milwaukee breaker; riptide-b,
charles knoblock,penn state-b (lovetap),chemical x,
charles labarge,suny-binghamton (suny-binghamton),alibi; suny-binghamton (suny-binghamton),
charles lee,pittsburgh-b (university of pittsburgh- b),adelphos; puppies,
charles lieberman,tulane (tucks),el niño; knights of ni; lounar,
charles overdevest,florida (florida),frizz; vicious cycle,
charles pollard,connecticut-b (grind),spring break '93,
charles salmons,georgia southern (eagles),savannah wild,
charles stimpson,hellfish bumblers,oak grove boys; oakgrove boys; puzzles,
charles sullivan,james madison (hellfish); james madison-b (smellfish),winc city fog,
charles tai,william & mary (merry men),bryce whitney fan club,
charles wang,cornell-b (cornell-b (shake)),ditto a; ditto b,
charles wheaton,army (army west point); army (army- west point); army (army-west point),army - west point; army-west point,
charles wheeler,tennessee-chattanooga (swamp donkeys),nocturnal; tanasi,
charles zhang,simon fraser (sfu red leafs),oni,
charley cheng,mit-b (woodmunchers),pineapple,
charlie benforado,wisconsin-milwaukee (black cat),bux; happyboise-jv,
charlie bolduan,vermont-b (chill dev),bang,
charlie buntz,trinity (turbulence),a la carte-b,
charlie deklotz,portland (uprise),portland tremor,
charlie dupras,colorado mines (entropy),the incline,
charlie gardiner,maryland (maryland ultimate),town hall stars,
charlie giannone,delaware (sideshow),delaware (sideshow); new jersey gemini,
charlie heffernan,rensselaer polytech (trudge); rensselaer polytechnic institute (trudge),alibi,
charlie huang,michigan (magnum); northeastern (huskies),buda u20b,
charlie jia,california-santa cruz (slugs),oat; red dawn,
charlie johnson,minnesota-duluth (northern lights),big sky; cojones; general strike; low point; powderhogs,
charlie keigwin,colorado mines (entropy); colorado mines (entropy) (orediggers),new jersey gemini; tugboat,
charlie knott,colorado state (hibida); iso atmo,choice city hops; colorado cutthroat (colorado cutthroat),
charlie leightheiser,massachusetts (zoodisc); massachusetts-d (umass amherst developmental),amherst orlando magic; big wrench; wave,
charlie leys,wheaton (illinois) (mastodon),ope,
charlie luckett,oklahoma christian (eagles),nosey,
charlie nestman,colorado state (hibida); colorado state-b (bibida),colorado cutthroat u-20 boys,
charlie norris,massachusetts (zoodisc),red tide,
charlie panarella,georgetown (justice),blueprint,
charlie riedel,indiana (hoosiermama?s); north carolina-charlotte (charlotte skyrise),shenanigans,
charlie rosenfeld,michigan (magnum),diesel; eldl; mango tree-a,
charlie smith,tulane (tucks),el niño; uproar,
charlie wagner,lewis & clark (bacchus ),nomad,
chase de rasmi,rutgers (machine),rutger colege,
chase drinkwater,vermont (chill),retired; sprout; tirebizfriz,
chase fehrenbacher,purdue (undue ultimate),lafayette street dogs,
chase flint,rhode island (riut),lantern,
chase hammond,clemson (joint chiefs of waft); clemson-b (joint biefs),freaks,
chase kennedy,florida (florida),psychedelic; vicious cycle,
chase korabik,north carolina-wilmington (seamen),right coast,
chase lemley,iowa state (isuc),mallard x,
chase miller,kennesaw state (parliament),delirium; dyno; elysium,
chase rospond,western michigan (dark horse),beacon,
chase sherburne,texas-san antonio (siesta),san antonio warhawks,
chase stegall,texas-san antonio (siesta); texas-san antonio (velox),alamode,
chase viscuse,appalachian state (nomads),titans; touch of grey,
chen yang,nyu (new york university ),nyu (new york university ),
cheng-yu liu,california-irvine (nightlife),oc crows,
chengen tsan,purdue-b (ctrl-z),on ramp,
chenyou (yoyo) tang,california-b (ursa minor),ursa,
chenyu zhou,carnegie mellon (mr. yuk),space force,
chester gregg,georgia-b (chillydawgs); kennesaw state (parliament),atlanta outlaws; two-headed goose,
chester todd,richmond (spidermonkeys),yee-haw,
chi huan lei,suny-buffalo (green eggs and ham),dap lab; motive,
chris armstrong,georgia southern (eagles),dallas united: outlaws; ducs,
chris athens,cal poly-slo-b (slob),offshore,
chris azar,indiana (hoosiermama?s); indiana-b (hoosierdaddy!s),shenanigans,
chris bauer,asbury (asbury ultimate),black lung,
chris briggs,george washington (george washington men’s club ultimate),beef depot (development)-dev,
chris brooks,suny-albany-b (scam),h.i.p,
chris carroll,harding (harding apocalypse),dreadnought: battleship-b,
chris chang,carnegie mellon (mr. yuk),pittsburgh stealers; pittsburgh temper,
chris cole,north carolina state (nc state alpha),carolina sky,
chris conklin,houston (skyline),rice box,
chris cooney,suny-albany (scam),blueprint; dirty laundry,
chris doan,colorado-b (cucu); university of colorado boulder-c (cucu2),bonafide scrubs; inception; iso atmo; red lotus,
chris doehring,michigan (magnum); southern california (usc lockdown),flash flood; mango tree-a,
chris easterday,dallas (vortex),san antonio warhawks,
chris eppley,carleton college-chop (carleton house of pancakes); oak storm,green river swordfish,
chris fox,iso atmo,iso atmo,
chris godek,parkland - plu alumni,firemen,
chris johnson,richmond (spidermonkeys),adventure time; crypt,
chris kaspar,cal poly-slo (slocore),wavestorms,
chris markiewicz,iowa (ihuc),tydl,
chris mascis,virginia tech (burn),ballston booya,
chris padgett,texas-dallas (woof),forge,
chris paturzo,new haven (chargers),spring break '93,
chris peart,georgia state (underground),alliance,
chris que,florida state (duf),bloom,
chris salazar,arizona (sunburn),arizona frisbee club; sonoran dog; sonoran pups,
chris senf,drexel (spitfire),adelphos; ez,
chris strawn,georgetown (justice),beef depot; i-69; mort; on ramp,
chris susnosky,new jersey tech (highlanders),new jersey tech (highlanders),
chris walsh,notre dame (papal rage),blueprint; cash crop 2; eldl; exit 54; nain rouge; uproar,
chris yang,northeastern (huskies),big wrench; iditarod,
chris young,rose-hulman (elephantitis); texas tech (tumbleweed),red hots - u20,
chris youngblood,alabama-huntsville (nightmares),chain lightning,
chris zhang,northeastern-b (beastern),mbta; skeleton squad,
christiaan sengers,purdue (undue ultimate),bdc; lafayette street dogs,
christian belus,charlotte flight; north carolina-wilmington (seamen),banc; ring of fire,
christian cavanagh,southern connecticut state (mighty hucks),spring break '93,
christian chang,california-irvine (nightlife),oc crows,
christian cincotta,binghamton (suny-binghamton); suny-binghamton (suny-binghamton); suny-binghamton-b (suny-binghamton b),bartle boys,
christian colon,ohio state (leadbelly); ohio state-b (big buckin' chicken),enigma,
christian conway,michigan tech (discotech),timber,
christian digioia,ave maria (gyrenes); ave maria-b (ave maria b team),uproar,
christian geary,xavier (b.l.o.b.),i-69; on ramp,
christian go,california-santa barbara (black tide),oc crows,
christian harper,pittsburgh-b (university of pittsburgh- b),pittsburgh stealers,
christian holzl,missouri (missouri),haymaker x; kenji's bbb; red hots - u20; trident; trident i,
christian jensen,west virginia (wv wild); wisconsin-milwaukee (black cat); wisconsin-milwaukee-b (blackout),milwaukee revival,
christian lacoste,lsu (purple haze),rougaroux,
christian leach,virginia tech (burn),washington-liberty (washington-lee slarenegs),
christian mariscal-dreby,syracuse (doom),adk mountain crew,
christian maynard,notre dame (papal rage),apollo,
christian mibach,portland (uprise),mavericks,
christian montufar,georgia state (underground),atlanta arson,
christian parker,texas-dallas (woof),brawl; dallas united outlaws; ducs; glycerine; texas bbq,
christian reilly,suny-stony brook (panic),suny-stony brook (panic),
christian salazar,texas-b (graze),stuff,
christian scarfone,suny-fredonia (terrifying turtles),buffalo practice players,
christian strom,tennessee-chattanooga (swamp donkeys),nashville mudcats; nocturnal,
christian thomas,kennesaw state (parliament),dyno; elysium,
christian wolff,south carolina-b (south carolina),impulse,
christian woodfin,carnegie mellon (mr. yuk),hazard; jam it in; oc crows,
christina kyprianou,hofstra (flying dutchmen),hofstra (flying dutchmen),
christopher arevalo,ohio state (leadbelly),fine giant; garden state ultimate; helots; new jersey gemini,
christopher bluth,oklahoma (apes of wrath),barnstorm,
christopher bond,nyu (new york university ),ballston booya; blueprint; haze; watchdogs,
christopher cassella,texas (tuff),colt; doublewide; joe sefton's little heroes; shockoe slip flatball club,
christopher chen,south carolina (gamecock ultimate); south carolina-b (south carolina); southern california-b (usc blockdown),cockfight; gambit; red dawn,
christopher estes,virginia commonwealth (biscuit villains),ballston booya; mob ultimate,
christopher fan,connecticut (uconn huskies),crossfire,
christopher fischer,cincinnati (bearcats),endgame; flying pig,
christopher fogel,baylor (stonewall a),dallas united: desperados; flash flood; nitro,
christopher hahn,virginia tech (burn),ballston booya; bryce whitney fan club,
christopher haslbeck,maryland-baltimore county (booya),mob ultimate,
christopher humphrey,north carolina (darkside),brickhouse; cash crop 2,
christopher huss,north dakota state (windbreak),the fargoats,
christopher iglesias,rutgers (machine),garden state ultimate; rugrat knights-a; rutger colege,
christopher kiepert,vermont (chill),buda u20b; retired; sprout; tirebizfriz,
christopher kilbridge,syracuse (doom); syracuse university-b (boom),dap lab; dapper; rochester open club,
christopher king,charlottesville clownies; james madison (hellfish),john doe; red wolves; redwolves; watchdogs,
christopher kornblum,william & mary (merry men),bryce whitney fan club,
christopher lay,carleton university (ravens),phoenix; shrike,
christopher layden,mit (grim beaver); texas (tuff),big wrench; joe sefton's little heroes; riverside messengers-b; the killjoys,
christopher lee,northwestern (nut); suny-cortland (team rocket),blink; us bancorp tower,
christopher leon,suny-binghamton-b (suny-binghamton b),suny-binghamton-b (suny-binghamton b),
christopher letai,charlottesville clownies; virginia (night train),richmond floodwall; vault,
christopher li,duke (brimstone),oakay,
christopher liang,california-b (ursa minor),ursa,
christopher lofrese,triangle tourists boys-b,space cowboys,
christopher lopez,virginia tech (burn),ballston booya; bryce whitney fan club; hb woodlawn (hbw united); oakgrove boys,
christopher ma,harvard (red line),shred line,
christopher mccormick,maryland-baltimore county (booya),watchdogs,
christopher mclaughlin,rutgers (machine),garden state ultimate; pride of rowan newark; rutger colege,
christopher milito,suny-binghamton-b (suny-binghamton b),suny-binghamton-b (suny-binghamton b),
christopher nelson,north carolina state (nc state alpha); north carolina-wilmington (seamen),raleigh-durham united; right coast,
christopher ng,pittsburgh (en sabah nur); rutgers (machine),mailmeñ; pittsburgh puppies; pride of rowan newark; sord,
christopher nowak,chicago (fission),roundhouse,
christopher omara,carleton college (carleton house of pancakes); carleton college-chop (carleton house of pancakes),john doe,
christopher padgett,asbury (asbury ultimate),black lung,
christopher pagliaro,san diego state (federales ),offshore; skipjack,
christopher pantaleon,san jose state (spartans),oat,
christopher parinella,virginia tech (burn),dig; scoop,
christopher patrick,central florida (dogs of war); central florida-b (havoc),bloom; reptar,
christopher read,illinois-b (boomland),nasty girls,
christopher roy,arkansas (ludicrous speed ),arkansas (ludicrous speed ),
christopher ruano,harvard (red line),harvard (red line),
christopher saacks,north carolina-charlotte (charlotte skyrise),banc; brickhouse; ring of fire,
christopher scalzi,georgia southern (eagles),savannah wild,
christopher setiawan,massachusetts -b (umass amherst developmental); suny-stony brook (brick); suny-stony brook (panic),bag,
christopher shea,high point (high point university bagheera); hofstra (flying dutchmen),hofstra (flying dutchmen),
christopher sowards,arizona state (prime); arizona state-b (pleasure),colonels; drought; i-69; on ramp,
christopher tang,washington state (air raid),make it rain; orcats,
christopher wells,binghamton (suny-binghamton); suny-binghamton (suny-binghamton),bartle boys; colt; magma bears,
christopher wilson,western new england (golden bears),crossfire; expendables; red squirrels; trout,
christopher wohl,ohio (trout),a-block; brocats; hazard; low five; omen,
christopher zuo,georgia tech (tribe),h.o.g. ultimate; little red wagon; rush hour atl,
chuck rogers,depaul (duc),roundhouse,
chukwuemekalum echezona,mit (grim beaver),pineapple,
cian flaherty,purdue (undue ultimate),lafayette street dogs; magma bears,
cian johnson,michigan (magnum),mad men; nain rouge,
cian mcginn,montana (smokejump),sky-90,
cianan gamble,claremont (braineaters),cognitive disconance,
ciaran pratley,northeastern (huskies),dig; list; scoop; switchback,
cisco an-torres,suny-stony brook (panic),long island riff raff; suny-stony brook (panic),
cj puia,west chester (west chester); west chester-b (west chester b),dub club; ez,
claes james,cal poly-slo-b (slob),offshore,
clarence huang,suny-stony brook (panic),suny-stony brook (panic),
clark bishop,bryant (bryant craze),johnny encore,
clark rice,auburn (aetos),bormingham sectionboi$,
clark seese,miami (ohio) (miami boogiemen); miami alumni,chimney; dynasty; scoop,
clarke piatt,pittsburgh-b (university of pittsburgh- b); pittsburgh-c (pitt-b plus pro max),adelphos; pittsburgh stealers; pittsburgh temper; puppies,
clay bauman,nebraska (cornfed ultimate),scythe,
clay diercks,texas state (texas state buckets),riverside messengers,
clay hawley,harding (harding apocalypse),dreadnought: battleship-b,
clay hundertmark,bates college (orange whip),bates (orange whip); bates college (orange whip); thunder boys,
clay kuran,washington-b (washington b),seven gills,
clay rasmussen,claremont (braineaters),choice city hops; cognitive disconance,
clay rosselot,richmond (spidermonkeys),crypt; mallard,
clay wells,clemson (joint chiefs of waft),harvest moon,
clay wrentz,southern methodist (bankroll),flash flood; glycerine,
clayton conklin,delaware (sideshow),delaware (sideshow),
clayton donajkowski,michigan tech (discotech),r&d,
clayton dunford,brigham young-b (chi b),r&d,
clayton entrekin,ucla (smaug),hazard,
clayton horstman olson,minnesota-b (minnesota b),nomad,
clayton partlow,florida state (duf),bloom; florida untied; scootlyfe,
clayton phillips,northern iowa (ammunition),loaded panda; mallard ii; red bat,
clayton simons,tennessee-chattanooga (swamp donkeys),tennessee gents,
clemens liu,carolina flyers youth academy u20; north carolina-wilmington (seamen),raleigh-durham united; triumph,
clinton james,brigham young-b (chi b),the killjoys,
clinton warner,arizona state (prime); arizona state-b (pleasure),bonsoon; tempe tantrum,
coby sheehan,harvard (red line),harvard (red line),
cody brady,tennessee (tennessee),genny the boys (gtb); tennessee folklore,
cody crosier,suny oswego (flying monkeys),rochester open club,
cody leveau,cal poly-ccwr (ccwr); cal poly-slo (slocore),swordfish,
cody shoelson,charlottesville clownies,washington-liberty (washington-lee slarenegs),
cogan lawler,colby (cdc (men's)),expendables; red squirrels; resurgam; resurgam ultimate,
colby bong,alabama-huntsville (nightmares),apollo; rampage; second nature,
colby downs,chico state (chico state),float; wavestorms,
colby francfort,north carolina-wilmington (seamen),right coast,
colby luiz,villanova (main line ultimate),citywide special,
colby vuong,texas-san antonio (siesta),adventure time; alamode; cozy boys,
colden chierichella,ithaca (nawshus ultimate),dapper,
cole arnold,syracuse (doom),adk mountain crew,
cole beck-campbell,west chester (west chester),dub club; wooder,
cole bernstein,kentucky (kult),black lung,
cole besser,colorado (mamabird),bobby; bonafide scrubs; colorado cutthroat; inception; lotus,
cole chanler,georgia (jojah),atliens; delirium; gamble,
cole davis,iowa (ihuc),arizona society of underachievers; cryptic,
cole dinwoodie,washington state (air raid),heartbreak,
cole eustis,oregon state (beavers),dark star; portland tremor,
cole fairfield,bowdoin (clown),bowdoin (clown); red tide,
cole feltman,north carolina-wilmington (seamen),mailmeñ; pride of rowan newark; right coast,
cole fritz,clemson (joint chiefs of waft),charleston heat stroke,
cole gardella,stevens tech (stevens tech),rebels; revolt,
cole insalaco,cal poly humboldt (humboldt state buds); cal state-long beach (pyramid scheme); humboldt state (humboldt state buds),overflow,
cole jennings,"wake forest (well oiled machine, baby)",watchmen,
cole jurek,minnesota (grey duck),mallard; sub zero; truck stop,
cole king,colorado mines (entropy); colorado mines-b (entropy - b),the incline,
cole koffarnus,central florida (dogs of war),bloom; bud,
cole krucke,georgia (jojah),delirium,
cole lewis,occidental (detox),seven gills,
cole martin,rensselaer polytech (trudge),motive,
cole mires,california-santa cruz (slugs); gold rush,oat; zodiac,
cole moore,maine (blackfly); maine (snositi),dig; diz; red tide; rising tide u20b,
cole peterson,arkansas (ludicrous speed ),dreadnought; dreadnought: battleship-b,
cole quigley,wisconsin-platteville (udderburn),timber,
cole romines,alabama-huntsville (nightmares),apollo; second nature,
cole salomon,temple (alert),citywide special; garden state ultimate; not a sport; phantom,
cole salvador,harvard (red line),harvard (red line),
cole smith,vassar (swinging monks),cozy boys; riptide; riverside; riverside ultimate,
cole snavely,virginia commonwealth (biscuit villains),hb woodlawn (hbw united); hb woodlawn flatball; puzzles; red wolves,
cole stenseth,utah (zion curtain),powderhogs; shrimp,
cole stevens,rutgers (machine),garden state ultimate; not a sport; pride of rowan newark; rutger colege,
cole wilkinson,washington-b (washington b),battery,
cole woodward,pennsylvania (void),magma bears; pennsylvania (void),
cole zlomke,texas-dallas (woof),dallas delinquents,
coleman devaney,south carolina (gamecock ultimate),lost boys,
coleman ross,connecticut (uconn huskies),mbta,
coleman tappero,georgia (jojah),atliens; chain lightning; h.o.g. ultimate,
colin baylis,california-santa barbara (black tide),offshore; wavestorms,
colin beauregard,kansas state (wizards),beacon; colt; eldl; prairie fire,
colin bogar,western washington (dirt),grudge; seven gills,
colin brown,carleton college (cut),zoboomafoo,
colin bruggeman,xavier (b.l.o.b.),rotisserie chicken,
colin carino,british columbia -b (shipwreck),oni,
colin clapper,temple (alert),citywide special,
colin crawford,montana (smokejump),choice city hops,
colin daines,carnegie mellon (mr. yuk); carnegie mellon-b (poison control),pittsburgh stealers,
colin devany,rutgers (machine),rutger colege,
colin donajkowski,michigan tech (discotech),friendly fire; kansas city smokestack; nox,
colin dunn,oklahoma christian (eagles); virginia tech (burn),ballston booya; colt; phantom,
colin flowers,tennessee-chattanooga (swamp donkeys),nashvillians; tanasi; villains,
colin fremeau,western michigan (dark horse),beacon; eldl,
colin grant,stanford (stanford bloodthirsty); wisconsin-stevens point (homegrown),guerrilla; red dawn,
colin graves,rowan (ruf riders),new jersey gemini; revolt,
colin hines,north carolina-wilmington (seamen),right coast,
colin hogendorn,minnesota-b (ugly duckling); minnesota-c (rubber ducky),the body,
colin jarvis,michigan (magnum),citywide special; mango tree-a; updog; wooder,
colin knapp,notre dame (papal rage),nocturnal,
colin kramer,georgetown-b (black squirrels),bdc,
colin leonelli,northeastern (huskies),iditarod,
colin mcginnis,west chester (west chester (a)); west chester (west chester); west chester-b (west chester (b)),citywide special,
colin mckelvey,maryland (maryland ultimate),bryce whitney fan club; town hall stars,
colin munch,missouri s&t (miner threat),stl goonar,
colin nelson,boston college (eagles),mystik dan,
colin pfister,whitman (whitman sweets),make it rain,
colin sauls,clemson (joint chiefs of waft),lost boys,
colin schmidt,south carolina (gamecock ultimate); south carolina-b (south carolina),crypt,
colin schultz,stanford-b (huck syndrome),digit,
colin stevens,notre dame (papal rage),flying pig; flying piglet,
colin white,north carolina-wilmington (seamen),banc; philadelphia pacmen; raleigh-durham united; right coast,
colin winter,kentucky (kult),black lung,
colin zeng,duke (brimstone),raleigh-durham united,
collin beaman,delaware (sideshow),delaware (sideshow),
collin brown,vermont-b (chill d); vermont-b (chill dev),bang,
collin casseri,lsu (purple haze),louisiana second line,
collin dabbieri,oklahoma (apes of wrath); vanderbilt (armada),supercell; womp,
collin gonzales-tapley,johns hopkins (dangerzone),mob ultimate,
collin henig,eastern michigan (fighting hellfish),diesel; mischief,
collin hill,berry (bucks); davenport (panthers),atliens; chain lightning; hooch; mint; yee-haw,
collin kaperick,oregon state (beavers),dark star; oregon trainwreck; trainwreck and friends,
collin lamb,iowa state (isuc),beachfront property; black market; black market i; black market ii; demo,
collin lief,harvard (red line),harvard (red line); knights of ni; m.y.t.h.o.s.,
collin magness,oregon-b (bucks),oregon eruption!,
collin mcgee,georgia tech-b (tribe),atlanta outlaws,
collin rassel,indiana (hoosiermama?s),black sheep; colonels,
collin ruprecht,colorado (mamabird); colorado-b (cucu),bonafide scrubs; colorado cutthroat: youth club u-20 boys; inception; mycellium; red lotus,
collin silva,cal poly humboldt (humboldt state buds); humboldt state (humboldt state buds),ravin’-d,
collin tardio,bowdoin (clown),bowdoin (clown),
collin wycoff,oklahoma state (ultimato); oklahoma state university (ultimato),rawhide,
colman bashore,middlebury (pranksters),switchback,
colson voss,miami (ohio) (miami boogiemen),smogborn,
colsten spelman,dayton (flud); dayton-b (ud flud b),dynasty; flying pig,
colton chan,simon fraser (sfu red leafs),oni,
colton sy,northeastern (huskies),iditarod,
colum bergeron,virginia tech (burn),oakgrove boys,
conan kisor,iowa (ihuc); iowa-b (iowa-b (hucititis)),riptide-b,
conley brooks,alabama (yellow hammer); alabama-b (yellow hammer); alabama-c (yellowhammer c),alliance 2; second nature; tanasi,
conner blalack,indiana (hoosiermama?s),anchor; colonels,
conner bousson,carthage (carthage blitz),house,
conner derr,arizona state (prime); arizona state-b (pleasure),monsoon,
conner lough,alabama-huntsville (nightmares),apollo; capitol city chaos,
conner marshall,northern michigan (riptide),mischief,
conner matuza,minnesota-b (minnesota b); minnesota-c (minnesota c),m.y.t.h.o.s.,
conner meidt,pennsylvania (void),pennsylvania (void),
conner stillwell,oregon state (beavers),dark star; hippo (nee burnside 33),
conner truitt,grove city (grove city doomsday),colorado cutthroat (colorado cutthroat); colorado cutthroat: youth club u-20 boys,
connor allen,suny-albany (scam); suny-albany-b (scam),motive,
connor anderson,kansas (horrorzontals); kansas-b (vertikills),mallard; sub zero; truck stop; vault,
connor baldwin,toledo (savage),mischief,
connor bass,macalester college (macalester open ultimate),overdrive,
connor bushong,north florida (category 5),flux,
connor campbell,western carolina (western carolina catamounts),gambit,
connor case,georgia tech (tribe); georgia tech-b (tribe),harvest moon,
connor cioth,loyola marymount (lions),nsfw; veteran move,
connor clemente,florida tech (florida tech competitive),raptor,
connor concannon,davenport (panthers); washington state (air raid),junco; make it rain,
connor dickey,pittsburgh-b (university of pittsburgh- b),pittsburgh stealers,
connor dowd,central florida (dogs of war),hazard,
connor driscoll-natale,xavier (b.l.o.b.),cmen; rotisserie chicken,
connor emery,bryant (bryant craze),havoc,
connor fagan,california-b (ursa minor),east bay earthworms,
connor fallon,syracuse (doom),adk mountain crew,
connor garrison,arizona state (prime); arizona state-b (pleasure),drought; monsoon; nighthawk,
connor griffin,michigan state (arc); michigan state-b (riot control),diesel,
connor guy,british columbia -b (b-birds); british columbia -b (shipwreck),joe fisher,
connor hall,jacksonville state (firebird ),alliance 2,
connor harris,texas-dallas (woof),tofu junction,
connor hess,utah (zion curtain),popperton ultimate frisbee; powderhogs; spirit quest; trout,
connor joseph,suny-stony brook (panic); suny-stony brook-b (brick),suny-stony brook (panic),
connor leishman,bethel (bethel ultimate),ope,
connor lund,utah (zion curtain),mallard; mallard x; x wives-a,
connor lynch,wisconsin- la crosse (badluc),the boys,
connor mark,georgia-b (chillydawgs),power point ultimate,
connor matheson,penn state (spank),happy valley roofing and mustache supply; haze; updog,
connor mccartney,virginia (night train),bdc; john doe,
connor mcginley,cal poly-humboldt (humboldt buds),wavestorms,
connor mckeown,wisconsin-eau claire (eauzone),nomad,
connor olson,boise state (mamu zaldi),doublewide; johnny bravo; texas two step,
connor oreilly,charlotte flight; north carolina-wilmington (seamen),queen city kings,
connor prather,georgia tech-b (tribe),atl b; atlanta outlaws,
connor richards,marquette-b (birdfeeder),milwaukee breaker,
connor rigby,union (tennessee) (union jaxx),ronin; second nature,
connor russell,ball state (wizardz); north carolina-wilmington (seamen),brickhouse; patrol; pride of rowan newark; ring of fire,
connor sandman,luther (lufda),roundhouse,
connor schuberth,wisconsin-milwaukee (black cat),haymaker,
connor smith,boston college (eagles),shade,
connor withey evans,brown (brownian motion),switchback,
connor wood,east carolina (irates),parlay; queen city kings,
connor wozniak,notre dame (papal rage),mke; nain rouge,
conor babcock oneill,carleton college (cut),blueprint; make it rain; mallard ii; switchback,
conor brownell,georgia tech (tribe),chain lightning,
conor chickos,north carolina state (nc state alpha),brickhouse; cash crop,
conor coakley,tennessee (tennessee),tanasi,
conor schofield,cal poly-slo (slocore),oat; socal condors,
conor tabor,colorado (mamabird),bobby; colorado cutthroat; inception; johnny bravo; lotus,
conrad hougen,iso atmo,iso atmo,
conrad rauhaus,missouri (missouri),stl moonar,
conrad walsh,tufts (elephant men),bag; somerville bag,
constantine stake,nyu (new york university ),haymaker; haze; zoboomafoo,
cooper antin,denver (sourdough),forward motion; minnesota superior u20b,
cooper bay,boston college (eagles),mystik dan,
cooper bost,utah (zion curtain),x wives-a,
cooper bruce,tulane (tucks),gang of disc,
cooper daras,mississippi state (dark horse); mississippi state -b (trenches ); mississippi state-b (pony express),golden triangle ultimate; mob ultimate,
cooper deschenes-worboy,emory (emory juice),atlanta outlaws,
cooper fulton,arkansas (ludicrous speed ),arkansas (ludicrous speed ); dreadnought: battleship-b,
cooper glavin,georgetown (justice),john doe,
cooper kleibor,wisconsin-milwaukee (black cat),conspiracy theory; zoboomafoo,
cooper nissenbaum,claremont (braineaters); mit (grim beaver),bag; cognitive disconance,
cooper pinaud,rit (rit spudheds),rochester open club,
cooper quatrochi,colorado college (wasabi),colorado college (wasabi),
cooper varone,xavier (b.l.o.b.),rotisserie chicken,
cooper whisnant,florida (florida),vicious cycle,
corban samoff,john brown (ironfist),dreadnought,
corbin atack,whitman (whitman sweets),emerald city,
corbin fleming-dittenber,michigan-b (michigan-b),mischief,
corey chrudimsky,texas a&m (dozen); texas a&m-b (dozen matter),riverside,
corey gustafson,central florida (dogs of war),degens of war; omen,
corey mack,washington-b (washington b),avenue -a,
corey sweet,alabama-huntsville (nightmares),second nature,
corey tolbert,rice (cloud 9),clutch; texas tea-a,
cory mccormack,chicago (fission),bag; big wrench; diy; scoop,
cory radcliff,kentucky (kult),bloom; reptar,
cory yonemura,california-irvine (nightlife),oc crows,
couper kerns,oklahoma christian (eagles),barnstorm; oak grove boys,
craig andersen,colorado cutthroat: youth club u-20 boys,ycc u20 developmental team,
creighton tisdale,colorado-b (cucu),red lotus; texas swing; texas toast,
creston brooks,princeton (clockwork),helots,
crews kay,samford (dogma),arnold palmer alert,
cris gallo,east carolina (irates),gambit; queen city kings,
cristobal correa,texas tech (tumbleweed),deaf fruit,
cullen baker,carleton college (cut); texas (tuff),chicago machine; clutch; gamble; haymaker; texas swing; texas united,
cullen keefe,california-santa cruz (slugs),wavestorms,
cupar meikle,cleveland state (cleveland state vikings),scoop,
curtis asral,new jersey tech (highlanders),new jersey tech (highlanders),
curtis farmer,virginia commonwealth (biscuit villains),richmond floodwall,
curtis hernandez,fresno state (rabid),firefall; fresno firefall,
curtis kim,virginia tech (burn),oakgrove boys,
curtis knaack,rose-hulman (elephantitis),house; milwaukee breaker; riptide-b,
curtis pakgross,colorado (mamabird),blueprint; bonafide scrubs; shade,
curtis watkins,brigham young (chi),sundance kids,
cy toriello,southern california (usc lockdown),hazard,
cylas schooley,oregon (ego),dark star; socal condors,
cyrus beauvais,washington university (contra),john doe; lounar,
dakarai palen,gold rush; oregon-b (bucks),bay dog; red dawn,
dakota chou,cal poly-ccwr (ccwr); cal poly-slo (slocore),nomad,
dale decatur,chicago (fission),haymaker,
dallas fisher,colorado-c (rooster tussle),red lotus; zoo animals,
dallin opperman,utah state (scotsmen),bonneville flatball club; cache valley high ground,
dallon archibald,northeastern (huskies),diz; iditarod; mbta; scoop,
dalton bolgeo,university of memphis (bluff ultimate),memphis pharaohs,
dalton brewer,alabama (yellow hammer); alabama-b (yellow hammer),alliance; alliance 2,
dalton muck,ohio (trout),flying dutchmen; second nature,
dalton steinkamp,southern illinois-edwardsville (geese),stl moonar,
dalton thomas,edinboro (haggis),chemical x,
damian delgado,north carolina-charlotte (charlotte skyrise),banc,
damian pena,sul ross state (sul ross ultimate),shrimp discs,
damien hotte,suny-buffalo-b (buffalo grinch); suny-buffalo-b (buffalo mixed),buffalo frostbite; frostchomp,
damon chen,vassar (swinging monks),brooklyn tech support plus; vassar (swinging monks),
damon mcmahon,portland state (vitruvious),dirtnap; name brand; nano; rip city,
dan doxey,salt.,practice squad; utah hatu; wretched refuse,
dan goldstein,pittsburgh (en sabah nur),dig; diz; pittsburgh temper; scoop; sord,
dan kelner,delaware (sideshow); delaware-b (sideshow),delaware (sideshow),
dan mcmanus,indiana-b (hoosierdaddy!s),deepfake; sky hook,
dan nichols,pittsburgh (en sabah nur),impulse; pittsburgh temper; puppies; slag dump; sord,
dana baker,washington (sundodgers),souf,
dane crandall,bowdoin (clown),parlay,
dane lynch,georgia (jojah),harvest moon; tennessee folklore,
dane miller,utah (zion curtain),shrimp,
dane wright,chico state (chico state),float,
daniel arnold,virginia-b (night train b),beef depot,
daniel bauman,colorado (mamabird),johnny bravo; oakland ultimate; oat; red lotus,
daniel bishop,suny-albany (scam),alibi,
daniel biundo,boston college (eagles),mystik dan,
daniel bonkowsky,california-san diego (air squids); california-san diego-b (air squids lite ),skipjack,
daniel bredehorst,virginia tech (burn); virginia tech-b (virginia tech b),oakgrove boys,
daniel brunker,colorado (mamabird); southern california (usc lockdown),imperial; inception; johnny bravo; lotus; mallard; socal condors,
daniel buwalda,florida tech (florida tech competitive),swamp horse,
daniel chao,suny-stony brook (panic),fli-b honeybees,
daniel collier,oregon (ego); oregon-b (bucks); reed (reeed),dark star; oat,
daniel colon,suny-binghamton-b (suny-binghamton b),suny-binghamton-b (suny-binghamton b),
daniel dabnis,south carolina-b (south carolina),queen city kings,
daniel davis,george washington (g-dub hippos); george washington (george washington men’s club ultimate),beef depot; beef depot (development)-dev,
daniel dewey,georgetown (justice),john doe,
daniel ehrenberg,liberty (flames),l.u.t $ack,
daniel endres,drexel (spitfire),adelphos; ez; rebels,
daniel erickson,liberty (flames),st. cloud swans; swans,
daniel esler,columbia (uptown local),columbia (uptown local),
daniel estrin,case western reserve (fighting gobies[a]); colorado (mamabird),chimney; fungi,
daniel eure,north carolina-charlotte (charlotte skyrise),queen city kings,
daniel faust,missouri s&t (miner threat),stl moonar,
daniel ferriter,north carolina state (nc state alpha),brickhouse; raleigh-durham united,
daniel finney,depaul (duc),roundhouse,
daniel flores,santa clara (scab); santa clara-b (scratch),firefall,
daniel friedman-brown,maryland (maryland ultimate),barden btate bultimate; garden state ultimate; pittsburgh temper; town hall stars; vault,
daniel garlock,wisconsin (hodags),ironside; mad men; raleigh-durham united; yogosbo,
daniel gerregano,santa clara (scab); santa clara-b (scratch),villains; womp,
daniel gibson,cal poly-humboldt (humboldt buds),silence of the clams,
daniel glickman,wesleyan (nietzsch factor),colt,
daniel gologorsky,army (army- west point),army-west point,
daniel graves,brown-b (brown - b),providence poultry,
daniel gribbin,virginia tech (burn),oak grove boys; oakgrove boys; truck stop; winc city fog of war,
daniel griffin,oklahoma christian (eagles),barnstorm; nosey; supercell,
daniel grisham,mississippi state (dark horse); mississippi state -b (trenches ),cookie mon$terz; memphis pharaohs,
daniel grosch,illinois chicago (juice ); illinois-chicago (juice ),black market ii; black market iii; spoon x-freshman; trident ii,
daniel han,rutgers (machine),helots; pride of rowan newark; rugrat knights-a; rutger colege,
daniel hochberg,southern california (usc lockdown); southern california-b (usc blockdown),veteran move,
daniel huggins,appalachian state (nomads),triumph,
daniel humphreys,south florida (scallywags),uproar; vicious cycle,
daniel hurley,mississippi state (dark horse); mississippi state -b (trenches ),second nature,
daniel jacklinski,scranton (electric city scranton ultimate),turbulent flow,
daniel johnson,puget sound (postmen),triforce,
daniel jones,mississippi state (dark horse),cookie mon$terz,
daniel juergens,saint louis (archangel),s l u r p,
daniel kang,massachusetts (zoodisc),sprout,
daniel kesler,rochester (piggies),pgz,
daniel kim,alabama-huntsville (nightmares),ronin,
daniel koenig,harvard (red line),harvard (red line); oakgrove boys,
daniel krasnonosenkikh,northeastern-b (beastern),iditarod,
daniel lancaster,union (tennessee) (union jaxx),cookie mon$terz,
daniel landesman,colorado (mamabird),doggpound; johnny bravo; lotus; red dawn; republic,
daniel laritz,rose-hulman (elephantitis),house; zoo animals,
daniel lenze,cedarville (swarm),enigma; swarm,
daniel lepsch,colorado-b (cucu); colorado-c (rooster tussle),carbon; iso atmo; red lotus,
daniel li,california-santa barbara-b (black out); southern california (usc lockdown),offshore,
daniel lin,ucla (smaug); ucla-b (ucla smoke),make it rain; nsfw; seven gills,
daniel lucas,colorado state (hibida); colorado state-b (bibida),choice city hops; fungi,
daniel mac manus,miami-upper-upper,enigma,
daniel macune,army (army west point),army - west point,
daniel mah,western washington (dirt),socal condors; voodoo,
daniel maldonado,arizona state (prime); arizona state-b (pleasure),bonsoon,
daniel manger,connecticut (uconn huskies),colt,
daniel mao,mcgill (mut),blackfish,
daniel marlin,michigan (magnum),redwolves; town hall stars,
daniel mcnamara,south florida (scallywags),florida untied; uproar,
daniel meltzer,suny-stony brook (brick),bees; fli-b honeybees,
daniel mills,liberty (flames),l.u.t $ack; triforce,
daniel monge,cal poly-slo-b (slob); cal poly-slo-c (sloc),firefall,
daniel naiman,johns hopkins (dangerzone),bomb squad,
daniel neese,iowa state (isuc),bemo; cryptic; demo; loaded panda; zodiac,
daniel nickas,emory (emory juice),pulp,
daniel niezelski,maryland (maryland ultimate),town hall stars,
daniel nipper,penn state-b (lovetap),gummy bear hitmen; happy valley roofing and mustache supply,
daniel oconnor,villanova (main line ultimate),rumspringa,
daniel oxman,maryland (maryland ultimate),town hall stars,
daniel palladino,georgia tech (tribe),delirium; elysium,
daniel pfaff,oklahoma (apes of wrath),meadowlark; supercell; wavestorms,
daniel plutchak,carthage (carthage blitz),house,
daniel pryke,california-san diego (air squids),skipjack; socal condors,
daniel rabinovich,charlotte flight; north carolina-b (batch); southern california (usc lockdown),nc brickhouse-upper,
daniel ramirez,texas-b (graze),riverside messengers-b; stuff,
daniel ricci,syracuse (doom),deepfake,
daniel ritthaler,oregon (ego),dark star; revolver; rhino slam!,
daniel ruskay-kidd,chicago (fission),7am; bodega cats; roundhouse; yew nork yew nork,
daniel sawai,colorado-b (cucu); colorado-c (rooster tussle); illinois (rise),red lotus,
daniel shen,dartmouth (pain train),chimney,
daniel smith,dartmouth (pain train); vassar (swinging monks); wisconsin-milwaukee-b (blackout),cowtown cannons; texas bbq; vassar (swinging monks),
daniel snider,bates (orange whip); bates college (orange whip),red tide; the ultimate team,
daniel spillane,purdue (undue ultimate); purdue-b (ctrl-z),dallas delinquents; lafayette street dogs; lil heroes; sprawl,
daniel steinman,vermont-b (chill dev),bang; deluxe,
daniel stern,suny-geneseo (snail),bomb squad; fat and mediocre; genny the boys (gtb),
daniel stump,wentworth (concrete jungle),wave,
daniel sullivan,suny-geneseo (snail),castle; demo; scythe,
daniel swastek,embry-riddle (dirty birds),black lung,
daniel tometich,pittsburgh (en sabah nur); pittsburgh-b (university of pittsburgh- b),pittsburgh stealers; puppies; slag dump; sord,
daniel tu,mcgill (mut),club m - manic,
daniel watson,utah (zion curtain),x wives-a,
daniel welkener,texas-dallas (woof),flash flood; public menemy; texas united,
daniel williams,colorado (mamabird),bonafide scrubs; endless sunset; haymaker; iso atmo; jam it in; phx sprout; red hots - u20; so cal all stars,
daniel wolfinger,scranton (electric city scranton ultimate),apollo 7,
daniel wu,vanderbilt (armada),nocturnal,
daniel yamamoto,california-san diego (air squids),firefall,
daniel zhu,north carolina (darkside),cash crop 2; triforce,
daniil koval,massachusetts (zoodisc); massachusetts -b (umass amherst developmental); massachusetts-b (umass amherst developmental),bag; crossfire,
danny dilsheimer,lehigh (lehigh ),rebels,
danny hobday,notre dame (papal rage),forward motion; minnesota superior a; sub zero,
danny klein,columbia (uptown local); williams (wufo),blueprint; mbta; white sauce hot sauce,
danny obrien,iupui (jaguars),black market i; black market ii; black market iii; trident ii,
danny shope,carleton college (carleton house of pancakes); carleton college-chop (carleton house of pancakes),nomad,
dante lopez-escarez,washington (sundodgers),souf,
daonysos hatzigiannis,colorado college (wasabi),colorado college (wasabi); the incline; wasabi,
darbhi durvasula,tulane (tucks),gang of disc,
darius jackson,kentucky (kult),colonels,
darrel udemba,georgia state (underground),atlanta arson,
darrell gorneault,central connecticut state (blue barracudas); central connecticut state (yetis),central connecticut state (yetis); spring break '93,
darren burdette,brigham young-b (chi b),utah hatu,
dasan bender,north carolina-wilmington (seamen),brickhouse; right coast,
dasen song,illinois-b (boomland); syracuse (doom),journeymen; mohawk valley wild,
dashiell brenner,carleton college-chop (carleton house of pancakes),amherst orlando magic; iditarod; scoop,
dashyl lemens,texas-san antonio (siesta),lil heroes,
david addison,hofstra (flying dutchmen),heatwave; hofstra (flying dutchmen),
david anderson,southern california (usc lockdown),anchor; shadows; ziggurat ultimate,
david atwood,vanderbilt (armada),emerald city; lounar; nashville mudcats,
david baker,georgia tech (tribe),little red wagon,
david barram,oregon (ego),dark star; rhino slam!,
david bears,georgia tech-b (tribe),atlanta outlaws,
david belvardi,john brown (ironfist),dreadnought; dreadnought: battleship-b,
david borden,amherst (army of darkness),tire,
david braden,michigan (magnum); ohio state (leadbelly),flying dutchmen; mango tree-a,
david brewster,rowan (ruf riders),helots; mailmeñ; rebels,
david castillo,marquette (birdhouse),black market iii; mke,
david chalmers,appalachian state (nomads),atliens; banc,
david chao,carnegie mellon (mr. yuk),space force,
david ciccarone,miami (florida) (umiami vice),red hots - u20,
david colao,dayton (flud),rochester open club,
david collins,ohio state (leadbelly),endgame; enigma; omen,
david dattile,claremont (braineaters),cognitive disconance,
david decolli,pittsburgh (en sabah nur); pittsburgh-b (university of pittsburgh- b),citywide special; sepda night owl,
david durrance,lipscomb (bisons),black lung,
david eckland ii,northeastern-b (beastern); northeastern-c (salty c dogs),mbta,
david ellis,delaware (sideshow),adelphos; citywide special; magma bears; philadelphia padawans,
david evans,vanderbilt (armada),nashville mudcats; space cowboys; tanasi; womp,
david fox,gunn (control),journeymen,
david friedman,pittsburgh (en sabah nur); pittsburgh-b (university of pittsburgh- b),pittsburgh temper,
david gomez,stephen f austin (frontier),dallas delinquents; vintage velocity,
david hartenbach,saint louis (archangel),s l u r p,
david higuchi,washington university (contra),brawl; sprawl; stl moonar,
david hill,william & mary (merry men),7am; mr. scott and the tots,
david hoffman,suny-binghamton-b (suny-binghamton b),old ephraim,
david hubbard,cedarville (swarm),cedarville swarm; diesel,
david hudson,texas christian (high noon),war machine,
david hunt,alabama (yellow hammer); alabama-b (yellow hammer),nox,
david hwang,princeton (clockwork),buda; garden state ultimate; helots; zodiac,
david isom,seven hills bx,avenue -a,
david jensen,denver (sourdough),daybreak; fungi; icy boyz; jelly straus; mr. scott and the tots; the incline; town hall stars,
david jones,connecticut (uconn huskies),brickhouse; cash crop; medicine men; timber,
david kim,st olaf (berzerkers); william & mary (merry men),trainwreck and friends,
david kimberly,williams (wufo),alibi; red lotus,
david klunder,san diego state (federales ),oakland ultimate,
david laduke,western michigan (dark horse),beacon; zoo animals,
david leahy,western washington (dirt),seven gills,
david leder,rochester (piggies),expendables; pgz; trout,
david lewis,william & mary (merry men),womp,
david luna,jacksonville state (firebird ),romulus,
david maniloff,cornell (buds),adelphos; garden state ultimate,
david masengale,ball state (cardinals),blink; on ramp,
david miguel,central florida (dogs of war),certified scrubs; florida untied; players into serious sports,
david miller,drexel (spitfire),interesting tummy birds; johnny bravo,
david nolan,xavier (b.l.o.b.),rotisserie chicken,
david owyang,northeastern (huskies); northeastern-b (beastern),bag; lantern; mbta; scoop,
david parajon,nyu (new york university ),haze,
david pearce,oregon -b (bucks); puget sound (postmen),portland tremor,
david perry,auburn (aetos),alliance; barden btate bultimate; garden state ultimate; southern hospitality,
david phalen,cincinnati (bearcats),dynasty,
david piersall,rice (cloud 9); texas-dallas (woof),forge; riverside messengers,
david pincus,florida (florida),vicious cycle,
david pinto,northeastern (huskies),buda u20b; dig; diz; iditarod; scoop,
david pojunas,arkansas (ludicrous speed ),austin amigos; dreadnought; riverside,
david pride,cedarville (swarm),cedarville swarm; enigma; swarm,
david ramsay,toronto (tula),pipe,
david rocamora,dickinson (junkyard turkeys),crossfire,
david sacco,texas tech (tumbleweed),deaf fruit; shrimp discs,
david sang,army (army west point); army (army- west point); army (army-west point),army-west point; philadelphia padawans; the incline,
david schwartz,california-san diego (air squids),skipjack,
david seo,harvard (red line); santa clara-b (santa clara b),beef depot; shrimp discs,
david slade,virginia tech (burn),fathom; munch box; vault,
david snead,ohio state (leadbelly),fine giant; phantom,
david song,georgetown (justice),la maquina -a; mort,
david sweeten,army (army west point); army (army- west point),army - west point; army-west point,
david thornton,george mason (massacre); george mason (meteors),foggy bottom boys,
david urban,syracuse (doom); syracuse university-b (boom),dap lab; mohawk valley wild,
david van etten,colorado cutthroat u-17 boys,colorado cutthroat u-17 boys,
david van pelt,virginia tech (burn),first order; hooch; mint,
david wilkins,tennessee (tennessee); tennessee-chattanooga (swamp donkeys),tanasi; tennessee folklore; tennessee gents,
david woods,indiana (hoosiermama?s),black sheep; colonels; momintum,
david wu,cornell-b (cornell-b (shake)); texas-b (graze),forge; ohio (trout); solar eclipse,
david wyler,ohio (trout),ohio (trout),
david zilkie,union (tennessee) (union jaxx),stl moonar,
david zimmerman,maryland (maryland ultimate),bomb squad; vault,
david zoldan,michigan state (arc),eldl,
davide bussone,connecticut (uconn huskies),buda regional cut-b; odyssey,
davin sieu,california-santa cruz (slugs),little teapots; oat; wavestorms,
davis camp,tennessee-chattanooga (swamp donkeys),nocturnal; watchmen,
davis cutforth,colorado cutthroat: youth club u-20 boys; colorado state (hibida),colorado cutthroat: youth club u-20 boys,
davis elder,rice (cloud 9),delirium; elysium,
davis johnston,saint louis (archangel),s l u r p,
davis lenz,colorado state (hibida),blink; blink-122 weekends; choice city hops; inception,
davis lynn,oklahoma (apes of wrath),supercell,
davis orr,florida (florida); florida-b (florida b),vicious cycle,
davis parks,northwestern (nut),shift,
davis ritger,maine (blackfly),red tide,
davis windham,mississippi (ole miss flagship),southern hospitality,
davis wright,washington (sundodgers),ghost train; gonzaga (guru ); switchback,
davius chan,colby (cdc (men's)),wave,
dawson archer,mississippi state (dark horse); mississippi state -b (trenches ); mississippi state-b (trenches ),arnold palmer alert; golden triangle ultimate; prism; southern hospitality,
dawson jenkins,wright state (airstrike),big booty men; enigma,
dawson johns,mississippi state (dark horse); mississippi state -b (trenches ); mississippi state-b (pony express); mississippi state-c (trenches b),cookie mon$terz,
dawson pasin,victoria (vikes),dna; furious george; surf,
dax chase,colorado cutthroat u-20 boys,colorado cutthroat u-17 boys; colorado cutthroat u-20 boys; colorado cutthroat u-20 boys two,
daylan sears,maryland (maryland ultimate),bryce whitney fan club; town hall stars; truck stop,
dayton bombarger,texas tech (tumbleweed),deaf fruit,
dayton wright,iowa state (isuc),demo,
deacon campbell,western washington (dirt),name brand,
dean damon,emory (emory juice),pulp,
dean golminas,michigan state (arc),marc,
dean gottlieb,illinois (rise),haymaker,
dean schepisi,suny-albany (scam),alibi,
deangelo barragan,chicago (fission),ditto a; greater gary goblins x; haymaker,
decker clark,colorado-b (cucu),boulder united flatiron hammers,
decker padgett,texas a&m (dozen),riverside; texas duffy,
declan alvidrez,rutgers (machine),not a sport; rutger colege,
declan cambey,pennsylvania (void),anchor; roundhouse,
declan golden,tufts-b (tufts b),big wrench,
declan haas,ohio (trout); ohio-b (trout b),hazard,
declan hunter,connecticut college (dasein); connecticut college (deimos),whuf-b,
declan jackson,toronto (tula),charleston heat stroke; heatwave; texas duffy; texas toast,
declan kervick,vermont (chill),big wrench; dig; scoop; tire; tirebizfriz,
declan le warn,xavier (b.l.o.b.),cmen; rotisserie chicken,
declan miller,carleton college (cut),pony; sockeye; voodoo,
declan murphy,pittsburgh (en sabah nur),puppies,
declan murphy zink,mit (grim beaver); stanford (stanford men's ultimate team); stanford-b (huck syndrome),anchor; pineapple,
deeleiloh allie,ball state (cardinals); ball state (wizardz),on ramp,
delano cordova,washington-b (washington b),souf,
delano muongchan,washington (sundodgers),souf,
delfino li,stanford (stanford men's ultimate team),seven gills,
denis cha,wesleyan (nietzsch factor),colt,
denny beaumon,carleton college (cut); seven hills bx,avenue -a; grudge,
denton ryan,case western reserve (fighting gobies[a]),burning river; scoop,
denver brown,colorado college (wasabi),colorado college (wasabi),
denver mitchell,harding (harding apocalypse),dreadnought: battleship-b,
derek babb,south florida (scallywags); south florida-b (scourge),players into serious sports,
derek chen,columbia (uptown local); wesleyan (nietzsch factor),columbia (uptown local); hydra,
derek davidson,charleston (palmetto bums),charleston heat stroke; holy city heathens; sawtooth,
derek dong,boston university-b (boston university ); boston university-b (boston university b),bodega cats; deepfake,
derek hsu,chicago (fission),roundhouse,
derek liebich,colorado mines (entropy); colorado mines (entropy) (orediggers),sawtooth,
derek lin,case western reserve (fighting gobies[a]),chimney; scoop; somerville bag,
derek mcgraw,drexel (spitfire),adelphos,
derek mourad,washington (sundodgers),sockeye; voodoo,
derek pfeffer,florida (florida),vicious cycle,
derek pryber,akron (goonsquad),chimney,
derek reeves,brown-b (brown - b),music city mafia; providence poultry,
derek rizzi,georgia tech (tribe); georgia tech-b (tribe),dyno; el niño,
derek rojas,california-santa barbara (black tide),offshore,
derek van lanen,wichita state (wheaties),meadowlark,
derik knighton,utah valley (utah valley ultimate),evolution; lil’ huckers; shrimp,
dermot fox,cincinnati (bearcats); cincinnati -b (bearcats b),big booty men; cmen,
derrick aznar,columbia (uptown local); rutgers (machine); rutgers-b (mystery machine); uptown local y,columbia (uptown local); rutger colege,
derrick houmey,wisconsin (hodags); wisconsin-b (fauxdags),rubicon rapids,
derrick leong,california-b (ursa minor),east bay earthworms,
desmond burns,victoria (vikes),surf,
desmond hanson,wright state (airstrike),enigma,
desmond roy,colorado cutthroat u-17 boys,colorado cutthroat u-20 boys,
desmond siraisi,suny-buffalo-b (buffalo grinch),bodega cats,
desmond staples,ottawa (gee-gees),phoenix; shrike,
devan hernandez,brown (brownian motion),lantern; providence poultry,
deven bender,nyu (new york university ),atlanta arson; atlanta outlaws; haze; side hustle,
deven riley,south carolina (gamecock ultimate),cockfight; lost boys,
deven walsh,denver (sourdough); denver-b (sourdough b team),denver -upper (four more dough ),
devin acuna,california-santa cruz (slugs),wavestorms,
devin grooms-lee,yale (süperfly),sungho moon,
devin hendricks,suny-buffalo (green eggs and ham),alibi,
devin holland,charlottesville clownies,john doe; red wolves; redwolves; watchdogs,
devin hom,california-davis (davis dogs),green river swordfish; oat,
devin kelly,alabama (yellow hammer),alliance,
devin kirven,boise state (mamu zaldi),sawtooth,
devin lewis,brigham young-b (chi b),sundance kids,
devin mitchell,"california state university, chico (chico state); northeastern-b (beastern); northeastern-c (salty c dogs)",bay dog,
devin spahn,northern iowa (ammunition),demo; loaded panda,
devon asemota,ottawa (gee-gees),red circus,
devon bringeland-powell,british columbia (thunderbirds),dna; furious george; team canada open,
devon keyt,florida (florida); florida-b (florida b),vicious cycle,
devon shepherd,richmond (spidermonkeys); richmond-b (spider pigs),buffalo frostbite; magma bears,
devon stuart,amherst (army of darkness); ucla (smaug),vicious cycle,
devon umeozor,suny binghamton-b (binghamton [b] y); suny-binghamton-b (suny-binghamton b),bartle boys,
dex dremann,michigan state (arc),chicago machine; four; rising tide,
dexter clyburn,california (california-berkeley); california (ursa major),garden state ultimate; revolver; zyzzyva,
dexter luecke,colorado (mamabird); colorado state (hibida); colorado-b (cucu),butterflies; colorado cutthroat: youth club u-20 boys; fungi; inception; johnny bravo,
dexter shafer-white,colorado state (hibida),ghost train,
dheeraj pedada,delaware-b (sideshow); florida (florida),vicious cycle,
dhruv chintalapati,washington (sundodgers),waste management squad,
diego asencio,george washington (g-dub hippos); george washington (george washington men’s club ultimate); pennsbury (pennsbury),citywide special,
diego butron,truman state (jujitsu),kansas city smokestack; nox,
diego collazo,charlotte flight; north carolina-wilmington (seamen),banc,
diego gatti,new hampshire (new hampshire ultimate team),neap tide,
diego mercado,texas a&m-b (dozen matter),adventure time,
diego morales,purdue-b (ctrl-z),on ramp; parking lot; tennessee folklore,
diego price,north dakota state (windbreak),the fargoats,
diego umana,minnesota-duluth (northern lights),dingwop,
dilan patel,ucla (smaug); ucla-b (ucla smoke),nsfw,
dill eisendrath,george washington (g-dub hippos); george washington (george washington men’s club ultimate),too-few monkeys,
dillon doubrava,texas (tuff),amigos-jv; doublewide; heatwave; texas united,
dillon evans,bates (orange whip),buda regional cut-b,
dillon garrett,pittsburgh (en sabah nur),adelphos; pittsburgh puppies; pittsburgh temper; sord,
dillon lanier,carleton college (cut),ring of fire,
dillon lee,washington university (contra),beacon; lounar,
dillon mcdermott,worcester polytechnic institute (bullets ultimate); worcester polytechnic institute (whisper),heartbreak,
dillon mcginnis,southern illinois-edwardsville (geese); southern illinois-edwardsville (siege),lounar; stl moonar,
dillon riebe,minnesota state-mankato (blue skunks ),nomad; ope,
dillon steeves,minnesota-b (minnesota b); minnesota-c (rubber ducky),ope,
dillon walls,miami (ohio) (miami boogiemen),chimney,
dillon yocum,illinois state (gnomes); illinois state-b (illinois state gnomes b),triiident,
dimitri ververelli,arizona (sunburn),sonoran dog,
dj holder,harding (harding apocalypse),dreadnought: battleship-b,
dj sorensen,utah state (scotsmen),lil’ huckers,
dmitri zalnasky,pittsburgh-b (university of pittsburgh- b),impulse; puppies,
dodger middlebrook,cal poly-slo (slocore),fungi; offshore; revolver; socal condors; sundowners; unrestricted free agents,
dom zampardo,eastern michigan (fighting hellfish),diesel; eldl; nain rouge; red imp.ala; semi,
domenic ciavarro,berry (bucks),romulus,
domenico moffa,rowan (ruf riders),rebels,
dominic chiodi,vermont (chill),mystery gang,
dominic daurio,southern connecticut state (mighty hucks); southern connecticut state (owls ultimate),connecticut 9 to 5; spring break '93,
dominic kenyon,alabama-huntsville (nightmares),apollo; rampage; second nature,
dominic krawczyk,texas a&m-b (dozen matter),metro,
dominic pawlusiak,florida state (duf),stag; uproar,
dominic policarpo,lehigh (lehigh ),forest city; scoop,
dominic rendero,connecticut (uconn huskies); connecticut-b (grind),spring break '93,
dominic romeo,purdue (undue ultimate),devyl u-20 open,
dominic vavala,nebraska (cornfed ultimate),endgame; scythe,
dominick brown,college of new jersey (revolution),rebels,
domonic mirelez,texas tech (tumbleweed),deaf fruit,
donovan dewitt,"wake forest (well oiled machine, baby)",hydra,
donovan duffy,cincinnati (bearcats),cincinnati flying piglet; flying pig; omen; the boys,
donovan hugel,temple (alert),adelphos; citywide special; garden state ultimate; jawn,
donovan mierlak,california (california-berkeley); california (ursa major),zyzzyva,
donovan murphy,south florida (scallywags),scooberdivers; tampa tempest; uproar,
donte buckingham,wisconsin-milwaukee (black cat),bux; la raid s.c.; rubicon rapids; zoboomafoo,
dorian smith,texas tech (tumbleweed),deaf fruit,
dorien heim,suny-fredonia (terrifying turtles),buffalo frostbite,
dorsey strasburger,tufts (elephant men),chemical x; odyssey,
dosym kunhardt,california-santa barbara (black tide),h.i.p; offshore; socal condors,
doug hoyer,penn state (spank),citywide special; garden state ultimate; ghostbusters; happy valley roofing and mustache supply; philadelphia padawans,
doug wagner,washington university-b (contraband),resurgam ultimate,
douglas patrick,christopher newport (skymaul),yacht club,
dov bearman,north carolina (darkside),cash crop 2,
drake barsky,arizona (sunburn),iso atmo; red lotus; sonoran dog,
drake hill,illinois (rise); washington university (contra),apollo; beachfront property; black market; lounar; nasty girls; stl lounar; trident,
drake miller iii,wisconsin (hodags); wisconsin-b (fauxdags),house,
drake robertson,mississippi state (dark horse); mississippi state-c (trenches b),cookie mon$terz,
drennen weems,alabama-birmingham (inferno),alliance; alliance 2,
drew bonnabeau,minnesota (grey duck); minnesota (minnesota a); minnesota-b (ugly duckling),dinkytown doughboys; kenji's bbb; mallard ii,
drew clutes,missouri (missouri),stl moonar,
drew di francesco,georgia (jojah),atliens; h.o.g. ultimate,
drew dollison,iowa (ihuc); iowa-b (iowa-b (hucititis)); university of iowa-b (iowa-b (hucititis)),kansas city northern lines,
drew eachus,cedarville (swarm),alibi; motive,
drew galle,indiana (hoosiermama?s),8-bit; i-69; on ramp; shenanigans,
drew girard,north carolina (darkside),cash crop 2; hazard; impulse; pittsburgh temper,
drew grant,colorado state (hibida),choice city hops; colorado cutthroat: youth club u-20 boys; sockeye,
drew grinnell,north carolina state (nc state alpha),nc brickhouse-upper,
drew gullahorn,tennessee (tennessee),alamode,
drew herring,maryland (maryland ultimate),town hall stars,
drew holahan,binghamton (suny-binghamton); suny-binghamton (suny-binghamton),bartle boys,
drew irons,tennessee (tennessee),on ramp,
drew kaprielian,colorado cutthroat: youth club u-20 boys; colorado mines (entropy); colorado mines (entropy) (orediggers),carbon; tugboat,
drew law,missouri (missouri),castle; gamble; lounar; stl lounar,
drew letvin,ucla (smaug),nsfw,
drew loughnane,dartmouth (pain train); penn state (spank),citywide special; ghostbusters; philadelphia pacmen; tirebizfriz; vault,
drew mast,st thomas (purple reign),nomad,
drew oyer,ohio (trout),a-block; cedarville swarm,
drew palmer,california (california-berkeley); california (ursa major),berkeley zyzzyva; bobcats; zyzzyva,
drew peterson,duke (brimstone),banc,
drew steinhubl,miami (ohio) (miami boogiemen),castle; stl moonar,
drew vetteth,california (ursa major); gold rush,red dawn; zyzzyva,
drew wentworth,georgia (jojah),chain lightning; little red wagon,
dudley holdridge,bowdoin (clown),resurgam,
duncan armstrong,victoria (vikes),furious george; surf,
duncan brin,california-santa barbara (black tide),sundowners,
duncan carville,alabama-birmingham (inferno),alliance; rampage; swarm,
duncan murch,british columbia -b (b-birds); british columbia -b (shipwreck),joe fisher,
duncan nichols,british columbia (thunderbirds),blackfish,
duncan shay,iowa (ihuc),cryptic; red bat,
duncan wierzchowski,northern iowa (ammunition),loaded panda,
durgan mcbroom,mit (grim beaver),big wrench; pineapple,
dustin hanson,virginia commonwealth (biscuit villains),ballston booya,
dustin loftin,mississippi state (dark horse),predator,
dustin schrader,utah (zion curtain),adelphos; trout; x wives-a,
dylan aiello,suny-stony brook (panic),suny-stony brook (panic),
dylan baker,southern california (usc lockdown),oat,
dylan ballard,james madison (hellfish),oakgrove boys; winc city fog,
dylan burns,california-santa cruz (slugs),oat; wavestorms,
dylan burton,colorado state-b (bibida),choice city hops,
dylan catton,tennessee (tennessee),tennessee folklore,
dylan chbeir,texas-san antonio (velox),alamode; monsoon; san antonio warhawks,
dylan cochrane,victoria (vikes),surf,
dylan connor,penn state (spank); penn state-b (lovetap),happy valley roofing and mustache supply,
dylan cree,army (army- west point); army (army-west point),army-west point,
dylan decelle,penn state-b (lovetap),happy valley roofing and mustache supply,
dylan doherty,alabama (yellow hammer); alabama-c (yellowhammer c),lounar; stl lounar,
dylan duhamel,lsu (purple haze),crossfire,
dylan edelman,west chester (west chester (a)),citywide special; dub club,
dylan edwards,north carolina-b (batch),nc brickhouse-upper; triumph,
dylan flynn,towson (pandamonium); towson-x (towson x),bomb squad,
dylan genest,central florida (dogs of war),bud; certified scrubs,
dylan greco,colorado cutthroat: youth club u-20 boys; notre dame (papal rage),ycc u20 developmental team,
dylan guzman,suny-binghamton (suny-binghamton); suny-binghamton-b (suny-binghamton b),long island riff raff; suny-binghamton (suny-binghamton),
dylan hall,wright state (airstrike),enigma; flying dutchmen; omen,
dylan hawkins,north carolina (darkside); north carolina state (nc state alpha),brickhouse; ring of fire,
dylan heater,wisconsin-milwaukee (black cat),milwaukee breaker,
dylan herthoge,indiana (hoosiermama?s),black sheep,
dylan irwin,grand canyon (lopes),drought; nighthawk,
dylan johnson,winona state (experience),interesting tummy birds,
dylan kenniff,cornell (buds),los buds,
dylan latham mcgraw,colorado state (hibida),11th hour; inception,
dylan maraist,arkansas (ludicrous speed ),dreadnought,
dylan mcgarr,kansas (horrorzontals),fork x-senior; trident ii,
dylan mckellips,rochester (piggies),pgz,
dylan nice,gold rush,chicago machine; oat; zyzzyva,
dylan oconnor,central florida (dogs of war),uproar,
dylan overbey,army (army- west point); army (army-west point),army - west point; army-west point,
dylan petiprin,chicago (fission),colonels; ditto a; east bay earthworms; greater gary goblins x,
dylan plemper,emory (emory juice); washington university (contra),pulp,
dylan power,wisconsin-whitewater (sub*par),beachfront property; black market; black market i; mad men,
dylan quinn,mississippi (ole miss flagship),watch city,
dylan rajasingham,new jersey tech (highlanders),new jersey tech (highlanders),
dylan ralph,maine (blackfly); maine (snositi),connecticut 9 to 5; spring break '93,
dylan regan,stevens tech (stevens tech),rebels; scythe; stag; turbulent flow,
dylan rivers,loyola marymount (lions); parkland - plu alumni,battery; veteran move,
dylan schearf,missouri (missouri),haymaker x; kansas city smokestack; mallard; red hots - u20,
dylan singh,western washington (dirt),ghost train; seven gills,
dylan sloan,bowdoin (clown),bowdoin (clown); old fat and saggy; red tide,
dylan south,arizona (sunburn),arizona frisbee club; sonoran dog; sonoran pups,
dylan staples,pittsburgh (en sabah nur),pittsburgh stealers,
dylan tams,california-santa cruz (slugs); gold rush,mavericks; oat; scooby coupy coup; smoak (u20),
dylan terris,california-santa cruz (slugs),red dawn,
dylan tooley,arizona (sunburn),sonoran dog,
dylan villeneuve,brown (brownian motion),berkeley zyzzyva; oat; revolver,
dylan wallace,james madison (hellfish); james madison-b (smellfish),winc city fog,
dylan witzel,colorado cutthroat u-20 boys,colorado cutthroat u-20 boys two,
dylan wu,colorado cutthroat: youth club u-20 boys; mcgill (mut),club m - manic; colorado cutthroat: youth club u-20 boys,
dylan youngberg,north carolina-b (batch),crypt,
dylan zhou,chicago (fission); chicago-b (hedonism bots),ditto a,
eamon conneely,syracuse (doom),colt,
eamon sughroue,nebraska (cornfed ultimate),scythe,
earl harris,georgia tech-b (tribe),atlanta outlaws,
easton dobson,wisconsin-milwaukee (black cat),milwaukee revival; mke,
eben desilva,dartmouth (pain train),neap tide; yeuth-and-age-sia,
eben mostert,virginia tech (burn),winc city fog,
ed dowling,carleton college (carleton house of pancakes); carleton college (cut); carleton college-chop (carleton house of pancakes),inception,
eddie kim,new york university (purple blaze); nyu (new york university ),garden state ultimate; haze; not a sport; nyu (new york university ); rugrat knights-a,
eddie zhao,washington university (contra),odyssey,
edgar camacho,sul ross state (sul ross ultimate),shrimp discs,
edmond chen,suny-binghamton (suny-binghamton),bartle boys,
edouardo honig,ucla (smaug); ucla-b (ucla smoke),nsfw; sawtooth,
edward bou,florida state (duf),el niño,
edward ditolla,new york university (purple blaze); nyu (new york university ),haze,
edward gordillo,bates (orange whip),gang of disc,
edward jones,loyola marymount (lions); ucla-b (ucla smoke),veteran move,
edward prenzler,southern illinois-edwardsville (geese); southern illinois-edwardsville (ultimate e-ville),stl goonar; stl moonar,
edward rentz-baker,georgia (jojah),atl b,
edward wong,binghamton (suny-binghamton); suny-binghamton (suny-binghamton); suny-binghamton-b (suny-binghamton b),bartle boys; deepfake; stuyvesant sticky fingers alumni,
edward wu,colby (cdc (men's)); colby (center for disc control),crossfire; red squirrels; wave,
edwin driver,carleton college (cut),mallard; sub zero,
edwin moore,wisconsin-stevens point (homegrown),timber,
edwin ramirez aquino,washington-b (washington b),ave,
eetai shwartz,california-santa cruz-b (ucsc b (ooze)),hazard,
eitan amzel,oak storm,scooby coupy coup,
eitan gerstle,washington (sundodgers); washington-b (washington b); william & mary (merry men),ballston booya; make it rain,
ekene emeka,suny-stony brook (panic),suny-stony brook (panic),
elan azrieli,brandeis (tron),watchdogs,
elan gorham siegler,whitman (whitman sweets),make it rain,
elan mcminn,texas (tuff),gaucho; joe sefton's little heroes; texas united,
eldon nichols,whitman (whitman sweets),junco,
eli block,temple (alert),puppies; science leadership academy (rockets),
eli boeding,grinnell (grinnellephants),ope,
eli bryan,british columbia (thunderbirds),blackfish,
eli chang,brown (brownian motion),diy; iditarod; scoop,
eli chase,colorado state (hibida); colorado state-b (bibida); colorado state-b (hibida),choice city hops,
eli damico,california-san diego (air squids),socal condors,
eli davis,iowa state (isuc); iowa state-b (bsuc),zodiac,
eli denenberg,wisconsin-b (fauxdags),wave,
eli denny,oak storm,red dawn,
eli doherty,colorado-b (cucu); university of colorado boulder-c (cucu2),bonafide scrubs,
eli fay,california-santa cruz (slugs),battery; wavestorms,
eli fellus,wesleyan (nietzsch factor),amherst orlando magic; colt,
eli fischberg-robinson,california-davis (davis dogs),oat,
eli fried,north carolina (darkside),cash crop 2; ring of fire,
eli greenstein,temple (alert),jawn,
eli hoffmann,depaul (duc),riptide-b; roundhouse,
eli hoshide,berry (bucks),neap tide; romulus,
eli hubbard,concordia-wisconsin (concordia university wisconsin); minnesota (minnesota a); minnesota-c (minnesota c),fuse; mallard; void,
eli justice,memphis (bluff ultimate); university of memphis (bluff ultimate),cookie mon$terz; memphis pharaohs,
eli kerber,american-b (revolution),beef depot (development)-dev,
eli koester,skidmore college (wombats),red tide,
eli lathrop,colorado state-b (hibida); heartbreak; washington state (air raid),heartbreak,
eli lehrer,christopher newport (skymaul); george mason (meteors),brackish; haze,
eli mock,purdue (undue ultimate),brickyard; i-69; indy club,
eli moore,west chester-b (west chester (b)); west chester-b (west chester b),dub club,
eli robinson,cornell (buds); ithaca (nawshus ultimate),odyssey,
eli schaberg,grand canyon (lopes),mallard; minnesota superior a,
eli schmelzer,minnesota-b (ugly duckling); minnesota-c (minnesota c),nomad,
eli stabler,columbia (uptown local),uptown local x,
eli standard,vermont (chill),big wrench; burly; dig; diy; sprout,
eli stellwagen,illinois chicago (juice ); illinois-chicago (juice ); university of illinois at chicago (juice ),trident ii,
eli sura,colorado cutthroat: youth club u-20 boys; colorado-c (rooster tussle),red lotus,
eli weaver,michigan (magnum),barden btate bultimate; garden state ultimate,
eli wolk,utah (zion curtain),low point; popperton ultimate frisbee; powderhogs,
eli zimmerman,worcester polytechnic institute (bullets ultimate),science leadership academy (rockets),
eliah mullet,cosmic u-20 boys,cosmic elite; cosmic u-20 boys; springs open team,
elias benghiat,georgia tech (tribe); tufts (elephant men),bag; big wrench,
elias heanue,california-irvine (nightlife); emory (emory juice),atlanta arson,
elias hinson,case western reserve (fighting gobies[a]),bag; chimney; exhaust pipe; ghost train; switchback,
elias humes,virginia tech-b (virginia tech b),bdc; beef depot (development)-dev; neap tide,
elias korchin,california-b (ursa minor),zyzzyva,
elias mcquade,suny-buffalo (green eggs and ham),buffalo frostbite; frostchomp,
elias peebles,alabama-huntsville (nightmares),second nature,
elias simon,cal poly humboldt (humboldt state buds); humboldt state (humboldt state buds),ravin’-d,
eliav malone,tufts (elephant men),oat; scoop,
elie weitzman,washington university (contra),blueprint; stl lounar,
elijah babcock,carleton college (cut),red tide,
elijah beard,colorado-b (cucu); colorado-c (rooster tussle),butterflies; iso atmo; red lotus,
elijah best,towson (pandamonium),mob ultimate,
elijah burns,florida gulf coast (eagles ultimate),nashville mudcats; shrimp boat,
elijah clymer,rochester (piggies),connecticut 9 to 5,
elijah coolidge,vermont (chill),burly; mutiny; tirebizfriz,
elijah danley,north carolina (darkside),cash crop 2,
elijah diamond,western washington (dirt),emerald city; sockeye,
elijah downs,colorado (mamabird),evolution,
elijah duke,harding (harding apocalypse),dreadnought; dreadnought: battleship-b,
elijah geduldig,california-santa barbara (black tide); gold rush,oakland ultimate,
elijah gibbs,california-santa cruz (slugs),little teapots,
elijah gornik,purdue (undue ultimate),i-69; on ramp,
elijah greene,tennessee (tennessee),tennessee folklore,
elijah hansen,northwestern (lake effect); northwestern (nut); northwestern-b (bolt),haymaker; roundhouse,
elijah helsinger,vassar (swinging monks),vassar (swinging monks),
elijah honeycutt,charleston (palmetto bums),charleston heat stroke,
elijah huber,utah state (scotsmen),bonneville flatball club; cache valley high ground,
elijah johnson,oklahoma christian (eagles),flash flood; nosey,
elijah kennard,yale (süperfly); yale - y (süperfly - y),trout,
elijah long,north carolina (darkside),cash crop; ring of fire,
elijah mckinley,alabama-huntsville (nightmares),apollo; ronin; second nature,
elijah nobis,san diego state (federales ),desert penguins; skipjack; streetgang,
elijah rickenbach,wisconsin-b (fauxdags),rubicon rapids,
elijah salmon,grand canyon (lopes),nighthawk,
elijah scherz,michigan (magnum),four; john doe; nain rouge,
elijah shell,harvard (red line),harvard (red line); mystery box,
elijah sheridan,cornell (buds); vanderbilt (armada),los buds,
elijah ventura,missouri s&t (miner threat),stl moonar,
elijah watchalotone,utah (zion curtain),low point; pando; shrimp,
eliot duncan,pittsburgh (en sabah nur); pittsburgh-b (university of pittsburgh- b),pittsburgh stealers,
eliot kirkham,colorado college (wasabi),colorado college (wasabi); wasabi,
eliot lajaunie,chicago (fission); texas united,riverside messengers; roundhouse; texas united,
eliot lundt,western washington (dirt),colorado cutthroat: youth club u-20 boys; tugboat,
eliseo vaquerano,gold rush,bay dog,
elizabeth breault,suny oswego (flying monkeys),alibi,
elk thomas-toth,carleton college (carleton house of pancakes); carleton college-chop (carleton house of pancakes),eldl; ghost train; knights of ni,
ellery sabado,iowa state (isuc); iowa state-b (yeastie boys),trident ii,
elliot davis,michigan state (arc),beacon; diesel; eldl; the berkeley bobcats,
elliot deeds,eastern michigan (fighting hellfish),nain rouge,
elliot deleger,lewis & clark (bacchus ); lewis & clark-b (bbacchus),junco,
elliot drew,northern iowa (ammunition),loaded panda,
elliot frank,colorado-b (cucu),red lotus,
elliot green,berry (bucks),romulus,
elliot hare,cornell (buds),pittsburgh stealers; pittsburgh temper,
elliot hawkins,colorado (mamabird),chicago machine; colonels; johnny bravo,
elliot lee,texas (tuff),garden state ultimate; stuff,
elliot limanek,virginia tech (burn),ballston booya,
elliot marken,new jersey tech (highlanders),new jersey tech (highlanders),
elliot mayo,berry (bucks),romulus,
elliot meyer,east carolina (irates),citywide special; parlay,
elliot mintz,ithaca (nawshus ultimate),odyssey,
elliot mok,gold rush,wavestorms,
elliot phifer,amherst regional (hurricanes); northeastern (huskies); northeastern-b (beastern),iditarod,
elliot rivera,suny oswego (flying monkeys); suny-buffalo (green eggs and ham),buffalo frostbite; dapper,
elliot shager,wisconsin-milwaukee (black cat),bux; mke,
elliot shin,ucla (smaug),haymaker; nsfw; roundhouse; trident,
elliot skindzier,cincinnati (bearcats),dynasty; omen; schweingeist,
elliot trimbur,gunn (control); oregon state (beavers),zyzzyva,
elliott blackburn,wisconsin-milwaukee (black cat),milwaukee revival; mke,
elliott iwaki,stevens tech (stevens tech),new jersey gemini,
elliott moore,oklahoma christian (eagles),barnstorm; blueprint; doublewide; gamble; singlewide,
elliott park,georgia state (underground),atlanta arson; dyno; h.o.g. ultimate; rush hour atl,
elliott rosenberg,brown (brownian motion),providence poultry; red dawn; scoop; shade; vault,
elliott schwarz,chico state (chico state),anchor; float,
elliott tubbs,illinois state (gnomes),triiident,
ellis newhouse,carleton college (cut),mallard; mallard x; minnesota superior a; sub zero,
ellis perniel,iowa state (isuc),demo; dingwop,
ellis rubin,amherst regional (hurricanes),buda u20b,
elton howard,michigan state (arc),east lansing detroit lions; shift; tydl,
emanuel berson,oregon (ego),avenue -a,
emanuel coleman,bowdoin (clown),big wrench; bowdoin (clown); old fat and saggy; red tide; trout,
emerson alexander,colorado cutthroat u-17 boys,colorado cutthroat u-17 boys; colorado cutthroat u-20 boys two,
emerson jenen,rochester (piggies),pgz,
emerson miller,davidson (duff),gambit,
emerson smith,tennessee tech (tech talons),nocturnal,
emery tullis,xavier (b.l.o.b.),rotisserie chicken,
emil weisfeld,illinois (rise),haymaker,
emile starkweather,oregon (ego); oregon-b (bucks),oat; red dawn,
emilio fassett,southern california (usc lockdown),oregon eruption!,
emilio zanovello,rose-hulman (elephantitis),shenanigans,
emmanuel abayev,chicago (fission),deepfake; roundhouse,
emmanuel bilolo,oklahoma christian (eagles); texas-dallas (woof),dallas united: desperados; doublewide; flash flood; nitro,
emmanuel kameri,oklahoma christian (eagles),barnstorm; flash flood,
emmet holton,cal poly-slo (slocore),guerrilla; red dawn,
emmet payette,michigan (magnum),mango tree-a,
emmett andrews,mcgill (mut),club m - manic; oregon trainwreck; trainwreck and friends,
emmett brosowsky,ucla (smaug),john doe,
emmett jereb,massachusetts -b (umass amherst developmental),odyssey,
emmett warner,oregon (ego),dark star; oregon eruption!; trainwreck and friends,
emmett young,brown (brownian motion),dig; tire; tirebizfriz,
emory koeppel,arizona state (prime),bonsoon; expendables; tempe tantrum,
emre gonul,suny-buffalo-b (buffalo grinch); suny-buffalo-b (buffalo mixed),buffalo frostbite,
endrik reynoso,sul ross state (sul ross ultimate),shrimp discs,
endymion ashton liu,carolina flyers youth academy u20; north carolina state (nc state alpha),raleigh-durham united; triumph,
enmanuel bueno,new jersey tech (highlanders),new jersey tech (highlanders),
enrique montalvo,penn state (spank),happy valley roofing and mustache supply,
enrique trejo,texas-san antonio (velox),alamode,
enzhuo yu,michigan (magnum),eldl,
enzo arcuri,north carolina-charlotte (charlotte skyrise),queen city kings,
eoin joyce,suny-buffalo (green eggs and ham),warao,
ephraim connor,georgia tech (tribe),elysium; flying dutchmen; hb woodlawn (hbw united); hb woodlawn flatball; python,
erez kassirer,british columbia (thunderbirds),blackfish; coast,
eric barber,colgate (jabberwock),neap tide; rising tide u20b,
eric binder,ohio state (leadbelly),barden btate bultimate,
eric bormann,yale (süperfly),sungho moon,
eric bowler,cincinnati -b (bearcats b),nocturnal,
eric cai,illinois (rise),u54,
eric christensen,salt.,low point; powderhogs; trout,
eric clifton,iowa (ihuc),cryptic,
eric coglianese,ohio state (leadbelly),fine giant; flying dutchmen,
eric crosby lehmann,minnesota (minnesota a); st olaf (berzerkers); st. olaf (berzerkers),forward motion; mallard; overdrive; sub zero,
eric frega,georgia state (underground),atlanta arson,
eric gluckman,georgia-b (chillydawgs),dyno; space cowboys,
eric harnisher,richmond (spidermonkeys),crypt; helots,
eric he,suny-stony brook (brick); suny-stony brook (panic),fli-b honeybees; long island riff raff; suny-stony brook (panic),
eric holtmeyer,missouri (missouri),stl goonar; stl moonar,
eric hoy,purdue (undue ultimate),i-69,
eric hu,pittsburgh-b (university of pittsburgh- b); rutgers (machine),puppies,
eric husa,saint louis (archangel),s l u r p,
eric impink,worcester polytech (whisper); worcester polytechnic (whisper); worcester polytechnic institute (bullets ultimate); worcester polytechnic institute (whisper),buda u20b; scoop,
eric kleckner,texas-dallas (woof),flash flood; glycerine,
eric koran,wisconsin-whitewater (sub*par),dcviii; la raid s.c.,
eric lam,suny-stony brook (panic),stuyvesant sticky fingers; stuyvesant sticky fingers alumni,
eric lee,ucla-b (ucla smoke),omen,
eric li,carnegie mellon (mr. yuk),garden state ultimate; space force,
eric ma,cornell (buds),berkeley zyzzyva,
eric palia,purdue (undue ultimate),garden state ultimate,
eric peake,christopher newport (skymaul),brackish; crypt; shipyard; stl moonar,
eric ramirez,texas-san antonio (siesta),a la carte-b,
eric ricci,carnegie mellon (mr. yuk),pittsburgh stealers; slag dump; space force,
eric riemer,suny-albany (scam); suny-albany-b (scam),long island riff raff,
eric rogers,rhode island (riut),niiight,
eric shen,georgia tech (tribe),rush hour atl; town hall stars; yee-haw,
eric shershen,tennessee (tennessee),auxiliary,
eric sinkler,kennesaw state (parliament),delirium; elysium; ronin,
eric stern,suny-binghamton-b (suny-binghamton b),long island riff raff,
eric sung,florida (florida); florida-b (florida b),frizz,
eric swartz,wisconsin-milwaukee (black cat),conspiracy theory,
eric thompson,pacific lutheran (reign men),atlanta outlaws; two-headed goose,
eric trollinger,georgia tech-b (tribe),atlanta outlaws; dyno; two-headed goose,
eric wang,mit (grim beaver),pineapple; wave; wooder,
eric wilson,missouri (missouri),flying pig; lounar; omen,
eric wong,mit (grim beaver),white sauce hot sauce,
eric wright,carleton college (cut),flying dutchmen; oakgrove boys,
eric yoon,dc recruits,haze; red wolves; redwolves; watchdogs,
eric zheng,illinois-c (cornland); southern methodist (bankroll),clutch; nc brickhouse-upper,
erich woo,dartmouth (pain train),shade; zyzzyva,
erich zhang,michigan-b (michigan-b),marc,
erick salcedo,texas-san antonio (velox),alamode; san antonio warhawks,
erik aadalen,minnesota (grey duck),mallard; mallard x; the body,
erik anaya,georgetown (justice),battery; beef depot; john doe; mort,
erik arnold,vermont (chill); vermont-b (chill dev),knights of ni,
erik atwell,texas a&m (dozen); texas state (texas state buckets),austin amigos; gaucho; texas duffy,
erik henn,syracuse (doom),bomb squad; esf mighty oaks,
erik kirby,north carolina-charlotte (charlotte skyrise),queen city kings,
erik lindell,macalester (flat earth); macalester (macalester open ultimate),nomad,
erik nuenninghoff,wisconsin (hodags); wisconsin-b (fauxdags),bdc; beef depot,
erik quam,william & mary (merry men),knights of ni,
erik rodning,colorado-c (rooster tussle),red lotus,
erik rothenberger,illinois-b (boomland),u54,
erik schaefer,toledo (savage),mischief,
erik stenstrom,chico state (chico state),float,
erik stewart,butler (butler big dog),mad men; mad men b-b,
ernest toh,cedarville (swarm),enigma; flying dutchmen,
esteban olivares,christopher newport (skymaul),winc city fog; yacht club,
ethan allison,liberty (flames),l.u.t $ack,
ethan arnold,tennessee-chattanooga (swamp donkeys),tennessee gents,
ethan austin-cruse,georgia tech (tribe),atliens; chain lightning; little red wagon,
ethan barsness,wisconsin (hodags); wisconsin-b (fauxdags),mallard ii,
ethan bartlett,tennessee (tennessee),bdc,
ethan baughman,tennessee (tennessee),nashvillians; raleigh-durham united; tanasi,
ethan beachy,cedarville (swarm),cedarville swarm,
ethan benenson,indiana (hoosiermama?s),black sheep; flash flood; glycerine,
ethan bloodworth,carleton college (cut),brickhouse; dig; ring of fire,
ethan bomhardt,johns hopkins (dangerzone),bomb squad; mob ultimate,
ethan burgess,colorado (mamabird),bonafide scrubs; nc brickhouse-upper; red lotus,
ethan cardi,tufts (elephant men),bag; big wrench,
ethan chi,nyu (new york university ),nyu (new york university ),
ethan cordes,washington university (contra),colorado cutthroat: youth club u-20 boys,
ethan dadolf,north carolina state (nc state alpha); north carolina state-b (sixpack),nc brickhouse-upper,
ethan dancho,arizona state-b (pleasure),bonsoon,
ethan denlinger,rit (rit spudheds),dap lab,
ethan doerksen,wichita state (wheaties); wichita state university (wheaties),meadowlark,
ethan dong,pennsylvania (void),citywide special; pennsylvania (void),
ethan doyle,clark (heart of clarkness); clark (woo town killer bees),hb woodlawn (hbw united),
ethan dunmire,penn state (spank); penn state-b (lovetap),happy valley roofing and mustache supply,
ethan edds,virginia-b (caboose); virginia-b (night train b),hb woodlawn (hbw united),
ethan emerick,michigan tech (discotech),mayhem-dev,
ethan fried,suny-binghamton (suny-binghamton),citywide special; ez; suny-binghamton (suny-binghamton),
ethan fung,simon fraser (sfu red leafs),oni,
ethan furman,haverford (big donkey ultimate),citywide special,
ethan gaiser,arizona state (prime),drought; nighthawk,
ethan galles,st john's (minnesota) (bam),knights of ni; nomad,
ethan george,davidson (duff),bdc,
ethan gerds,michigan tech (discotech),make it rain; timber,
ethan greeley,richmond (spidermonkeys),bomb squad; savannah wild,
ethan gutberlet,kentucky (kult),bomb squad,
ethan hall,temple (alert); temple-b (false alarm),not a sport,
ethan harris,virginia tech (burn),la maquina -a; spring break '93,
ethan hatch,cedarville (swarm),swarm,
ethan heiss,emory (emory juice),chimney; john doe; yee-haw,
ethan hellinger,florida (florida),vicious cycle,
ethan hilding,utah (zion curtain),powderhogs; shrimp; x wives-a,
ethan hoffman,arizona state (prime); arizona state-b (pleasure),supa fc,
ethan hood,vermont-b (chill d); vermont-b (chill dev),bang; deluxe,
ethan horng,texas a&m (dozen),sprawl; texas duffy,
ethan jensen,siena (siena saints),alibi,
ethan johnson,south carolina (gamecock ultimate); south carolina-b (south carolina),lost boys,
ethan jones,vanderbilt (armada),shade,
ethan kadet,washington university (contra),castle,
ethan kelley,western washington (dirt),grudge; seven gills,
ethan kilpatrick,mississippi state (dark horse); mississippi state -b (trenches ); mississippi state-b (pony express),cookie mon$terz; memphis pharaohs,
ethan king,florida (florida); wesleyan (nietzsch factor),bag; crossfire; frizz,
ethan klein,ucla (smaug); ucla-b (ucla smoke),bart; green river swordfish,
ethan kleinman,california-santa cruz (slugs),wavestorms,
ethan knecht,akron (goonsquad),enigma,
ethan landis,penn state (spank),chemical x; happy valley roofing and mustache supply; pittsburgh stealers; updog,
ethan lapin,colorado college (wasabi),colorado college (wasabi),
ethan lay,maryland (maryland ultimate),town hall stars,
ethan lee,grand canyon (lopes),oni; sonoran dog,
ethan leshan,california-davis (davis dogs),journeymen; swordfish,
ethan less,northwestern (lake effect); northwestern (nut),bag,
ethan li,california-san diego (air squids),imperial; skipjack,
ethan lieman,massachusetts (zoodisc),pony; shade; sprout,
ethan low,british columbia -b (b-birds); british columbia -b (shipwreck),blackfish; coast; joe fisher; oni,
ethan mckee,north carolina state (nc state alpha),neap tide; rising tide u20b,
ethan mclaughlin,gunn (control); oak storm,wavestorms,
ethan meron,lehigh (lehigh ),rebels,
ethan mihlstin,rensselaer polytech (trudge); rensselaer polytechnic institute (trudge),long island riff raff,
ethan moldofsky,alabama-huntsville (nightmares); kennesaw state (parliament),apollo; black market ii; delirium; little red wagon; rampage; ronin; second nature,
ethan napierala,wisconsin-b (fauxdags),knights of ni,
ethan niedzwiedz,texas a&m (dozen),chain lightning; dyno; foxtrot; little red wagon; queen city kings; texas duffy,
ethan ode,minnesota (grey duck); minnesota (minnesota a),knights of ni; minnesota superior b; sub zero; the body,
ethan olla,arizona (sunburn),arizona frisbee club; sonoran dog; sonoran pups,
ethan phan,mit (grim beaver),pineapple,
ethan phillips,central florida (dogs of war); clemson (joint chiefs of waft),garden state ultimate; omen; red tide; space cowboys; tanasi,
ethan pigeon,penn state (spank),ghostbusters; phantom; philadelphia pacmen,
ethan pusch,northeastern (huskies),iditarod,
ethan quach,rice (cloud 9),colorado cutthroat: youth club u-20 boys,
ethan rehg,loyola marymount (lions),delirium,
ethan rodriguez,"georgia tech-b (tribe); wake forest (well oiled machine, baby)",hydra,
ethan roitman,cornell (buds),los buds,
ethan rouen,idaho (graffiti); idaho (red scare),magma bears,
ethan ruh,william & mary (merry men),bryce whitney fan club,
ethan schiff,massachusetts (zoodisc),amherst orlando magic; blueprint; sprout; yew nork yew nork,
ethan schreiber,tufts (elephant men),bag,
ethan silver-riskin,rit (rit spudheds),dap lab; dapper,
ethan sloat,case western reserve (fighting gobies[a]); case western reserve-b (fighting gobies),forest city; scoop,
ethan snyderman,suny-buffalo (green eggs and ham); suny-buffalo-b (buffalo grinch),arcane edge; frostchomp; long island riff raff,
ethan stein,vassar (swinging monks),vassar (swinging monks),
ethan teske,indiana (hoosiermama?s),i-69; shenanigans,
ethan tolley,john brown (ironfist),dreadnought; dreadnought: battleship-b,
ethan toone,utah valley (utah valley ultimate),the killjoys,
ethan train,british columbia (thunderbirds); simon fraser (sfu red leafs),blackfish,
ethan underweiser,johns hopkins (dangerzone),magma bears,
ethan uribe,indiana (hoosiermama?s),i-69; shenanigans,
ethan wagner,kenyon (serf); whitworth (bangarang),crossfire; red wolves,
ethan wesselkamper,emory (emory juice),yee-haw,
ethan white,northeastern-c (salty c dogs),identity crisis,
ethan wimmer,utah (zion curtain),evolution; powderhogs; shrimp; the killjoys,
ethan wolf,vermont-b (chill dev),bang,
ethan ylizarde,north carolina-wilmington (seamen),brickhouse; right coast; triforce,
ethan zhang,washington university (contra),crossfire; odyssey,
ethan zhao,cornell (buds); cornell-b (cornell-b (shake)),los buds,
eugene michael campos,tennessee (tennessee),music city mafia; nocturnal; tennessee folklore; womp,
evan amon,auburn (aetos),atlanta arson,
evan bananis,indiana (hoosiermama?s),ez,
evan bender,eastern michigan (fighting hellfish),mayhem-dev,
evan benjamin,illinois (rise),slimjim fc,
evan bourgeois,lsu (purple haze),louisiana second line,
evan brown,bowdoin (clown); nebraska (cornfed ultimate); pennsbury (pennsbury),bowdoin (clown); on ramp; parking lot; virginia vortex,
evan burnley,kennesaw state (parliament),delirium; dyno; elysium,
evan butsch,ohio state (leadbelly),forest city,
evan callahan,colorado cutthroat: youth club u-20 boys; colorado-b (cucu),red lotus,
evan campbell,case western reserve-b (fighting gobies); george washington (g-dub hippos); george washington (george washington men’s club ultimate),resurgam ultimate,
evan card,central connecticut state (blue barracudas); connecticut (uconn huskies); oklahoma christian (eagles),barnstorm; colt; spring break '93; texas bbq,
evan carlson,colorado cutthroat u-20 boys,colorado cutthroat u-20 boys,
evan carmody,worcester polytech (whisper); worcester polytechnic (whisper); worcester polytechnic institute (bullets ultimate); worcester polytechnic institute (whisper),motive; rebels,
evan carter,wisconsin-eau claire (eauzone),blueprint; sleepover at lenin's,
evan chen,simon fraser (sfu red leafs),blackfish,
evan comisac,lehigh (lehigh ),axial tilt,
evan dagle,penn state (spank),happy valley roofing and mustache supply,
evan denny,tennessee-chattanooga (swamp donkeys),nocturnal,
evan deobald,boston college (eagles),mystik dan,
evan dobson,missouri (missouri),lounar; roundhouse; stl lounar; stl moonar,
evan driscoll,illinois (rise); southern illinois-edwardsville (geese); southern illinois-edwardsville (siege),black market,
evan dsouza,nyu (new york university ),nyu (new york university ),
evan ellis,minnesota (grey duck),dinkytown doughboys; kenji's bbb; mallard; mallard ii; minnesota superior u20b; sub zero,
evan farnand,vermont-b (chill dev),bang,
evan ford,iowa state (isuc),demo,
evan frias,marquette (birdhouse); marquette-b (birdfeeder),milwaukee breaker; milwaukee revival; timber,
evan garces,texas state (texas state buckets),riverside messengers,
evan garrison,mississippi state (dark horse); mississippi state -b (trenches ),bdc,
evan gorthy,suny-albany (scam),dapper; rochester open club,
evan hake,shippensburg (scapegoats),pittsburgh stealers; smogborn,
evan hitzeman,delaware (sideshow),adventure time; black gold,
evan hoch,air force (afterburn),the incline; trout,
evan holliday,portland state (vitruvious),red tide,
evan hu,tufts-b (tufts b),bag; lantern,
evan johnson,maryland-b (astro quakers),defy the meta; hazard; shades,
evan kandell,california (california-berkeley); california (ursa major); san jose state (spartans),battery; little teapots,
evan king,georgia (jojah); georgia-b (chillydawgs),atl b,
evan lee,army (army west point); army (army- west point); army (army-west point),army - west point; army-west point,
evan lindeman,george washington (g-dub hippos),beef depot,
evan lindsay,kansas state (wizards),nox,
evan magsig,california (california-berkeley),guerrilla; revolver; zyzzyva,
evan mandell,ithaca (nawshus ultimate),new jersey gemini; odyssey,
evan marshall,kennesaw state (parliament),alliance; atliens; delirium,
evan maseto,rensselaer polytech (trudge); rensselaer polytechnic institute (trudge),motive,
evan mcghee,houston (skyline),adventure time,
evan mcginn,appalachian state (nomads); triangle tourists boys-b,nc brickhouse-upper; triumph,
evan mclean,northeastern (huskies),foggy bottom boys; john doe; munch box; those magnificent bastards,
evan medrow,penn state (spank); penn state-b (lovetap),updog,
evan miyasato,clemson (joint chiefs of waft),space cowboys,
evan moss,james madison (hellfish),john doe,
evan neufeld,william & mary-b (seahorse),brackish; jolly roger,
evan parker,west chester (west chester (a)); west chester (west chester),citywide special; delco club; gummy bear hitmen,
evan perry,arizona state (prime); gunn (control),anchor; bonsoon; tempe tantrum,
evan peterson,texas tech (tumbleweed),deaf fruit,
evan poland,rhode island (riut),niiight; one night; the ultimate team,
evan ragone,rutgers (machine); rutgers-b (mystery machine),new jersey gemini,
evan sapirman,college of new jersey (revolution),buffalo frostbite; garden state ultimate; helots,
evan scariano,lsu (purple haze),lil heroes,
evan schreiner,missouri (missouri),friendly fire; stl moonar,
evan schwarzmann,villanova (main line ultimate),citywide special; rebels,
evan sebastian,illinois (rise); illinois-b (boomland),alliance; black market; haymaker; lounar; stl moonar; triiident,
evan squire,southern illinois-edwardsville (geese); southern illinois-edwardsville (siege); southern illinois-edwardsville (ultimate e-ville),stl goonar,
evan stouber,suny-binghamton-b (suny-binghamton b),fli-b honeybees,
evan taylor,florida-b (florida b); indiana (hoosiermama?s),riverside messengers-b; shenanigans; sprawl; thundersnow,
evan vieira,cal poly humboldt (humboldt state buds); humboldt state (humboldt state buds),ravin’-d,
evan washo,purdue (undue ultimate); purdue-b (ctrl-z),i-69; on ramp; parking lot,
evan weinstein,oak storm,"bay dog; bgf sl,ut; creaky; oat; reál hogs fc-b",
evan williams,james madison-b (smellfish),lehigh (lehigh ),
evangel hightower-rojas,california-santa cruz (slugs); california-santa cruz-b (ucsc b (ooze)),wavestorms,
evangelos dizelos,towson -b (bamboozle); towson-y (towson y),emu,
evatt howerton,trinity (turbulence),a la carte-b,
everest shapiro,tulane (tucks),hazard; rougaroux; socal condors; supercell,
everett grass,california-santa barbara (black tide),offshore,
everett kernen,wichita state university (wheaties),meadowlark,
everett saunders,brigham young (chi),the killjoys,
everett woo,georgetown (justice),buda u20b; la maquina -a,
everitt meer,grand canyon (lopes),drought; pittsburgh stealers; pittsburgh temper,
eviatar ashkenazi,connecticut (uconn huskies),colt,
eyal refaeli,texas tech (tumbleweed),deaf fruit; riverside messengers,
eytan carolan,george washington (george washington men’s club ultimate),resurgam ultimate,
ezekiel batistil,carleton university (ravens),suspect,
ezekiel miller,asbury (asbury ultimate),black lung,
ezekiel taylor,grand canyon (lopes); grand canyon-b (g-force),nighthawk,
ezra beidler-shenk,pittsburgh (en sabah nur),adelphos; philadelphia pacmen; sepda night owl,
ezra cohen,george washington (g-dub hippos); macalester (flat earth); macalester (macalester open ultimate),buda regional select,
ezra danzig,northwestern (lake effect); northwestern (nut),riptide-b,
ezra gordon,columbia (uptown local); mit (grim beaver),magma bears; uptown local x,
ezra grziwok dowling,gold rush; gunn (control),oat; scooby coupy coup; smoak (u20),
ezra kennedy,utah state (scotsmen); utah state (usult),old ephraim; popperton ultimate frisbee; powderhogs,
ezra marcus-tyler,claremont (braineaters),cognitive disconance,
ezra rich,northwestern (lake effect); northwestern (nut),haymaker,
ezra siegartel,vassar (swinging monks),vassar (swinging monks),
ezra thoreson,colorado (mamabird); colorado cutthroat u-20 boys; colorado cutthroat: youth club u-20 boys,colorado cutthroat u-20 boys; colorado cutthroat: youth club u-20 boys; johnny bravo; legal trouble,
ezra tinsky,georgetown (justice),beef depot; john doe; la maquina -a; red wolves,
ezra tock,rochester (piggies),battery; pgz,
fabien lefebvre,ottawa (gee-gees),phoenix,
fadi romanos,texas tech (tumbleweed),adventure time,
faisal bartlett,wisconsin-milwaukee-b (blackout),milwaukee revival,
farhan khan,virginia (night train); virginia-b (night train b),doublewide; john doe; oak grove boys,
farmer lindemuth,utah-b (shower curtain ultimate),x wives-a,
faron connelly,temple (alert); temple-b (false alarm),citywide special,
feliks ciesielski,north carolina state (nc state alpha),carolina sky; nc brickhouse-upper,
felix brunner,british columbia -b (b-birds); british columbia -b (shipwreck),blackfish; oni,
felix feiger,colorado (mamabird); colorado-b (cucu),colorado cutthroat: youth club u-20 boys; fungi; iso atmo,
felix graves,colorado mines (entropy); colorado mines-b (orediggers),two-headed goose,
felix ko,dc recruits; foggy bottom boys; virginia (night train),fort reno flatball club,
felix moren,oregon state (beavers),oregon eruption!; rhino slam!,
felix orthwein,suny-stony brook (panic),suny-stony brook (panic),
felix perez diener,harvard (red line),harvard (red line),
felix prasanna,mit (grim beaver),pineapple,
fen deniord,massachusetts (zoodisc); massachusetts -b (umass amherst developmental),resurgam ultimate,
fernando rivera,florida-b (florida b),vicious cycle,
ferrick robertson,hofstra (flying dutchmen); suny-stony brook (panic),fli-b honeybees; suny-stony brook (panic),
filip icev,michigan (magnum),blueprint; bux; mango tree-a; mystery gang,
filip kragl,british columbia (thunderbirds),dna,
filip maleev,colorado college (wasabi),colorado college (wasabi),
fin fuhrmann,carleton college (cut),emerald city; mallard; sockeye; switchback,
finley bray,purdue (undue ultimate); purdue-b (ctrl-z); purdue-c (ctrl x),nc brickhouse-upper,
finn dougherty,colorado (mamabird),mallard; minnesota superior b; red lotus; sub zero,
finn farrell,dc recruits,fort reno flatball club,
finn hanson,washington university (contra),lounar,
finn hilty,washington (sundodgers); washington-b (washington b),tugboat,
finn lawless,oregon state (beavers),name brand,
finn mathews,hofstra (flying dutchmen),hofstra (flying dutchmen),
finn thaler,colorado cutthroat u-20 boys,colorado cutthroat u-20 boys; colorado cutthroat: youth club u-20 boys,
finn weinstein,michigan state-b (riot control),diesel,
finnegan barr,california-santa cruz (slugs),oat; red dawn; wavestorms,
finnegan tolan,california-san diego-b (air squids lite ),skipjack,
fischer dastrup,brigham young (chi),haymaker; r&d; red hots - u20; utah hatu,
fisher tenpas,cosmic u-20 boys,cosmic elite; cosmic u-20 boys,
flavius penescu,georgia tech (tribe),atlanta arson; dyno; little red wagon; python,
fletcher hayden,pittsburgh (en sabah nur); triangle tourists boys 2-b,cash crop 2; pittsburgh stealers; puppies,
fletcher turner,utah-b (shower curtain ultimate),popperton ultimate frisbee; reál hogs fc-b,
fletcher weld,colorado-b (cucu); colorado-c (rooster tussle),red lotus,
flynn mccarthy,suny-stony brook (panic),fli-b honeybees,
flynn nyman,colorado state (hibida),dark star; fungi,
forrest fortier-house,colorado state-b (bibida),choice city hops,
forrest lefebvre,chico state (chico state),anchor; float,
forrest vargyas,oregon state (beavers); oregon state-b (oregon state b),powderhogs,
forrest williams,vermont (chill),sprout,
foster palmer,alabama (yellow hammer),nashville mudcats,
francesco russo,temple (alert),citywide special; hazard,
francis lasta,texas state (texas state buckets); texas-arlington (yucca),messengers-b; riverside messengers; riverside messengers-b,
francis nuguid,marquette (birdhouse),mke; void,
francisco fernandez,harvard (red line),atliens; chain lightning; harvard (red line); philadelphia pacmen; rush hour atl,
francisco lopez,johns hopkins (dangerzone),bomb squad; mob ultimate,
franklin beebe,tennessee-chattanooga (swamp donkeys),tanasi,
franklin jackson,christopher newport (skymaul),brackish; shipyard; yacht club,
franz reiser,colorado state (hibida); cosmic u-20 boys,colorado cutthroat: youth club u-20 boys; cosmic elite; cosmic u-20 boys; the incline,
fraser buck,victoria (vikes),surf,
frazier dougherty,notre dame (papal rage),resurgam; resurgam ultimate,
frederick farah,maryland (maryland ultimate),truck stop; vault; watchdogs,
frederick huang,north carolina (darkside),cash crop 2,
frederick rawlins-buchanan,cal state-long beach (pyramid scheme),oc crows,
frederick vogelbaum,columbia (uptown local),uptown local y,
fremont forsberg,colorado college (wasabi),wasabi,
fritz (frederick) howard,rochester (piggies),adk mountain crew; fusion,
fritz rehmus,mcgill (mut); stanford (stanford men's ultimate team),zodiac; zyzzyva,
gabe borda,georgia (jojah),atlanta arson,
gabe ecenbarger,grand valley (lakers); grand valley state (lakers),beacon; eldl,
gabe lerner,tufts-b (tufts b),mbta,
gabe port,washington (sundodgers),voodoo,
gabe retzlaff,wisconsin-stevens point (homegrown),kfc; timber,
gabe schoepke,iowa state (isuc),haymaker; red hots - u20; spoon x-freshman; trident; trident i,
gabe smith,heartbreak; whitworth (bangarang),heartbreak,
gabe vanderbrink,penn state-b (lovetap),happy valley roofing and mustache supply,
gabe vordick,northeastern (huskies),house; iditarod; mad men; watchdogs,
gabe wood,rose-hulman (elephantitis),zoo animals,
gabriel badillo moorman,st olaf (berzerkers),dingwop; m.y.t.h.o.s.,
gabriel bassin,northwestern (lake effect); northwestern (nut),haymaker; haymaker x; roundhouse; shade,
gabriel bissland,saint louis (archangel),s l u r p,
gabriel blanche,east carolina (irates),give me death,
gabriel curran,cornell (buds),fathom,
gabriel diamond,western washington (dirt),seven gills,
gabriel dobrozsi,hillsdale (chargers),beacon,
gabriel doringo,toledo (savage),chimney; stl moonar,
gabriel dowd,foggy bottom boys; michigan (magnum),mango tree-a; vault,
gabriel franklin,massachusetts (zoodisc),colt; sprout,
gabriel gatewood-wolfe,california (ursa major),oakland ultimate; smoak (u20); zodiac; zyzzyva,
gabriel gehtland,richmond (spidermonkeys); richmond-b (spider pigs),crypt; nc brickhouse-upper,
gabriel hall,emory (emory juice),bang; pulp; tbd,
gabriel hamm,tennessee-chattanooga (swamp donkeys),nocturnal; villains,
gabriel hardy,lsu (purple haze),louisiana second line,
gabriel jagt,minnesota (grey duck); minnesota (minnesota a),mallard; scooberdivers; ufo,
gabriel kritz,hofstra (flying dutchmen); maryland (maryland ultimate),bomb squad; long island riff raff,
gabriel lloyd,gold rush; william & mary (merry men),bryce whitney fan club; journeymen; zyzzyva,
gabriel moss,ohio (trout),a-block,
gabriel nobis,oregon (ego),rhino slam!,
gabriel peters,arkansas (ludicrous speed ),dreadnought: battleship-b,
gabriel pinkalla,wisconsin-stevens point (homegrown),kfc,
gabriel pires,charleston (palmetto bums),charleston heat stroke,
gabriel resto,delaware (sideshow),delaware (sideshow),
gabriel rhodes,new hampshire (new hampshire ultimate team),odyssey,
gabriel scheck,michigan (magnum),marc,
gabriel schwartz-ketchner,california-santa cruz (slugs); gold rush,creaky; oat; zodiac,
gabriel simpkins,tennessee tech (tech talons),nocturnal,
gabriel smestad,vermont (chill),burly; red tide; rising tide; tirebizfriz,
gabriel weber,georgia (jojah),tennessee folklore,
gabriel weigel,st. olaf (berzerkers),cryptic; loaded panda; psychedelic; raptor,
gabriel yeakey,central florida-b (havoc),bud,
gabriele kautz,vermont (chill),big wrench; buda u20b; tire; tirebizfriz,
gael hoben,william & mary (merry men),hb woodlawn,
gage cowan,oklahoma christian (eagles),supercell,
gage silverman,virginia tech-b (virginia tech b),pittsburgh temper,
gage townsend,vermont-b (chill dev),new jersey gemini,
gailan hart,texas-san antonio (velox),alamode,
galen harwood,amherst regional (hurricanes); williams (wufo),buda u20b; duck and cover; sprout,
galen moll,oregon state (beavers); oregon state-b (oregon state b),dark star,
galvin kao,illinois chicago (juice ); illinois-chicago (juice ); university of illinois at chicago (juice ),chicago dart frogs,
ganden fung,georgia tech (tribe); georgia tech-b (tribe),atlanta outlaws,
ganesh nanduru,virginia (night train),oat,
gaoweiang dong,california-san diego (air squids),desert penguins,
gareth may,texas a&m (dozen); texas a&m-b (dozen matter),texas duffy,
garett stanley,wichita state university (wheaties),meadowlark,
garrett anderson,georgia tech (tribe),little red wagon; powderhogs; washington-liberty (washington-lee slarenegs),
garrett barth,binghamton (suny-binghamton); suny-binghamton (suny-binghamton),bartle boys,
garrett berger,tennessee (tennessee),tennessee folklore,
garrett bush,cal poly-slo (slocore),oat; red dawn; revolver,
garrett erickson,minnesota-duluth (northern lights),dingwop,
garrett hable,arizona (sunburn),nighthawk; sonoran dog; sprawl,
garrett hamilton,kentucky (kult),black lung,
garrett holman,akron (goonsquad),forest city; scoop,
garrett johnston,dartmouth (pain train),foggy bottom boys,
garrett knobel,south florida (scallywags),florida untied; uproar; uproar claws; warao,
garrett kolenbrander,colorado mesa (colorado mesa mavericks),buoyancy,
garrett kremer,northeastern-b (beastern),mbta,
garrett martin,utah state (scotsmen); utah state (usult),powderhogs; rhino slam; sockeye,
garrett murphy,alabama (yellow hammer),fork x-senior; trident ii; trident iii,
garrett nix,auburn (aetos),bormingham sectionboi$; capitol city chaos; second nature,
garrett payton,samford (dogma),arnold palmer alert,
garrett roth,illinois state (gnomes),satellite,
garrett white,chicago (fission),dallas delinquents,
garrett wright,miami (ohio) (miami boogiemen),tofu junction,
garrison abide,texas a&m (dozen),texas duffy,
garrison gracey,western michigan (dark horse),red imp.ala,
gary byrd,utah-b (shower curtain ultimate),fat stacks,
gary chen,nyu (new york university ),bodega cats,
gaurav prasad,colorado (mamabird),red lotus,
gautam das,north carolina-charlotte (charlotte skyrise),queen city kings,
gaven grief,texas-arlington (yucca),cowtown cannons,
gavin abrahamsson,massachusetts (zoodisc),dig; philadelphia padawans; phoenix f.c.; scoop; sprout,
gavin babbitt,texas (tuff),black market i; black market ii; blacker market y; doublewide; illinois youth ultimate - u20; joe sefton's little heroes; red hots - u20,
gavin chapman,morehouse (morehouse ultimate),gang of disc,
gavin collins,auburn (aetos),capitol city chaos,
gavin conway,virginia commonwealth (biscuit villains),crypt,
gavin davis,macalester (flat earth); macalester (macalester open ultimate),dallas delinquents; flash flood; prime; sprawl; texas two step; zoo,
gavin fletcher,washington (sundodgers),fort reno flatball club,
gavin fraczek,central connecticut state (blue barracudas); central connecticut state (yetis),central connecticut state (yetis),
gavin kelly,chicago (fission),deepfake,
gavin kinch,messiah (falcons),mob ultimate,
gavin latona,akron (goonsquad),forest city; scoop,
gavin lee,michigan state-b (riot control),phoenix,
gavin may,california (california-berkeley); california (ursa major),blueprint; oat; zyzzyva,
gavin otty,suny-buffalo (green eggs and ham),motive,
gavin rice,middlebury (pranksters),buda u20b; sprout; tirebizfriz,
gavin russell,south carolina (gamecock ultimate),lost boys; raleigh-durham united,
gavin schiff,california-santa cruz-b (ucsc b (ooze)),devyl u-20 open; new jersey gemini,
gavin smith,indiana (hoosiermama?s),on ramp; virginia vortex,
gavin stevens,denver (sourdough); denver-b (sourdough b team),tugboat,
gavin tang,british columbia (thunderbirds),blackfish,
gavin trone,gonzaga (guru ),red lotus,
gavin walker,kansas (horrorzontals),dreadnought; rawhide,
gavin wilczynski,vermont-b (chill dev),bang; deluxe; green mountain boys; tbd,
gavin zhao,nyu (new york university ),haze; nyu (new york university ),
gavin zielke,berry (bucks),romulus,
gavriel olson,minnesota-b (minnesota b); minnesota-c (minnesota c),john doe,
geir hartl,amherst regional (hurricanes); middlebury (pranksters),buda u20b; duck and cover; sprout,
geoffrey cater,swarthmore (earthworms),adelphos; ballston booya,
geoffrey tucker kalmus,colorado (mamabird),johnny bravo; sockeye; waste management squad,
geoffrey zheng,suny-stony brook (panic),blueprint; stuyvesant sticky fingers; stuyvesant sticky fingers alumni,
geofrey friedman,vanderbilt (armada),womp,
george bennett clark,kennesaw state (parliament),harvest moon; ronin,
george bruce,yale (süperfly),sungho moon,
george cheung,yale (süperfly),bodega cats; sungho moon,
george dore,illinois state (gnomes),shift; trident ii,
george gunter,vanderbilt (armada),haymaker,
george gust,texas united,amigos-jv; doublewide; riptide; texas united,
george hoak,william & mary (merry men),bryce whitney fan club,
george kane,marquette-b (birdfeeder),milwaukee revival,
george knapick,northeastern-b (beastern),mbta,
george lefkowicz,carleton college (cut),little red wagon; mallard; nomad; rush hour atl,
george liacouras,james madison (hellfish),bdc; hb woodlawn; hb woodlawn flatball; john doe; la maquina -a,
george mcgervey,montana (smokejump),sky-90,
george neely,texas-b (graze),cowtown cannons; dallas delinquents; forge; foxtrot; sprawl; zoo,
george peterson,indiana (hoosiermama?s); indiana-b (hoosierdaddy!s),black sheep; on ramp; shenanigans,
george shelby,utah (zion curtain),x wives-a,
george tharakan,texas-san antonio (velox),alamode,
gerard bryson,rutgers (machine),devyl u-20 open; pride of rowan newark; rutger colege,
gerardo martinez flores,texas state (texas state buckets),foxtrot; riverside; shrike cutters,
gerrick bowman,texas state (texas state buckets),riverside messengers-b,
gerry mcmanus,utah (zion curtain),colorado cutthroat u-20 boys; iso atmo; x wives-a; ycc u20 developmental team,
gianluca pagano,rutgers (machine),garden state ultimate; pride of rowan newark; rutger colege,
gideon miller,mississippi state (dark horse); mississippi state -b (trenches ); mississippi state-b (pony express); mississippi state-b (trenches ); mississippi state-c (trenches b),cookie mon$terz; second nature,
gil rowe,british columbia -b (b-birds); british columbia -b (shipwreck),coast,
gilon kravatsky,florida-b (florida b),vicious cycle,
gino pierangeli,wisconsin-whitewater (sub*par),house,
giovanni caruso,houston (skyline),adventure time,
giovanni gerber,massachusetts (zoodisc),devyl u-20 open; garden state ultimate; new jersey gemini,
giri peters,depaul (duc),haymaker; haymaker x; roundhouse; villains; womp,
glenn kaboskey,wisconsin-whitewater (sub*par),bux; house; mke; roundhouse,
godlove nkembo,south florida (scallywags); south florida-b (scourge),players into serious sports,
gordon clark,colorado college (wasabi),wasabi,
gordon larson,st olaf (berzerkers); st. olaf (berzerkers),forward motion; mutiny; sub zero,
gordon sather,skidmore (wombats),motive,
graden oconnor,north carolina state-b (sixpack),nc brickhouse-upper; queen city kings,
grady bosch,syracuse (doom),dapper,
grady conquergood,st. olaf (berzerkers),m.y.t.h.o.s.; overdrive,
grady freeman,kennesaw state (parliament),delirium; dyno; elysium,
grady hecht,cal poly humboldt (humboldt state buds); humboldt state (humboldt state buds),ravin’-d,
grady nautel,vermont-b (chill dev); vermont-c (chill b),alibi; motive,
graeme alexander,wisconsin (hodags),bux; mad men,
graeme halliday-gunn,british columbia -b (shipwreck),joe fisher; surf,
graeme hanks,british columbia (thunderbirds); british columbia -b (b-birds),blackfish,
graeme holland,houston (skyline),firefly tx,
graham barrett,alabama-huntsville (nightmares),ronin; tanasi,
graham barton,pittsburgh-b (university of pittsburgh- b),adelphos; helots; pittsburgh stealers; puppies,
graham blocher,colorado cutthroat: youth club u-20 boys; colorado-b (cucu),colorado cutthroat: youth club u-20 boys; cosmic u-20 boys; the incline; tugboat,
graham certain,chicago (fission),ditto a,
graham galts,case western reserve (fighting gobies[a]),chimney; forest city,
graham imholte,st john's (minnesota) (bam),nomad; st. cloud swans,
graham laub,west chester (west chester); west chester-b (west chester (b)),citywide special,
graham mcdonald,toronto (tula),john doe,
graham mcweeny,colorado college (wasabi),colorado college (wasabi),
graham peck,western washington (dirt),mystery gang; seven gills,
graham whiting,colorado college (wasabi),buda,
grahm bacon,coastal carolina (coastal carolina ultimate frisbee),science leadership academy (rockets),
granite lesko,cedarville (swarm),endgame; enigma; flying pig; rotisserie chicken,
grant anderson,christopher newport (skymaul),brackish; shipyard; winc city fog of war; yacht club,
grant dzurenko,texas tech (tumbleweed),forge,
grant geissler,colorado cutthroat u-20 boys; colorado cutthroat: youth club u-20 boys,colorado cutthroat u-20 boys; colorado cutthroat: youth club u-20 boys; ycc u20 developmental team,
grant good,wisconsin-whitewater (sub*par),black market ii; blacker market x,
grant gusukuma,rose-hulman (elephantitis),zoo animals,
grant harris,chicago (fission),bobcats; haymaker; sockeye; spoon y-d; trident i,
grant houston,mississippi state (dark horse); mississippi state -b (trenches ),cookie mon$terz; memphis pharaohs,
grant kern,alabama (yellow hammer),big wrench; black market ii; blacker market y; ironmen; trident i,
grant klebig,st olaf (berzerkers),knights of ni,
grant loehrke,nyu (new york university ),nyu (new york university ); red hots - u20; shift,
grant michael cashin jr,embry-riddle (dirty birds),psychedelic,
grant miller,virginia tech-b (virginia tech b),honey bashfords,
grant newkirk,utah (zion curtain),x wives-a,
grant ruschak,rose-hulman (elephantitis),on ramp; zoo animals,
grant sikes,berry (bucks),romulus,
grant white,purdue (undue ultimate); purdue-b (ctrl-z),forest city; lafayette street dogs; on ramp,
gray fisher,clemson (joint chiefs of waft),lost boys; space cowboys,
gray king,auburn (aetos),alliance; alliance 2,
gray middleton,james madison (hellfish),winc city fog,
grayson adams,texas tech (tumbleweed),deaf fruit; san antonio warhawks,
grayson arensdorf,california-santa barbara (black tide),sundowners,
grayson broderick,tulane (tucks); tulane-b (tulane b),battery; gang of disc,
grayson friedman,purdue (undue ultimate),new jersey gemini,
grayson irwin,indiana (hoosiermama?s); indiana-b (hoosierdaddy!s),shenanigans,
grayson rettberg,utah (zion curtain),shrimp; x wives-a,
grayson ries,colorado state-b (bibida),choice city hops,
grayson smith,auburn (aetos),alliance,
grayson stone,emory (emory juice),atlanta arson; pulp,
greg brock,iowa (ihuc),red bat,
greg hemmes,suny-albany (scam),alibi; fusion,
greg johnson,washington state (air raid),heartbreak,
greg olson,oklahoma (apes of wrath),fungi; spicy; supercell,
greg perez,liberty (flames),l.u.t $ack,
gregor tillman,miami (ohio) (miami boogiemen); southern california (usc lockdown),overflow,
gregory cho,charlottesville clownies; virginia (night train),oak grove boys; red wolves; redwolves; vault; watchdogs,
gregory dardaris,lehigh (lehigh ),citywide special,
gregory fava,suny-binghamton-b (suny-binghamton b),suny-binghamton-b (suny-binghamton b),
gregory gabelus,pennsylvania (void),pennsylvania (void),
gregory guggenmos,princeton (clockwork),glycerine; side hustle,
gregory lowry,texas (tuff),clutch; joe sefton's little heroes; quaze,
gregory moreno,davenport (panthers); hillsdale (chargers),beacon,
gregory von eiff,cedarville (swarm),enigma; swarm,
grey lashbrook,oklahoma (apes of wrath),supercell,
griffin campion,claremont (braineaters),beef depot (development)-dev; cognitive disconance,
griffin fielding,suny-buffalo (green eggs and ham); suny-buffalo-b (buffalo grinch),long island riff raff,
griffin gee,massachusetts (zoodisc),buda u20b; dix; scoop; sprout,
griffin geving,colorado state (hibida); minnesota-duluth (northern lights),(washed); fungi; iso atmo; knights of ni,
griffin ghiraldini,suny-albany (scam); suny-albany-b (scam),alibi,
griffin glassel,luther (lufda),dcviii; mad men b-b; zoboomafoo,
griffin jarrell-desch,cal poly-humboldt (humboldt buds),unrestricted free agents,
griffin kao,brown (brownian motion),shade,
griffin kelley,illinois (rise),haymaker; red hots - u20; roundhouse; triiident,
griffin laliberte,seven hills bx; western washington (dirt),seven gills; switchback,
griffin lamphier,"wake forest (well oiled machine, baby)",hydra,
griffin lo,washington (sundodgers),oak grove boys,
griffin majer,northeastern (huskies); northeastern-b (beastern),skeleton squad,
griffin malcolm,suny-albany (scam),alibi; fusion; motive,
griffin must,william & mary (merry men),bryce whitney fan club; jolly roger,
griffin newhouse,richmond (spidermonkeys); richmond-b (spider pigs),give me death,
griffin oneal-freeman,oberlin (flying horsecows),puppies,
griffin schlabach,pittsburgh (en sabah nur),citywide special; puppies,
griffin schutte,virginia commonwealth (biscuit villains),crypt,
griffin slesinger,cleveland state (cleveland state vikings),burning river; neo; scoop,
griffin stotland,brandeis (tron),bag,
griffin wilczynski,vermont-b (chill dev),bang; deluxe,
griffin yas,massachusetts (zoodisc),amherst orlando magic; sprout,
grover grendzinski,georgia tech (tribe),little red wagon,
grzegorz guron,cornell (buds),wooder,
gunnar biebighauser,virginia tech (burn),john doe; oakgrove boys,
gunnar mikko,minnesota (grey duck),cognitive disconance; dinkytown doughboys; minnesota superior u20b,
gunnar thompson,marquette (birdhouse),bux; happyboise-jv; mke,
gunter przystawik,oregon (ego),dark star,
gus downey,montana state (rum runners),sawtooth,
gus elovitz,washington (sundodgers),flying pig,
gus serff-roberts,oregon state (beavers); texas united,riptide; riverside; texas united,
gustave stralnic,cedarville (swarm),swarm,
guthrie bowers,virginia commonwealth (biscuit villains),give me death,
guy cardwell,virginia (night train),john doe,
guy joseph cutting,california-santa barbara (black tide),oat,
haden cavalli,colorado mines (entropy); colorado mines (entropy) (orediggers),tugboat,
haedon cunningham,texas (tuff),heatwave; lil heroes; riptide; texas united,
hagan leeds richman,george washington (g-dub hippos); george washington-b (g-dub bippos),dcviii,
hailegebriel bizuayehu,maryland (maryland ultimate),town hall stars,
hainuo jiang,arizona state (prime),bonsoon,
halaf montarroyos,massachusetts -b (umass amherst developmental),odyssey,
hale halvorson,iowa (ihuc),m.y.t.h.o.s.,
han zhang,chicago (fission),deepfake; stuyvesant sticky fingers alumni,
hank loughrey,maine (snositi),wooder,
hank schmidt,clemson (joint chiefs of waft),space cowboys,
hans frautschi,whitman (whitman sweets),make it rain,
hans krull,colorado cutthroat: youth club u-20 boys; colorado mines (entropy); colorado mines (entropy) (orediggers),tugboat,
hans lam,british columbia -b (b-birds); british columbia -b (shipwreck),coast; joe fisher; oni,
hans wirkkala burkholder,christopher newport (skymaul),yacht club,
hanson qin,yale (süperfly),sungho moon,
haoyang yan,wisconsin-b (fauxdags),dcviii; mad men b-b,
hari sridhara,georgia tech (tribe); southern california (usc lockdown),hazard,
harin patel,florida (florida); florida-b (florida b),frizz; vicious cycle,
harold hubbard,north texas (unt),dallas delinquents; sprawl,
haroon matties,james madison (hellfish),foggy bottom boys; oakgrove boys; vault,
harper dotas,ball state (cardinals); ball state (wizardz),on ramp,
harper odowd,st olaf (berzerkers),minnesota superior b; minnesota superior u20b,
harris cannon,"wake forest (well oiled machine, baby)",oakgrove boys,
harrison bielski,wisconsin (hodags),mad men,
harrison briggs,georgia state (underground),atlanta arson; atliens,
harrison coorey,emory (emory juice),little red wagon; pulp; yee-haw,
harrison findley,penn state-b (lovetap),happy valley roofing and mustache supply,
harrison greenberg,william & mary (merry men),bryce whitney fan club; fungi,
harrison karlok,appalachian state (nomads),raleigh-durham united; triumph,
harrison ohmsieder,liberty (flames),l.u.t $ack,
harrison prow,washington (sundodgers),souf,
harrison schaw,oregon (ego),avenue -a,
harrison silverman,central connecticut state (blue barracudas); central connecticut state (yetis),spring break '93,
harrison sucher,utah (zion curtain),powderhogs; spirit quest,
harrison tanner,texas state (texas state buckets),messengers-b,
harrison tucker,arizona state (prime); arizona state-b (pleasure); texas united,bonsoon; doublewide; drought; riptide; texas united,
harrison warfel,harvard (red line); harvard-b (bred line),cmen,
harrison west,baylor (stonewall a); baylor (stonewall),cowtown cannons,
harrison wolfson,james madison (hellfish),foggy bottom boys; hb boys; oakgrove boys,
harry chace,drexel (spitfire),phoenix f.c.,
harry lenicheck,boston university (boston university),iditarod,
harry mcnamara,pittsburgh (en sabah nur),citywide special; garden state ultimate; pittsburgh puppies; pittsburgh temper; sord,
harsh zaver,penn state-b (lovetap),happy valley roofing and mustache supply,
harshsai dhulipudi,georgia tech-b (tribe),harvest moon,
hassan saeed,akron (goonsquad),hazard; pittsburgh stealers,
haven lo,california-san diego-b (air squids lite ); california-san diego-c (air squids select); pennsylvania (void),pennsylvania (void),
hayden austin-knab,georgia (jojah),atliens; bullet; chain lightning; h.o.g. ultimate,
hayden daley,colorado state (hibida),hazard; impulse,
hayden fahnhorst,st olaf (berzerkers),knights of ni; m.y.t.h.o.s.,
hayden jack,lsu (purple haze),rougaroux,
hayden king,cal poly-ccwr (ccwr); cal poly-slo (slocore); colorado cutthroat: youth club u-20 boys,colorado cutthroat: youth club u-20 boys; iso atmo; unrestricted free agents; wavestorms,
hayden mcadoo,colorado state (hibida),fungi; inception; shrimp,
hayden miller,auburn (aetos),bormingham sectionboi$,
hayden monk,michigan state (arc),east lansing detroit lions; on ramp,
hayden naylor,north carolina (darkside),nc brickhouse-upper,
hayden oyos,mary washington (mother of george),bryce whitney fan club,
hayden pfaff,texas a&m-b (dozen matter),foxtrot,
hayden stone,mcgill (mut),austin amigos; doublewide; gaucho; h.i.p; mephisto,
hayden teeter,harvard (red line),music city mafia; villains,
hayden west,wisconsin-milwaukee (black cat),dcviii; rubicon rapids; zoboomafoo,
hayden zaske,western washington (dirt),grudge; seven gills,
hector chaidez,southern illinois-edwardsville (geese); southern illinois-edwardsville (siege),lounar; stl moonar,
hector montemayor,virginia tech-b (virginia tech b),l.u.t $ack,
hederik kosten,arizona state (prime); arizona state-b (pleasure),bonsoon; roundhouse; tempe tantrum,
heiki kuhrt,skidmore (wombats),resurgam; resurgam ultimate,
henri de st germain,utah (zion curtain),shrimp; x wives-a,
henri lessard,north carolina state (nc state alpha),raleigh-durham united; ring of fire,
henrik zhang,ucla-b (ucla smoke),bart,
henry bellevin,california-santa cruz (slugs); california-santa cruz-b (ucsc b (ooze)),wavestorms,
henry berger,yale (süperfly); yale - y (süperfly - y),crossfire; mbta; odyssey,
henry berget,colorado cutthroat u-20 boys,colorado cutthroat u-17 boys; colorado cutthroat u-20 boys; colorado cutthroat u-20 boys two,
henry breiding,georgia-b (chillydawgs),atl b; atlanta outlaws,
henry cechini,rose-hulman (elephantitis),on ramp,
henry charbeneau,texas (tuff); texas united,gamble; johnny bravo; lil heroes; riptide; riverside; riverside messengers-b,
henry chen,north carolina (darkside),banc; cash crop 2,
henry cooper,purdue (undue ultimate); purdue-b (ctrl-z),on ramp,
henry dickinson,minnesota-b (minnesota b); minnesota-c (minnesota c),conspiracy theory; middleton high school (middleton ultimate),
henry dukowitz,marquette (birdhouse),milwaukee breaker,
henry egan,brown (brownian motion); brown-b (brown - b),mystery box; scythe,
henry everett,pittsburgh (en sabah nur),cash crop 2; pittsburgh temper; puppies,
henry foushee,yale (süperfly),spring break '93,
henry garcia,cal poly-slo (slocore); gold rush,mavericks; oat; zodiac,
henry goldenberg,wisconsin (hodags),bobcats; chicago machine; la raid s.c.; mad men; yogosbo,
henry goller,elon (big fat bomb),nc brickhouse-upper,
henry gould,dc recruits,hb woodlawn flatball club,
henry haley goldman,kenyon (serf),beef depot; beef depot (development)-dev,
henry hedstrand,cedarville (swarm),swarm,
henry ing,pittsburgh (en sabah nur),barden btate bultimate; pittsburgh temper; puppies; rhino slam!; sord,
henry karnan,occidental (detox),seven gills,
henry kennedy,north carolina state (nc state alpha); triangle tourists boys 2-b; triangle tourists boys-b,brickhouse,
henry kou,ucla (smaug),battery; nsfw,
henry laseter,brown (brownian motion),big wrench; bullet; deathsquad; dix; needham squad; scoop; yee-haw,
henry lefebvre,minnesota-b (minnesota b),edina high school (edina high school varsity); nomad,
henry liebl,minnesota-duluth (northern lights),dingwop; overdrive,
henry lin,george washington-b (george washington men’s club ultimate b); washington-b (washington b),stuyvesant sticky fingers; stuyvesant sticky fingers alumni,
henry loftus,massachusetts -b (umass amherst developmental),crossfire; skeleton squad; slugfest; trout,
henry lyne,minnesota-b (minnesota b); minnesota-b (ugly duckling); minnesota-c (rubber ducky),dcviii; mad men b-b; ope,
henry mans,dartmouth (pain train); dartmouth-b (discomfort trolley),mad men,
henry michael,penn state-b (lovetap),buda u20b,
henry nguyen,utah state (scotsmen),cache valley high ground; old ephraim; oni; r&d,
henry poe,north carolina state (nc state alpha),brickhouse,
henry repasky,case western reserve-b (fighting gobies),burning river,
henry sullivan,reed (hoot),scooby coupy coup,
henry vahl,indiana (hoosiermama?s),carbon; red lotus; shenanigans,
henry viechnicki,maryland (maryland ultimate),town hall stars,
henry wang,baylor (stonewall),brawl; texas tea-a,
henry wattson,colorado-b (cucu),bonafide scrubs; red lotus,
henry wayte,oregon state (beavers),dark star; oregon eruption!; oregon trainwreck; rhino slam!; trainwreck and friends,
henry weismann,carleton college (carleton house of pancakes); carleton college-chop (carleton house of pancakes),burning river; scoop,
henry wineberg,minnesota-b (minnesota b),minnesota superior b; minnesota superior u20b,
henry winter,lehigh (lehigh ); lehigh-b (lehigh-b),citywide special; sebastopol orchard,
herman griese,kansas state (wizards),kansas city smokestack,
hessain tamang,vermont-b (chill d); vermont-b (chill dev),bang; deluxe,
hiatt von alten,north carolina state (nc state alpha),brickhouse; carolina sky; nc brickhouse-upper,
hibiki jige,arizona state (prime); arizona state-b (pleasure),bonsoon; drought; riptide,
hillel avital,california-san diego (air squids); california-san diego-b (air squids lite ); california-san diego-c (air squids select),skipjack,
hillel rosenheim,binghamton (suny-binghamton); suny-binghamton (suny-binghamton),bartle boys; colt,
hiro schmidt,california (california-berkeley); chicago (fission),east bay earthworms; ursa; zyzzyva,
hiroto bauer,denver (sourdough),denver -upper (four more dough ),
hobbs mcallister,lsu (purple haze),lil heroes,
holden fahnhorst,iowa state (isuc); iowa state-b (yeastie boys),knights of ni,
holden labbe,ohio state (leadbelly),burning river,
holden wiegel,illinois state (gnomes),shift,
homer labranche,bowdoin (clown),bowdoin (clown); red tide,
horace fusco,carleton college (cut),stuyvesant sticky fingers alumni,
horace wilson,alabama-huntsville (nightmares),ronin; second nature; war machine,
houston baker,alabama-huntsville (nightmares),ronin,
howard le,florida (florida); florida-b (florida b),stag; uproar,
howard shi,georgetown (justice),ballston booya,
hrithik praveen,alabama-birmingham (inferno),war machine,
hrushi bhatt,iowa state (isuc),haymaker x,
hudson borchardt,minnesota-b (minnesota b); minnesota-b (ugly duckling),ope,
hudson degroff,tulane (tucks),doublewide; gang of disc,
hudson james,auburn (aetos),southern hospitality,
hudson martin,wheaton (illinois) (mastodon),choice city hops; gamble; interesting tummy birds; riverside,
hudson mazzanti,arizona state (prime),tempe tantrum,
hudson thornton,boise state (mamu zaldi),sawtooth,
hugh coleman,trinity (turbulence); trinity university (turbulence),throwing shade,
hugh finnigan,michigan (magnum),dapper; marc; rochester open club,
hugh hanlon,michigan tech (discotech),timber,
hugh macwilliams,oregon state (beavers),dark star; diesel; mischief,
hugo tsai,gold rush,bay dog; journeymen,
hunter beard,tennessee-chattanooga (swamp donkeys),nashville mudcats; nocturnal,
hunter cochrane,victoria (vikes),surf,
hunter cunningham,colorado state (hibida); colorado state-b (hibida),choice city hops,
hunter frederick,north carolina-charlotte (charlotte skyrise),banc; queen city kings; watchdogs,
hunter howery,radford (scoundrels),haze,
hunter johnson,utah valley (utah valley ultimate),sundance kids,
hunter latson,illinois (rise); missouri (missouri),haymaker; slimjim fc,
hunter loftin,appalachian state (nomads),banc,
hunter poe,charleston (palmetto bums),charleston heat stroke,
hunter simmons,harding (harding apocalypse),dreadnought: battleship-b,
husain attarwala,new jersey tech (highlanders),new jersey tech (highlanders),
husam salem,north carolina state (nc state alpha),nc brickhouse-upper,
hussain bhagat,charleston (palmetto bums),charleston heat stroke; lost boys,
hyo-hyang carty,denver (sourdough),dawg pound,
hyosam jeon,george washington (g-dub hippos),redwolves; watchdogs,
iago ansede de veylder,texas united,texas united,
ian ang,cal poly-ccwr (ccwr); cal poly-slo (slocore),journeymen,
ian bernstein,heartbreak,heartbreak,
ian brown,george washington-b (g-dub bippos),battery; breakers; ender's outcasts,
ian buchanan,massachusetts (zoodisc),kalakala wiffleball club,
ian burks,binghamton (suny-binghamton); suny-binghamton (suny-binghamton),bartle boys,
ian chan,british columbia -b (shipwreck),oni,
ian chee,south florida (scallywags),players into serious sports,
ian clingerman,rochester (piggies),arcane edge; buffalo frostbite; buffalo practice players,
ian cobb,mississippi college (tribal); north carolina-wilmington (seamen),nomad,
ian connerney,virginia tech (burn),fathom; munch box; oak grove boys; oakgrove boys; watchdogs,
ian cunningham-ward,utah (zion curtain),trout; x wives-a,
ian daughton,syracuse (doom),adk mountain crew,
ian dawn,georgetown (justice),wave,
ian ehlers,wright state (airstrike),enigma,
ian falck,northwestern (lake effect); northwestern (nut),haymaker; red hots - u20; shade; slimjim fc; trident; trident i,
ian filippi,south florida (scallywags); south florida-b (scourge),players into serious sports,
ian geertsen,ucla (smaug),doggpound; hazard; nsfw; oat; sawtooth,
ian hahn,texas-san antonio (siesta),a la carte-b; madison club; makawua; sub zero,
ian hailey,cincinnati (bearcats),dynasty; endgame; flying pig; omen,
ian hill,rochester (piggies),expendables; pgz,
ian holzman,british columbia (thunderbirds),joe fisher,
ian james,south florida (scallywags),players into serious sports,
ian johnson,suny-albany (scam),dap lab,
ian kinder-pyle,heartbreak; parkland - plu alumni,cloverleaf; ghost train; heartbreak,
ian knaus,ohio (trout),chimney; forest city; scoop,
ian kreciglowa,connecticut (uconn huskies),colt; odyssey,
ian layzer,brown (brownian motion),providence poultry; shade,
ian maddox,kennesaw state (parliament),delirium; elysium,
ian mccosky,minnesota (grey duck),mallard; yogosbo,
ian mclaren,victoria (vikes),surf,
ian morritse,california-davis (davis dogs),green river swordfish,
ian ofallon,st olaf (berzerkers),nc brickhouse-upper,
ian olenich,cornell (buds),los buds,
ian ottone,wisconsin-whitewater (sub*par),timber,
ian owen-riggan,pittsburgh-b (university of pittsburgh- b),night owl; puppies; sepda night owl,
ian rankin,liberty (flames),l.u.t $ack,
ian robinson,victoria (vikes),space cowboys; surf,
ian rock-jones,carleton college (cut),green mountain boys,
ian shibley-styer,oregon state (beavers),dark star; portland tremor,
ian shull,dickinson (junkyard turkeys),mob ultimate; spring break '93,
ian sinclair,delaware (sideshow),delaware (sideshow),
ian spick,cal poly-ccwr (ccwr); cal poly-slo (slocore),new jersey gemini,
ian stone,appalachian state (nomads); clemson (joint chiefs of waft),space cowboys,
ian taylor,iowa (ihuc),cryptic; delco club; oat; trident,
ian thompson,kennesaw state (parliament); rit (rit spudheds),long island riff raff,
ian tsai,ucla (smaug),mallard,
ian tsubooka,south florida (scallywags); south florida-b (scourge),players into serious sports,
ian tuck,nebraska (cornfed ultimate),scythe,
ian vanorder,berry (bucks); davenport (panthers),romulus,
ian vilevac,west virginia (wv wild),flying dutchmen; i-69,
ian wallace,carleton university (ravens),phoenix,
ian westerberg,st olaf (berzerkers),zoboomafoo,
ian wise,tennessee-chattanooga (swamp donkeys); tennessee-chattanooga -b (tennessee-chattanooga b),nocturnal,
ian wissel,william & mary (merry men),bryce whitney fan club; garden state ultimate; truck stop,
ian zogg,bowdoin (clown),bowdoin (clown),
ibrahim mohammed,brown-b (brown - b),providence poultry; winc city fog,
ido ofek,wisconsin (hodags); wisconsin-b (fauxdags),battery; dangerous unidentified mystical beast; rubicon rapids,
ilai beth,washington-b (washington b),little teapots,
ilo holdridge,bowdoin (clown),bowdoin (clown),
ilusha andreev,ottawa (gee-gees),phoenix,
ira benson,texas (tuff),joe sefton's little heroes,
iram liu,cornell (buds),blueprint; los buds; riptide,
isaac abelson,north carolina-wilmington (seamen),right coast,
isaac baker,baylor (stonewall a); baylor (stonewall),clutch; texas tea-a,
isaac bird,south florida (scallywags),players into serious sports,
isaac blumklotz,oregon (ego),oregon trainwreck; portland tremor,
isaac boothe,texas united; texas-san antonio (siesta),heatwave; lil heroes; texas united,
isaac castiglione,north carolina-wilmington (seamen),nc brickhouse-upper,
isaac degenholtz,rochester (piggies),beef depot; hazard,
isaac duan,california-santa barbara (black tide); rutgers (machine),garden state ultimate; offshore; rutger colege,
isaac esuary,clemson (joint chiefs of waft); clemson-b (joint biefs),gvl trout; space cowboys,
isaac fuzat,texas (tuff),clutch; texas tea-a; texas united,
isaac gamble,wisconsin (hodags); wisconsin-b (fauxdags),rubicon rapids,
isaac gittleman,emory (emory juice),yee-haw,
isaac greenham,victoria (vikes),surf,
isaac haapala,grand valley (lakers),eldl,
isaac hannewald,michigan tech (discotech),zoo animals,
isaac hawkins,georgetown (justice),bomb squad,
isaac hoshide,georgia tech-b (tribe),romulus,
isaac hsu,california-santa barbara (black tide),oc crows; sundowners,
isaac hubble,cedarville (swarm),cedarville swarm; enigma; swarm,
isaac huntington,emory (emory juice); georgia (jojah),atliens,
isaac johnson,cincinnati -b (bearcats b); st john's (minnesota) (bam),surrillic audovice,
isaac kaplan,massachusetts (zoodisc),blueprint; pony; sprout,
isaac kim,cosmic u-20 boys,cosmic elite; cosmic u-20 boys,
isaac king,north carolina state (nc state alpha); north carolina state-b (sixpack),cash crop 2; nc brickhouse-upper,
isaac lyon,gonzaga (guru ),heartbreak,
isaac madill,kentucky (kult),black lung,
isaac margulius,tufts (elephant men),green mountain boys,
isaac palmer,north carolina state-b (sixpack),carolina sky,
isaac peterson,creighton (colossus),general strike,
isaac plamondon,toledo (savage),diesel; flying pig; ohio (trout),
isaac shimek,marquette (birdhouse),happyboise-jv; timber,
isaac smith,charleston (palmetto bums),delirium; h.o.g. ultimate; harvest moon; hazard,
isaac stiepleman,columbia (uptown local),make it rain,
isaac taylor,union (tennessee) (union jaxx),villains; womp,
isaac thongthap,san jose state (spartans),anchor,
isaac timm,northern iowa (ammunition),demo; loaded panda,
isaac trommer,washington university (contra),bdc; lounar,
isaac tsai,cal poly-slo-b (slob),minnesota superior b,
isaac van doornik,western michigan (dark horse),zoo animals,
isaac van sistine,st olaf (berzerkers),m.y.t.h.o.s.; minnesota superior u20b,
isaac warren,auburn (aetos),alliance; alliance 2; battleship,
isaac wilcox,brigham young (chi),old ephraim,
isaac woldemariam,washington (sundodgers),souf,
isaac wood-lewis,vermont-b (chill dev),tbd,
isaiah curtis,claremont (braineaters),magma bears,
isaiah garcia,south florida (scallywags),players into serious sports,
isaiah hernandez,california-irvine (nightlife); ucla (smaug),oc crows,
isaiah hilkemann,michigan tech (discotech),dallas delinquents,
isaiah irwin,carleton college-chop (carleton house of pancakes),chemical x; odyssey,
isaiah jones,northeastern (huskies),expendables; pineapple,
isaiah klepfer,utah (zion curtain),minnesota superior b; nomad; x wives-a,
isaiah manewitz,oregon state-b (oregon state b),amigos-jv; lil heroes; texas united,
isaiah mason,alabama-huntsville (nightmares),second nature; tanasi,
isaiah platt,oklahoma christian (eagles),barnstorm; cowtown cannons; texas bbq,
isaiah schneeweis-larene,western washington (dirt),cloverleaf; souf,
isak poulsen,carleton college-chop (carleton house of pancakes),maumee boys,
isamu kawaguchi,california-irvine (nightlife),oc crows; socal condors,
ishaan lukhey,minnesota (grey duck); minnesota-b (ugly duckling),dinkytown doughboys; mallard ii,
ishaan mishra,texas-san antonio (siesta),a la carte-b,
ishaan patel,iowa state (isuc); iowa state-b (bsuc); iowa state-b (yeastie boys),shift; trident ii,
ishan sodhi,minnesota-b (ugly duckling); minnesota-c (rubber ducky),ope; the body,
isidore donnelly,northwestern (lake effect); northwestern (nut),red lotus; roundhouse,
issa caothien,suny-stony brook (panic),long island riff raff,
itay chang,oregon (ego),little teapots; red dawn; rhino slam!,
ivan fisher,california-san diego (air squids),bay dog,
ivan kase,minnesota (grey duck),minnesota superior a,
ivan khoo,berry (bucks),romulus,
ivan lerner,suny-binghamton (suny-binghamton),festive salmon,
ivan lin,carnegie mellon (mr. yuk),brooklyn tech support plus,
ivan sanchez,georgia tech (tribe),citywide special; happy valley roofing and mustache supply,
ivan teplyakov,southern connecticut state (mighty hucks); southern connecticut state (owls ultimate),spring break '93,
ivan yau,texas-dallas (woof),brawl; dallas delinquents; texas bbq,
izabell mcgreevy,cleveland state (cleveland state vikings),scoop,
izidor peterson,drexel (spitfire),ez,
j briseno tapia,mit (grim beaver),pineapple,
jace dean,carleton college (cut); charlottesville clownies,foggy bottom boys; hb boys; oakgrove boys; sub zero; truck stop,
jace duennebeil,utah (zion curtain),pando; powderhogs; shrimp,
jace pivonka,colorado (mamabird),inception,
jack abruzzi,harvard (red line),skeleton squad,
jack bembenek,michigan state (arc),diesel; east lansing detroit lions; eldl,
jack brewer,ucla (smaug),doggpound; nsfw,
jack burach,delaware (sideshow),delaware (sideshow),
jack butler,ithaca (nawshus ultimate),black knights; long island riff raff,
jack ciaglo,central connecticut state (yetis),central connecticut state (yetis),
jack cioffi,clemson (joint chiefs of waft),space cowboys,
jack cloherty,yale (süperfly); yale - y (süperfly - y),sungho moon,
jack clydesdale,florida (florida),florida untied; vicious cycle; zyzzyva,
jack combs,cal poly-slo (slocore),foxtrot,
jack conroy,brown (brownian motion),dig; shade,
jack daenzer,northwestern (lake effect); northwestern (nut),the body; trident,
jack davis,indiana-b (hoosierdaddy!s); michigan (magnum),mango tree-a; shenanigans,
jack dellinger,army (army west point); army (army- west point); army (army-west point),army - west point; army-west point,
jack delong,kentucky (kult),black lung,
jack dinsmore,california (ursa major),zyzzyva,
jack dipaolo,wisconsin (hodags); wisconsin-whitewater (sub*par),bux; house; mad men; mke; zoboomafoo,
jack doran,syracuse (doom),the ultimate team,
jack drobny,nebraska (cornfed ultimate),scythe,
jack engle,ohio state (leadbelly),babe,
jack etherton,trinity (turbulence),heatwave,
jack fassett,southern california (usc lockdown),oregon eruption!,
jack firman,north dakota state (windbreak),the fargoats,
jack fitzgerald,xavier (b.l.o.b.),rotisserie chicken,
jack fletcher,missouri s&t (miner threat),miner magic,
jack fortune,colorado mines (entropy); colorado mines (entropy) (orediggers),tugboat,
jack galle,indiana (hoosiermama?s),chicago machine; i-69,
jack giese,vermont-b (chill dev); vermont-c (chill b),big gordo's racing,
jack gleason,oregon (ego),colorado cutthroat: youth club u-20 boys; dark star; inception,
jack gordon,nyu (new york university ),haze,
jack hartingh,north carolina state (nc state alpha); north carolina state-b (six pack),carolina sky; cash crop 2; nc brickhouse-upper,
jack hawkins,"wake forest (well oiled machine, baby)",nocturnal,
jack hayes,william & mary (merry men),bryce whitney fan club; foggy bottom boys; hb boys; hb woodlawn (hbw united),
jack herdejurgen,oklahoma (apes of wrath),supercell,
jack hermann,maryland (maryland ultimate),town hall stars,
jack hewitt,temple (alert); temple-b (false alarm),jawn,
jack hills,colorado college (wasabi),colorado college (wasabi),
jack hogan,boston university (boston university); maine (blackfly); maine (snositi),odyssey,
jack hollander,wisconsin-whitewater (sub*par),la raid s.c.; mad men b-b; red hots - u20,
jack hollis,utah (zion curtain),low point; powderhogs,
jack joshi,illinois (rise); texas (tuff),beachfront property,
jack karlen,st thomas (purple reign),mallard,
jack kelleher,boston university (boston university),nashville mudcats,
jack keller,macalester (macalester open ultimate); macalester college (macalester open ultimate),surly cynic,
jack kelly,east carolina (irates); florida state (duf),el niño; illusion; madison club; yogosbo,
jack kiel,wisconsin-milwaukee (black cat),timber,
jack kirby,suny-geneseo (snail),genny never leaves; log jam; stuyvesant sticky fingers,
jack krugler,georgia (jojah),atliens; bullet; chain lightning; delirium,
jack kwon,wesleyan (nietzsch factor),bag; colt,
jack lam,georgia tech-b (tribe),atlanta outlaws; stuyvesant sticky fingers; stuyvesant sticky fingers alumni; two-headed goose,
jack landrigan,middlebury (pranksters),switchback,
jack larson,illinois-b (boomland); minnesota-b (minnesota b); minnesota-b (ugly duckling),dcviii,
jack lazenby,ohio (trout); suny-buffalo (green eggs and ham),dapper; ohio (trout); rochester open club,
jack libby,alabama (yellow hammer); alabama-b (yellow hammer),alliance 2,
jack liebling,north carolina-wilmington (seamen),mailmeñ; right coast; triumph,
jack loomis,wisconsin-milwaukee (black cat),bux; mke,
jack lowrey,rit (rit spudheds),dapper,
jack luckenbill,louisville (lucky),colonels,
jack macdonald,suny-stony brook (panic),mavernads,
jack matonis,ohio (trout),brocats; low five; omen,
jack maynard,temple (alert),scythe,
jack mccleary,north carolina (darkside),cash crop 2; ring of fire,
jack mcfarlin,james madison (hellfish),virginia vortex,
jack mcintyre,iowa (ihuc),nomad; zodiac,
jack mcshane,ithaca (nawshus ultimate),odyssey,
jack micucci,xavier (b.l.o.b.),rotisserie chicken,
jack mills,xavier (b.l.o.b.),blackfish,
jack monte,temple (alert),beef depot; citywide special,
jack moore,wisconsin-stevens point (homegrown),timber,
jack murray,georgia southern (eagles),general strike,
jack noble,wesleyan (nietzsch factor),colt; make it rain,
jack noymer,princeton (clockwork),anchor,
jack powell,florida state (duf),scootlyfe,
jack puttre,suny-buffalo (green eggs and ham),geh,
jack rice,vermont (chill),buda u20b; retired; tirebizfriz,
jack rogot,columbia (uptown local),bees; shade,
jack rybarczyk,carleton college-chop (carleton house of pancakes),the body,
jack salazar,washington-b (washington b),souf,
jack sanda,denver (sourdough),edina high school (edina high school varsity); forward motion; minnesota superior u20b,
jack savas,fairfield (fairfield stags),green mountain boys,
jack schmader,michigan (magnum); michigan-b (michigan-b),beef depot; diesel,
jack simmons,north carolina-charlotte (charlotte skyrise); northeastern (huskies),banc,
jack stark,kennesaw state (parliament),atlanta outlaws,
jack stephenson,appalachian state (nomads); georgia (jojah),delirium,
jack stinson,nevada-reno (elevation ultimate),sauce,
jack valentine,gold rush; utah (zion curtain),oakland ultimate; shrimp,
jack vietmeyer,virginia (night train),john doe,
jack waitz,middlebury (pranksters),7am,
jack walsh,north carolina-charlotte (charlotte skyrise),gambit; queen city kings,
jack walters-medaris,minnesota (grey duck); minnesota (minnesota a),mad men,
jack walton,vanderbilt (armada),nashville mudcats; nocturnal,
jack warner,virginia-b (night train b),hb boys,
jack waxman,cornell (buds),garden state ultimate,
jack weber,wisconsin-la crosse (badluc),cognitive disconance,
jack weinberg,oregon state (beavers); oregon state-b (oregon state b),make it rain; name brand,
jack wellons,washington university (contra),tanasi; villains; womp,
jack whitehead,virginia tech-b (virginia tech b); william & mary-b (seahorse),crypt; give me death; l.u.t $ack,
jack wier,washington-b (washington b),seven gills,
jack wilkinson,texas tech (tumbleweed),deaf fruit,
jack wilson,george washington (g-dub hippos); george washington-b (g-dub bippos); south carolina (gamecock ultimate),endgame; riverside,
jack wolf,loyola-chicago (darkwing),roundhouse,
jack ziemer,colorado (mamabird),inception; lotus,
jackson akin,colorado state (hibida),austin amigos; choice city hops; riverside,
jackson amigh,notre dame (papal rage),triiident,
jackson armstrong,georgia tech (tribe); georgia tech-b (tribe),atlanta outlaws; two-headed goose,
jackson baldwin,rit (rit spudheds),dap lab; dapper; rochester open club; suny-binghamton (suny-binghamton),
jackson biggs,northeastern (huskies); northeastern-b (beastern),iditarod; mbta; overdrive,
jackson bramlette,columbia (uptown local),uptown local y,
jackson bushore,east tennessee state (dry bones); tennessee-chattanooga (swamp donkeys),tanasi; tennessee folklore,
jackson cade,minnesota (grey duck),climax; dinkytown doughboys; mallard,
jackson carawan,north carolina-asheville (mudpuppy); north carolina-asheville (unc asheville mudpuppy),hydra,
jackson chidiac,vassar (swinging monks),brooklyn tech support plus; vassar (swinging monks),
jackson currier,oregon state (beavers),oregon eruption!; trainwreck and friends,
jackson danley,colorado mines (entropy); colorado mines-b (entropy - b),parlay,
jackson de campos,brown (brownian motion),zyzzyva,
jackson dehoust,christopher newport (skymaul),brackish; jolly roger,
jackson duncan,pennsbury (pennsbury); temple (alert),jawn,
jackson dye,clemson (joint chiefs of waft),banc; gambit; parlay; queen city kings; space cowboys,
jackson egbert,utah state (scotsmen); utah state (usult),cache valley high ground,
jackson ferris,iowa state (isuc),overdrive,
jackson forebaugh,st olaf (berzerkers),switchback,
jackson franke,north carolina-charlotte (charlotte skyrise),gambit,
jackson freeman,washington university (contra),lounar,
jackson friday,california-santa cruz (slugs); california-santa cruz-b (ucsc b (ooze)),bay dog; wavestorms,
jackson gardner,brigham young (chi),sundance kids; utah hatu,
jackson goldsmith,south carolina (gamecock ultimate); south carolina-b (south carolina),black gold,
jackson guo,johns hopkins (dangerzone),beef depot (development)-dev,
jackson hammond,sonoma state (grapes of wrath); utah (zion curtain),powderhogs; x wives-a,
jackson heglie,oregon (ego),dark star; little teapots,
jackson hill,california-santa barbara (black tide),7am; offshore,
jackson hoewing,iowa (ihuc); iowa-b (iowa-b (hucititis)),tofu junction,
jackson hogan,valparaiso (vult),shenanigans; stl moonar,
jackson hollander,wisconsin-whitewater (sub*par),black lung; bux; spoon y-d; trident i,
jackson jewett,ucla (smaug),make it rain; nsfw,
jackson kelly,suny-fredonia (terrifying turtles),buffalo practice players,
jackson kiedaisch,illinois (rise); illinois-b (boomland),roundhouse; trident ii,
jackson killilea,kenyon (serf),skeleton squad,
jackson kim,ucla (smaug); ucla-b (ucla smoke),oat,
jackson klingenberg,liberty (flames),l.u.t $ack; mob ultimate,
jackson lange,tennessee (tennessee),tennessee folklore,
jackson langhout,florida-b (florida b),central arkansas surge,
jackson leding,vermont (chill),resurgam ultimate,
jackson lutz,boston college (eagles),mystik dan; phantom,
jackson macdonald,john brown (ironfist),dreadnought: battleship-b,
jackson mccausland,wisconsin-milwaukee (black cat),bux; cream city crooks; mad men; mke,
jackson mcguinness,northeastern (huskies); northeastern-b (beastern),iditarod; scoop,
jackson mead,texas state (texas state buckets); texas united,texas united,
jackson meakins,george mason (meteors),beef depot; john doe,
jackson meisner,north carolina state-b (six pack); north carolina state-b (sixpack),carolina sky,
jackson moore,purdue (undue ultimate),bird patrol; lafayette street dogs,
jackson morton,oklahoma (apes of wrath),supercell,
jackson odaniel,miami (ohio) (miami boogiemen),cincinnati flying piglet; flying pig,
jackson potts,texas state (texas state buckets),doublewide; flash flood; texas swing; texas two step; texas united,
jackson rebraca,virginia commonwealth (biscuit villains),crypt; richmond floodwall,
jackson reed,christopher newport (skymaul),brackish; shipyard,
jackson riddle,wisconsin-stevens point (homegrown),kfc; timber,
jackson scarbrough,dartmouth (pain train),villains,
jackson seltzer,marquette (birdhouse),mke,
jackson shorey,ohio state (leadbelly),babe; nashville mudcats; nocturnal,
jackson stanley,north carolina-asheville (unc asheville mudpuppy),hydra,
jackson trone,carnegie mellon (mr. yuk),pittsburgh stealers; red lotus,
jackson turner,clemson (joint chiefs of waft),choice city hops,
jackson vondrak,wisconsin-platteville (udderburn),middleton high school (middleton ultimate),
jacky chung,pittsburgh (en sabah nur),pittsburgh temper; puppies; redwolves; sord; town hall stars; vault; watchdogs,
jacob anderson,harding (harding apocalypse); wesleyan (nietzsch factor),dreadnought: battleship-b,
jacob anthuvan,notre dame (papal rage); ohio state (leadbelly),babe; flying dutchmen,
jacob arehart,union (tennessee) (union jaxx),crossfire; second nature,
jacob badger,iowa state (isuc),demo,
jacob barnard,william & mary (merry men),bryce whitney fan club,
jacob boyce,brigham young (chi); brigham young-b (chi b); washington-b (washington b),sundance kids; utah hatu; wretched refuse,
jacob brodkorb,carthage (carthage blitz),fuse; house,
jacob bultman,alabama (yellow hammer),chimney; forest city; gentlemen's club; ironmen,
jacob buono,suny-albany (scam),dirty laundry,
jacob cich,auburn (aetos),alliance; capitol city chaos,
jacob cotton,arizona state (prime),drought; monsoon,
jacob cowan,grinnell (grinnellephants),blueprint; pony,
jacob croskey,georgia (jojah),atliens; banc,
jacob culver,kentucky (kult),colonels,
jacob daitzman,mit (grim beaver),crossfire; pineapple,
jacob deppmeier,california-davis (davis dogs),green river swordfish,
jacob dibley,grand canyon (lopes),nighthawk,
jacob dillard,virginia (night train),atliens,
jacob ellens,illinois-b (boomland),shift,
jacob evans,colorado state (hibida); colorado state-b (bibida),lost boys,
jacob felton,davenport (panthers),beacon; tanasi,
jacob frasu,miami (ohio) (miami boogiemen); miami university (ohio) (miami boogiemen),bag,
jacob gaines,florida tech (florida tech competitive),florida untied; uproar; warao,
jacob geisberg,tulane (tucks),rougaroux,
jacob geisen,southern illinois-edwardsville (geese); southern illinois-edwardsville (siege); southern illinois-edwardsville (ultimate e-ville),lounar; stl moonar,
jacob george,ave maria (gyrenes),bird patrol,
jacob gowan,kentucky (kult),black lung,
jacob graybow,georgetown (justice),magma bears; mort,
jacob green,north carolina state (nc state alpha),banc,
jacob greenhill,tulane (tucks); tulane-b (tulane b),atliens,
jacob grinberg,georgia tech-b (tribe),atlanta outlaws,
jacob groner,cornell (buds),oc crows,
jacob guzi,tennessee (tennessee),parlay; tanasi,
jacob ham,alabama (yellow hammer),winc city fog; winc city fog of war,
jacob harris,illinois-b (boomland),riptide-b; trident ii; triiident,
jacob helfrich,western washington (dirt),emerald city; grudge; switchback; waste management squad,
jacob herz,delaware-b (sideshow); william & mary (merry men),mad men; red squirrels; vault,
jacob ho,florida (florida); florida-b (florida b); wisconsin (hodags),colorado cutthroat u-20 boys; colorado cutthroat: youth club u-20 boys; red lotus,
jacob hoffman,green canyon (green canyon - a); purdue (undue ultimate); purdue-b (ctrl-z),cache valley high ground; list; on ramp; seattle blacklist,
jacob humenik,edinboro (haggis),chemical x; smogborn,
jacob johnson,embry-riddle (dirty birds),imperial; overdrive,
jacob keister,western washington (dirt),ghost train; switchback,
jacob kemmer,boise state (mamu zaldi),sawtooth,
jacob kincaid,western carolina (western carolina catamounts),gambit,
jacob koons,grace (lancer ultimate),on ramp; parking lot,
jacob korotkin,suny-buffalo-b (buffalo grinch); suny-buffalo-b (buffalo mixed),buffalo frostbite; long island riff raff,
jacob lamont,drake university (duc),the body,
jacob langenbach,appalachian state (nomads),triumph,
jacob larue,massachusetts -b (umass amherst developmental); massachusetts-b (umass amherst developmental); rhode island (riut),rugrat knights-a,
jacob latronica,central connecticut state (blue barracudas),colt,
jacob lebeuf,providence (pc ulty),riverside riptide,
jacob lee,california-santa cruz-b (ucsc b (ooze)),black gold; buda regional cut-b,
jacob leslie,michigan-b (michigan-b),slimjim fc,
jacob levine,north carolina state (nc state alpha),brickhouse,
jacob lex,christopher newport (skymaul),brackish; shipyard,
jacob linares,san jose state (spartans),battery,
jacob lipford,alabama (yellow hammer),alliance; ironmen; tanasi; war machine,
jacob little,suny-buffalo-b (buffalo grinch),buffalo frostbite,
jacob livesay,georgetown (justice),john doe; supercell,
jacob long,rensselaer polytechnic institute (trudge),blink; blink-122 weekends; momintum,
jacob loschinskey,tennessee-chattanooga (swamp donkeys),memphis belle,
jacob louie,appalachian state (nomads),raleigh-durham united,
jacob loveranes,virginia tech (burn),oakgrove boys; truck stop; vault,
jacob lukose,purdue (undue ultimate),brooklyn tech support plus,
jacob luksik,clemson (joint chiefs of waft),lost boys; space cowboys; triumph,
jacob maciag,west chester (west chester (a)),dub club,
jacob mannes,maryland (maryland ultimate),town hall stars,
jacob markus,minnesota (grey duck); minnesota (minnesota a); minnesota-b (ugly duckling),dinkytown doughboys,
jacob mathew,missouri s&t (miner threat),night owl,
jacob mcclary,south carolina (gamecock ultimate),lost boys,
jacob mccoy,vermont-c (chill b),big gordo's racing,
jacob mceachern,cincinnati (bearcats),flying pig; solar eclipse,
jacob meehan,suny oswego (flying monkeys),alibi; mohawk valley wild; motive,
jacob meves,oklahoma (apes of wrath),supercell; zoboomafoo,
jacob miller,brigham young (chi),omen; pando; powderhogs; shrimp; southern hospitality,
jacob milne,cedarville (swarm),beef depot; enigma,
jacob morrow,nebraska (cornfed ultimate),friendly fire; friendly fire-c,
jacob muench,wisconsin-eau claire (eauzone),nomad,
jacob mulugeta,washington-b (washington b),ave; seven gills; souf,
jacob mumme,arizona state (prime),monsoon; sprawl,
jacob mundo,british columbia (thunderbirds),blackfish,
jacob nicolson,towson (pandamonium),bomb squad; mob ultimate,
jacob ode,california-davis (davis dogs); minnesota-b (ugly duckling),knights of ni; swordfish; the body,
jacob oliver,george mason (massacre),watchdogs,
jacob pellett,american (stall 11); american-b (revolution),beef depot,
jacob pickett,richmond (spidermonkeys),raptor,
jacob ploeger,new mexico (hanta virus),carbon; dawg pound; false summit; ice bros; iso atmo; riverside messengers-b; tugboat,
jacob prunes,temple (alert),citywide special; phantom,
jacob radack,texas (tuff),doublewide; truck stop,
jacob robblee,heartbreak; whitworth (bangarang),heartbreak,
jacob rollins,case western reserve (fighting gobies[a]),chimney; pittsburgh temper,
jacob romero,rutgers (machine),rebels,
jacob rosys,suny-buffalo-b (buffalo grinch),long island riff raff,
jacob russell,denver (sourdough),green mountain boys; tugboat,
jacob sak,wisconsin (hodags),dangerous unidentified mystical beast,
jacob sames,texas (tuff),austin amigos; doublewide; gaucho,
jacob sencer,emory (emory juice),pulp,
jacob shade,dc recruits; george mason (massacre),oakgrove boys; puzzles; winc city fog of war,
jacob sheedy,maryland (maryland ultimate),helots; red wolves; town hall stars,
jacob shockley,iowa state (isuc),bemo; black market ii; demo; trident ii,
jacob sigeti,virginia tech (burn); virginia tech-b (virginia tech b),buffalo frostbite; pittsburgh stealers,
jacob slade,virginia tech (burn),fathom; little red wagon; munch box; vault,
jacob smith,brandeis (tron),jelly straus; revolver; southern hospitality,
jacob snodgress,ucla (smaug),oc crows,
jacob spiegel,central florida (dogs of war); central florida-b (havoc),bud; certified scrubs,
jacob spillars,texas-dallas (woof),brawl; texas tea-a,
jacob suchman,davidson (duff),gambit; nc brickhouse-upper,
jacob suchomel,texas (tuff),riverside; zoo,
jacob szafranski,dayton (flud); dayton-b (ud flud b),pittsburgh stealers,
jacob thomae,iowa state (isuc),demo; mke,
jacob tindall,washington university (contra),lounar,
jacob tongier,virginia commonwealth (biscuit villains),crypt; give me death; richmond floodwall,
jacob wakefield,john brown (ironfist),dreadnought,
jacob warmath,case western reserve (fighting gobies[a]),chimney; riverside,
jacob wham,wisconsin (hodags); wisconsin-b (fauxdags),mad men,
jacob wickey,texas christian (high noon),womp,
jacob zundel,brigham young (chi),utah hatu,
jacobb murphy,north carolina-wilmington (seamen),right coast,
jacques nissen,brown (brownian motion),foggy bottom boys; john doe; truck stop,
jacques paradis,claremont (braineaters),oat; scoop,
jaden alamsya,iowa state (isuc); iowa state-b (yeastie boys),demo,
jaden alexander,suny-buffalo-b (buffalo grinch),buffalo frostbite; frostchomp,
jaden fielding,ottawa (gee-gees),blackfish; phoenix,
jaden fitch,ithaca (nawshus ultimate),odyssey,
jaden gentles,trinity (turbulence),a la carte-b,
jaden hanold,michigan state (arc),diesel; eldl; marc,
jaden medley-fowlkes,georgia state (underground),atlanta arson; atliens,
jaden pyne,utah valley (utah valley ultimate),lake city inversion,
jaden reid,alabama-huntsville (nightmares),clumsy by nature; rampage; ronin,
jaden sailer,connecticut (uconn huskies),chemical x; odyssey,
jaden scutero,colorado cutthroat: youth club u-20 boys,dawg pound,
jaden simpson,depaul (duc),roundhouse,
jaden verlaan,mcgill (mut),club m - manic; mephisto,
jaden zou,cornell (buds),los buds,
jadin johnson,southern illinois-edwardsville (geese); southern illinois-edwardsville (siege),stl goonar,
jadon finkelor,gold rush; western washington (dirt),green river swordfish; unrestricted free agents,
jae lee,massachusetts (zoodisc),amherst orlando magic; buda u20b; duck and cover; retired; sprout; tirebizfriz,
jaeden powell,texas a&m (dozen),texas duffy,
jaedron mueller,trinity (turbulence); trinity university (turbulence),alamode; san antonio warhawks; throwing shade,
jahiem upchurch,davenport (panthers),zoo animals,
jaidan bradley,colorado cutthroat u-20 boys,colorado cutthroat u-20 boys two,
jaiden mcguinness-cook,arizona state (prime); arizona state-b (pleasure),bonsoon,
jaime befeler,saint louis (archangel); tulane (tucks),lounar; stl lounar,
jaimen grove,western washington (dirt),seven gills,
jaimin reddy,georgia tech-b (tribe); kennesaw state (parliament),atlanta outlaws; yee-haw,
jajuan sanders,indiana (hoosiermama?s); temple (alert),citywide special,
jak lin,washington (sundodgers),sockeye,
jake altom,purdue (undue ultimate); purdue-b (ctrl-z); purdue-c (ctrl x),parking lot,
jake anderson,northern arizona (el ponderoso),monsoon,
jake bechtel,california-santa barbara-b (black out),offshore,
jake blatt,michigan state (arc),black market i,
jake blue,cincinnati (bearcats),endgame; enigma; omen,
jake carrico,kentucky (kult),black lung; mad men,
jake chipper,clemson (joint chiefs of waft),space cowboys,
jake fujiwara,illinois (rise),roundhouse,
jake givens,auburn (aetos); jacksonville state (firebird ),alliance; alliance 2,
jake grenier,colorado mesa (colorado mesa mavericks),colorado mesa (colorado mesa mavericks),
jake hageman,arizona (sunburn),nighthawk,
jake hanson,purdue (undue ultimate),lounar,
jake heimlich,purdue (undue ultimate),choice city hops; friendly fire; friendly fire-c; lafayette street dogs,
jake hooper,san diego state (federales ),skipjack,
jake johnson,suny-oneonta (sofa (a)),alamode; enigma; happyboise-jv; rhino slam!,
jake klasky,wesleyan (nietzsch factor),connecticut 9 to 5; make it rain; mystery gang,
jake kovalic,michigan (magnum),mango tree; nain rouge; shade,
jake lochhead,carleton university (ravens),shrike,
jake nemiroff,nyu (new york university ),ballston booya; haze,
jake niefeld,kansas (horrorzontals),kansas city smokestack,
jake obrien,connecticut college (dasein),deepfake,
jake olney,hofstra (flying dutchmen),hofstra (flying dutchmen),
jake paulson,grand canyon (lopes),nighthawk,
jake powell,georgia (jojah),atliens; delirium,
jake ridenbaugh,california-santa barbara (black tide); trinity (turbulence); trinity university (turbulence),a la carte-b; riverside messengers; throwing shade,
jake rivett,michigan-b (michigan-b),mischief,
jake rubin-miller,wisconsin (hodags),haymaker; ironside,
jake sanders,cornell-b (cornell-b (shake)),atl b,
jake schachter,lehigh (lehigh ); pennsbury (pennsbury),citywide special; happy valley roofing and mustache supply,
jake schwartz,north carolina (darkside),cash crop 2; ring of fire,
jake shoyer,southern california (usc lockdown),emerald city; hazard; nocturnal; watchdogs; womp,
jake sperry,pittsburgh (en sabah nur); pittsburgh-b (university of pittsburgh- b); rice (cloud 9),clutch; pittsburgh stealers,
jake stahl,case western reserve (fighting gobies[a]); case western reserve-b (fighting gobies),exhaust pipe; scoop,
jake swalec,illinois chicago (juice ); illinois-chicago (juice ); university of illinois at chicago (juice ),rubicon rapids; shift; trident ii,
jake thomason,arizona (sunburn),nighthawk; sonoran dog,
jake thorne,cal poly-slo (slocore),revolver; ring of fire,
jake wahl,cincinnati (bearcats),i-69,
jake worthington,texas (tuff),doublewide; joe sefton's little heroes; lil heroes; texas united,
jakob ayala,washington university (contra),helots,
jakob dabkowski,grand valley state (lakers),beacon,
jakob de swaan arons,colby (cdc (men's)),bodega cats; dirty laundry,
jakob farness,depaul (duc),ditto a,
jakob kinoy,ucla (smaug),nsfw,
jakob lehmann,rutgers (machine),adelphos; rugrat knights-a,
jakob steen,washington (sundodgers),voodoo,
jalal sylvester,cincinnati (bearcats); cincinnati -b (bearcats b),big booty men; black gold; cmen; dynasty; texas tea-a,
jalen bolton-steiner,ithaca (nawshus ultimate),odyssey,
jamal taylor,south florida (scallywags); south florida-b (scourge),players into serious sports,
jamel anderson,minnesota-c (rubber ducky),mallard ii,
james (jimmy) beckman,northeastern (huskies),colt; scoop,
james alzona,carnegie mellon (mr. yuk); carnegie mellon-b (poison control),beef depot; pittsburgh stealers,
james bailey,southern connecticut state (owls ultimate),friendly fire; nox,
james baker jr,michigan (magnum),beacon; nain rouge,
james beightol,suny-fredonia (terrifying turtles),buffalo practice players,
james bell,vermont (chill),red tide; resurgam ultimate,
james bellizia,vermont-b (chill dev),bang; tbd,
james berliner,massachusetts-lowell (riverhawks),bag,
james bott,ohio state (leadbelly),babe; fine giant,
james boyd,duke (brimstone),brickhouse; triforce,
james brigman,rice (cloud 9),quaze,
james briscoe,wisconsin-eau claire (eauzone),nomad,
james butz,cincinnati (bearcats); cincinnati -b (bearcats b),endgame,
james byrd,columbia (uptown local); uptown local y,columbia (uptown local),
james cairn,vermont (chill),buda; buda u20b; burly; shades; sprout,
james chilton,duke (brimstone),nc brickhouse-upper,
james clark,berry (bucks),harvest moon,
james conley,north carolina-b (batch),nc brickhouse-upper; tugboat,
james crews,carnegie mellon (mr. yuk),slag dump; space force,
james crosnoe,trinity (turbulence); trinity university (turbulence),alamode; riverside messengers,
james davis,south carolina (gamecock ultimate),cockfight; stl moonar,
james dusenbury,georgia-b (chillydawgs),savannah wild,
james flaggert,dartmouth (pain train),ghost train; skeleton squad,
james freeman,santa clara (scab); santa clara-b (scratch),clapham ultimate,
james frink,drexel (spitfire),ez,
james friscia,hellfish bumblers,oakgrove boys; vault,
james hamilton,hillsdale (chargers),maumee boys,
james harms,mississippi state (dark horse); mississippi state-b (trenches ),prism; southern hospitality,
james harvey,wisconsin-eau claire (eauzone),nomad,
james henderson,delaware (sideshow),mob ultimate,
james hopkins,northeastern-c (salty c dogs),mbta,
james jordan,rit (rit spudheds),dap lab,
james joyce,california-santa cruz (slugs),wavestorms,
james kaine,wisconsin-milwaukee (black cat),milwaukee revival,
james kaminski,suny binghamton-b (binghamton [b] y); suny-binghamton-b (suny-binghamton b),charleston heat stroke,
james karl,missouri (missouri),haymaker; haymaker x; illinois youth ultimate - u20; roundhouse; spoon x-freshman; trident i,
james kenneally,boston college (eagles),mystik dan,
james kennelly,case western reserve (fighting gobies[a]),barden btate bultimate; chimney; garden state ultimate,
james kloss,michigan state (arc),clutch; east lansing detroit lions; tanasi; womp,
james lindquist,lsu (purple haze),louisiana second line,
james lockamy,north carolina-wilmington (seamen),brickhouse; right coast,
james lund,texas-san antonio (siesta),riverside,
james mcewan,new haven (chargers),magma bears,
james mcguinness,california-san diego (air squids),iso atmo; skipjack; streetgang,
james meredith,alabama-birmingham (inferno),war machine,
james mozden,indiana (hoosiermama?s); indiana-b (hoosierdaddy!s),town hall stars,
james mullmann,cornell (buds),citywide special,
james murphy,rit (rit spudheds),dreadnought; queen city kings,
james myatt,spring hill (shuc); spring hill college (shuc),battleship; rush hour atl; swarm,
james neville,boston college (eagles),bodega cats; mystik dan,
james novinski,north texas (unt),dallas delinquents,
james pekel,davenport (panthers),zoo animals,
james pitts,amherst regional (hurricanes),yeuth-and-age-sia,
james quinn,brandeis (tron); wisconsin-b (fauxdags),dcviii; rubicon rapids,
james rebholz,wisconsin-milwaukee (black cat); wisconsin-milwaukee-b (blackout),void,
james reed,stanford (stanford bloodthirsty); tarleton state (texan ultimate),foggy bottom boys; hb boys; shrimp discs,
james russell,appalachian state (nomads),atlanta arson,
james shaw,memphis (bluff ultimate); university of memphis (bluff ultimate),junco; rhino slam; rhino slam!; watchmen,
james shea,st joseph's (st. joseph's dirty birds),ez,
james smith,ithaca (nawshus ultimate),beef depot (development)-dev,
james spencer,brigham young-b (chi b),sundance kids,
james then,baylor (stonewall a); baylor (stonewall),dallas delinquents,
james thomas,alabama-b (yellow hammer); davenport (panthers); north carolina-wilmington (seamen),eldl; right coast,
james tibolla,connecticut (uconn huskies); syracuse (doom),colt,
james tindell,mississippi state (dark horse); mississippi state -b (trenches ); mississippi state-b (pony express); mississippi state-b (trenches ),cookie mon$terz; golden triangle ultimate,
james tinker,vermont-b (chill dev),bang,
james tishler,wisconsin-oshkosh (ufo),choice city hops,
james wang,maryland-b (astro quakers); southern california (usc lockdown),"bgf sl,ut; f-words; fight club",
james weilert,suny-cortland (team rocket),long island riff raff,
james whealan,cal poly-slo (slocore),oc crows; offshore; revolver,
james white,virginia commonwealth (biscuit villains),crypt; jolly roger,
james wickham,wentworth (concrete jungle),odyssey; resurgam ultimate,
james wolf,rit (rit spudheds),mavericks,
james zhu,virginia (night train),watchdogs,
jamey duong,houston (skyline),clutch; rice box,
jamie everson,western washington (dirt),black market ii; seven gills,
jamie falkovich,ithaca (nawshus ultimate),dapper; rochester open club,
jamie kauffman,seattle (throbot); seattle (throbots),waste management squad,
jamie overbay,washington-b (washington b),seven gills,
jamie roan,bowdoin (clown),bowdoin (clown),
jamie staeben,virginia-b (night train b),ballston booya; hb boys,
jamie williford,north carolina-charlotte (charlotte skyrise),brickhouse,
jamie wright,gonzaga (guru ),heartbreak,
jamieson rear,cal poly-slo (slocore),oregon trainwreck,
jamison gibson,northern iowa (ammunition),loaded panda,
jan nowak,george washington (g-dub hippos),bfd lafotta,
jan sames,penn state-b (lovetap),impulse,
jan woolfork,kent state (kent state damn gravity),burning river; scoop,
janeil guada,california-san diego (air squids),bay dog,
jared backhus,south florida (scallywags); south florida-b (scourge),tampa tempest,
jared beazley,tennessee-chattanooga (swamp donkeys),tanasi; villains,
jared bennett,georgia (jojah),predator; truck stop,
jared bentz,suny-oneonta (sofa (a)),mohawk valley wild,
jared brodie,chicago (fission),ditto a; hydra,
jared eudy,auburn (aetos),alliance 2,
jared fuls,wisconsin-whitewater (sub*par),kfc; timber,
jared kannel,carleton college (cut),big wrench; snip snip,
jared kartschoke,pittsburgh-b (university of pittsburgh- b),bang; pittsburgh stealers,
jared kazhe,california-b (ursa minor),east bay earthworms,
jared kim,amherst (army of darkness),magma bears; shade,
jared laurito,suny-fredonia (terrifying turtles),buffalo frostbite; buffalo open,
jared mckay,missouri s&t (miner threat),black lung; kansas city smokestack; mad-at-door; miner magic; stl moonar; supercell,
jared meisel,notre dame-b (opus d's),dirty laundry; motive,
jared milonas,colorado mesa (colorado mesa mavericks),colorado mesa (colorado mesa mavericks),
jared regruth,miami (ohio) (miami boogiemen),dynasty; endgame; flying pig; omen; the boys,
jared schwallie,michigan (magnum),big wrench; mango tree; nain rouge,
jared sorensen,utah valley (utah valley ultimate),lil’ huckers; sundance kids; utah hatu; wretched refuse,
jared tellez,washington (sundodgers),ave; souf,
jared thornberry,saint louis (archangel),stl goonar; stl moonar,
jared waite,utah state (scotsmen),cache valley high ground,
jaren brooks,sul ross state (sul ross ultimate),shrimp discs,
jaren newswander,utah state (scotsmen); utah state (usult),old ephraim,
jaren robbins,north carolina-charlotte (charlotte skyrise),banc; queen city kings,
jarett cox,florida (florida),florida untied; hammerhead; uproar; vicious cycle,
jarin moonrising,american (stall 11),little teapots,
jarom brandow,utah (zion curtain),shrimp; the killjoys; utah hatu; wretched refuse,
jarom bush,east tennessee state (dry bones),electricity; fat stacks; seven out,
jaron rosenberg,suny-binghamton-b (suny-binghamton b),suny-binghamton-b (suny-binghamton b),
jarrell imamura,case western reserve (fighting gobies[a]),chimney,
jarrett swanson,jacksonville state (firebird ),alliance; little red wagon; mint; swarm; war machine,
jashandeep jassal,new jersey tech (highlanders),new jersey tech (highlanders),
jason bailey,akron (goonsquad),scoop,
jason berozi,suny-binghamton (suny-binghamton),long island riff raff; suny-binghamton (suny-binghamton),
jason berube,rhode island (riut),niiight; odyssey,
jason chinitz-mital,princeton (clockwork),trainwreck and friends,
jason deal,boston college (eagles),mystik dan,
jason dejung,iowa state (isuc),dingwop,
jason dick,texas-dallas (woof),gamble; impulse; nitro,
jason eames,alabama-huntsville (nightmares); utah valley (utah valley ultimate),r&d; rampage; ronin; war machine,
jason eisen,james madison (hellfish),winc city fog of war,
jason ellis,chico state (chico state),colt,
jason evans,emory (emory juice),atlanta arson; little red wagon,
jason ford,bentley (icehouse),alibi,
jason furbee,rutgers (machine),pride of rowan newark; rugrat knights-a,
jason guerrero,south florida (scallywags); south florida-b (scourge),players into serious sports,
jason gutstadt,gold rush; oregon (ego),oakland ultimate; oat,
jason haehl,purdue (undue ultimate),colonels; momintum,
jason hawkins,delaware (sideshow); maryland-baltimore county (booya),bearfest; john doe; mob ultimate; redwolves,
jason huang,san jose state (spartans),creaky; little teapots; oat; red dawn,
jason hughes,suny-buffalo (green eggs and ham),geh; magma bears; overcast,
jason hustad,texas-dallas (woof),doublewide; nitro; prime; riverside ultimate,
jason johnson,east carolina (irates),slugfest; trout,
jason kempe,iupui (jaguars),i-69,
jason li,nyu (new york university ),haze; helots; not a sport; riverside,
jason luciani,iowa state (isuc); iowa state-b (yeastie boys),sprawl,
jason manning,north carolina (darkside),cash crop 2,
jason otsuki,colorado (mamabird),bonafide scrubs; colorado cutthroat; inception,
jason paul,northwestern (nut),hazard; illinois youth ultimate - u20,
jason rivas,texas-b (graze),riverside messengers; riverside messengers-b,
jason sgroi,providence (pc ulty),riverside riptide,
jason strickland,suny-geneseo (snail),dap lab,
jason tapper,brown (brownian motion),dig; mystery box; scoop,
jason tran,duke (brimstone); south florida-b (scourge),second nature,
jason valverde,hofstra (flying dutchmen),long island riff raff,
jason yang,gunn (control),buda regional select,
jason zeidman,california-santa barbara (black tide),las vegas nuke; offshore; sundowners,
jason zhou,case western reserve (fighting gobies[a]),deepfake; exhaust pipe; scoop,
jasper beardslee,bates college (orange whip),blueprint; shade,
jasper brown,whitman (whitman sweets),sebastopol orchard,
jasper dean,washington (sundodgers),sockeye,
jasper goldman,montana state (rum runners),big gordo's racing,
jasper pearcy-kahn,colorado cutthroat: youth club u-20 boys; middlebury (pranksters); middlebury-b (branksters),false summit; fungi; red lotus,
jasper priest,carleton college (cut),make it rain; mallard x; minnesota superior a; nomad,
jasper skinner-sloan,st. olaf (berzerkers),mallard; mallard x; overdrive,
jasper smith,vassar (swinging monks),brooklyn tech support plus; vassar (swinging monks),
jasper turner,vermont-b (chill dev); vermont-c (chill b),bang; popperton ultimate frisbee; reál hogs fc-b,
javier baluyut,dartmouth (pain train),battery,
javier emilio henriquez,chicago (fission),roundhouse,
javier flores,sul ross state (sul ross ultimate),rice box; shrimp discs; texas tea-a,
javier gonzalez-recober,penn state (spank),garden state ultimate; night owl; sepda night owl; updog,
javier pardo,yale (süperfly); yale - y (süperfly - y),little red wagon; sungho moon,
javin smith,oklahoma christian (eagles),barnstorm; nosey,
jax leong,suny-stony brook (panic),suny-stony brook (panic),
jaxon davrill,california-santa cruz (slugs),wavestorms,
jaxon wilkins-graham,clemson (joint chiefs of waft),gvl trout,
jaxson baty,minnesota (grey duck),dinkytown doughboys; kenji's bbb,
jay bucciarelli,akron (goonsquad),forest city; scoop,
jay coble,south florida (scallywags),uproar,
jay everett,boise state (mamu zaldi),sawtooth,
jay lewer,carthage (carthage blitz),fuse; house,
jay lonetree,wisconsin-eau claire (eauzone),dcviii; nomad,
jay pierce,suny-buffalo-b (buffalo grinch); suny-buffalo-b (buffalo mixed),buffalo frostbite,
jay senstra,whitman (whitman sweets),make it rain,
jayden amirault,massachusetts -b (umass amherst developmental); massachusetts-b (umass amherst developmental); massachusetts-d (umass amherst developmental),bag; expendables; trout,
jayden ball,wright state (airstrike),enigma,
jayden feagans,north carolina (darkside),cash crop 2; haymaker,
jayden kazantsev,university of colorado boulder-c (cucu2),butterflies; colorado cutthroat: youth club u-20 boys,
jayden morfin,arkansas (ludicrous speed ),dreadnought: battleship-b,
jayden pulickal,california (ursa major); california-b (ursa minor),ursa,
jayden tull,flood ultimate,science leadership academy (rockets),
jayeesh chennupati,virginia-b (night train b),town hall stars,
jaylon boone,lsu (purple haze),atlanta arson; gang of disc,
jayson herrera,arizona state (prime); arizona state-b (pleasure),tempe tantrum,
jayson thomas,ball state (cardinals),on ramp,
jd ingendorf,oklahoma (apes of wrath),cowtown cannons; flash flood; supercell,
jd woodruff,carolina flyers youth academy u20,cash crop 2,
jeanluc rivas,saint louis (archangel),void,
jed cohen,johns hopkins (dangerzone),bomb squad; mob ultimate,
jed higdon,nyu (new york university ),haze,
jedi casas,washington state (air raid),junco; orcats,
jedidiah friendly,lewis & clark (bacchus ); lewis & clark-b (bbacchus),junco,
jedidiah hamilton,hillsdale (chargers),colonels,
jedidiah pratt,minnesota (grey duck),dinkytown doughboys; mallard; ope; overdrive,
jeff burda,illinois-b (boomland),shift,
jeff gao,illinois-b (boomland),u54,
jeff zeng,drexel (spitfire),adelphos; citywide special; rebels,
jefferson huang,suny-albany (scam); suny-albany-b (scam),alibi; motive,
jeffrey burdette,florida (florida); florida-b (florida b),vicious cycle,
jeffrey flanagan,tennessee (tennessee),tanasi; tennessee folklore,
jeffrey gale,james madison (hellfish); james madison-b (smellfish),winc city fog; winc city fog of war,
jeffrey gao,michigan (magnum),chicago machine; mango tree; nain rouge,
jeffrey greenblatt,tulane (tucks); tulane-b (tulane b),gang of disc,
jeffrey he,duke (brimstone),brickhouse; vault,
jeffrey jordan,mississippi (ole miss flagship); mississippi (ole miss rebels),southern hospitality,
jeffrey koch,utah state (scotsmen),cache valley high ground,
jeffrey laubscher,truman state (jujitsu),kansas city smokestack; nox,
jeffrey lefkovitz,illinois (rise); illinois-b (boomland),house,
jeffrey martin,alabama (yellow hammer),alliance,
jeffrey minowa,georgia tech (tribe),cerberus,
jeffrey zhao,texas-b (graze),messengers-b; riverside messengers-b,
jeffy joshy,richmond (spidermonkeys),barnstorm; colt; queen city kings,
jens martin,iso atmo,dirtnap; iso atmo; name brand,
jens suhr,colorado state (hibida),inception; union,
jensen li,rit (rit spudheds),bomb squad; stuyvesant sticky fingers alumni,
jensen wells,brigham young (chi),bonneville flatball club; pando; shrimp; sundance kids,
jere goldsmith,alabama-huntsville (nightmares),apollo; rampage; second nature,
jeremiah greenwell,central florida (dogs of war),players into serious sports,
jeremiah matthews,claremont (braineaters),fork x-senior; trident ii; trident iii,
jeremiah smith,cosmic u-20 boys,cosmic u-20 boys; the incline,
jeremiah wiener,brown (brownian motion),new jersey gemini,
jeremy allen,maryland (maryland ultimate); maryland-baltimore county (booya); texas-dallas (woof),mob ultimate; sprawl; town hall stars,
jeremy baxter,mississippi state (dark horse); mississippi state -b (trenches ); mississippi state-b (trenches ); mississippi state-c (trenches b),cookie mon$terz,
jeremy becker,north carolina-charlotte (charlotte skyrise),crossfire; gambit,
jeremy bernier,connecticut (uconn huskies),buda; colt; dig,
jeremy boyle,texas-b (graze),riverside messengers-b,
jeremy delon,arkansas state (red wolf ultimate),the bucket brigade,
jeremy dolezal-ng,cal poly-slo (slocore),oat,
jeremy eland,temple (alert),citywide special,
jeremy gordon,puget sound (postmen),carbon; colorado cutthroat: youth club u-20 boys; mycellium; tugboat,
jeremy gray,case western reserve-b (fighting gobies),odyssey,
jeremy harris,arizona state (prime),arizona society of underachievers; drought; nighthawk,
jeremy heaton,navy-b (poseidon gold),omen,
jeremy hess,maryland (maryland ultimate),garden state ultimate; medicine men; town hall stars; truck stop; watchdogs,
jeremy keusch,indiana (hoosiermama?s),black sheep; brickyard; colonels; doublewide,
jeremy long,penn state (spank),adelphos; citywide special; ez; ghostbusters; happy valley roofing and mustache supply; philadelphia padawans; updog,
jeremy mack,penn state (spank); penn state-b (lovetap),happy valley roofing and mustache supply,
jeremy marchesani,iowa state (isuc); iowa state-b (yeastie boys),demo; loaded panda; zodiac,
jeremy martin,maryland-baltimore county (booya),mob ultimate,
jeremy morris,north florida (category 5),flux; psychedelic; raptor; reptar,
jeremy propp,mit (grim beaver),pineapple,
jeremy sanders,georgia (jojah),little red wagon,
jeremy weese,indiana (hoosiermama?s),dynasty; flying pig,
jericho stern,lewis & clark (bacchus ),junco,
jeron dastrup,brigham young (chi); brigham young-b (chi b),bonneville flatball club; haymaker; utah hatu; wretched refuse,
jerred smith,stanford (stanford bloodthirsty); stanford (stanford men's ultimate team),oregon eruption!; trainwreck and friends,
jerrel bushel,north carolina-charlotte (charlotte skyrise),banc,
jerry chen,western washington (dirt),waste management squad,
jerry he,duke (brimstone),raleigh-durham united,
jerry swider,cal poly humboldt (humboldt state buds); humboldt state (humboldt state buds),iso atmo; ravin’-d,
jerry tan,yale (süperfly); yale - y (süperfly - y),sungho moon,
jerry wang,davidson (duff); tufts (elephant men),bag; bruises; diy; scoop; somerville bag,
jesse bishman,south florida (scallywags); south florida-b (scourge),players into serious sports,
jesse chatwin,washington (sundodgers),make it rain,
jesse cwengros,western michigan (dark horse),eldl,
jesse hannan,indiana-b (hoosierdaddy!s),shenanigans,
jesse hartman,rensselaer polytechnic institute (trudge),rebels,
jesse johnson,depaul (duc),baemaker; beachfront property; chicago machine; haymaker; trident,
jesse laursen,st. olaf (berzerkers),overdrive,
jesse levisohn,brandeis (tron),bag,
jesse parker,tennessee (tennessee),tennessee folklore,
jesse rider,emory (emory juice),pulp,
jesse schwartz,american (stall 11 y); american (stall 11),bruises; nomad,
jesse strod,washington university (contra),bag; buda; castle; stl lounar,
jesse thornton,north carolina-wilmington (seamen),adelphos; ghostbusters; pride of rowan newark; right coast; updog,
jesse wang,southern california (usc lockdown); southern california-b (usc blockdown),junco,
jesse zawitkowski,southern illinois-edwardsville (siege),lounar; moon pigs,
jessie sellars,carleton university (ravens),phoenix,
jesus gonzalez,kennesaw state (parliament),delirium; dyno,
jet bristol-ramsay,oregon (ego),dark star; little teapots; red dawn,
jett house,northwestern (lake effect); northwestern (nut),roundhouse,
jett kirshtein,charleston (palmetto bums),charleston heat stroke,
jhan rosario,suny-buffalo-b (buffalo grinch),buffalo frostbite,
jiade zhang,toronto (tula),blackfish; pipe,
jiexuan fang,ucla-b (ucla smoke),sawtooth,
jimmy carreras,cal poly-humboldt (humboldt buds),sebastopol orchard,
jimmy chaudoin,carthage (carthage blitz),black market i; black market iii; fuse; house,
jimmy clarke,johns hopkins (dangerzone),citywide special; mutiny; phantom,
jimmy herbert,samford (dogma),alliance,
jimmy kearney,connecticut (uconn huskies); connecticut-b (grind),spring break '93,
jin zhang,michigan-b (michigan-b),impulse,
jinfu niu,california-irvine (nightlife),diesel,
jing lin,carnegie mellon (mr. yuk); carnegie mellon-b (poison control),hazard,
jinhu chung,rutgers (machine),rugrat knights-a,
jinming liu,columbia (uptown local); florida (florida),uptown local x,
jinyao zhou,washington (sundodgers),sockeye; souf,
jiwon woo,johns hopkins (dangerzone),bomb squad,
jj mcmonigal,carnegie mellon (mr. yuk),pittsburgh stealers; pittsburgh temper; space force; switchback,
jmani fenderson,illinois-chicago (juice ); university of illinois at chicago (juice ),trident ii,
joah siegel,california-santa barbara (black tide),oat,
joan garcia,arkansas (ludicrous speed ),arkansas (ludicrous speed ); dreadnought,
joaquin buenviaje,arizona (sunburn),monsoon,
joaquin fernandez odell,reed (hoot); reed (reeed); yale (süperfly),sungho moon,
joe bachraty,suny-buffalo (green eggs and ham); suny-buffalo-b (buffalo mixed),buffalo frostbite,
joe berni,baylor (stonewall a); baylor (stonewall),sprawl; zoo,
joe brod,maine (snositi),odyssey,
joe burroughs,aviators (aviators & friends),deepfake; mystik dan,
joe cercello,illinois state (gnomes),black market i; haymaker; illinois youth ultimate - u20; spoon x-freshman; trident; trident i,
joe chiappetta,cal poly-slo-b (slob),bay dog,
joe cota,missouri state (missouri state ultimate),powerline,
joe dosch,carnegie mellon (mr. yuk); carnegie mellon-b (poison control),pittsburgh stealers; pittsburgh temper,
joe gambino,suny-buffalo-b (buffalo grinch); suny-buffalo-b (buffalo mixed),buffalo frostbite,
joe gonnelli,new haven (chargers),long island riff raff,
joe hendrickson,minnesota-duluth (northern lights),minnesota superior a; the body,
joe jacobson,maine (blackfly); maine (snositi),neap tide; red tide,
joe mcgurgan,minnesota (minnesota a); minnesota-b (ugly duckling),nomad,
joe michaud,colorado (mamabird),bonafide scrubs; buda u20b; diz; scoop,
joe mirra,west chester (west chester (a)); west chester (west chester),citywide special; delco club; ez; updog,
joe molder,worcester polytech (whisper); worcester polytechnic (whisper); worcester polytechnic institute (bullets ultimate); worcester polytechnic institute (whisper),pittsburgh stealers; pittsburgh temper,
joe neglia,east tennessee state (dry bones),electricity; tennessee folklore,
joe norton,cleveland state (cleveland state vikings),scoop,
joe pozen,illinois (rise),u54,
joe rosenberg,tufts (elephant men),red tide; stl moonar,
joe salitsky,franciscan (fatal),hazard,
joe spaeth,charlottesville clownies; virginia (night train),crypt; puzzles; richmond floodwall; watchdogs,
joe spofforth,ohio state (leadbelly),flying dutchmen,
joe wilkie,cincinnati (bearcats),big booty men; colonels,
joel brown,washington university (contra),huckleberry; lounar; redwolves; stl lounar,
joel close,grace (lancer ultimate),i-69,
joel escobar amurrio,rochester (piggies),crossfire; hb woodlawn flatball; pgz,
joel ives,colorado (mamabird),inception; johnny bravo; lotus,
joel lee,emory (emory juice),atlanta arson; little red wagon; ronin; yee-haw,
joel maiman,maryland (maryland ultimate),castle; redwolves; town hall stars; vault; watchdogs,
joel miller,carnegie mellon (mr. yuk),battery; slag dump; streetgang,
joel polley,north texas (unt),gamble,
joel salazar,union (tennessee) (union jaxx),cookie mon$terz,
joel simon,carleton college (cut),night owl,
joel stennett,john brown (ironfist),dreadnought,
joel thomas,st thomas (purple reign),ope,
joelian barnett,penn state-b (lovetap); pittsburgh-b (university of pittsburgh- b),smogborn,
joey clarke,iowa state (isuc),trident,
joey fishkind,michigan state (arc),diesel,
joey ginsburg,utah (zion curtain),powderhogs; shrimp,
joey kennedy,illinois (rise),black market; chicago machine; illinois youth ultimate - u20; trident,
joey nichols,wichita state (wheaties); wichita state university (wheaties),meadowlark,
joey puma,suny-buffalo (green eggs and ham),dapper; rochester open club,
joey wang,carnegie mellon (mr. yuk),pittsburgh stealers,
johannes laurila,minnesota-b (minnesota b); minnesota-c (rubber ducky),dcviii,
john anderson,wisconsin-platteville (udderburn),climax; imperial; spin doctors; surly,
john anthony,"california state university, chico (chico state)",anchor; float; journeymen,
john baggenstoss,colorado (mamabird),evolution; johnny bravo; mint,
john blair,kentucky (kult),black lung; swarm,
john bradley,north carolina state (nc state alpha),brickhouse; cash crop 2; nc brickhouse-upper,
john brannon,texas christian (high noon),cowtown cannons; texas bbq,
john broling,florida state (duf),atlanta arson; vicious cycle,
john bruther,virginia tech (burn),garden state ultimate,
john buchanan,massachusetts-lowell (riverhawks),bag; lantern,
john butler,california-santa barbara-b (black out),green river swordfish,
john byrne,connecticut-b (grind),spring break '93,
john campbell,south florida-b (scourge); ucla (smaug),nsfw,
john cannon,northern iowa (ammunition),loaded panda; red bat,
john carbone,penn state (spank),mohawk valley wild,
john carey,saint louis (archangel),s l u r p,
john carrenard,connecticut (uconn huskies),connecticut 9 to 5,
john cleaver,delaware (sideshow),delaware (sideshow),
john clyde,texas (tuff),colt; joe sefton's little heroes,
john cohen,arizona (sunburn),sonoran dog,
john cordwell iii,tennessee (tennessee),music city mafia,
john deaver,north carolina-asheville (mudpuppy); north carolina-asheville (unc asheville mudpuppy),queen city kings,
john dellorto,arkansas state (red wolf ultimate),apollo,
john destross,minnesota-b (minnesota b); minnesota-b (ugly duckling); minnesota-c (rubber ducky),ope,
john drury,berry (bucks),romulus,
john durham,virginia tech (burn); virginia tech-b (virginia tech b),bryce whitney fan club; vault,
john edom,suny-binghamton (suny-binghamton),suny-binghamton (suny-binghamton),
john fogg,loyola marymount (lions); ucla-b (ucla smoke),carolina sky; hazard,
john gunville,marquette-b (birdfeeder),void,
john hall,worcester polytech (whisper); worcester polytechnic (whisper); worcester polytechnic institute (bullets ultimate); worcester polytechnic institute (whisper),gravy train; kalakala wiffleball club; winc city fog of war,
john hanish,purdue (undue ultimate),lafayette street dogs,
john hanni,brigham young (chi),bonneville flatball club; pando,
john helgeson,minnesota (grey duck),dinkytown doughboys; imperial; kenji's bbb; mallard; sub zero,
john kiely,yale (süperfly); yale - y (süperfly - y),sungho moon,
john kulikowski,stanford (stanford bloodthirsty),black market ii; blacker market; blacker market x; nasty girls,
john kupersmith,southern mississippi (smooth),barefoot,
john lafrance,john brown (ironfist),kansas city northern lines,
john laney,north carolina state (nc state alpha),brickhouse; cash crop 2; raleigh-durham united,
john lawton,north texas (unt),dallas delinquents,
john lee,duke (brimstone); wisconsin-stevens point (homegrown),triumph,
john lei,minnesota-b (ugly duckling); minnesota-c (rubber ducky),ope; the body,
john li,texas tech (tumbleweed),madhouse,
john liaz,oklahoma christian (eagles),barnstorm; supercell,
john loftus,california-san diego (air squids); california-san diego-b (air squids lite ),skipjack,
john maher,dc recruits,magma bears; westchester magma bears,
john markiewicz,missouri s&t (miner threat),drought; miner magic; stl moonar,
john marsh,missouri (missouri),haymaker; lounar; stl lounar,
john mathew,connecticut (uconn huskies),connecticut 9 to 5,
john maxwell,james madison (hellfish),winc city fog; winc city fog of war,
john mc guinness,suny-buffalo-b (buffalo grinch),arcane edge; long island riff raff,
john mcdonnell,north carolina (darkside),ring of fire; triforce,
john miles,texas tech (tumbleweed),deaf fruit,
john mismash,utah (zion curtain),popperton ultimate frisbee; powderhogs; shrimp,
john mogyordy,rochester (piggies),pgz,
john moore,oregon (ego); oregon-b (bucks),dark star; rip city; trainwreck and friends,
john morris,north carolina state-b (sixpack),nc brickhouse-upper,
john norris,alabama (yellow hammer),furious george,
john oldroyd,brigham young-b (chi b),ncfo,
john park,massachusetts -b (umass amherst developmental),crossfire,
john peterson,davenport (panthers); knox (river rats),eldl; zoo animals,
john piaskowski,ohio (trout),ohio (trout),
john randolph,brown (brownian motion),pony; sockeye; voodoo,
john ransburgh,tennessee (tennessee),music city mafia; nashvillians; tennessee folklore; villains,
john ready,davidson (duff); florida-b (florida b),oak grove boys,
john redmond,kansas (horrorzontals); kansas-b (kansas b (vertikills)),friendly fire; nox,
john rice-slothower,colorado (mamabird),nomad,
john rickel,north carolina state (nc state alpha),nc brickhouse-upper,
john riddle,east carolina (irates),duel,
john riley,massachusetts -b (umass amherst developmental); massachusetts-b (umass amherst developmental); north carolina (darkside),bag; cash crop 2; lantern,
john sands,maine (snositi),neap tide; red tide; rising tide u20b,
john santos,simon fraser (sfu red leafs),coast,
john savage,middlebury (pranksters),lil heroes; riverside,
john shields,auburn (aetos),bormingham sectionboi$; ronin; second nature; war machine,
john sickles,vermont (chill),barden btate bultimate; garden state ultimate; johnny bravo; tirebizfriz,
john simmons,liberty (flames),l.u.t $ack; resurgam ultimate,
john slot,central florida (dogs of war); central florida-b (havoc),bloom; bloomin' reptars; bud,
john smith,tennessee (tennessee),raptor; tennessee folklore,
john smolen,illinois-c (cornland),riptide-b,
john sowinski,north carolina (darkside),cash crop 2,
john stevenson,wisconsin-eau claire (eauzone); wisconsin-eau claire-b (breauzone),ope; ufo,
john stewart,colorado mesa (colorado mesa mavericks),buoyancy,
john supple,college of new jersey (revolution),buffalo frostbite,
john symeonidis,iowa state-b (bsuc),bemo; loaded panda,
john taylor,west virginia (wv wild),uproar,
john timmers,yale (süperfly),beef depot; colorado cutthroat: youth club u-20 boys,
john tyndall,indiana (hoosiermama?s),black sheep; shenanigans,
john vanderwege,syracuse (doom),dapper; rochester open club,
john wall,marquette (birdhouse),mke; void,
john williams,georgetown (justice); penn state (spank),garden state ultimate; happy valley roofing and mustache supply,
john williamson,auburn (aetos),bormingham sectionboi$; el niño,
john wood,north carolina-charlotte (charlotte skyrise),gambit,
johnathan mika,marquette (birdhouse),mad men b-b; milwaukee revival,
johnathon revell,cedarville (swarm),swarm,
johnny chen,california-santa cruz (slugs),battery; oat,
johnny haas,minnesota (minnesota a),mallard; minnesota superior b; minnesota superior u20b,
johnny jiang,suny-stony brook (panic),magma bears; shade; stuyvesant sticky fingers; stuyvesant sticky fingers alumni,
johnny quick,minnesota (minnesota a); minnesota-b (minnesota b),nomad,
johnny russell,claremont (braineaters),tugboat,
johnny sims,lsu (purple haze),clutch; h.o.g. ultimate,
johnny wong,stevens tech (stevens tech),stuyvesant sticky fingers alumni,
johnthomas atema,tennessee (tennessee),nashville mudcats; villains,
jon caravella,wisconsin-eau claire (eauzone),dcviii,
jon dorsey,harding (harding apocalypse),dreadnought; dreadnought: battleship-b,
jon rubertas,heartbreak,heartbreak; spokane flatline,
jonah abrams,harvard (red line),harvard (red line),
jonah barry,carleton college (cut),sprout,
jonah berman,michigan-b (michigan-b),beacon,
jonah engelmann,santa clara (scab); santa clara-b (scratch),mallard,
jonah erb,utah valley (utah valley ultimate),lil’ huckers; practice squad,
jonah feinstein,oberlin (flying horsecows),roundhouse; stl moonar,
jonah goldberg,portland state (vitruvious),oregon trainwreck; trainwreck and friends,
jonah golder,georgetown (justice); tulane (tucks),john doe; puzzles,
jonah hagstad,embry-riddle (dirty birds),louisiana second line; psychedelic,
jonah hammes,colorado cutthroat: youth club u-20 boys; oregon (ego),colorado cutthroat: youth club u-20 boys; iso atmo,
jonah hecker,suny-buffalo-b (buffalo grinch),buffalo frostbite,
jonah jimenez,rice (cloud 9),foxtrot; riptide; riverside,
jonah koehlert,carthage (carthage blitz),fuse; house,
jonah lee,charlottesville clownies,foggy bottom boys; watchdogs,
jonah lin,washington-b (washington b),make it rain; name brand,
jonah mani,victoria (vikes),oni; surf,
jonah moran,william & mary (merry men),bryce whitney fan club,
jonah rominski,grand canyon (lopes),drought; nighthawk,
jonah rubenstein,maryland-baltimore county (booya),emu,
jonah sparling,yale (süperfly); yale - y (süperfly - y),beef depot,
jonah stang-osborne,massachusetts (zoodisc),buda u20b; duck and cover; sprout,
jonah talmadge,portland (uprise),portland tremor,
jonah tannen,carleton college (carleton house of pancakes); carleton college-chop (carleton house of pancakes),ghost train,
jonah thiele,victoria (vikes),surf,
jonah wu,georgia tech-b (tribe),atlanta outlaws,
jonah yee,gunn (control),anchor,
jonah yurman,tulane (tucks); tulane-b (tulane b),gang of disc,
jonas beckham,truman state (jujitsu),kansas city northern lines,
jonas cameron,mit (grim beaver),rebels,
jonas dargis,xavier (b.l.o.b.),rotisserie chicken,
jonas geere,st olaf (berzerkers); st. olaf (berzerkers),knights of ni; overdrive; sub zero,
jonas holdaway,ucla-b (ucla smoke),oc crows,
jonas kaplin,brandeis (tron),colonels,
jonas kirk,utah valley (utah valley ultimate),lil’ huckers,
jonas kra-caskey,lewis & clark (bacchus ),junco; zyzzyva,
jonas sogaard,colorado-b (cucu),red lotus,
jonathan aaron fos-oy,british columbia -b (b-birds); british columbia -b (shipwreck),coast; oni,
jonathan appel,suny-binghamton (suny-binghamton); suny-binghamton-b (suny-binghamton b),long island riff raff; suny-binghamton (suny-binghamton),
jonathan barnes,st. thomas (purple reign),glycerine,
jonathan bell,kennesaw state (parliament),harvest moon; ronin,
jonathan blake,berry (bucks),alliance; romulus,
jonathan bledsoe,georgetown (justice),hb boys; john doe,
jonathan brennan,south carolina (gamecock ultimate); south carolina-b (south carolina),lost boys; space cowboys,
jonathan chylinski,columbia (uptown local),sky hook,
jonathan conricode,tennessee (tennessee),tennessee folklore,
jonathan coombs,massachusetts (zoodisc); massachusetts -b (umass amherst developmental); massachusetts-b (umass amherst developmental),odyssey; red squirrels; sprout,
jonathan coppage,virginia commonwealth (biscuit villains),richmond floodwall,
jonathan costello,oklahoma christian (eagles),(washed); flash flood; texas two step,
jonathan duen,clemson (joint chiefs of waft),space cowboys; the semple temple,
jonathan edelman,northeastern-c (salty c dogs),mbta,
jonathan ells,new hampshire (new hampshire ultimate team),watchdogs,
jonathan fosbury,hellfish bumblers,oakgrove boys,
jonathan gerth,indiana (hoosiermama?s),colonels; shenanigans,
jonathan gong,maryland (maryland ultimate),lantern; town hall stars,
jonathan grill,oklahoma (apes of wrath),meadowlark; supercell,
jonathan herren,fresno state (rabid),firefall; fresno firefall,
jonathan hicken,brigham young (chi); brigham young-b (chi b); utah valley (utah valley ultimate),sundance kids; utah hatu,
jonathan holladay,auburn (aetos),bormingham sectionboi$; florida untied; i-69; uproar,
jonathan humer,wisconsin-whitewater (sub*par),black market iii; blacker market y,
jonathan ip,minnesota-b (minnesota b); minnesota-c (minnesota c); minnesota-c (rubber ducky),ope,
jonathan jackson,purdue (undue ultimate); purdue-b (ctrl-z),lafayette street dogs,
jonathan jin,texas a&m (dozen),texas duffy,
jonathan kelly,suny-albany (scam); suny-albany-b (scam),alibi; dirty laundry,
jonathan kim,florida polytechnic (florida poly ultimate); florida tech (f-it),certified scrubs,
jonathan lewis,dartmouth (pain train),shade,
jonathan liesman,bowdoin (clown),old fat and saggy,
jonathan locke,florida state (duf),scootlyfe,
jonathan mcgurrin,california-san diego (air squids),bag; crossfire; socal condors,
jonathan melitski,pennsylvania (void),magma bears; pennsylvania (void),
jonathan mercer,wichita state university (wheaties),meadowlark,
jonathan milligan,nebraska (cornfed ultimate),scythe,
jonathan minnick,liberty (flames),l.u.t $ack,
jonathan nahmias,james madison (hellfish),ballston booya; richmond floodwall,
jonathan olavarria,colorado state (hibida),inception,
jonathan pizzo,wisconsin-b (fauxdags),dcviii; shades,
jonathan schlaefer,winona state (experience),bux; carbon; conspiracy theory; dcviii; la raid s.c.,
jonathan sillivant,alabama-huntsville (nightmares),rampage; ronin,
jonathan snell,marquette (birdhouse),fuse; milwaukee revival; void,
jonathan soohoo,chicago-b (hedonism bots),ditto a; riptide-b,
jonathan steiner,colorado state (hibida),choice city hops,
jonathan su,north carolina (darkside),little red wagon,
jonathan taylor,north carolina state (nc state alpha),triumph,
jonathan tiernan,virginia tech (burn),fathom; oakgrove boys,
jonathan tran,pennsylvania (void); pennsylvania-b (null); princeton (clockwork),quaze; the bayou boys,
jonathan trzaska,lehigh (lehigh ),citywide special; phantom,
jonathan zawitkowski,southern illinois-edwardsville (geese); southern illinois-edwardsville (siege),lounar; stl moonar,
jonathan zygarlenski,texas state (texas state buckets),riverside,
jonathon jamison,eastern michigan (fighting hellfish),diesel,
jonathon mangan,indiana (hoosiermama?s); indiana-b (hoosierdaddy!s),black sheep,
joniah helperin-lange,lewis & clark (bacchus ); lewis & clark-b (bbacchus),anchor; junco,
jonna frayer,michigan state (arc),diesel,
jonny hoffman,utah state (scotsmen); utah state (usult),old ephraim; pando,
jonny holstead,wisconsin-milwaukee (black cat),bux; fuse,
jonny malks,william & mary (merry men),foggy bottom boys; sockeye; truck stop,
jonny rudolph,colorado-b (cucu); embry-riddle (dirty birds),psychedelic,
joong won lee,california-b (ursa minor),east bay earthworms,
jordan atchison,victoria (vikes),surf,
jordan barrus,utah valley (utah valley ultimate),lil’ huckers,
jordan chang,lehigh (lehigh ),helots,
jordan chen,colorado-c (rooster tussle); penn state-b (lovetap),buffalo open,
jordan ciccarone,villanova (main line ultimate),citywide special; phantom,
jordan dewitt,central florida (dogs of war),degens of war; omen,
jordan friedland,arizona (sunburn),sonoran pups,
jordan gabrielse,grand valley (lakers),beacon; eldl,
jordan gibbs,spring hill (shuc),alliance; alliance 2,
jordan hennessy,tennessee-chattanooga (swamp donkeys),tanasi,
jordan johnson,nebraska (cornfed ultimate),scythe,
jordan kerr,brigham young (chi),bonneville flatball club; chicago machine; johnny bravo; ncfo; shrimp; the killjoys,
jordan lazer,vermont (chill),mystery gang; sprout,
jordan leslie,emory (emory juice),atlanta arson; pulp; yee-haw,
jordan macdonald,simon fraser (sfu red leafs),blackfish,
jordan mills,northern iowa (ammunition),demo; loaded panda; void,
jordan parry,northwestern (nut),ballston booya; foggy bottom boys; hb boys; oakgrove boys,
jordan phillips,messiah (falcons),black lung,
jordan stevison,mississippi (ole miss flagship),southern hospitality,
jordan sullivan,mississippi (ole miss flagship),southern hospitality,
jordan varghese,central florida (dogs of war); central florida-b (havoc),bud; certified scrubs,
jordan wright,iowa state (isuc),demo; mallard,
jorge barillas,temple (alert),jawn,
jorre dahl,middlebury (pranksters),ghost train; make it rain; switchback,
jose bolanos,florida (florida); florida-b (florida b),omen; vicious cycle,
jose dasilva,michigan (magnum),adelphos; ghostbusters; mango tree-a; phantom; philadelphia padawans,
jose saldivar,oklahoma (apes of wrath),rawhide,
josef sears,massachusetts-lowell (riverhawks),big wrench; highlight reel; trout,
joseph amsbary,william & mary (merry men),bryce whitney fan club,
joseph avallone,suny-buffalo (green eggs and ham),geh,
joseph baird,brigham young (chi),lil’ huckers,
joseph baldi,christopher newport (skymaul),yacht club,
joseph begley,embry-riddle (dirty birds),psychedelic,
joseph branca,marquette (birdhouse),mke; swans,
joseph burton,virginia (night train),crypt; town hall stars,
joseph cammarata,south carolina (gamecock ultimate),cockfight; lost boys,
joseph cannistraro,parkland - plu alumni,highlight reel; one night; san antonio warhawks,
joseph carland,minnesota-duluth (northern lights),dingwop,
joseph carney,rit (rit spudheds),dap lab,
joseph carreras,edinboro (haggis); pennsylvania western (haggis),chemical x,
joseph casente,rensselaer polytech (trudge); rensselaer polytechnic institute (trudge),crossfire; dirty laundry,
joseph chen,virginia tech-b (virginia tech b),banc; blud; first order,
joseph chura,syracuse (doom),skeleton squad,
joseph cicione,hofstra (flying dutchmen),fli-b honeybees; harvest moon; hofstra (flying dutchmen); hooch; long island riff raff,
joseph colodonato,west chester (west chester),citywide special; dub club,
joseph dokken,virginia (night train),vault,
joseph donovan,california-santa cruz (slugs); california-santa cruz-b (ucsc b (ooze)),wavestorms,
joseph estes,fresno state (rabid),firefall,
joseph evans,hellfish bumblers; james madison (hellfish),oak grove boys; oakgrove boys,
joseph fambro,north texas (unt),sprawl; zoo,
joseph filipek,central florida (dogs of war),degens of war; dreadnought; raptor; reptar,
joseph flynn,michigan state (arc),diesel,
joseph gilroy,alabama (yellow hammer),alliance; alliance 2,
joseph grassi,colby (cdc (men's)); colby (center for disc control),resurgam ultimate,
joseph hess,seattle (throbots); washington-b (washington b),make it rain; scythe,
joseph hill,toronto (tula),houndd,
joseph keat,colorado college (wasabi),impulse; smogborn; wasabi,
joseph kosterman,iowa state (isuc),demo; illusion,
joseph laliberte,east carolina (irates),nc brickhouse-upper,
joseph lechowicz,wesleyan (nietzsch factor),connecticut 9 to 5,
joseph lenzo,delaware (sideshow),delaware (sideshow); mob ultimate,
joseph lindemuth,kentucky (kult),black lung; solar eclipse,
joseph lodahl,minnesota (minnesota a),forward motion; kenji's bbb; minnesota superior u20b,
joseph lynch,oklahoma state (ultimato); oklahoma state university (ultimato); washington university-b (contraband),wooder,
joseph ma,north carolina (darkside),carolina sky,
joseph martin,boise state (mamu zaldi); tulane-b (tulane b),sawtooth,
joseph meixler,temple (alert),jawn,
joseph merrill,brigham young (chi),ncfo; pando; the killjoys; vault; wretched refuse,
joseph mueller,wisconsin-milwaukee (black cat),timber,
joseph neuzel,kentucky (kult),black lung,
joseph nichols,dallas (vortex),rotisserie chicken,
joseph nurre,ohio (trout),a-block,
joseph oeswein,alabama-huntsville (nightmares),colonels; ronin,
joseph pickens,minnesota (grey duck),john doe; mallard; westchester magma bears,
joseph quaal,north dakota state (windbreak),imperial; mallard ii; overdrive; the fargoats,
joseph reosti,southern mississippi (smooth),battleship,
joseph rowley,pittsburgh-b (university of pittsburgh- b); pittsburgh-c (pitt-b plus pro max),pittsburgh stealers,
joseph schlossberg,christopher newport (skymaul),crypt; yacht club,
joseph schluger,george washington (g-dub hippos); george washington-b (g-dub bippos),the silent flatballers,
joseph sifakis,chicago (fission),haymaker; roundhouse; spoon x-freshman; trident; trident i,
joseph sogno,michigan state (arc),east lansing detroit lions; eldl; marc; nain rouge,
joseph song,duke (brimstone),nc brickhouse-upper,
joseph sucgang,alabama-birmingham (inferno),alliance,
joseph sunukjian,texas (tuff),amigos-jv; heatwave; lil heroes; riptide,
joseph thachet,cal poly-slo (slocore),socal condors; texas tea-a; trident ii,
joseph threlkeld,colorado mines (entropy),popperton ultimate frisbee; reál hogs fc-b,
joseph torres,sul ross state (sul ross ultimate); texas christian (high noon),shrimp discs,
joseph valencik,ohio state (leadbelly),burning river,
joseph varghese,alabama-birmingham (inferno),war machine,
joseph wagner,tulane (tucks); tulane-b (tulane b),gang of disc,
joseph weis,north dakota state (windbreak),the fargoats,
joseph wolfman,gold rush,bay dog; creaky,
joseph wylie,texas state (texas state buckets),austin amigos; doublewide; gaucho; swangos,
josh banks,texas-san antonio (siesta); texas-san antonio (velox),alamode; connecticut 9 to 5; san antonio warhawks,
josh beck,christopher newport (skymaul),shipyard,
josh bowers,samford (dogma),alliance,
josh camacho,college of new jersey (revolution),barden btate bultimate,
josh cann,butler (butler big dog); butler-b (big dog - developmental),blink,
josh chu,"wake forest (well oiled machine, baby)",hydra,
josh edington,chicago (fission),roundhouse,
josh epstein,washington university (contra),medicine men,
josh ford,delaware (sideshow),spring break '93,
josh hall,cal poly-slo-b (slob); cal poly-slo-c (sloc),bay dog,
josh hein,iso atmo,carbon; iso atmo,
josh inniss,east carolina (irates),adelphos,
josh johnson,wentworth (concrete jungle),chattanooga gentlemen's club; mississippi valley tundra swans; tanasi,
josh kenniv,cedarville (swarm),enigma; swarm,
josh kreth,new mexico (hanta virus),(washed); swangos; texas swing; texas toast,
josh kryzer,nebraska (cornfed ultimate),mallard ii; scythe,
josh lane,tulane (tucks),buda; citywide special; oak grove boys; phantom,
josh lickteig,nebraska (cornfed ultimate),scythe,
josh lillie,colorado college (wasabi),cognitive disconance; colorado college (wasabi); cosmic u-20 boys,
josh lopez,wisconsin-milwaukee (black cat),milwaukee revival,
josh lowe,missouri state (missouri state ultimate),lounar; stl moonar,
josh matushak,davidson (duff),john doe,
josh musica,dickinson (dumptrucks); dickinson (junkyard turkeys),red tide,
josh rechenberg,penn state-b (lovetap),happy valley roofing and mustache supply,
josh rosenberg,virginia (night train),john doe,
josh rudy,delaware (sideshow),delaware (sideshow),
josh sherer,nebraska (cornfed ultimate),scythe,
josh singleton,north carolina (darkside),cash crop 2; ring of fire,
josh spacagna,xavier (b.l.o.b.),rotisserie chicken,
josh strauss,pennsylvania (void),adelphos; the semple temple,
josh tait,arizona state (prime),tempe tantrum,
josh van cleave,alabama (yellow hammer),black market i; trident; trident ii,
josh warner,embry-riddle (dirty birds),power point ultimate; savannah wild,
josh white,bowdoin (clown),resurgam ultimate,
josh zielke,berry (bucks),romulus,
joshua adams,nebraska (cornfed ultimate),scythe,
joshua anderson,bethel (bethel ultimate),l.u.t $ack; ufo,
joshua antonio velayo,colorado cutthroat u-20 boys,colorado cutthroat u-20 boys two,
joshua bertie,suny-buffalo (green eggs and ham),bodega cats; dap lab,
joshua bransford,george mason (massacre),vault; watchdogs,
joshua camp,colorado-b (cucu); colorado-c (rooster tussle),carbon,
joshua chilmaid,georgetown (justice),la maquina -a,
joshua christensen,utah state (usult),cojones; old ephraim,
joshua cohen,gunn (control),firemen; green river swordfish; red dawn,
joshua datz,georgetown (justice),john doe,
joshua dinicola,suny-buffalo (green eggs and ham); suny-buffalo-b (buffalo grinch),dap lab,
joshua duer,michigan tech (discotech),zoo animals,
joshua duke,liberty (flames),l.u.t $ack,
joshua ellison,north florida (category 5),psychedelic,
joshua fambro,north texas (unt),sprawl,
joshua fok,simon fraser (sfu red leafs),blackfish,
joshua freedman,pennsylvania (void),adelphos,
joshua freshly,penn state-b (lovetap),happy valley roofing and mustache supply; impulse,
joshua gabella,washington university (contra),blueprint; castle; lounar; mallard; stl lounar,
joshua gammon,trinity (turbulence); trinity university (turbulence),alamode; san antonio warhawks,
joshua geddes,delaware (sideshow),delaware (sideshow),
joshua gill,oklahoma christian (eagles); western new england (golden bears),barnstorm; odyssey,
joshua glick,maine (blackfly),alibi; maine (nor'easter),
joshua heacock,temple (alert),jawn,
joshua hester,north carolina state-b (sixpack),hydra; nc brickhouse-upper,
joshua ho,wisconsin (hodags),colorado cutthroat u-20 boys; colorado cutthroat: youth club u-20 boys; dangerous unidentified mystical beast; mad men; red lotus,
joshua huddleston,virginia (night train),hb woodlawn; hb woodlawn flatball,
joshua jang,british columbia (thunderbirds),blackfish,
joshua jordan,saint louis (archangel),rougaroux; s l u r p,
joshua kolby,alabama-huntsville (nightmares),ronin; second nature,
joshua kozlowski,michigan tech (discotech),timber; zoo animals,
joshua krone,san jose state (spartans),anchor,
joshua kugel,st. olaf (berzerkers),overdrive; the body,
joshua lench,george washington (g-dub hippos); george washington (george washington men’s club ultimate),resurgam; resurgam ultimate,
joshua lewis,alabama (yellow hammer); alabama-c (yellowhammer c),oakay; triumph,
joshua lightner,foggy bottom boys; george mason (meteors),hb woodlawn; hb woodlawn flatball; puzzles; vault,
joshua logan,jacksonville state (firebird ),alliance; alliance 2,
joshua manuel,emory (emory juice),hydra; yee-haw,
joshua mitchell,mississippi state (dark horse); mississippi state -b (trenches ); mississippi state-b (pony express); mississippi state-b (trenches ),cookie mon$terz; sprawl,
joshua nelson,christopher newport (skymaul),fathom,
joshua ngotiaoco,georgia tech (tribe); georgia tech-b (tribe),atlanta outlaws; dyno,
joshua parlapiano,suny-albany-b (scam),alibi,
joshua perlmutter,georgia tech-b (tribe),atlanta outlaws,
joshua pinto,boston university (boston university); pittsburgh-b (university of pittsburgh- b),buda u20b,
joshua reed,auburn (aetos),alliance; alliance 2,
joshua remington,rhode island (riut),2night; lantern; one night,
joshua rigby,auburn (aetos),second nature,
joshua rust,brigham young-b (chi b),lil’ huckers; sundance kids; utah hatu; wretched refuse,
joshua saad,arizona state (prime),drought; monsoon; nighthawk,
joshua scheuer haeker,alabama (yellow hammer); alabama-b (yellow hammer),alliance; alliance 2,
joshua simpson,college of new jersey (revolution),oak grove boys; oakgrove boys,
joshua smith,carleton university (ravens),brickhouse; kansas city northern lines; nox; turbine,
joshua vierke,iowa (ihuc),cryptic; trident ii; zodiac,
joshua wang,michigan (magnum),dcviii; east lansing detroit lions; i-69; marc,
joshua webb,south florida (scallywags); virginia (night train),florida untied; uproar,
joshua wu,massachusetts -b (umass amherst developmental),black lung; flying pig; omen; solar eclipse,
joshua yoo,william & mary (merry men),bryce whitney fan club,
joshua young,maryland (maryland ultimate),predator,
joshua zinger,virginia commonwealth (biscuit villains),ballston booya; mr. scott and the tots,
joshy felton,colorado college (wasabi),wasabi,
josiah colby,parkland - plu alumni,make it rain,
josiah crawford,british columbia (thunderbirds),colorado cutthroat (colorado cutthroat); colorado cutthroat: youth club u-20 boys,
josiah padgett,texas a&m (dozen),riverside; texas duffy,
josiah pfeiffer,wichita state (wheaties),meadowlark,
josiah salazar,union (tennessee) (union jaxx),cookie mon$terz,
josiah sweet,california-irvine (nightlife),wavestorms,
josiah yates,colorado mesa (colorado mesa mavericks),buoyancy,
jospeh spears,alabama-birmingham (inferno),alliance,
josue ostos,seven hills bx,ave; avenue -a,
jovan strange,vermont (chill),bang; tire,
jovannie romero,sul ross state (sul ross ultimate),shrimp discs,
jozef gaber,victoria (vikes),surf,
jp collins,northeastern-b (beastern),mbta,
jp torack,washington university-b (contraband),stl moonar,
jt delongchamp,illinois-b (boomland); illinois-c (cornland),riptide-b,
jt kirages,illinois (rise),haymaker; lantern; skeleton squad,
jt weaver,xavier (b.l.o.b.),dynasty; rotisserie chicken,
juan camilo castrillon davis,georgia tech (tribe),atlanta outlaws,
juan castillero,colorado (mamabird); colorado-b (cucu),red lotus,
juan grases,southern california-b (usc blockdown),oat,
juan ornelas,sul ross state (sul ross ultimate),shrimp discs,
judah goldman,aviators (aviators & friends); brandeis (tron),mbta,
judah kim,illinois (rise),devyl u-20 open; u54,
judah mcdowell,hillsdale (chargers),the incline,
jude ogden,columbia (uptown local); wisconsin (hodags),dangerous unidentified mystical beast; swordfish,
jude ratajczak,loyola-chicago (darkwing),maumee boys,
jude schmiesing,franciscan (fatal),pittsburgh temper,
jude small,oregon (ego); seven hills bx,avenue -a,
juelz charlesworth,alabama-birmingham (inferno),alliance,
juerell pascua,washington-b (washington b),ave,
jules langert,texas (tuff),heatwave; texas united,
jules messersharp,portland state (juicy),junco; oregon trainwreck,
julia danci,eastern michigan (fighting hellfish),diesel,
julia mills,hofstra (flying dutchmen),hofstra (flying dutchmen),
julian alvarez-lobo,georgia-b (chillydawgs),atlanta arson,
julian baxandall,california (california-berkeley),bag; cojones; oat; zyzzyva,
julian bosco,syracuse (doom),mohawk valley wild; skeleton squad,
julian ching hei chow,johns hopkins (dangerzone),bomb squad,
julian collins,idaho (graffiti),sawtooth,
julian cooper,maryland-b (astro quakers),emu,
julian delamaza,american (stall 11); vanderbilt (armada),nashville mudcats,
julian esler,columbia (uptown local),columbia (uptown local),
julian galbraith-paul,pittsburgh-b (university of pittsburgh- b),puppies,
julian huen,houston (skyline),black gold; firefly tx; rice box,
julian jay,nebraska (cornfed ultimate),seven gills,
julian kagi,carleton college-chop (carleton house of pancakes),dark star; junco; oregon trainwreck; portland tremor; trainwreck and friends,
julian kahn-steele,north florida (category 5),flux,
julian korchin,california-davis (davis dogs),green river swordfish; oakland ultimate; zyzzyva,
julian li,harvard (red line),harvard (red line); mystery box; skeleton squad,
julian mcmillian,rhodes college (rhodekill),cookie mon$terz; memphis pharaohs,
julian reeves,indiana (hoosiermama?s),black sheep; colonels; dark star,
julian rodriguez,central florida (dogs of war),degens of war,
julian saliba,tulane (tucks),gang of disc,
julian saunt,oregon (ego),chimney; dark star; rhino slam!,
julian schultz,stanford (stanford men's ultimate team),anchor,
julian slater,iupui (jaguars),maumee boys,
julian wiseman,colorado college (wasabi),wasabi,
julie herren,fresno state (rabid),fresno firefall,
julien sommers,dc recruits,virginia vortex,
julius clyburn,pittsburgh (en sabah nur),garden state ultimate; puppies,
julius cohen,michigan (magnum),john doe; mango tree-a; marc; ring of fire,
junhyung park,air force (afterburn); mit (grim beaver),pineapple; the incline,
junior zambrano,depaul (duc),house,
junyi xin,pennsylvania (void),pennsylvania (void),
jup patel,north carolina-wilmington (seamen),banc; right coast,
justin alkire,akron (goonsquad),burning river,
justin argauer,maryland (maryland ultimate),town hall stars,
justin arney,oklahoma state (ultimato); oklahoma state university (ultimato),barnstorm; fork x-senior; trident ii; trident iii,
justin ault,suny-albany (scam),alibi; motive,
justin barlas,brown-b (brown - b),trout,
justin baylis,drexel (spitfire),ez,
justin bossenbroek,chicago (fission),haymaker,
justin burnett,emory (emory juice); illinois state (gnomes),atliens; yee-haw,
justin chen,mit (grim beaver); pennsylvania (void),pineapple,
justin cheng,california-santa cruz (slugs),battery; wavestorms,
justin cheung,nyu (new york university ),dynasty; houndd; nyu (new york university ); pipe,
justin elliott,cosmic u-20 boys,cosmic elite; cosmic u-20 boys,
justin evans,auburn (aetos),alliance,
justin galin,florida-b (florida b); northeastern-c (salty c dogs),mbta,
justin gneiting,texas-arlington (yucca),messengers-b,
justin hill,kennesaw state (parliament),atliens; bullet; memphis belle,
justin hua,iowa state (isuc),demo,
justin juchnewich,ithaca (nawshus ultimate),odyssey,
justin king,central florida (dogs of war),degens of war; reptar,
justin li,seven hills bx,citywide special; dreadnought; garden party; helots; rebels,
justin luna,british columbia (thunderbirds),blackfish,
justin macquiddy,nevada-reno (elevation ultimate),anchor; journeymen,
justin mangis,virginia tech-b (virginia tech b),beef depot (development)-dev,
justin maynard,duke (brimstone); william & mary-b (seahorse),beef depot,
justin mckeen,brigham young (chi),powderhogs; the killjoys,
justin mecham,brigham young (chi),bonneville flatball club; utah hatu,
justin mills,harding (harding apocalypse),dreadnought,
justin montalbano,south florida (scallywags),florida untied; uproar,
justin nazario,central florida (dogs of war),reptar,
justin okelly,central connecticut state (blue barracudas),odyssey,
justin petre,texas a&m (dozen); texas a&m-b (dozen matter),texas duffy,
justin pettenuzzo,victoria (vikes),furious george,
justin podnar,british columbia (thunderbirds),furious george; goat,
justin rao,british columbia -b (b-birds),coast; joe fisher,
justin robertson,pennsylvania (void); pennsylvania-b (null),citywide special; pennsylvania (void),
justin rummelhart,carthage (carthage blitz),house; zoboomafoo,
justin seale,suny-buffalo (green eggs and ham),adelphos,
justin silver,north carolina-wilmington (seamen),bomb squad,
justin smith,wentworth (concrete jungle),high level; make it rain; tacoma galloping gerties,
justin spence,central florida (dogs of war),bud; certified scrubs,
justin strout,maine (blackfly); maine (snositi),red tide; rising tide u20b,
justin stubbe,wisconsin-milwaukee (black cat),bux,
justin thelen,grand canyon (lopes),drought; nighthawk,
justin ting,washington (sundodgers),emerald city; voodoo,
justin von kulajta winn,grand valley (lakers); grand valley state (lakers),beacon; eldl; red imp.ala,
justin vorndran,st. olaf (berzerkers),knights of ni; overdrive,
justin waltrip,johns hopkins (dangerzone),bomb squad; hazard,
justin washington,carleton college (cut),list; switchback,
justin weaver,alabama (yellow hammer); alabama-b (yellow hammer); alabama-c (yellowhammer c),alliance; alliance 2,
justin wieties,north carolina state-b (sixpack),nc brickhouse-upper,
justin wright,florida state (duf),el niño,
justin wu,illinois-b (boomland),u54,
justin yeung,army (army west point); army (army- west point); army (army-west point),army - west point; army-west point,
justin-cooper williams,north carolina state (nc state alpha),brickhouse; ring of fire,
justyn bunkley,colorado-b (cucu); maryland-baltimore county (booya),red lotus,
ka lok ethan lau,cornell (buds); ucla (smaug),los buds,
kacper wujda,illinois state (gnomes); illinois state-b (illinois state gnomes b),triiident,
kade morris,texas state (texas state buckets),doublewide; riverside,
kade schuermann,oklahoma christian (eagles),nosey,
kaden christiansen,marquette (birdhouse),milwaukee breaker; void,
kaden froebe,brigham young (chi),wretched refuse,
kaden han,chicago (fission),blueprint; fifty-fifty; haymaker,
kaden rowell,mississippi state (dark horse),cookie mon$terz,
kaden saad,georgetown (justice),beef depot,
kaden schleeper,southern illinois-edwardsville (siege),stl moonar,
kaeden batz,colorado-b (cucu); colorado-c (rooster tussle),iso atmo; red lotus,
kaedon batt,texas-san antonio (siesta),throwing shade,
kaenan combs,oregon state (beavers),dark star,
kai assef,st olaf (berzerkers); st. olaf (berzerkers),timber,
kai bowen,illinois (rise),beachfront property; black market; mallard; minnesota superior u20b; u54,
kai creed,davenport (panthers),blackfish,
kai diez,emory (emory juice),atlanta arson,
kai durvasula,tulane (tucks),emerald city; lounar,
kai kirsch,whitman (whitman sweets),red lotus,
kai lamothe,williams (wufo),alibi,
kai mehra,vanderbilt (armada),womp,
kai norris,appalachian state (nomads),hydra,
kai odonnell,mcgill (mut),blackfish; furious george,
kai pylkkanen,emory (emory juice),yee-haw,
kai sessions,vermont-b (chill dev),bang,
kai tang,illinois (rise),dreadnought; lounar,
kaidan mavros,illinois (rise),roundhouse; u54,
kaiden cairns,cleveland state (cleveland state vikings),scoop,
kaiden thiers,minnesota (minnesota a),kenji's bbb; mallard; minnesota superior a; minnesota superior u20b; sub zero,
kailas campen,carleton college (cut); foggy bottom boys,john doe; oak grove boys,
kainoa hottendorf,california (ursa major),zyzzyva,
kaiwen song,maryland (maryland ultimate),town hall stars,
kaiyan talavia,mcgill (mut),buda u20b; odyssey,
kaizad taraporevala,carnegie mellon-b (poison control),space force,
kale kessler,dayton (flud),flying pig,
kale peterson,davenport (panthers),general strike,
kale winterton,utah state (scotsmen); utah valley (utah valley ultimate),lil’ huckers; sundance kids; utah hatu,
kaleb paige,chico state (chico state),float,
kaleb pickering,northern arizona (el ponderoso),carbon,
kaleb schakelaar,ottawa (gee-gees),houndd,
kalen morrison,elon (big fat bomb); triangle tourists boys-b,cash crop 2; raleigh-durham united,
kalim rehemtulla,gonzaga (guru ),gonzaga (guru ),
kalten toone,brigham young (chi); northeastern (huskies),pando; sundance kids; the killjoys,
kameron liao,texas-b (graze),riverside messengers-b,
kane fanning,new york university (purple blaze); nyu (new york university ),nyu (new york university ),
kane harper tubbs,victoria (vikes),surf,
kanu shetkar,vanderbilt (armada),nashville mudcats; watchmen,
kapil sara,south florida (scallywags),players into serious sports,
karch klos,lehigh-b (lehigh-b),axial tilt; lehigh (lehigh ),
karek walker,gold rush; miami (florida) (umiami vice),bay dog; red dawn; zyzzyva,
karim jamal,british columbia (thunderbirds),blackfish,
karl basile-baehr,hofstra (flying dutchmen),long island riff raff,
karl hokkanen,brown (brownian motion),red tide,
karthik jayakumar,texas a&m (dozen),texas duffy,
karthik subbiah,williams (wufo),bag,
kasen embrey,arkansas (ludicrous speed ),dreadnought: battleship-b,
kason olson,st john's (minnesota) (bam),nomad,
katusch strich,ucla-b (ucla smoke),nsfw,
kaushal patel,texas (tuff); texas-b (graze),stuff,
kaveen patel,baylor (stonewall a); baylor (stonewall),brawl; sprawl,
kavi kurup,davidson (duff),nc brickhouse-upper,
kavi mckinney,northeastern (huskies); northeastern-b (beastern),green river swordfish; skeleton squad,
kavika faagau,whitworth (bangarang),heartbreak,
kavon spivey,mississippi state (dark horse); mississippi state -b (trenches ); mississippi state-b (pony express); mississippi state-b (trenches ); mississippi state-c (trenches b),southern hospitality,
kayden rawls,wichita state (wheaties); wichita state university (wheaties),meadowlark,
kayhan durmus,stevens tech (stevens tech),battleship; helots,
kazim hall,cornell (buds); cornell-b (cornell-b (shake)),los buds,
ke li,arizona state (prime); arizona state-b (pleasure),bonsoon,
keagan gustin,oklahoma christian (eagles); wisconsin-platteville (udderburn),barnstorm; stag; supercell; tampa tempest,
keali mccarter,oregon (ego),oregon eruption!,
keann matias,wisconsin- la crosse (badluc); wisconsin-la crosse (badluc),trident ii,
keaton anderson,southern illinois-edwardsville (geese); southern illinois-edwardsville (siege),black market,
keaton barish,north carolina state (nc state alpha),nc brickhouse-upper; triumph,
keaton bates,cal poly-slo (slocore),sundowners; wavestorms,
keaton black,missouri s&t (miner threat),friendly fire; kansas city northern lines,
keaton orser,cal poly-slo (slocore),emerald city; socal condors; sockeye,
keaton schreiber,colorado state (hibida),choice city hops; colorado cutthroat (colorado cutthroat); daybreak,
keaton viadro,santa clara (scab),little teapots; red dawn; revolver; socal condors,
keegan butler,loyola-chicago (darkwing),flying pig; omen; the boys,
keegan doyle,towson (pandamonium),emu,
keegan ford,south carolina (gamecock ultimate),lost boys,
keegan freeland,victoria (vikes),komori; whitefish,
keegan gomez,colorado cutthroat: youth club u-20 boys,colorado cutthroat: youth club u-20 boys,
keegan oneill,syracuse (doom),buffalo frostbite; buffalo open,
keegan streett,georgia-b (chillydawgs),on ramp,
keenan mckelvey,california-davis (davis dogs),swordfish,
kei obata,columbia (uptown local); uptown local y,columbia (uptown local); uptown local y,
keion owen,western carolina (western carolina catamounts),gambit,
keith anderson,new jersey tech (highlanders),new jersey tech (highlanders),
kelby anderson,st olaf (berzerkers); st. olaf (berzerkers),overdrive,
kele estes-beard,arkansas (ludicrous speed ),arkansas (ludicrous speed ); dreadnought: battleship-b,
kellen hill,loyola marymount (lions),overflow; veteran move,
kellen klapatch,iupui (jaguars),on ramp; trident ii; trident iii,
kellen murran,oregon state (beavers),dark star,
kellen oconnor,minnesota-b (ugly duckling),dinkytown doughboys,
kellen smith,edinboro (haggis),chemical x,
kellen watts,texas (tuff),lil heroes; riptide,
keller fraley,north carolina (darkside),nc brickhouse-upper; raleigh-durham united,
keller rentz-baker,boston university (boston university),bag,
keller smith,georgia tech (tribe),atlanta outlaws; python,
kelly thomas-cutshaw,oklahoma state (ultimato),supercell,
kelsea newton,stephen f austin (frontier),fat stacks,
kelsen bartley,ball state (cardinals),on ramp,
kelvin lei,penn state (spank),happy valley roofing and mustache supply; sepda night owl,
kelvin lloyd,california-santa cruz (slugs),tofu junction,
kemble rains,st olaf (berzerkers),demo; m.y.t.h.o.s.,
ken noh,brown (brownian motion),big wrench; dig,
ken portillo,vassar (swinging monks),expendables; resurgam; vassar (swinging monks),
kenan tucker,south florida (scallywags); south florida-b (scourge),players into serious sports,
kendrick koehler,wisconsin-whitewater (sub*par),dcviii; zoboomafoo,
kendrick yuen,kentucky (kult),black lung; colonels,
kenji her,minnesota (grey duck),dinkytown doughboys; kenji's bbb; mallard; mallard ii,
kenji lorenz,seven hills bx; western washington (dirt),ave; avenue -a,
kenneth garcia,bowdoin (clown),bowdoin (clown),
kenneth hardesty,arkansas (ludicrous speed ),dreadnought: battleship-b,
kenneth lu,chicago (fission); chicago-b (hedonism bots),ditto a,
kenneth pontikes,michigan-b (michigan-b),marc,
kenneth tyburczy,auburn (aetos),alliance,
kenni taylor,alabama-huntsville (nightmares); jacksonville state (firebird ),alliance; chain lightning; ironmen; swarm,
kennon arnold,virginia tech (burn); virginia tech-b (virginia tech b),bdc; la maquina -a; winc city fog,
kenny eckenberg,suny-albany (scam),alibi,
kenny hill,florida state (duf),scootlyfe,
kenny hingle,lsu (purple haze),rougaroux,
keno deary,army (army- west point),army - west point; forge,
kenrick koo,cal poly-slo (slocore),socal condors,
kent grantz,william & mary (merry men),brackish; bryce whitney fan club; jolly roger,
keon moradi,oklahoma (apes of wrath),barnstorm; supercell,
keuyrbel zewedu,northwestern (lake effect),town hall stars,
kevan nikolich,east carolina (irates),parlay; queen city kings,
kevben belastegui,florida tech (florida tech competitive),omen; raptor,
kevin asaro de douglaston,purdue (undue ultimate); purdue-b (ctrl-z),lafayette street dogs; magma bears; stl moonar,
kevin barrows,new hampshire (new hampshire ultimate team),big gordo's racing,
kevin botsis,rit (rit spudheds),wave,
kevin breen,northeastern-b (beastern); northeastern-c (salty c dogs),mbta,
kevin castell,utah (zion curtain),choice city hops; low point; powderhogs; shrimp; spirit quest,
kevin chang,wisconsin-b (fauxdags); wisconsin-whitewater (sub*par),arizona frisbee club; monsoon,
kevin connolly,delaware-b (sideshow),medicine men,
kevin cuda,puget sound (postmen),switchback,
kevin curtin,rowan (ruf riders),rebels,
kevin donohue,northeastern-c (salty c dogs),mbta,
kevin dunne,northeastern-b (beastern),(washed); carbon,
kevin fan,georgia tech (tribe),python; rush hour atl,
kevin farnam,arizona (sunburn),sonoran dog,
kevin huerta,north carolina-wilmington (seamen),brickhouse; raleigh-durham united; right coast,
kevin ji,northwestern (lake effect); northwestern (nut),roundhouse,
kevin jiang,maryland (maryland ultimate),town hall stars,
kevin kelly,towson -b (bamboozle); towson-y (towson y),chicago machine,
kevin kim,miami (ohio) (miami boogiemen),enigma,
kevin liu,chicago (fission),ditto a; somerville bag; sprawl,
kevin miller,georgia southern (eagles),atlanta arson,
kevin pignone,north carolina (darkside),ring of fire,
kevin rogers,seattle (throbot); texas (tuff),lil heroes; make it rain; zoo animals,
kevin scannell,connecticut college (dasein),confluence; stl moonar; timber,
kevin schoenau,suny-albany (scam),alibi,
kevin shen,maryland (maryland ultimate); toronto (tula),houndd; pipe; town hall stars,
kevin tan,illinois (rise); wisconsin (hodags),mad men,
kevin tellez,washington (sundodgers); washington-b (washington b),souf,
kevin tien,stanford (stanford bloodthirsty),guerrilla; oc crows; revolver,
kevin toland,michigan-b (michigan-b),wave,
kevin tong,british columbia (thunderbirds),dna,
kevin tran,north texas (unt),cockfight; lost boys,
kevin tsui,pittsburgh (en sabah nur),garden state ultimate; patrol; pittsburgh puppies; pittsburgh temper; pride of rowan newark,
kevin wu,mit (grim beaver),pineapple,
kevin wyle,missouri s&t (miner threat),friendly fire; friendly fire-c; stl moonar,
kevin yuan,chicago (fission); columbia (uptown local),crossfire; shade,
kevin zhou,case western reserve (fighting gobies[a]); illinois (rise),burning river; forest city,
khaled mahmoud,denver (sourdough),tugboat,
khirode robertson,ottawa (gee-gees),phoenix,
khoji ybarra,arizona state (prime),bonsoon; dallas united outlaws,
ki greene,emory (emory juice),chain lightning; pulp; streetgang,
kian patel,texas-dallas (woof),rice box,
kian thomasbeer,virginia (night train),washington-liberty (washington-lee slarenegs),
kianu dolce,arizona state (prime); arizona state-b (pleasure),tempe tantrum,
kieran mandli,wisconsin-platteville (udderburn),dcviii; zoboomafoo,
kieran petrunich,"wake forest (well oiled machine, baby)",hydra,
kieran wagner,oregon -b (bucks); oregon-b (bucks),battery; journeymen; portland tremor,
killian burns,iso atmo,(washed); false summit,
killian hannigan,suny-buffalo-b (buffalo grinch),buffalo frostbite; frostchomp,
killian reilly,williams (wufo),alibi,
kily jasso,trinity (turbulence),a la carte-b,
kimball pew,utah valley (utah valley ultimate),johnny bravo; pando; shrimp; sundance kids,
kingdavid rogers,cosmic u-20 boys,cosmic u-20 boys,
kiran devine,virginia tech (burn),ballston booya,
kiran potula,california-san diego (air squids),rush hour; rush hour atl,
kirby clawson-honeyman,british columbia (thunderbirds),blackfish,
kishan patel,kennesaw state (parliament),dyno; ronin,
kj park,utah valley (utah valley ultimate),lil’ huckers,
kjell olmanson,minnesota-duluth (northern lights),dingwop,
kjellen macbain,williams (wufo),alibi; make it rain,
knox plewniak,tennessee (tennessee),tanasi; villains,
koa klose,carleton college-chop (carleton house of pancakes),odyssey,
kobe bray,nebraska (cornfed ultimate),scythe,
kobe groce,jacksonville state (firebird ),alliance 2,
kobe oley,rit (rit spudheds),oak grove boys; overcast; red wolves; truck stop,
kobi mccracken,california-irvine (nightlife),oc crows; socal condors,
kody shively,auburn (aetos),bormingham sectionboi$; capitol city chaos; second nature,
koen dolezar,army (army- west point),army - west point; army-west point,
koen reiter,south carolina (gamecock ultimate),middleton high school (middleton ultimate),
kofi reeves-miller,georgia (jojah),hooch,
kohen kilburn,tennessee (tennessee),electricity; tennessee folklore,
kolbe bauer,texas (tuff),doublewide; gaucho; public menemy,
kole pempek,purdue (undue ultimate),brickyard; i-69; lafayette street dogs; momintum,
kolson johnson,alabama-huntsville (nightmares),ronin,
kolton wild,utah valley (utah valley ultimate),lil’ huckers,
kong hui lim,oklahoma christian (eagles),supercell,
koushik thiyagarajan,charlottesville clownies; maryland (maryland ultimate),town hall stars,
koven card,brigham young (chi); brigham young-b (chi b),sundance kids; utah hatu; wretched refuse,
krane davis,vermont (chill); vermont-b (chill dev),bang,
krishan chib,georgia state (underground),atlanta arson; atliens; h.o.g. ultimate; rush hour; rush hour atl,
krishna gomatam,california-san diego (air squids),skipjack,
krishna jaikumar kamath,chicago (fission),haymaker,
kristof rohaly-medved,vermont (chill),buda u20b; diy; scoop; sprout,
kristofer maloney,central connecticut state (blue barracudas),spring break '93,
kristoff boor,north texas (unt),sprawl; zoo,
kristoffer broadley,wichita state (wheaties); wichita state university (wheaties),kansas city smokestack; meadowlark,
krystian pawlowski,connecticut (uconn huskies),spring break '93,
kunal rath,case western reserve (fighting gobies[a]),chimney; knights of ni; tune-up,
kunwoo shin,case western reserve (fighting gobies[a]),chimney; john doe,
kuochuan ponzio,vermont (chill),mutiny; rhino slam!; tirebizfriz,
kurt bruns,utah (zion curtain),low point; powderhogs,
kushal khangaonkar,california (california-berkeley); california (ursa major),switchback; zyzzyva,
kushal kothapalli,illinois (rise),black market; flying pig; roundhouse,
kyan oakley,carnegie mellon (mr. yuk),pittsburgh stealers,
kydan young,miami (ohio) (miami boogiemen); miami university (ohio) (miami boogiemen),endgame; omen,
kye haniph,temple (alert),garden state ultimate; helots,
kyle bates,cincinnati (bearcats); cincinnati -b (bearcats b),big booty men,
kyle behrenfeld,suny-albany (scam),alibi; dapper; dirty laundry; rochester open club,
kyle berney,carnegie mellon (mr. yuk),milwaukee breaker,
kyle boberg,stevens tech (stevens tech),revolt,
kyle brown,american (stall 11); american-b (revolution),streetgang,
kyle brun,dayton (flud); north carolina-charlotte (charlotte skyrise),banc; indy club,
kyle cagno,arizona state (prime); arizona state-b (pleasure),bonsoon; tempe tantrum,
kyle conniff,california-irvine (nightlife),evolution; oc crows,
kyle dolbow,carleton college-chop (carleton house of pancakes),minnesota superior b; minnesota superior u20b,
kyle dolwick,tennessee (tennessee),tennessee folklore; tennessee gents,
kyle east,wisconsin-b (fauxdags); wisconsin-milwaukee (black cat),mke; zoboomafoo,
kyle finkel,colorado state (hibida); colorado state-b (bibida),clutch,
kyle fischer,michigan-b (michigan-b),garden state ultimate,
kyle flewelling,victoria (vikes),surf,
kyle follmer,iso atmo,carbon; iso atmo,
kyle ford,pennsbury (pennsbury); temple (alert),garden state ultimate; sepda night owl,
kyle giess,cincinnati (bearcats),big booty men,
kyle gromen,ohio (trout),dynasty; flying pig,
kyle halstater,pittsburgh-b (university of pittsburgh- b),carolina sky; hazard; sord,
kyle he,nyu (new york university ),nyu (new york university ),
kyle henn,ohio (trout),bomb squad,
kyle huang-liu,carnegie mellon (mr. yuk),slag dump; watchdogs,
kyle incollingo,penn state (spank),garden state ultimate; ghostbusters; happy valley roofing and mustache supply; updog,
kyle jones,clemson (joint chiefs of waft),boulder united flatiron hammers; heartbreak; satellite,
kyle kim,california-b (ursa minor),oat,
kyle kwezani,north texas (unt),sprawl,
kyle lavrisa,iowa (ihuc),cryptic; red hots - u20,
kyle lew,cal poly-slo (slocore),little teapots; oat; red dawn; revolver,
kyle miller,chico state (chico state),float,
kyle oconnor,central florida (dogs of war),bloom; degens of war; reptar,
kyle ong,delaware (sideshow),delaware (sideshow),
kyle ouyang,ucla (smaug); ucla-b (ucla smoke),bart; oakland ultimate,
kyle reader,marquette (birdhouse),milwaukee revival; timber; void,
kyle riley,california (ursa major),skipjack; zyzzyva,
kyle roether,wooster (wooster hawks ),scoop,
kyle roke,mit (grim beaver),crossfire; roundhouse,
kyle sands,san diego state (federales ),gang of disc; illinois youth ultimate - u20; red hots - u20,
kyle schluben,wichita state (wheaties); wichita state university (wheaties),meadowlark; supercell,
kyle sculley,texas a&m (dozen),alamode; texas duffy,
kyle stevenson,gonzaga (guru ),gonzaga (guru ),
kyle stromberg,florida (florida); florida-b (florida b),vicious cycle,
kyle suelflow,macalester (flat earth); macalester (macalester open ultimate),surly cynic,
kyle sullivan,west virginia (wv wild),garden state ultimate,
kyle taylor,rowan (ruf riders),rebels,
kyle thompson,kansas state (wizards),kansas city smokestack; prairie fire,
kyle walker,arkansas state (red wolf ultimate),central arkansas surge,
kyle webb,vermont (chill); vermont-c (chill b),breakers,
kyle west,wisconsin (hodags),dcviii; rubicon rapids,
kyle williamson,george mason (massacre),oakgrove boys; town hall stars,
kyler jenkins,green canyon (green canyon - a),cache valley high ground,
kyler waites,ohio state (leadbelly),babe,
kyler wieties,carolina flyers youth academy u20; north carolina state (nc state alpha),nc brickhouse-upper,
kyran buggy,california-irvine (nightlife); ucla-b (ucla smoke),battery,
kyran dell,rensselaer polytech (trudge); rensselaer polytechnic institute (trudge),motive,
kysen lyons,utah state (scotsmen); utah valley (utah valley ultimate),cache valley high ground; sundance kids,
lachlan bond,depaul (duc),roundhouse,
lamar anderson,new haven (chargers),dirty laundry; spring break '93,
lambert tio,texas-b (graze),alamode; messengers-b; san antonio warhawks,
lance lawida,vermont-b (chill dev),bang,
lance novick,suny-stony brook (brick),fli-b honeybees,
lance van ostran,xavier (b.l.o.b.),rotisserie chicken,
landen muennink,texas state (texas state buckets),riverside; riverside messengers-b,
landon block,cal poly-slo-b (slob),skipjack,
landon brajnik,harding (harding apocalypse),dreadnought: battleship-b,
landon cardones,maryland-baltimore county (booya),mob ultimate,
landon evans,missouri (missouri),gamble; haymaker; lounar; stl lounar,
landon gardella,michigan state-b (riot control),diesel,
landon gasper,pittsburgh-b (university of pittsburgh- b),puppies,
landon hunter,mississippi state (dark horse),enigma; grit,
landon lloyd,utah state (scotsmen); utah state (usult),old ephraim,
landon mcdowell,san diego state (federales ),skipjack,
landon sagle,alabama (yellow hammer),alliance; dynasty; ironmen; omen; schweingeist; war machine,
landon walters,utah valley (utah valley ultimate),sundance kids; utah hatu; wretched refuse,
lane mires,gold rush,oat; zodiac,
lane wunderlich,northern iowa (ammunition),demo; loaded panda; zodiac,
langston bealum,wooster (wooster hawks ),mavericks,
langston king,michigan state (arc); michigan state-b (riot control),diesel,
lanhjamin tran,vermont-b (chill dev),bang,
lanolan billingsley,alabama (yellow hammer),alliance,
larkin steenstra,virginia commonwealth (biscuit villains),beef depot (development)-dev,
lars kovamees,brandeis (tron),skeleton squad,
larsen buchanan,colorado cutthroat u-20 boys,colorado cutthroat u-20 boys two,
lawrence james dixon,gold rush,mavericks,
layne sutton,cal poly-slo-b (slob),oc crows; zodiac,
lee burleson,iupui (jaguars),on ramp,
lee jensen,salt.,powderhogs; trout,
lee miller jr,alabama-birmingham (inferno),alliance,
lee phan,georgia (jojah); georgia state (underground),atlanta arson; rush hour atl,
lee thomas,auburn (aetos),alliance; alliance 2; bormingham sectionboi$; second nature,
leif schuster,william & mary (merry men),bryce whitney fan club,
leighton rampulla,alabama-birmingham (inferno),battleship,
leighton scott,rensselaer polytech (trudge); rensselaer polytechnic institute (trudge),alibi,
lekh murthy,case western reserve (fighting gobies[a]),scoop,
leland engelking,minnesota (minnesota a),forward motion; mallard; minnesota superior b; minnesota superior u20b,
leland schwartz,miami-upper-upper,dynasty; low five,
lennox whitaker,georgia state (underground),atlanta arson,
lenny gustavson,georgetown (justice),oat,
leo cogan-drew,carleton college (cut),garden state ultimate,
leo davis,pittsburgh-b (university of pittsburgh- b),puppies,
leo decter,cornell (buds),berkeley zyzzyva; citywide special,
leo dungan-seaver,whitman (whitman sweets),mallard ii,
leo farley,lewis & clark (bacchus ),name brand; sub zero,
leo finley,lewis & clark (bacchus ),junco,
leo ford,california-santa barbara (black tide),offshore,
leo fowler,colorado college (wasabi),wasabi,
leo gallagher,suny-binghamton (suny-binghamton),brooklyn tech support plus,
leo gao,drexel (spitfire),citywide special; ez,
leo gold,colorado-b (cucu),new jersey gemini; red lotus,
leo gordon,brown (brownian motion),dig; dix; providence poultry; red dawn; revolver,
leo holcomb,xavier (b.l.o.b.),ope; rotisserie chicken,
leo jordan,carleton college (cut),blueprint,
leo kepcke,cal poly humboldt (humboldt state buds); humboldt state (humboldt state buds),bobcats; journeymen; sebastopol orchard,
leo kirsch,wisconsin (hodags),minnesota superior a; minnesota superior u20b,
leo mcgaraghan,colorado college (wasabi),colorado college (wasabi); fungi,
leo murray,north carolina-charlotte (charlotte skyrise),touch of grey,
leo nakayama,johns hopkins (dangerzone),mob ultimate,
leo narbonne,massachusetts (zoodisc),bag; buda; buda u20b; chimney; sprout,
leo ohkerrmann,wisconsin-milwaukee (black cat),bux,
leo renzema,oregon state (beavers),dark star; oregon trainwreck; portland tremor,
leo rothenberg,swarthmore (earthworms),citywide special,
leo sarandos,vermont (chill),retired; tirebizfriz,
leo sciortino,rochester (piggies),pgz,
leo sovell-fernandez,middlebury (pranksters),sub zero; switchback,
leo warren,pittsburgh (en sabah nur),pittsburgh temper,
leo white,central connecticut state (yetis),spring break '93,
leo wolf,oregon state (beavers); oregon state-b (oregon state b),dark star,
leo xiao,carleton college (cut); cornell (buds),blueprint; shade; stuyvesant sticky fingers alumni,
leo yuan,boston university (boston university),stuyvesant sticky fingers alumni,
leon lai,carnegie mellon (mr. yuk),space force,
leon tan,chicago (fission),7am; chicago dart frogs; crossfire; deepfake; dirty laundry; roundhouse; stuyvesant sticky fingers; stuyvesant sticky fingers alumni,
leonard gingras,mcgill (mut),club m - manic,
leonard mayorga,bowdoin (clown),bowdoin (clown),
leonard vekker,pennsylvania (void),pennsylvania (void),
leonardo echeverria,arizona (sunburn),colt; nighthawk; sonoran dog,
leonardo kruse,washington (sundodgers),sockeye,
leonardo morelli,suny-stony brook (brick); suny-stony brook (panic),fli-b honeybees; long island riff raff,
leonardo tapia,north carolina state (nc state alpha); north carolina state-b (six pack),cash crop 2; nc brickhouse-upper; triumph; yacht club,
leonid zubarev,columbia (uptown local),uptown local y,
leopold fell,suny-binghamton (suny-binghamton),bartle boys; blueprint; shade; suny-binghamton (suny-binghamton),
leron wu,illinois (rise),u54,
lev blumenfeld,maryland (maryland ultimate),magma bears; town hall stars; truck stop,
lev dienstfrey,dc recruits,fort reno flatball club,
lev sugerman-brozan,colorado college (wasabi),colorado college (wasabi),
leven saunders,british columbia -b (b-birds),blackfish; coast,
levi branan,lipscomb (bisons),black lung,
levi dohman,minnesota (grey duck); minnesota (minnesota a),kenji's bbb; mallard ii; sub zero,
levi hasse,minnesota (minnesota a); minnesota-b (minnesota b),conspiracy theory,
levi hoffman,middlebury (pranksters),space invaders,
levi keay,british columbia (thunderbirds),blackfish; komori; refinery,
levi lewis,west chester (west chester),dub club,
levi pelletier,maine (snositi),red tide; resurgam ultimate,
levi pittman,virginia tech (burn); virginia tech-b (virginia tech b),atl b; gambit,
levi smetana,tulane (tucks); tulane-b (tulane b),knights of ni; ufo,
levi spellmeyer,tennessee tech (tech talons),watchmen,
levi stahl,lewis & clark (bacchus ),junco; make it rain,
levi tapper,colorado (mamabird),bonafide scrubs; lotus,
lewin levine,princeton (clockwork),rebels,
lewis parkinson,brigham young (chi); gold rush,creaky; oat,
lewis sisler,cornell (buds); oregon -b (bucks),charleston heat stroke,
liam allen,maryland (maryland ultimate),town hall stars,
liam becker,case western reserve (fighting gobies[a]),pittsburgh temper,
liam boyles,vermont-c (chill b),big gordo's racing,
liam campbell,tufts (elephant men),bag,
liam chandler,south carolina (gamecock ultimate); south carolina-b (south carolina),space cowboys,
liam daigeler,carleton university (ravens),phoenix,
liam day,richmond (spidermonkeys),richmond floodwall,
liam dimick,suny-buffalo-b (buffalo grinch),buffalo frostbite; buffalo practice players,
liam dunn,virginia commonwealth (biscuit villains),bryce whitney fan club; crypt; hb woodlawn (hbw united); hb woodlawn flatball; puzzles; red wolves; redwolves,
liam eident,appalachian state (nomads),queen city kings,
liam ereneta,california-santa barbara (black tide),little teapots; red dawn,
liam fielden,miami (ohio) (miami boogiemen),flying pig,
liam fretland,winona state (experience),m.y.t.h.o.s.,
liam ginsberg,california-davis (davis dogs),oc crows; offshore,
liam griffin,st olaf (berzerkers),dingwop; m.y.t.h.o.s.; minnesota superior b,
liam guenin,michigan tech (discotech),timber,
liam holloway-bidwell,carleton college (cut),mallard,
liam jay,california-santa cruz (slugs),battery; wavestorms,
liam jensen,rit (rit spudheds),crossfire; forest city,
liam jones,fairfield (fairfield stags); towson (pandamonium); towson-x (towson x),mob ultimate,
liam kohler,connecticut college (dasein); connecticut college (deimos),whuf-b,
liam marsh,kansas (horrorzontals),kansas city smokestack; nox,
liam mcconnell,florida state (duf),imperial,
liam mitchko,rowan (ruf riders),revolt,
liam mulligan,indiana (hoosiermama?s),castle; stl moonar,
liam orourke,ave maria (gyrenes),on ramp,
liam owens,christopher newport (skymaul),brackish,
liam reese,santa clara (scab),waste management squad,
liam riener,dickinson (dumptrucks); dickinson (junkyard turkeys),conspiracy theory,
liam savona,kenyon (serf); vanderbilt (armada),nashville mudcats; rotisserie chicken; tanasi; womp,
liam schwartz,northeastern-b (beastern),mbta,
liam searles-bohs,north carolina (darkside),cash crop; ring of fire; triforce,
liam ullman,pittsburgh-b (university of pittsburgh- b); pittsburgh-c (pitt-b plus pro max),philadelphia padawans,
liam vander wyk,colorado-b (cucu); colorado-c (rooster tussle); southern connecticut state (mighty hucks),carbon; red lotus; spring break '93,
liam vandezande,wisconsin-milwaukee (black cat),bux,
liam woodruff,loyola marymount (lions),veteran move,
lincoln boyd,michigan (magnum),bonafide scrubs; colorado cutthroat: youth club u-20 boys; mango tree-a,
lincoln eberly,charlottesville clownies; johns hopkins (dangerzone),washington-liberty (washington-lee slarenegs),
lincoln grench,colorado college (wasabi),castle; lounar; stl lounar; wavestorms,
lincoln lasourd,northern iowa (ammunition),loaded panda,
lincoln petersen,salt.,cowtown cannons; practice squad; wretched refuse,
linus mallett,colorado state (hibida),choice city hops; inception,
linus mehring,vermont-b (chill dev),bang; odyssey,
lior cohen,vermont-b (chill dev); vermont-c (chill b),bang; citywide special,
little dipper,parkland - plu alumni,junco,
lloyd goldstein,cincinnati (bearcats); cincinnati -b (bearcats b); ohio state-b (big buckin' chicken),enigma,
lochlan margison,victoria (vikes),furious george; surf,
logan ashwell,alabama (yellow hammer); alabama-c (yellowhammer c),second nature,
logan bishop,cincinnati -b (bearcats b),enigma,
logan brummett,western carolina (western carolina catamounts),gambit,
logan call,towson (pandamonium); towson-y (towson y),bomb squad; mob ultimate,
logan carroll,texas state (texas state buckets),riptide; riverside messengers-b,
logan clarke,brigham young (chi),pando; the killjoys,
logan closson,oregon state (beavers),junco; oregon trainwreck; portland tremor; trainwreck and friends,
logan derheimer,wisconsin (hodags),dcviii,
logan diehl,florida (florida),florida untied; vicious cycle,
logan drake,texas tech (tumbleweed),crutch city; deaf fruit,
logan eidell,south carolina-b (south carolina),parlay; power point ultimate,
logan hammersmith,oklahoma christian (eagles),barnstorm; colorado cutthroat: youth club u-20 boys,
logan heck,case western reserve (fighting gobies[a]),carolina sky; chimney; exhaust pipe; hazard; scoop,
logan heileman,iowa state (isuc),trident,
logan huttunen,british columbia (thunderbirds),blackfish,
logan johnston,charleston (palmetto bums),charleston heat stroke,
logan joy,south florida (scallywags),players into serious sports,
logan keillor,ottawa (gee-gees),phoenix,
logan kiesewetter,valparaiso (vult),triiident,
logan konopka,central connecticut state (yetis),central connecticut state (yetis),
logan krehbiel,colorado cutthroat: youth club u-20 boys; oklahoma christian (eagles),barnstorm; buoyancy; colorado cutthroat: youth club u-20 boys; false summit,
logan lambright,illinois (rise),haymaker; trident ii,
logan langel,wichita state (wheaties); wichita state university (wheaties),meadowlark,
logan manta-kennedy,western washington (dirt),seven gills,
logan mcdavid,tennessee tech (tech talons),music city mafia,
logan mcgee,suny-oneonta (sofa (a)),dapper; rochester open club,
logan mcmillen,clemson (joint chiefs of waft),lost boys; space cowboys,
logan pfahler,northeastern-b (beastern),mbta,
logan piercy,penn state (spank),citywide special; ghostbusters; gvl trout; philadelphia pacmen,
logan song,california-santa barbara (black tide); gold rush,oat,
logan stone,suny oswego (flying monkeys),alibi; fusion,
logan stormont,lehigh (lehigh ),axial tilt,
logan storts,florida (florida),space cowboys; vicious cycle,
logan stouse,claremont (braineaters),cognitive disconance,
logan thompson,idaho (graffiti); idaho (red scare); kent state (klockwork),heartbreak,
logan wileymatusen,wisconsin-milwaukee (black cat),middleton high school (middleton ultimate),
logan williams,purdue (undue ultimate),blink-122 weekends; i-69; momintum,
logan ziegler,boston college (eagles),mystik dan,
loic billaut,gold rush; ucla (smaug),bart; oakland ultimate,
loic masters,colorado-b (cucu),iso atmo; legal trouble; red lotus,
lorenz shih,winona state (experience),m.y.t.h.o.s.,
lorenzo carter,maryland-baltimore county (booya),beef depot (development)-dev,
lorenzo consales,ithaca (nawshus ultimate),new jersey gemini,
lorenzo duvergne,ucla-b (ucla smoke),nsfw,
lorenzo yabut,california-santa barbara (black tide),sundowners,
louis douville beaudoin,amherst regional (hurricanes); middlebury (pranksters),dig; diz; duck and cover; tirebizfriz,
louis gosart,ucla (smaug),hazard; nsfw,
luc bastien,brown-b (brown - b),citywide special,
luca adams,gold rush; ucla (smaug),bart; oakland ultimate; oat,
luca alvarez,american (stall 11); american-b (revolution),nomad,
luca christiansen,pittsburgh (en sabah nur),ballston booya,
luca duclos-orsello,brown (brownian motion),providence poultry; scoop; tanasi,
luca harwood,massachusetts (zoodisc),buda u20b; shades; sprout; tirebizfriz,
luca iasinschi,illinois-b (boomland),u54,
luca spycher,ucla (smaug),doggpound; nsfw; red dawn; sawtooth,
luca stuccio,vermont (chill),citywide special; ghostbusters; philadelphia padawans; tirebizfriz,
luca van der meer,occidental (detox),kansas city smokestack,
lucas aberg,christopher newport (skymaul),brackish; shipyard; yacht club,
lucas brown,cal poly-slo-b (slob),crossfire,
lucas calaff,cal poly-slo-b (slob); puget sound (postmen),make it rain,
lucas chauvot de beauchene,williams (wufo),motive,
lucas chen,washington (sundodgers),sockeye; voodoo,
lucas coniaris,indiana (hoosiermama?s),bird patrol; black sheep; brickyard; colonels; omen; rhino slam!,
lucas dematteis,iowa (ihuc),red hots - u20; shift,
lucas gough,illinois (rise),beachfront property; black market; trident ii,
lucas granec,wisconsin-la crosse (badluc),knights of ni,
lucas hanson,southern illinois-edwardsville (geese); southern illinois-edwardsville (siege); southern illinois-edwardsville (ultimate e-ville),stl moonar,
lucas henry,oregon state (beavers),pittsburgh temper; portland tremor,
lucas hopkins,suny-binghamton-b (suny-binghamton b),suny-binghamton-b (suny-binghamton b),
lucas johnson,truman state (jujitsu); wisconsin-platteville (udderburn),big wrench; breakers; red wolves,
lucas jones,case western reserve (fighting gobies[a]),pittsburgh stealers; scoop,
lucas kaplan,maryland-b (astro quakers),oakay,
lucas kim,emory (emory juice),atlanta arson; little red wagon; pulp; yee-haw,
lucas miller,akron (goonsquad); loyola marymount (lions),veteran move,
lucas morgan,texas-dallas (woof),brawl; sprawl; texas bbq,
lucas nestor,ohio state (leadbelly),flying dutchmen,
lucas oberholtzer hess,temple (alert),jawn,
lucas parnell,eastern michigan (fighting hellfish),colorado mesa (colorado mesa mavericks); diesel; firefall; iso atmo,
lucas reavy,utah (zion curtain),powderhogs,
lucas reichert,william & mary (merry men),bryce whitney fan club; foggy bottom boys; hb boys; john doe; shade,
lucas rudloff,florida (florida); florida-b (florida b),frizz; vicious cycle,
lucas skidmore,clemson (joint chiefs of waft),sawtooth; space cowboys; womp,
lucas storm,carnegie mellon (mr. yuk); carnegie mellon-b (poison control),pittsburgh stealers; pittsburgh temper,
lucas suarez,georgetown (justice),mort,
lucas taber,suny-buffalo (green eggs and ham),buffalo frostbite,
lucas terzic,oregon (ego),avenue -a; grudge,
lucas uchitelle-cohen,denver-b (sourdough b team),tugboat,
lucas zeiger,california-santa barbara (black tide),zyzzyva,
lucca kruse,loyola marymount (lions),veteran move,
luciano falzone,seven hills bx,ave; avenue -a,
lucien noel,north carolina (darkside),cash crop 2; doublewide; the dingoes - australian open team,
lucius christie,pittsburgh (en sabah nur),citywide special; new jersey gemini; puppies,
lucius johnson,depaul (duc),roundhouse,
lue yang,wisconsin-b (fauxdags),dcviii; ironside,
luis buque,iowa state (isuc),mutiny,
luiz astorga,texas-dallas (woof),brawl; e.v.i.l.; san antonio warhawks,
luka govedic,mit (grim beaver),berkeley zyzzyva; big wrench; lantern; shade,
lukas alexander,colorado (mamabird),garden state ultimate; red lotus,
lukas becker,north carolina-wilmington (seamen),buda; right coast; shades; sprout,
lukas croson,john brown (ironfist),dreadnought: battleship-b,
lukas karapin-springorum,claremont (braineaters),garden state ultimate; zyzzyva,
lukas kersh,alabama-b (yellow hammer),riptide-b; trident; trident ii; triiident,
lukas tien,california (ursa major),battery; zyzzyva,
luke alexander,florida (florida),florida untied; haymaker x; vicious cycle,
luke allen,texas (tuff),joe sefton's little heroes; texas swing; texas united,
luke anseman,lsu (purple haze),louisiana second line,
luke barrett,suny cortland (team rocket); suny-cortland (team rocket),new jersey gemini,
luke barry,james madison (hellfish),garden state ultimate; philadelphia pacmen,
luke bensinger,harding (harding apocalypse),dreadnought: battleship-b,
luke billingsley,liberty (flames),anchor; l.u.t $ack,
luke bleers,minnesota (minnesota a); st. olaf (berzerkers),black market i; illinois youth ultimate - u20; mallard; sub zero,
luke brennan,notre dame (papal rage),chicago machine; south shore line,
luke brigman,illinois state (gnomes),illinois youth ultimate - u20; red hots - u20; triiident,
luke britsch,denver (sourdough),denver -upper (four more dough ); tugboat,
luke buckner,tennessee (tennessee),tennessee folklore; tennessee gents,
luke carlsen,liberty (flames),l.u.t $ack,
luke cogswell,carnegie mellon (mr. yuk),pittsburgh stealers,
luke colwell,south carolina (gamecock ultimate),cockfight,
luke cornelius,tennessee (tennessee),music city mafia; nashville mudcats; triumph,
luke cranor,georgia (jojah),hooch,
luke davis,ucla (smaug); ucla-b (ucla smoke),iso atmo,
luke dishman,john brown (ironfist),dreadnought: battleship-b,
luke duan,north carolina (darkside),raleigh-durham united,
luke ehlert,carthage (carthage blitz),house,
luke elliott,christopher newport (skymaul),yacht club,
luke fields,john brown (ironfist),dreadnought: battleship-b,
luke gnatkowski,iowa (ihuc),cryptic; nomad,
luke gochis,penn state (spank),pittsburgh stealers; updog,
luke greenley,temple (alert),citywide special; jawn; patrol; phantom,
luke grieger,kansas state (wizards),kansas city smokestack; nox,
luke hartfield,michigan state (arc),east lansing detroit lions; marc,
luke hatchl,south carolina (gamecock ultimate),lost boys,
luke hedlund,purdue (undue ultimate),buda u20b; odyssey,
luke henke,texas a&m (dozen),texas duffy; texas united,
luke holtzman,columbia (uptown local),7am; columbia (uptown local),
luke howard,minnesota-duluth (northern lights),dingwop,
luke huffman,kentucky (kult),colonels; kentucky flying circus; mint; raleigh-durham united,
luke jackson,radford (scoundrels); texas united,give me death; heatwave; texas duffy; texas united,
luke jarvis,west chester (west chester (a)),adelphos; delco club; dub club,
luke johnson,cosmic u-20 boys,cosmic elite,
luke knight,texas (tuff),h.i.p; lil heroes; texas united,
luke laboy,suny-buffalo-b (buffalo grinch),buffalo frostbite; buffalo practice players,
luke lorence,ohio state (leadbelly),crossfire; skeleton squad,
luke medcalf,john brown (ironfist),dreadnought: battleship-b,
luke merrill,north carolina-wilmington (seamen),adelphos; philadelphia padawans; right coast,
luke meyer,pennsylvania (void),citywide special; happy valley roofing and mustache supply; pennsylvania (void),
luke norby,oklahoma christian (eagles),barnstorm; cowtown cannons; gamble,
luke oh,pennsylvania (void),citywide special; devyl u-20 open; pennsylvania (void),
luke owen,arizona state (prime); arizona state-b (pleasure),bonsoon; roundhouse; tempe tantrum,
luke pascale,maryland (maryland ultimate),medicine men; town hall stars,
luke pedersen,slippery rock (sru lion pride),chemical x; smogborn,
luke philbin,clemson (joint chiefs of waft),space cowboys,
luke pohlman,ithaca (nawshus ultimate),odyssey,
luke rosentel,mary washington (mother of george),bryce whitney fan club,
luke rospert,wisconsin-stevens point (homegrown),timber,
luke rubin,iowa (ihuc),nocturnal; nomad,
luke sadler,tennessee (tennessee),duel; nashvillians; tennessee folklore; villains,
luke sahli,william & mary (merry men); william & mary-b (seahorse),crypt; richmond floodwall,
luke schultz,missouri (missouri),mallard,
luke seashore,vassar (swinging monks),vassar (swinging monks),
luke stipanovic,baylor (stonewall a),brawl; dallas delinquents; sprawl; texas toast,
luke stovall,brigham young-b (chi b),r&d,
luke thomas,auburn (aetos),alliance; alliance 2; ironmen; swarm,
luke tierney-trevor,vermont (chill),led tide 2-upper; red tide,
luke titus,ball state (cardinals),on ramp,
luke tu,georgia tech-b (tribe),atlanta outlaws,
luke vernon,penn state-b (lovetap),happy valley roofing and mustache supply,
luke walsh,iowa state (isuc),nomad,
luke wang,brown (brownian motion),texas tea-a,
luke webb,carleton college (cut),dig; iditarod,
luke weber,suny-buffalo (green eggs and ham); suny-buffalo-b (buffalo grinch),buffalo frostbite,
luke wirtz,kansas (horrorzontals),kansas city smokestack; nox,
luke yorgason,brigham young (chi),bonneville flatball club; pando; the killjoys,
luke youngmann,suny-albany (scam),adk mountain crew; dirty laundry; motive,
lyle berkley,massachusetts (zoodisc),barden btate bultimate; sprout,
lyle cox,tennessee tech (tech talons),watchmen,
lynh vo,christopher newport (skymaul),jolly roger,
mac cumiskey,maryland-b (astro quakers),bomb squad,
mac spiller,spring hill (shuc),alliance; alliance 2,
mac weber,michigan state (arc),la raid s.c.; mad men,
macailen davis,lsu (purple haze),gang of disc,
mace korytko,case western reserve (fighting gobies[a]),exhaust pipe,
mack mallonee,colorado cutthroat u-20 boys,colorado cutthroat u-20 boys two,
mackenzie stogner,cal poly-slo-b (slob); cal poly-slo-c (sloc),heatwave,
maclain everson-rose,st olaf (berzerkers),m.y.t.h.o.s.; nomad,
macy desmond,college of new jersey (revolution); temple (alert),rebels,
maddox hill,wisconsin (hodags),mad men,
maddox kromash,william & mary (merry men); william & mary-b (seahorse),hb woodlawn flatball; la maquina -a,
maddox sutton,case western reserve (fighting gobies[a]),exhaust pipe,
maddox weisz,tufts-b (tufts b); tufts-c (tufts c),crossfire,
maddox woo,seven hills bx,avenue -a,
madison glidewell,mississippi state (dark horse); mississippi state -b (trenches ); mississippi state-b (trenches ),cookie mon$terz; golden triangle ultimate,
maheen rassell,nyu (new york university ),nyu (new york university ),
mahith edula,carnegie mellon (mr. yuk),pittsburgh stealers; pittsburgh temper,
mahmoud akinyode,south florida (scallywags),black gold,
mahmoud morsy,cal state-long beach (pyramid scheme),oc crows,
makalu green,mcgill (mut),furious george,
makana sabate,boise state (mamu zaldi),sawtooth,
maksim zykov-chisholm,gold rush; oregon (ego); oregon -b (bucks),oat,
maksymilian zajdel,illinois state (gnomes),shift,
malachi neil,grand valley (lakers); grand valley state (lakers),beacon; haymaker,
malachi raymond,middlebury (pranksters),scoop; sub zero,
malakai nordquist,north florida (category 5),stag; uproar,
malcolm chow,iowa state (isuc),bemo; loaded panda,
malcolm cooper,worcester polytech (whisper),buda u20b,
malcolm duellman,charlotte flight; minnesota-b (minnesota b); minnesota-b (ugly duckling),banc; queen city kings,
malcolm ferguson,connecticut (uconn huskies),connecticut 9 to 5,
malcolm kolinski,mcgill (mut),pipe,
malcolm starr,utah (zion curtain),lil’ huckers; powderhogs; shrimp,
malcolm watson,texas tech (tumbleweed),deaf fruit,
manav bhatt,maryland-baltimore county (booya),mob ultimate,
manny king,suny binghamton-b (binghamton [b] y); suny-binghamton-b (suny-binghamton b),bartle boys,
manon mondal,north florida (category 5),psychedelic,
manov jain,southern methodist (bankroll),flash flood; glycerine; texas two step,
manuel bosteels,yale (süperfly),bodega cats; sungho moon,
manuel castro mirafuentes,cal state-long beach (pyramid scheme),overflow,
manuel eckert,washington (sundodgers),sockeye; voodoo,
manuel estevez,berry (bucks),romulus,
manuel miranda,maryland-baltimore county (booya),john doe; mob ultimate,
marc canellas-salles,michigan state (arc),east lansing detroit lions; eldl; marc,
marc courtemanche,harvard (red line),harvard (red line),
marc gleason,college of new jersey (revolution),2night; lantern; niiight; one night; silence of the clams,
marcel atkinson,north carolina-charlotte (charlotte skyrise),nc brickhouse-upper; queen city kings,
marcel oliart,pittsburgh (en sabah nur),buda; pittsburgh puppies; pittsburgh temper,
marcel studer,victoria (vikes),surf,
marcel van der wel,union (tennessee) (union jaxx),ronin,
marcelo ruggiero,charlottesville clownies; mary washington (mother of george),bryce whitney fan club; foggy bottom boys,
marco butera,north carolina state (nc state alpha),impulse; triumph,
marcos collazo,charlotte flight,queen city kings,
marcus beidler,oregon (ego),rhino slam!; sockeye; souf,
marcus castleman,colorado cutthroat u-20 boys,colorado cutthroat u-20 boys,
marcus evans,auburn (aetos),alliance; battleship; bormingham sectionboi$; i-69,
marcus hawley,cal poly-slo-b (slob); cal poly-slo-c (sloc); georgia tech-b (tribe),atlanta outlaws,
marcus mondrow,colorado-b (cucu); colorado-c (rooster tussle),red lotus,
marcus needham,north carolina-wilmington (seamen),nc brickhouse-upper,
marcus perry,ohio state (leadbelly),babe; fine giant; flying dutchmen,
maren monsivais,texas a&m (dozen),foxtrot; texas duffy,
mario ambrose,california-santa cruz (slugs),revolver; wavestorms,
mario bellavia,indiana (hoosiermama?s); texas united,heatwave; riverside; shenanigans; texas united,
mario latorre,north florida (category 5),flux,
mario ortiz,iowa (ihuc),red hots - u20; tydl,
mario rodriguez,central florida-b (havoc),firefly tx; southside,
mario verdugo,arizona (sunburn),nighthawk; sonoran dog,
mario weiler,arizona (sunburn),arizona frisbee club; sonoran dog; sonoran pups,
marius orentas,virginia tech (burn); virginia tech-b (virginia tech b),john doe,
marius schueller,vanderbilt (armada),womp,
mark allen,brigham young (chi); brigham young-b (chi b),r&d,
mark butler,rowan (ruf riders),rebels,
mark chin,arizona state-b (pleasure),momintum,
mark chow,ottawa (gee-gees),oni,
mark edwards,william & mary (merry men),bryce whitney fan club; hb woodlawn (hbw united),
mark farber,ucla (smaug),nsfw,
mark farid,georgia tech (tribe),berkeley zyzzyva; bullet,
mark fieweger,michigan tech (discotech),timber,
mark gazzerro,princeton (clockwork),side hustle,
mark henke,texas a&m (dozen); texas united,doublewide; texas duffy; texas united,
mark hribar,cleveland state (cleveland state vikings),scoop,
mark hug,marquette (birdhouse),m.y.t.h.o.s.,
mark li,northwestern-b (blizzard); northwestern-b (bolt),adventure time,
mark polin,delaware (sideshow),delaware (sideshow),
mark seaman,tennessee (tennessee),tennessee folklore,
mark strand,william & mary (merry men),bryce whitney fan club; oak grove boys,
mark valenzuela,notre dame (papal rage),oc crows,
mark weidman,suny cortland (team rocket); suny-cortland (team rocket),dapper; rochester open club,
markus hernandez,victoria (vikes),surf,
markus olson,colorado state (hibida); colorado state-b (bibida),seven gills,
markus tam,british columbia -b (b-birds),coast,
markus wolf,virginia commonwealth (biscuit villains),ballston booya; foggy bottom boys; john doe,
marley kervick,pennsbury (pennsbury),phantom,
marshal paz,ohio state (leadbelly),babe; roundhouse,
marshall doty,rice (cloud 9),red dawn,
marshall hodges,tennessee (tennessee),music city mafia; tanasi; villains,
marshall mao,texas-dallas (woof),brawl,
marshall penn,iowa state-b (yeastie boys),adventure time; black gold; firefly tx,
marshall scheiderer,ohio (trout),ohio (trout),
marshall wasmund,minnesota (minnesota a),forward motion,
marshall wildmann,ucla (smaug),little teapots; nsfw; oat; red dawn; revolver; socal condors,
martin bustamante,suny-buffalo (green eggs and ham),geh; magma bears; westchester magma bears,
martin cornejo,suny-stony brook (panic),suny-stony brook (panic),
martin doherty,cal poly-ccwr (ccwr); cal poly-slo (slocore); cal poly-slo-b (slob),bay dog; red dawn; unrestricted free agents,
martin fuller,arizona state (prime); arizona state-b (pleasure),bonsoon; monsoon; tempe tantrum,
martin gallant,ottawa (gee-gees),goat; phoenix; team canada open,
martin jimenez-williams,claremont (braineaters),heatwave; texas united,
martin le,washington (sundodgers),ave; bamwagon; seattle blacklist; sockeye; souf,
martin mason,grand canyon (lopes),nighthawk,
martin niemiec,connecticut (uconn huskies),spring break '93,
martin trouilloud,brown (brownian motion),providence poultry,
martis artis,portland state (vitruvious),dirtnap; junco,
marty mcgreal,lsu (purple haze),louisiana second line,
masayuki nagase,yale (süperfly),switchback,
mason banner,maryland (maryland ultimate),town hall stars; watchdogs,
mason chupka,virginia (night train),green river swordfish; guerrilla; shade,
mason clay,cleveland state (cleveland state vikings),forest city; scoop,
mason cooper,arkansas (ludicrous speed ),dreadnought: battleship-b,
mason gordon,utah valley (utah valley ultimate),sundance kids; utah hatu; wretched refuse,
mason huebsch,charleston (palmetto bums),charleston heat stroke; holy city heathens,
mason johnson,virginia tech (burn),ballston booya; bryce whitney fan club; fathom,
mason keeling,arkansas state (red wolf ultimate),central arkansas surge; dreadnought,
mason kelley,oklahoma christian (eagles),brawl; ducs; gamble; glycerine,
mason kiefer,colorado state (hibida),choice city hops; fungi; inception; iso atmo,
mason kimbarovsky,saint louis (archangel),s l u r p,
mason levitt,george washington (g-dub hippos); george washington (george washington men’s club ultimate),beef depot,
mason manley,tennessee-chattanooga (swamp donkeys),duel,
mason pancoast,colorado college (wasabi),colorado college (wasabi),
mason raffo,cornell (buds); cornell-b (cornell-b (shake)),los buds; mohawk valley wild,
mason schiefer,missouri s&t (miner threat),trout,
mason schulman,purdue (undue ultimate),on ramp,
mason stone,massachusetts (zoodisc),mystery gang; sockeye,
mason weybright,oregon (ego),dark star; oregon eruption!,
mason winter,bowdoin (clown); harvard (red line),bowdoin (clown),
mason wuensch,baylor (stonewall a),doublewide,
massin larbi,temple (alert),jawn,
matan fields,colorado college (wasabi),colorado college (wasabi),
mateo bolen,vermont-b (chill dev); vermont-c (chill b),bang,
mateo dominguez,cal state-long beach (pyramid scheme),hazard; socal condors,
mateo edwards,skidmore (wombats),alibi,
mateo garcia,chicago (fission),ditto a; ditto b,
mateo holguin,colorado cutthroat: youth club u-20 boys; washington (sundodgers),colorado cutthroat: youth club u-20 boys,
mateo lupinetti,penn state-b (lovetap),adelphos,
mateo nacusi,ucla (smaug); ucla-b (ucla smoke),hazard; oc crows,
mateo rimer-surles,appalachian state (nomads); colorado-b (cucu),carolina sky; cash crop 2; dawg pound,
mateo schneider,mary washington (mother of george),bdc; la maquina -a,
mathew wong,cleveland state (cleveland state vikings),lake effect; scoop,
mathieu agee,colorado (mamabird),bobby; inception; johnny bravo; lotus,
mathieu willems,johns hopkins (dangerzone),mob ultimate,
mati okutsu,pennsylvania (void),pennsylvania (void),
matias lee,brown (brownian motion); johns hopkins (dangerzone),mob ultimate,
matias ng,northeastern (huskies); northeastern-b (beastern),iditarod; mbta,
matt adams,northern iowa (ammunition),demo,
matt bartley,suny cortland (team rocket),helots; magma bears,
matt blaylock,mississippi state (dark horse); mississippi state -b (trenches ); mississippi state-b (trenches ); mississippi state-c (trenches b),golden triangle ultimate; prism,
matt buriok,cedarville (swarm),swarm,
matt chambers,texas (tuff),dallas united: desperados; doublewide; gamble; texas two step; texas united,
matt jamison,utah valley (utah valley ultimate),bonneville flatball club; lil’ huckers; sundance kids; utah hatu,
matt johnson,iowa state (isuc),chain lightning; mallard; mallard ii; minnesota superior u20b; sub zero,
matt kennedy,kansas (horrorzontals),cold cuts,
matt kolk,brandeis (tron),lantern,
matt krauss,james madison (hellfish),citywide special; garden state ultimate,
matt kuntaras,marquette (birdhouse),milwaukee breaker,
matt labar,james madison (hellfish),barden btate bultimate; garden state ultimate; phantom; pony,
matt latvis,syracuse (doom); syracuse university-b (boom),adk mountain crew,
matt markiewicz,arkansas (ludicrous speed ),arkansas (ludicrous speed ); dreadnought: battleship-b; stl moonar,
matt miller,cal poly-slo (slocore),socal condors; sundowners,
matt mordica,mississippi state (dark horse),predator,
matt nelson,mary washington (mother of george),bryce whitney fan club; overdrive; spring break '93,
matt nuoffer,ohio state (leadbelly),castle; fine giant; flying dutchmen,
matt oconnor,georgetown (justice),mort,
matt pauly,harvard (red line),big wrench; shred line,
matt pindilli,scranton (electric city scranton ultimate),turbulent flow,
matt pitman,rhode island (riut),niiight; one night,
matt rix,oregon state (beavers); oregon state-b (oregon state b),journeymen; make it rain; portland tremor; sawtooth,
matt ryan,california-b (ursa minor); gonzaga (guru ),tampa tempest; tyranny; uproar,
matt sehgal,brandeis (tron),bag; big wrench; daybreak; iso atmo,
matt smith,suny oswego (flying monkeys),alibi; fusion; motive,
matt sweeney,minnesota (grey duck),illinois youth ultimate - u20,
matt thomas,charlottesville clownies; george mason (meteors),fire of london; oak grove boys; oakgrove boys; redwolves,
matt tucker,north carolina state (nc state alpha),brickhouse; mad men; ring of fire,
matt williams,alabama-birmingham (inferno),alliance; alliance 2; swarm; war machine,
matteo bowman,cal poly-humboldt (humboldt buds),bay dog; ravin’-d; unrestricted free agents,
matteo capodivacca,michigan state (arc); michigan state-b (riot control),diesel; mischief,
matteo meyer,wisconsin (hodags),minnesota superior a; zoboomafoo,
matteo rathgeber,rensselaer polytech (trudge); rensselaer polytechnic institute (trudge),motive,
matthew adams,indiana (hoosiermama?s),on ramp,
matthew allan,oklahoma (apes of wrath),atlanta arson; little red wagon; rush hour atl; supercell,
matthew armour,texas (tuff),doublewide; singlewide,
matthew arshad,hofstra (flying dutchmen),hofstra (flying dutchmen),
matthew ashton,brigham young-b (chi b),lil’ huckers,
matthew ayers,massachusetts-b (umass amherst developmental); massachusetts-d (umass amherst developmental),lantern; trout,
matthew bain,north carolina-b (batch),nc brickhouse-upper,
matthew baird,northern iowa (ammunition),demo; loaded panda,
matthew barcellos,north carolina (darkside); ucla (smaug),cash crop 2; nsfw; oat; revolver; ring of fire,
matthew battles,oklahoma christian (eagles),barnstorm,
matthew beaudet,virginia tech (burn),puzzles; richmond floodwall; vault,
matthew bell,miami alumni,diesel; mischief; nain rouge,
matthew benner,suny-buffalo (green eggs and ham),buffalo open,
matthew berkholtz,wisconsin-b (fauxdags),ironside; mad men,
matthew blankenship,virginia tech-b (virginia tech b),beef depot,
matthew bloom,duke (brimstone),scoop,
matthew booker,carnegie mellon (mr. yuk),oc crows; pittsburgh stealers,
matthew borch,texas tech (tumbleweed),adventure time; deaf fruit,
matthew bruggeman,cincinnati (bearcats),big booty men; omen,
matthew bullard,maine (blackfly),maine (nor'easter),
matthew bunker,texas a&m (dozen),cowtown cannons; texas bbq,
matthew burris,foggy bottom boys; tulane (tucks),gang of disc,
matthew callen,virginia (night train),ballston booya; red wolves; vault; washington-liberty (washington-lee slarenegs),
matthew cao,michigan (magnum); michigan-b (michigan-b),mango tree-a; marc,
matthew caro,connecticut-b (grind),motive,
matthew casey,wright state (airstrike),fusion; team rocket,
matthew chamberlain,michigan state (arc),beacon; east lansing detroit lions; eldl; hb woodlawn (hbw united); john doe; marc; red wolves,
matthew chin,american (stall 11 x); american (stall 11),deepfake,
matthew conroy,illinois (rise); illinois-b (boomland),roundhouse,
matthew cromaz,cal poly-slo-b (slob); cal poly-slo-c (sloc); reed (reeed),digit,
matthew crowe,massachusetts-b (umass amherst developmental); massachusetts-d (umass amherst developmental),east bay earthworms,
matthew dacey-koo,georgia tech (tribe),atlanta arson; atliens,
matthew dankwerth,arizona state (prime); arizona state-b (pleasure),bonsoon; expendables; skeleton squad; tempe tantrum,
matthew davidorf,georgia (jojah),atliens; dyno; evolution; little red wagon; yee-haw,
matthew deblasi,suny-buffalo (green eggs and ham),bodega cats; brooklyn tech support plus,
matthew duffy,wentworth (concrete jungle),dredge; log jam; pittsburgh temper,
matthew dusin,kansas state (wizards),friendly fire; kansas city smokestack; nox,
matthew eaise,mississippi college (tribal),battleship; southern hospitality,
matthew fazzalaro,georgia (jojah),hooch,
matthew gaetano,vermont-b (chill d); vermont-b (chill dev),red squirrels; yeuth-and-age-sia,
matthew gilligan,oregon state (beavers); oregon state-b (oregon state b),oregon trainwreck; portland tremor,
matthew goetsch,marquette (birdhouse),fungi; mke; trident; trident i,
matthew greenberg,connecticut college (deimos); georgia tech (tribe); rose-hulman (elephantitis),dyno; mint; two-headed goose,
matthew grinde,wisconsin (hodags),happyboise-jv; ironside; mad men,
matthew gunter,minnesota (minnesota a),edina high school (edina high school varsity); mallard; minnesota superior b,
matthew herberg,california-irvine (nightlife); vermont-c (chill b),big gordo's racing,
matthew herbst,duke (brimstone),lost boys,
matthew hoffman,new jersey tech (highlanders),new jersey tech (highlanders); old ephraim,
matthew holland,new jersey tech (highlanders),new jersey tech (highlanders),
matthew imm,purdue (undue ultimate),big booty men; dreadnought; endgame; omen,
matthew john,kentucky (kult),black lung,
matthew jones,marist (red fox ultimate); suny-buffalo (green eggs and ham); waterloo (warriors),grand trunk,
matthew kadota,victoria (vikes),surf,
matthew keller,texas-san antonio (velox),san antonio warhawks,
matthew kendall,harding (harding apocalypse),dreadnought: battleship-b,
matthew king,kentucky (kult),t.r.w.f.b.,
matthew kompelien,st olaf (berzerkers); st. olaf (berzerkers),mallard ii; sub zero,
matthew krueger,north dakota state (windbreak),st. cloud swans; the fargoats,
matthew kulynych,"wake forest (well oiled machine, baby)",hydra,
matthew kweon,boston university (boston university),lounar,
matthew langel,northern iowa (ammunition),loaded panda; red bat,
matthew liu,washington (sundodgers),souf,
matthew luo,rutgers (machine),pride of rowan newark,
matthew martell,michigan state (arc),beacon; eldl; phantom; red imp.ala,
matthew martin,kentucky (kult),black lung,
matthew matlock,texas tech (tumbleweed),deaf fruit,
matthew mcdaniel,appalachian state (nomads),richmond floodwall,
matthew mchugh,indiana (hoosiermama?s),black sheep; brickyard,
matthew mcknight,north carolina (darkside),foggy bottom boys; ring of fire; watchdogs,
matthew mills,georgia tech (tribe); georgia tech-b (tribe),atlanta outlaws; dyno; python,
matthew montera,suny-buffalo (green eggs and ham),geh,
matthew morin,mississippi state (dark horse); mississippi state -b (trenches ); mississippi state-b (trenches ); mississippi state-c (trenches b),barefoot; golden triangle ultimate,
matthew munson,marquette (birdhouse); marquette-b (birdfeeder),milwaukee breaker; milwaukee revival; void,
matthew nieto,binghamton (suny-binghamton); suny-binghamton (suny-binghamton); suny-binghamton-b (suny-binghamton b),bartle boys; suny-binghamton (suny-binghamton),
matthew nightingale,north carolina (darkside); north carolina-charlotte (charlotte skyrise),brickhouse; raleigh-durham united; ring of fire,
matthew obrien,suny-albany (scam),alibi; dirty laundry,
matthew olson,brigham young-b (chi b); dayton-b (ud flud b),brocats; browatch,
matthew ostendorf,parkland - plu alumni,ghost train,
matthew pabin,xavier (b.l.o.b.),cmen; rotisserie chicken,
matthew pacenka,worcester polytechnic institute (bullets ultimate),2night,
matthew pedicone,carnegie mellon (mr. yuk),pittsburgh stealers,
matthew peterson,berry (bucks),garden party; tanasi; tennessee folklore,
matthew piszcz,cincinnati (bearcats); cincinnati -b (bearcats b),dynasty,
matthew pollard,colorado-b (cucu); iso atmo,bbb; dawg pound; iso atmo; red lotus,
matthew ramirez,columbia (uptown local); uptown local y,uptown local x,
matthew rock,northeastern-b (beastern); northeastern-c (salty c dogs),mbta,
matthew rogers,liberty (flames),big wrench,
matthew seiberlich,pennsylvania (void),pennsylvania (void),
matthew shapiro,tufts (elephant men),bag,
matthew shu,emory (emory juice),atliens; bullet; little red wagon; yee-haw,
matthew simpson,cincinnati (bearcats),flying pig; omen,
matthew sjostrom,charleston (palmetto bums),charleston heat stroke,
matthew stancampiano,suny-binghamton-b (suny-binghamton b),long island riff raff; suny-binghamton-b (suny-binghamton b),
matthew sullivan,kent state (kent state damn gravity); kent state (klockwork),chimney; exhaust pipe; scoop,
matthew swaggerty,new haven (chargers),dirty laundry,
matthew taleghani,virginia commonwealth (biscuit villains),crypt; fathom,
matthew taylor,texas tech (tumbleweed),deaf fruit; friendly fire; kansas city northern lines; yacht club,
matthew testore,tulane (tucks),rougaroux,
matthew thomas,miami (florida) (umiami vice),boneyard; sleepover at lenin's; the expendables,
matthew thornton,charlottesville clownies,red wolves; redwolves; town hall stars; watchdogs,
matthew tibbals,suny-binghamton-b (suny-binghamton b),suny-binghamton-b (suny-binghamton b),
matthew timoney,richmond (spidermonkeys),helots; shade,
matthew tortorich,ave maria-b (ave maria b team),gambit,
matthew trotter,princeton-b (clockwork b),rebels; revolt,
matthew viscido,purdue (undue ultimate),adk mountain crew; barden btate bultimate; pittsburgh temper,
matthew von eiff,cedarville (swarm),cedarville swarm,
matthew wang,duke (brimstone); georgia tech (tribe); northeastern-b (beastern),mbta; red squirrels,
matthew weber,lehigh-b (lehigh-b),cryptic; illusion,
matthew werenski,tufts-b (tufts b),defy the meta; shades,
matthew weymer,california-b (ursa minor),ursa,
matthew wieseltier,chicago (fission); chicago-b (hedonism bots),john doe,
matthew wong,oak storm,bay dog; coat; oat,
matthew wood,british columbia (thunderbirds); cedarville (swarm),enigma,
matthew wright,miami (florida) (umiami vice),lost boys; texas united,
matthew wyatt,seven hills bx; washington (sundodgers),souf,
matthew xia,massachusetts (zoodisc),amherst orlando magic; scoop; sprout,
matthew zabawski,wisconsin (hodags); wisconsin-b (fauxdags),rubicon rapids; shift,
matthias ling,chicago (fission),haymaker; pony,
matti lee,north carolina state (nc state alpha),brickhouse; cash crop 2,
mattia cassell,reed (hoot); reed (reeed),junco; souf,
matvey stepanov,maryland (maryland ultimate),town hall stars,
mauricio badillo moorman,carleton college (cut),mallard; minnesota superior u20b; ope; sub zero,
maverick earle,georgia state (underground),atl b; atlanta outlaws,
max andelman,vassar (swinging monks),vassar (swinging monks),
max barish,purdue-b (ctrl-z),on ramp,
max baum,iowa-b (iowa-b (hucititis)); university of iowa-b (iowa-b (hucititis)),long island riff raff,
max blakelock,temple (alert),jawn,
max chen,pennsylvania (void),citywide special; pennsylvania (void); philadelphia padawans,
max chen huang,pennsylvania (void),pennsylvania (void),
max combs,california-santa barbara (black tide),offshore; socal condors,
max cowie,pittsburgh (en sabah nur),garden state ultimate; pittsburgh temper; puppies,
max debroux,utah (zion curtain),x wives-a,
max dehlin,minnesota (grey duck); minnesota (minnesota a); utah (zion curtain),dinkytown doughboys; mallard; pando; the killjoys,
max dinkin,wisconsin-b (fauxdags); wisconsin-c (daglets),dangerous unidentified mystical beast,
max egendoerfer,purdue (undue ultimate),lafayette street dogs,
max gade,cal poly-slo (slocore),sockeye,
max gibson,california-san diego (air squids),skipjack; socal condors; streetgang,
max ginsburg,wisconsin-b (fauxdags),dangerous unidentified mystical beast,
max gledhill,massachusetts -b (umass amherst developmental),odyssey,
max goetz,north carolina (darkside),cash crop 2,
max goglia,seven hills bx; washington (sundodgers),ave,
max gombiner,pennsylvania (void); pennsylvania-b (null),pennsylvania (void),
max greenberg,charlotte flight; tulane-b (tulane b),right coast,
max hanscom,middlebury (pranksters),sub zero,
max harnoy,tulane (tucks),gang of disc,
max heirigs,wisconsin (hodags),edina high school (edina high school varsity); sub zero,
max hemeon,vermont (chill),diz; led tide 2-upper; red tide; resurgam ultimate,
max hess,st. thomas (purple reign),ufo,
max jansen,worcester polytech (whisper); worcester polytechnic (whisper),"bgf sl,ut; powderhogs; reál hogs fc-b",
max kapuscinski,victoria (vikes),surf,
max kisting,wisconsin-platteville (udderburn),the body,
max kugel,colorado mines (entropy),colorado cutthroat: youth club u-20 boys,
max lang,tulane (tucks),emerald city; knights of ni; lounar; rougaroux,
max lee,stanford (stanford men's ultimate team),mystery gang,
max massey,oregon (ego),dark star; neap tide; red tide; rhino slam!,
max meyer,st john's (minnesota) (bam),nomad; st. cloud swans; swans; the fargoats,
max moore,virginia tech (burn); virginia tech-b (virginia tech b),greater gary goblins x; greater gary goblins y,
max muench,wisconsin-eau claire (eauzone),nomad,
max pettenuzzo,victoria (vikes),furious george; goat; surf,
max posner,carleton college (cut),mallard,
max ramstad,penn state (spank); washington (sundodgers),emerald city; seattle blacklist; sockeye,
max rogers,middlebury (pranksters),switchback,
max rogowski,amherst regional (hurricanes),amherst orlando magic; duck and cover,
max russo,suny-binghamton (suny-binghamton),suny-binghamton (suny-binghamton),
max sandweiss,colorado college (wasabi),wasabi,
max scheetz,ohio state (leadbelly),flying dutchmen,
max sponseller,st olaf (berzerkers),zoboomafoo,
max sprigg-dudley,carnegie mellon (mr. yuk),pittsburgh stealers,
max surprenant,harvard (red line),harvard (red line),
max swinton,iowa (ihuc); university of iowa-b (iowa-b (hucititis)),zodiac,
max thompson,pittsburgh (en sabah nur),skipjack; slag dump; sord; streetgang,
max van sciever,missouri (missouri),castle,
max van sickle,colorado (mamabird); colorado-b (cucu),bonafide scrubs; colorado cutthroat (colorado cutthroat); colorado cutthroat: youth club u-20 boys; fungi; iso atmo,
max vandervelden,stanford (stanford bloodthirsty); stanford (stanford men's ultimate team),citywide special; phantom,
max vogel,michigan (magnum),bowdoin (clown); red tide,
max weissman,suny-albany (scam),alibi,
max woolf,brandeis (tron),crossfire,
max zwerin,lewis & clark (bacchus ),revolver,
maxime ayad,ottawa (gee-gees),goat; phoenix,
maximilian dewberry,minnesota (grey duck),dinkytown doughboys; kenji's bbb; mallard ii,
maximillian humbert,cincinnati (bearcats),big booty men; black sheep; blink-122 weekends; momintum,
maximus gaffney,minnesota-duluth (northern lights),mallard,
maxwell bregman,arizona state (prime),bonsoon,
maxwell caputo,richmond (spidermonkeys),crypt; helots,
maxwell cheeseman,washington state (air raid),heartbreak,
maxwell cheung,suny-binghamton (suny-binghamton),long island riff raff; suny-binghamton (suny-binghamton),
maxwell devine,chicago (fission); ohio state (leadbelly),haymaker,
maxwell fong,california-santa barbara (black tide),offshore,
maxwell garland,wisconsin-b (fauxdags),dcviii; mad men b-b,
maxwell hamilton,california-santa barbara (black tide); oklahoma christian (eagles),(washed); black market; black sheep; blacker market; fungi; icey boyz; los beeros,
maxwell hanson,xavier (b.l.o.b.),cmen; endgame; rotisserie chicken,
maxwell hong,illinois-c (cornland),u54,
maxwell hughes,vermont-c (chill b),big gordo's racing,
maxwell lopez,georgia state (underground),atlanta arson,
maxwell majersik,cornell (buds),los buds; x wives-a,
maxwell olesen,pittsburgh (en sabah nur),pittsburgh temper; red hots - u20; sord,
maxwell schutze,creighton (colossus),scythe,
maxwell sultz,florida-b (florida b),vicious cycle,
maxwell tomsick,cornell (buds),berkeley zyzzyva; guerrilla; zyzzyva,
maxwell tran,pennsylvania (void),ghostbusters; pennsylvania (void); philadelphia pacmen; sepda night owl,
maxwell twitmyer,south florida (scallywags); south florida-b (scourge),players into serious sports,
maxwell vale,caltech (aftermath),stuyvesant sticky fingers alumni,
maxwell waechter,california-davis (davis dogs),swordfish,
maxwell white,utah (zion curtain),x wives-a,
mayo costanza,portland state (vitruvious),junco,
mckay snell,brigham young (chi),practice squad; wretched refuse,
mckay yorgason,brigham young (chi),bonneville flatball club,
mclendon keim,texas tech (tumbleweed),deaf fruit,
meelan shari,ucla (smaug),nsfw,
mehmet kutlug,virginia commonwealth (biscuit villains),ballston booya; crypt; richmond floodwall,
mehul arora,stanford-b (huck syndrome),digit; mavericks,
mekhi phillipsrincher,michigan (magnum); michigan-b (michigan-b),mischief,
mercer dilweg,minnesota-b (ugly duckling); minnesota-c (rubber ducky),conspiracy theory; mallard ii; the body,
merick moar,utah state (scotsmen),bonneville flatball club,
meris goldfarb,cornell (buds); cornell-b (cornell-b (shake)),los buds,
merrick lavinsky,florida tech (florida tech competitive),raptor,
mert yolseven,suny-binghamton-b (suny-binghamton b),suny-binghamton-b (suny-binghamton b),
mica glass,oregon (ego),oregon eruption!; rhino slam!; slimjim fc,
micah beachy,cedarville (swarm),cedarville swarm,
micah craine,virginia tech (burn),bdc; john doe; la maquina -a,
micah davidson,cedarville (swarm),cedarville swarm; swarm,
micah davis,pittsburgh (en sabah nur),puppies; sub zero,
micah delattre,penn state (spank),pittsburgh stealers,
micah derringer,yale (süperfly); yale - y (süperfly - y),magma bears; slimjim fc; sungho moon,
micah earley,louisville (lucky),flying pig,
micah fong,cal poly-ccwr (ccwr); cal poly-slo (slocore),oat,
micah glickman-flora,washington (sundodgers),souf,
micah gross,grand canyon (lopes),nighthawk; sprawl,
micah harter,oregon state (beavers),oregon trainwreck; portland tremor,
micah hill,harding (harding apocalypse),dreadnought: battleship-b,
micah maxwell,liberty (flames),l.u.t $ack,
micah mcdew,texas tech (tumbleweed),deaf fruit; san antonio warhawks,
micah moore,liberty (flames),l.u.t $ack,
micah rothkopf,brandeis (tron),trout,
micah thomas,ucla (smaug); ucla-b (ucla smoke),oc crows,
micah wagner,tulane (tucks),gang of disc; truck stop,
micai shoots,colorado mines (entropy); colorado mines (entropy) (orediggers),carbon; tugboat,
michael (max) vinyon,iowa (ihuc),cryptic; imperial,
michael agner,north carolina state (nc state alpha),brickhouse,
michael ajayi,north texas (unt),dallas delinquents,
michael arbutine,florida (florida),florida untied; vicious cycle; warao,
michael berg,florida state (duf),bloom; uproar,
michael berros,clemson (joint chiefs of waft),space cowboys,
michael besancon,texas a&m (dozen),texas duffy,
michael bruggeman,cincinnati (bearcats),endgame; omen,
michael carter,north carolina state-b (six pack); north carolina state-b (sixpack),triumph,
michael cazarez,california-irvine (nightlife); loyola marymount (lions),nsfw,
michael chen,harvard (red line),berkeley zyzzyva; grateful dingwop gm; stuyvesant sticky fingers alumni; westchester magma bears; zyzzyva,
michael colombo,ithaca (nawshus ultimate),spring break '93,
michael cote,south carolina (gamecock ultimate),lost boys,
michael davenport,minnesota-c (minnesota c),minnesota superior u20b; ope,
michael dreger,carleton college (cut),dark star; dirtnap,
michael duda,north carolina-charlotte (charlotte skyrise),gambit; queen city kings,
michael duffis,western new england (golden bears),resurgam ultimate,
michael dzelzgalvis,penn state (spank),adelphos; barden btate bultimate; garden state ultimate; not a sport,
michael faress,kennesaw state (parliament),harvest moon,
michael farrugia,boston university (boston university),cozy boys; ender's outcasts; riptide; riverside,
michael ferrante,suny oswego (flying monkeys); suny-binghamton (suny-binghamton),adk mountain crew; festive salmon; white sauce hot sauce,
michael fink,northeastern (huskies),buda u20b; iditarod,
michael forozis,massachusetts-b (umass amherst developmental); massachusetts-d (umass amherst developmental),amherst orlando magic; red squirrels,
michael friese,michigan tech (discotech),kfc; timber,
michael gaumond,california-davis (davis dogs),swordfish,
michael gold,northeastern-c (salty c dogs),mbta,
michael gonzalez,lsu (purple haze),louisiana second line,
michael goto,central michigan (chippewas),roundhouse,
michael gray,northern michigan (riptide); south florida-b (scourge),tyranny; uproar,
michael hagepanos,towson (pandamonium); towson-y (towson y),bomb squad,
michael hayden,pittsburgh-b (university of pittsburgh- b),puppies,
michael he,maryland (maryland ultimate),town hall stars,
michael heym,florida (florida),vicious cycle,
michael hlavaty,chicago (fission),chicago machine; roundhouse; trident,
michael horner,cincinnati (bearcats),omen,
michael huang,california-san diego (air squids); rose-hulman (elephantitis); southern california (usc lockdown),oat; riverside; streetgang; zoo animals,
michael hubbard,reed (hoot),junco,
michael ing,pittsburgh (en sabah nur),pittsburgh temper; revolver,
michael ji,new york university (purple blaze); nyu (new york university ),nyu (new york university ),
michael kalika,temple (alert),jawn,
michael karish,california-b (ursa minor),east bay earthworms; ursa,
michael katz,northeastern (huskies); northeastern-b (beastern),iditarod; skeleton squad,
michael kemp,central florida (dogs of war),bloom,
michael klein,boston college (eagles),big wrench; scoop,
michael kopechek,ohio state (leadbelly),cedarville swarm,
michael kovash,nebraska (cornfed ultimate),mallard; mallard x; scythe,
michael kromer,ohio (trout),brocats; flying dutchmen; low five; uproar,
michael lahmeyer,missouri s&t (miner threat),castle; lounar; miner magic; stl moonar,
michael lee,north carolina state (nc state alpha),brickhouse; flash flood; flying dutchmen; raleigh-durham united; ring of fire; triforce,
michael lesmez,elon (big fat bomb),ballston booya; bryce whitney fan club; the semple temple,
michael levy,binghamton (suny-binghamton); suny-binghamton (suny-binghamton); suny-binghamton-b (suny-binghamton b); suny-cortland (team rocket),bartle boys; colt; magma bears,
michael long,mississippi college (tribal),southern hospitality,
michael lowry,pittsburgh-b (university of pittsburgh- b),adelphos; pittsburgh stealers,
michael maroon,penn state (spank),garden state ultimate; phantom; philadelphia pacmen; philadelphia padawans; updog,
michael martin,purdue-b (ctrl-z),rumspringa,
michael mccormick,saint louis (archangel),s l u r p; stl goonar; stl moonar,
michael mchugh,central michigan (chippewas),maumee boys,
michael miles,georgetown (justice),john doe,
michael miller,suny-albany (scam),all bashed out; boston baked beans; cockfight; lost boys,
michael murawski,south carolina (gamecock ultimate),spoon y-d; trident; trident ii; trident iii,
michael nece,missouri (missouri),friendly fire; kansas city smokestack,
michael newman,maryland-b (astro quakers),black market ii; blacker market; blacker market y; john doe; puzzles; watchdogs,
michael nguyen,aviators (aviators & friends),alamode; forge; messengers-b,
michael nipper,penn state-b (lovetap),happy valley roofing and mustache supply,
michael novarese,tennessee-chattanooga (swamp donkeys); tennessee-chattanooga -b (tennessee-chattanooga b),nocturnal,
michael obrien,case western reserve (fighting gobies[a]),emerald city; red imp.ala,
michael parker,appalachian state (nomads),cozy boys,
michael peng,ucla (smaug),doggpound; nsfw; oat,
michael poe,alabama-huntsville (nightmares); georgia tech (tribe),alliance; arnold palmer alert; chain lightning,
michael preisack,missouri s&t (miner threat),stl goonar,
michael reeve,maryland (maryland ultimate),town hall stars,
michael rice,florida-b (florida b),big muscle boys; colt,
michael richards,north carolina-wilmington (seamen),cockfight; john doe; la maquina -a; right coast,
michael roach,boston college (eagles),mystik dan,
michael servidio,james madison (hellfish),washington-liberty (washington-lee slarenegs); winc city fog,
michael sharpe,james madison-b (smellfish),hb woodlawn,
michael shore,suny-buffalo (green eggs and ham),psychedelic,
michael shriver,tufts (elephant men),buda u20b,
michael snead,virginia tech (burn),fathom; oakgrove boys; vault,
michael sodini,pittsburgh (en sabah nur),slag dump; sord,
michael solis,sul ross state (sul ross ultimate),san antonio warhawks; shrimp discs,
michael stevens,iowa state (isuc),auxiliary; illusion,
michael stinger,texas (tuff); texas-b (graze),stuff,
michael sun,pittsburgh (en sabah nur),adelphos; citywide special; puppies,
michael tao,ucla (smaug),little teapots; nsfw; red dawn; zyzzyva,
michael teitelman,rowan (ruf riders),adelphos; rebels,
michael weil,denver (sourdough); maryland (maryland ultimate),tugboat,
michael white,cedarville (swarm),cedarville swarm; supercell,
michael widmar,texas tech (tumbleweed),deaf fruit,
michael wise,dartmouth (pain train); iowa (ihuc); oregon state (beavers),portland tremor,
michael xiao,georgetown (justice),truck stop; zyzzyva,
michel domenella,notre dame (papal rage),omen,
miguel burgos,"wake forest (well oiled machine, baby)",hydra,
miguel romer,central florida (dogs of war); central florida-b (havoc),bud; certified scrubs,
miguel romero-stevenson,temple (alert),sepda night owl,
miguel sotomayor,cosmic u-20 boys; grand canyon (lopes),cosmic elite; cosmic u-20 boys; springs open team,
miguel urena,emory (emory juice),pulp,
mihir patel,haverford (big donkey ultimate),bdc,
mike finke,cincinnati (bearcats),dynasty; haymaker; omen,
mike mensah,harding (harding apocalypse),dreadnought: battleship-b,
mike vignali,charlottesville clownies,munch box; oak grove boys; oakgrove boys; watchdogs,
mikel davies,harvard (red line),harvard (red line),
mikel leiva,northeastern (huskies); northeastern-b (beastern),skeleton squad,
mikey curtis,berry (bucks),little red wagon,
miko zeldes-roth,chicago (fission),snip snip,
milan moslehi,california-santa cruz (slugs); gunn (control),wavestorms,
milan rivas,chicago (fission),greater gary goblins x; greater gary goblins y; haymaker; nain rouge; trident; trident i,
miles berry,bowdoin (clown),alibi; bowdoin (clown),
miles bush,colorado (mamabird); colorado-b (cucu),dawg pound,
miles chubin,carthage (carthage blitz),house,
miles dinardo,ohio state (leadbelly),cincinnati flying piglet; flying pig; flying piglet,
miles ford,kenyon (serf),texas united,
miles glass,akron (goonsquad),dap lab,
miles grovic,maryland (maryland ultimate),truck stop; vault; watchdogs,
miles hahn,american (stall 11); william & mary (merry men),beef depot; bryce whitney fan club,
miles harvey,cal state-long beach (pyramid scheme),overflow,
miles katz,nyu (new york university ),nyu (new york university ),
miles katzen,colorado college (wasabi),colorado college (wasabi); iso atmo; mycellium; the incline,
miles miller,bates (orange whip); bates college (orange whip),red tide,
miles renbarger,oregon state (beavers); penn state-behrend (justdisc league),portland tremor,
miles sinderman,colorado-b (cucu); university of colorado boulder-c (cucu2),red lotus,
miles wachsteter,tulane (tucks); tulane-b (tulane b),gang of disc; iso atmo,
miles wong,british columbia (thunderbirds),furious george,
milo ciccone,carolina flyers youth academy u20; north carolina state (nc state alpha),cash crop 2; nc brickhouse-upper,
milo rappoport,cornell (buds),los buds,
milo vinson,ithaca (nawshus ultimate),green mountain boys,
milton adina,oklahoma christian (eagles),barnstorm,
milton diaz,chico state (chico state),float,
min lim,north carolina (darkside),cash crop 2; raleigh-durham united,
mina akhnoukh,new jersey tech (highlanders),new jersey tech (highlanders),
mino whitley mott,wisconsin-eau claire (eauzone),m.y.t.h.o.s.,
mintesinot sturm,northwestern (lake effect),forward motion,
minxi yang,columbia (uptown local); uptown local y,columbia (uptown local),
mitch whisner,rochester (piggies),pgz; trident ii; trident iii,
mitchell blanchard,south florida (scallywags),uproar; uproar claws,
mitchell gibson,california (ursa major),socal condors; zyzzyva,
mitchell joy,texas tech (tumbleweed),deaf fruit,
mitchell oconnor,north carolina-b (batch),oakay; triumph,
mitchell okeefe,washington university (contra),garden state ultimate; lounar,
mitchell oldham,washington university (contra),stl moonar,
mitchell savage,davenport (panthers); western michigan (dark horse),beacon; eldl,
mitchell whitehead,heartbreak,heartbreak,
mitchell wood,iowa state-b (bsuc); iowa state-b (yeastie boys),bemo; timber,
mohamed abubaker jr,pittsburgh-b (university of pittsburgh- b),pittsburgh stealers,
moiz steenhuis,rensselaer polytech (trudge); rensselaer polytechnic institute (trudge),motive,
montrell watson jr,sam houston state (deuce ultimate),firefly tx,
morey averill,pittsburgh (en sabah nur),philadelphia padawans; phoenix f.c.; pittsburgh temper; resurgam ultimate; rumspringa,
morgan hiers,georgia (jojah); georgia-b (chillydawgs),harvest moon,
morgan living,virginia commonwealth (biscuit villains),give me death,
morgan scott,colorado state (hibida); texas-arlington (yucca),11th hour; fungi; inception,
morgan sommer,cal poly-slo (slocore),battery,
morgann thain,brown (brownian motion),lantern; providence poultry,
morrison arendall,michigan tech (discotech),diesel; mischief,
morrison sachs,foggy bottom boys,hb woodlawn,
moses delane,vermont (chill); vermont-b (chill d); vermont-b (chill dev),big gordo's racing; mutiny; tire; tirebizfriz,
moses jaffa,florida (florida),florida untied,
mu han li,british columbia -b (b-birds); british columbia -b (shipwreck),coast; joe fisher,
muhammad awais,gold rush,bay dog; oat; zodiac,
muhammad hussain,oak storm,bay dog,
mukil guruparan,north carolina (darkside),carolina sky,
munir ben jemaa,florida (florida),redwolves; vicious cycle,
murphy galvin,st olaf (berzerkers),knights of ni; m.y.t.h.o.s.; minnesota superior a; minnesota superior u20b,
murray topilow,pittsburgh-b (university of pittsburgh- b),puppies,
musashi kuramoto,tufts-b (tufts b),mbta,
mustafa hamed,north carolina-wilmington (seamen),nc brickhouse-upper,
mustafa tariq,ucla-b (ucla smoke),nsfw,
muthuu svs,washington state (air raid),milwaukee breaker; riptide-b,
mychael holloran,colorado mines (entropy); colorado mines (entropy) (orediggers),tugboat,
myles cooper,pittsburgh (en sabah nur),adelphos; sord,
myles deverell,oregon state (beavers); oregon state-b (oregon state b),oregon trainwreck; trainwreck and friends,
myles maxson,american (stall 11 x); american (stall 11),black lung,
myles moore,suny-stony brook (panic),fli-b honeybees; long island riff raff; magma bears; suny-stony brook (panic),
myles wagner,rhode island (riut); texas a&m (dozen),forge; one night; texas duffy,
myles williams,american (stall 11),bear proof; bearproof,
nace allen,alabama (yellow hammer),alliance,
nacody de la rosa,salt.,powderhogs; practice squad; utah hatu,
nadav berkman,ithaca (nawshus ultimate); massachusetts (zoodisc); massachusetts-b (umass amherst developmental),bag; odyssey; sprout,
nadav melamede,middlebury (pranksters),blueprint,
nainoa ohata,puget sound (postmen),seven gills,
naldo robancho,seven hills bx,ave; avenue -a; souf,
nalin theodore,christopher newport (skymaul),brackish; yacht club,
nand patel,texas-dallas (woof),brawl,
nanda min-fink,colorado (mamabird),bonafide scrubs; johnny bravo; truck stop; washington-liberty (washington-lee slarenegs),
nandu avulapati,north carolina-charlotte (charlotte skyrise),gambit,
naoya miyamoto,massachusetts -b (umass amherst developmental),bag,
naram alhasani,hellfish bumblers; james madison (hellfish),oakgrove boys,
naren fuller,western washington (dirt),ghost train,
nashaun jackson,towson (pandamonium); towson-y (towson y),mob ultimate,
nat evans,utah (zion curtain),low point,
nat hsu,texas-b (graze),riverside,
nate alberto,amherst (army of darkness),brooklyn tech support plus,
nate barnard,union (tennessee) (union jaxx),hex panthers-c,
nate becker,california-san diego (air squids),skipjack,
nate benishek,minnesota-b (minnesota b),nomad,
nate berman,cincinnati (bearcats),dynasty; omen; schweingeist,
nate bloomer,arizona state (prime),sonoran dog; tempe tantrum,
nate carpenter,gonzaga (guru ),carbon; heartbreak,
nate cinnamon,iowa state (isuc),black market i; illinois youth ultimate - u20; red hots - u20; shift,
nate defeo,delaware (sideshow); delaware-b (sideshow),delaware (sideshow),
nate giordano,new jersey tech (highlanders),new jersey tech (highlanders),
nate haris,cornell (buds),los buds,
nate knowles,kentucky (kult),black lung,
nate little,temple (alert),adelphos; citywide special; philadelphia pacmen; science leadership academy (rockets),
nate mckee,willamette (asylum ); willamette (asylum),seven gills,
nate montgomery,cincinnati (bearcats),big booty men; cmen,
nate pascale,loyola-chicago (darkwing),mallard ii; roundhouse; streetgang,
nate phillips,arizona (sunburn),momintum; sonoran pups; swans,
nate reavy,utah (zion curtain),powderhogs,
nate robinson,west virginia (wv wild),ez; mississippi valley tundra swans,
nate sciara,suny-buffalo-b (buffalo grinch),arcane edge; buffalo frostbite; buffalo practice players; frostchomp,
nate scofield,north carolina-b (batch),oakay,
nate sutherland,appalachian state (nomads),queen city kings,
nate thomas,union (tennessee) (union jaxx),cookie mon$terz,
nate woolery,grace (lancer ultimate),maumee boys,
nate yaeger,denver (sourdough),tugboat,
nathan adams,jacksonville state (firebird ),ghost train; union,
nathan armour,texas-dallas (woof),riverside messengers,
nathan ashworth,trinity (turbulence),a la carte-b; dallas delinquents,
nathan bielecki,iowa (ihuc),cryptic; nocturnal,
nathan brown,yale (süperfly); yale - y (süperfly - y),bruises; lantern; shade,
nathan bubie,vermont-c (chill b),spring break '93,
nathan buchholz,colorado (mamabird),buda u20b; johnny bravo; lotus,
nathan casselli,west chester (west chester),garden state ultimate; night owl,
nathan close,grace (lancer ultimate),i-69; on ramp,
nathan cramer,georgia tech-b (tribe),atlanta outlaws,
nathan crawford,occidental (detox),torontosaurus rex,
nathan dailly,victoria (vikes),surf,
nathan de morgan,carleton college (cut); green canyon (green canyon - a),old ephraim; shrimp; sub zero,
nathan donaldson,western carolina (western carolina catamounts),gvl trout; space cowboys,
nathan emmatty,christopher newport (skymaul),yacht club,
nathan frojelin,gonzaga (guru ),gonzaga (guru ),
nathan gallup,cosmic u-20 boys,cosmic elite; cosmic u-20 boys,
nathan gershengorn,harvard-b (bred line),beef depot (development)-dev,
nathan gonder,colorado cutthroat u-20 boys,colorado cutthroat u-20 boys,
nathan griezic,ottawa (gee-gees),phoenix,
nathan hansen,michigan state-b (riot control),villains,
nathan huff,utah (zion curtain),low point; pando; powderhogs; shrimp,
nathan huffman,oklahoma (apes of wrath),carbon,
nathan hunt,oklahoma christian (eagles),barnstorm; chemical x,
nathan johnson,california-santa barbara (black tide); california-santa cruz (slugs),offshore,
nathan kallin,carleton college (cut),neap tide; resurgam ultimate,
nathan kamp,missouri s&t (miner threat),castle; miner magic; stl moonar,
nathan khot,north carolina state (nc state alpha),brickhouse; cash crop 2; nc brickhouse-upper,
nathan kwon,colgate (jabberwock),revolver; sockeye; voodoo,
nathan lapointe,massachusetts -b (umass amherst developmental); massachusetts-b (umass amherst developmental),amherst orlando magic,
nathan lee,california-b (ursa minor); georgia tech-b (tribe); purdue-c (ctrl x); texas united,chimney; digit; east bay earthworms; heatwave; mavericks; riverside,
nathan leslie,california-irvine (nightlife),oc crows; shade,
nathan ludington,puget sound (postmen),cash crop 2,
nathan lyle,alabama (yellow hammer),banc; blade; raleigh-durham united,
nathan machak,san diego state (federales ),clutch; desert penguins; texas tea-a,
nathan marsales,texas-b (graze),a la carte-b; messengers-b,
nathan nguyen,houston (skyline),firefly tx; rice box,
nathan onderko,case western reserve (fighting gobies[a]),blueprint; brooklyn tech support plus,
nathan paauw,grand canyon (lopes),false summit; nighthawk,
nathan palmer,navy (poseidon),lost boys,
nathan riffell,kentucky (kult),black lung,
nathan roorda,british columbia (thunderbirds),grand trunk,
nathan salberg,minnesota-b (minnesota b); minnesota-duluth (northern lights),dingwop,
nathan sexten,ohio (trout),hail mary; ohio (trout),
nathan shannon,marquette (birdhouse),fuse; ope; ufo,
nathan shenoy,massachusetts -b (umass amherst developmental); massachusetts-b (umass amherst developmental); massachusetts-d (umass amherst developmental),wave,
nathan siegel,washington (sundodgers),souf,
nathan skinner,south carolina-b (south carolina),parlay,
nathan staudinger,north dakota state (windbreak),st. cloud swans; swans; the fargoats,
nathan steinberg,new jersey tech (highlanders),new jersey tech (highlanders),
nathan stippler,ball state (cardinals),colonels,
nathan swindell,ohio (trout),ohio (trout),
nathan taylor,duke (brimstone); utah state (scotsmen); utah state (usult),enigma; old ephraim,
nathan thompson,missouri (missouri),buda u20b,
nathan trudell,case western reserve (fighting gobies[a]); case western reserve-b (fighting gobies),exhaust pipe; scoop,
nathan turnbaugh,oklahoma state (ultimato),black gold; texas tea-a,
nathan wilding,lipscomb (bisons),nocturnal,
nathan wilson,whitworth (bangarang),forge,
nathan winiarski,richmond (spidermonkeys),crypt,
nathan wu,california (ursa major); mcgill (mut),club m - manic; colorado cutthroat: youth club u-20 boys; iso atmo,
nathan ziemnik,wright state (airstrike),enigma,
nathan zock,illinois (rise),beacon; black market; haymaker,
nathanael achenbach,new jersey tech (highlanders),new jersey tech (highlanders),
nathanael kassahun,villanova (main line ultimate),citywide special; night owl,
nathanael parsons,tennessee (tennessee),music city mafia; tennessee folklore; tennessee gents,
nathanael weber,harding (harding apocalypse),dreadnought: battleship-b,
nathaniel alden,chicago (fission),roundhouse,
nathaniel astrom,illinois (rise); minnesota (grey duck),chicago machine; haymaker; kenji's bbb; red hots - u20; slimjim fc; spoon y-d; trident i,
nathaniel bieling,clemson (joint chiefs of waft),charleston heat stroke; gvl trout; space cowboys,
nathaniel chin,cornell (buds),switchback,
nathaniel cramer,northeastern (huskies); northeastern-b (beastern),lantern; mbta; skeleton squad,
nathaniel croce,duke (brimstone),new jersey gemini,
nathaniel deegan,suny-buffalo-b (buffalo grinch); suny-buffalo-b (buffalo mixed),frostchomp,
nathaniel dorson,northeastern-c (salty c dogs),mbta,
nathaniel dryden,boise state (mamu zaldi),sawtooth,
nathaniel dudley,ucla (smaug),bart,
nathaniel eugene stovall,houston (skyline),firefly tx,
nathaniel fryman,ball state (wizardz),crossfire,
nathaniel goodwin,colorado state (hibida),wavestorms,
nathaniel hess,pennsylvania (void); princeton (clockwork),citywide special; side hustle,
nathaniel hodges,penn state (spank),citywide special; ez; happy valley roofing and mustache supply; sepda night owl; updog,
nathaniel moffatt,john brown (ironfist),dreadnought; dreadnought: battleship-b; friendly fire-c,
nathaniel obrien,west virginia (wv wild),ez,
nathaniel pazos,brandeis (tron),monsoon,
nathaniel poshkus,case western reserve (fighting gobies[a]),chimney,
nathaniel smith,maine (snositi); south florida (scallywags),maumee boys; players into serious sports,
nathaniel stevenson,virginia (night train),monsoon,
nathaniel thorne,west chester (west chester (a)); west chester (west chester),adelphos; citywide special; delco club; updog,
nathaniel wells,indiana (hoosiermama?s),boulder united flatiron hammers,
nathaniel wheeler,suny-albany (scam),motive,
nathaniel whitten,vermont (chill); vermont-b (chill dev),powderhogs; red squirrels,
nathaniel wilson,florida (florida),scootlyfe; vicious cycle,
nathaniel wolfgang,colorado college (wasabi),one night; springs open team; wasabi,
nayan patel,college of new jersey (revolution),rugrat knights-a; scooberdivers; tampa tempest; uproar,
nayan talwalkar,tufts (elephant men),bag,
neal ma,columbia (uptown local); uptown local y; yale (süperfly); yale - y (süperfly - y),columbia (uptown local),
neal schobbe,western washington (dirt),seven gills,
neal vasireddi,cornell (buds),helots; magma bears,
neal zeng,georgia tech (tribe); triangle tourists boys 2-b,anchor; raleigh-durham united,
neale grage,minnesota-b (minnesota b),nomad,
ned wanda,kansas (horrorzontals),shift,
neev maru,connecticut-b (grind),spring break '93,
nehemiah senger,wisconsin-eau claire (eauzone),dcviii,
neil barry,georgia tech (tribe),delirium; python,
neil costa,binghamton (suny-binghamton); suny-binghamton (suny-binghamton),bartle boys; suny-binghamton (suny-binghamton),
neil devries smith,minnesota-b (ugly duckling); minnesota-c (rubber ducky),the body,
neil makhija,chicago-b (hedonism bots),ditto a; greater gary goblins x,
neil nicholson,american (stall 11 y); american (stall 11),hazard; momintum; redwolves,
neil proefrock,michigan state (arc),diesel; red imp.ala,
nelson barnes,northeastern-b (beastern),iditarod; texas toast,
nelson campbell,ucla (smaug),nsfw,
nelson liu,central washington (wind machin); cornell-b (cornell-b (shake)),deepfake,
nelson siliet,oklahoma (apes of wrath),rawhide; supercell,
neo debroux,simon fraser (sfu red leafs),furious george,
nevin labrusciano,ithaca (nawshus ultimate),dap lab,
nevin legare,florida (florida),florida untied; vicious cycle,
nic spangler,yale (süperfly),brackish; colt; sungho moon,
nich rush,nebraska (cornfed ultimate),scythe,
nicholas albright,hellfish bumblers,oak grove boys; oakgrove boys; winc city fog of war,
nicholas alexander,temple (alert),citywide special; jawn; new jersey gemini,
nicholas alfonso,michigan (magnum),mango tree-a; marc,
nicholas andrews,denver-b (sourdough b team); georgia tech (tribe); georgia tech-b (tribe),dyno,
nicholas blair,carnegie mellon (mr. yuk); carnegie mellon-b (poison control),pittsburgh stealers,
nicholas boni,colorado mesa (colorado mesa mavericks),buoyancy,
nicholas borchich,valparaiso (vult),gvl trout; space cowboys,
nicholas buoniconti,indiana (hoosiermama?s),black sheep,
nicholas burns,illinois-b (boomland); illinois-c (cornland),u54,
nicholas cao,oregon (ego),blackfish; dark star,
nicholas chen,trinity (turbulence),cerberus,
nicholas cheng,british columbia (thunderbirds),blackfish,
nicholas ciavarella,suny-binghamton-b (suny-binghamton b),suny-binghamton-b (suny-binghamton b),
nicholas cockrell,alabama-birmingham (inferno); samford (dogma),battleship,
nicholas colucci,michigan (magnum),diesel; mango tree; mango tree-a; nain rouge,
nicholas cross,boston college (eagles),mystik dan,
nicholas davis,gonzaga (guru ),firemen,
nicholas defilippis,nyu (new york university ),nyu (new york university ),
nicholas dintrono,vassar (swinging monks),vassar (swinging monks),
nicholas domenichini,parkland - plu alumni,junco,
nicholas dsouza,suny-binghamton (suny-binghamton); suny-binghamton-b (suny-binghamton b),bartle boys,
nicholas ferrone,arizona (sunburn),monsoon,
nicholas flood,army (army west point),army - west point,
nicholas giannotti,missouri state (missouri state ultimate),stl moonar,
nicholas gohar,ottawa (gee-gees),zoboomafoo,
nicholas gonzalez,william & mary-b (seahorse),brackish; ez; jolly roger,
nicholas greenwell,south florida (scallywags),players into serious sports,
nicholas grzadzielewski,wisconsin-oshkosh (ufo),kfc; timber,
nicholas gueldner,milwaukee engineering (ducks),dcviii; fuse,
nicholas guenther,villanova (main line ultimate),spring break '93,
nicholas headden,south carolina (gamecock ultimate),banc; cockfight; lost boys; space cowboys,
nicholas hirning,stanford (stanford bloodthirsty),guerrilla,
nicholas holden,dayton (flud),cincinnati flying piglet; flying pig,
nicholas hudgins,worcester polytechnic institute (bullets ultimate),crossfire,
nicholas huffman,georgia tech (tribe),colonels; kentucky flying circus; little red wagon; mint,
nicholas jeschke,washington university (contra),lounar; stl lounar,
nicholas kaiser,ohio (trout),big booty men; flying dutchmen; ohio (trout); omen,
nicholas khot,north carolina state (nc state alpha); north carolina state-b (sixpack),nc brickhouse-upper; triumph,
nicholas kleinhelter,colorado (mamabird); colorado cutthroat: youth club u-20 boys,colorado cutthroat u-20 boys; colorado cutthroat: youth club u-20 boys; tugboat,
nicholas kovacs,south florida (scallywags); south florida-b (scourge),players into serious sports,
nicholas lagerman,pittsburgh (en sabah nur),pittsburgh puppies; sord,
nicholas lambert,connecticut (uconn huskies); connecticut-b (grind),colt,
nicholas lay,arizona state (prime),monsoon,
nicholas layke,cal poly-slo-b (slob); davidson (duff),town hall stars,
nicholas lopresti,florida state (duf),scootlyfe,
nicholas lutz,penn state (spank),citywide special; happy valley roofing and mustache supply; updog,
nicholas major,lsu (purple haze),louisiana second line,
nicholas marinelli,penn state (spank); penn state-b (lovetap); pennsbury (pennsbury),happy valley roofing and mustache supply,
nicholas mcglashan,carleton college-chop (carleton house of pancakes),bay dog; oat,
nicholas mcguire,cal poly-slo-b (slob),sauce,
nicholas messerges,iowa state (isuc),fork x-senior; red hots - u20; trident ii,
nicholas monteferrante,william & mary (merry men),alibi,
nicholas montes,miami (florida) (umiami vice),el niño,
nicholas nagel,slippery rock (sru lion pride),pittsburgh stealers,
nicholas ondrejko,ohio state (leadbelly),babe; fine giant; flying dutchmen; slag dump,
nicholas ortiz,texas-san antonio (siesta); texas-san antonio (velox),alamode; san antonio warhawks,
nicholas payson,northeastern-b (beastern); northeastern-c (salty c dogs),mbta,
nicholas plotkin,brown (brownian motion),watch city,
nicholas pugliese,suny-stony brook (panic),suny-stony brook (panic),
nicholas quast,iowa (ihuc),edina high school (edina high school varsity); nomad,
nicholas railey,pennsbury (pennsbury); temple (alert),garden state ultimate; phantom; sepda night owl,
nicholas riffell,asbury (asbury ultimate),black lung,
nicholas rossitto,northeastern-b (beastern),mbta,
nicholas rubino,syracuse (doom),dapper,
nicholas saracco,connecticut-b (grind),spring break '93,
nicholas smith,auburn (aetos); southern illinois-edwardsville (siege); southern mississippi (smooth),blade; duel; socal condors,
nicholas squadrito,texas-san antonio (siesta),a la carte-b,
nicholas staco,suny-cortland (team rocket),long island riff raff,
nicholas stambo,southern methodist (bankroll),brawl; flash flood; sprawl; tampa tempest; tyranny; zoo,
nicholas stewart,elon (big fat bomb),tanasi,
nicholas stipanovic,trinity (turbulence),san antonio warhawks; sprawl,
nicholas tangwall,wisconsin (hodags); wisconsin-b (fauxdags),zoboomafoo,
nicholas williams,florida-b (florida b); mary washington (mother of george),cowtown cannons; texas bbq,
nicholas wood,iowa state-b (yeastie boys); kentucky (kult),black lung; demo,
nicholas wyatt,washington-b (washington b),avenue -a; seven gills,
nicholas yin,washington (sundodgers),dark star; oregon trainwreck; souf; trainwreck and friends,
nicholas yoon,northeastern-b (beastern),mbta,
nick akers,hillsdale (chargers),mischief,
nick amano,carnegie mellon (mr. yuk); michigan (magnum),battery; mango tree-a; pittsburgh stealers; space force,
nick banks,colorado state (hibida),11th hour; fungi; inception; iso atmo; johnny bravo; spicey-freshman,
nick galbreath,ball state (cardinals),colonels,
nick hamann,messiah (falcons),mob ultimate,
nick havill,davidson (duff),hydra; scythe,
nick lenhard,suny-buffalo (green eggs and ham),buffalo ultimate; genny lite,
nick marston,st. olaf (berzerkers); wisconsin-b (fauxdags); wisconsin-c (daglets),overdrive,
nick mcmillan,alabama-birmingham (inferno),alliance; war machine,
nick mendes,rensselaer polytech (trudge),dirty laundry; motive,
nick miller,cincinnati (bearcats),big booty men; cmen; surrilic audovice; surrillic audovice,
nick neyman,gonzaga (guru ),gonzaga (guru ),
nick phillips,colorado state (hibida),blink-122 weekends; brickyard; flash flood; momintum,
nick rider,iowa (ihuc),bemo; demo; loaded panda,
nick simmonds,carleton university (ravens),phoenix,
nick sophocleous,miami alumni,dynasty; flying dutchmen; low five,
nick talone,appalachian state (nomads); north carolina-charlotte (charlotte skyrise),banc,
nick walro,xavier (b.l.o.b.),rotisserie chicken,
nick wollney,illinois state (gnomes),shift,
nick wong,suny-buffalo (green eggs and ham),buffalo frostbite,
nickolas azanov,purdue (undue ultimate); purdue-b (ctrl-z); purdue-c (ctrl x),parking lot,
nickolas krehbiel,kansas (horrorzontals),nox,
nickolas pappas,missouri (missouri),haymaker; slimjim fc,
nicky troilo,pittsburgh (en sabah nur),ghostbusters; sord,
nicky walker,indiana (hoosiermama?s),i-69; shenanigans,
nico christakos,vermont (chill),duck and cover; fungi; retired; shades; tirebizfriz,
nico gabby,vermont (chill),buda u20b; tirebizfriz,
nico laurenson,cal poly-ccwr (ccwr); cal poly-slo (slocore); cal poly-slo-b (slob),green river swordfish; swordfish; unrestricted free agents,
nico marino,loyola marymount (lions),nsfw; veteran move,
nico martinez,colorado college (wasabi),colorado college (wasabi); riptide; texas united,
nico nonemaker,california-san diego (air squids); california-san diego-c (air squids select),skipjack,
nico ranabhat,wisconsin (hodags),mad men; space cowboys; tanasi; yogosbo; zoboomafoo,
nico rose,washington university (contra),lounar,
nicolai riekerk,florida state (duf),charleston heat stroke,
nicolas leitmann-niimi,colorado state (hibida),blueprint; bomb squad; magma bears; watchdogs; white sauce hot sauce,
nicolas rusa,gold rush,journeymen; oat; zodiac,
nicolas sanchez,british columbia (thunderbirds),furious george,
nicolas sauska,boston college (eagles),mystik dan,
nicolas villamil,tulane (tucks),bullet,
nicolas west,virginia (night train); virginia-b (night train b),crypt; john doe,
nicolas wong,nyu (new york university ),nyu (new york university ),
niels weisbeek,rochester (piggies),pgz,
nihaal sidhu,cincinnati (bearcats),big booty men; cmen; dynasty; flying piglet; nighthawk; omen,
nikhil grobes,pennsylvania (void),pennsylvania (void),
nikhil modayur,tulane (tucks),gang of disc,
niko bardacke,mcgill (mut),club m - manic; magma; unrestricted free agents,
niko butt,western washington (dirt),seven gills,
niko epstein,dc recruits; foggy bottom boys; washington (sundodgers),fort reno flatball club; oak grove boys,
niko gustafson,california-santa barbara-b (black out),journeymen,
niko pompe,ucla-b (ucla smoke),scooby coupy coup,
nikolai seferian,georgetown (justice),la maquina -a; mort,
nikolas goodrum,seven hills bx; washington (sundodgers),avenue -a,
nikolas rivera,grand canyon (lopes),drought; nighthawk; so cal all stars; sprawl,
nikolaus elsaesser,oregon state (beavers); santa clara (scab),battery; dark star; imperial,
nikos verlenden,georgia tech (tribe),chain lightning; python,
nilai sheth,tennessee (tennessee),nashvillians; tennessee folklore; villains; watchmen,
nilay patel,northeastern-b (beastern),expendables,
nilesh mukundan,california-san diego (air squids),skipjack,
nilkanth calimlim-khot,north carolina state-b (six pack); north carolina-b (batch),nc brickhouse-upper; triumph,
nilos makino,boston university (boston university),bag; bruises; somerville bag,
nima lhamo,massachusetts (zoodisc),pony; sprout,
nirel barthelom,california-santa cruz (slugs); gold rush,wavestorms,
nirvan bernstein,davidson (duff),beef depot (development)-dev; nc brickhouse-upper,
nitin chockalingam,case western reserve (fighting gobies[a]),exhaust pipe,
noa grossi,chico state (chico state),red dawn,
noah alleman,colorado cutthroat: youth club u-20 boys; denver (sourdough),colorado cutthroat: youth club u-20 boys; tugboat,
noah anderson,florida-b (florida b); mit (grim beaver); north carolina state-b (sixpack); ucla (smaug),doggpound,
noah angles,jacksonville state (firebird ),alliance; alliance 2; swarm,
noah arends,iowa state (isuc); iowa state-b (yeastie boys),demo; loaded panda,
noah bailey,carleton university (ravens),phoenix,
noah ball-burack,brown (brownian motion),providence poultry; red dawn,
noah baumann,brandeis (tron),bag; big wrench,
noah beirne,colorado mines (entropy); colorado mines-b (orediggers),tugboat,
noah berube,ottawa (gee-gees),phoenix,
noah bingham,brown-b (brown - b),providence poultry,
noah brooks,iowa state-b (bsuc),zodiac,
noah bush,north carolina (darkside); triangle tourists boys-b,brickhouse; cash crop 2; raleigh-durham united,
noah capello,suny-binghamton-b (suny-binghamton b),adk mountain crew,
noah carpenter,mississippi state (dark horse); mississippi state -b (trenches ); mississippi state-b (trenches ); mississippi state-c (trenches b),cookie mon$terz; memphis pharaohs,
noah chambers,texas (tuff),dallas united: desperados; doublewide,
noah chang-linenberg,california-santa cruz (slugs),oat; swordfish; wavestorms,
noah cohen,carleton college (cut); massachusetts-d (umass amherst developmental),bullet; yee-haw,
noah dean-erlander,montana state (rum runners),sawtooth,
noah dowdy,north florida (category 5),bloom; psychedelic,
noah ebzery,colorado cutthroat: youth club u-20 boys,false summit; red lotus,
noah fehr,grinnell (grinnellephants),dcviii,
noah feigenbaum,michigan (magnum); michigan-b (michigan-b),long island riff raff,
noah fogel,minnesota (grey duck),knights of ni; mallard; sub zero,
noah franz,arizona (sunburn); siena (siena saints),rochester open club; sonoran pups,
noah futterman,colorado (mamabird),colorado cutthroat u-20 boys; ycc u20 developmental team,
noah gross,michigan (magnum),foggy bottom boys; garden state ultimate; nain rouge; redwolves; shade,
noah hanson,carleton college (cut),mallard; mutiny; sub zero,
noah hawkins,davidson (duff),banc,
noah hebert-lynch,occidental (detox),magma,
noah henderson,boise state (mamu zaldi),wooder,
noah kamens,central florida (dogs of war); ithaca (nawshus ultimate),bud; certified scrubs,
noah kaye,marquette (birdhouse); marquette-b (birdfeeder),milwaukee revival,
noah knishkowy,pittsburgh-b (university of pittsburgh- b),puppies; town hall stars,
noah krischer,charleston (palmetto bums),bdc,
noah krumme,north carolina (darkside); ohio state (leadbelly),cash crop 2; flying pig; omen; raleigh-durham united; ring of fire; schweingeist,
noah kurland,northeastern (huskies),iditarod,
noah lawrence,north carolina state (nc state alpha); north carolina state-b (sixpack),swamp horse,
noah lennon,north carolina state-b (sixpack),nc brickhouse-upper,
noah lin,illinois-b (boomland),flying pig,
noah logan,colorado (mamabird); colorado cutthroat u-20 boys,colorado cutthroat u-20 boys; colorado cutthroat: youth club u-20 boys; johnny bravo; tugboat,
noah loy,texas a&m (dozen),amigos-jv; heatwave,
noah magallanes,western washington (dirt),seven gills,
noah nicol,wisconsin (hodags),bux; la raid s.c.; mad men; madison club; zoboomafoo,
noah ofri-akman,suny-geneseo (snail),dapper,
noah peters,chicago (fission),roundhouse,
noah petersen,wisconsin (hodags),mad men,
noah powell,texas (tuff); texas state (texas state buckets),doublewide; lil heroes,
noah probst,mississippi state (dark horse); mississippi state -b (trenches ); mississippi state-c (trenches b),golden triangle ultimate,
noah reifenheiser,suny-buffalo (green eggs and ham),buffalo frostbite; dap lab; frostchomp; mohawk valley wild,
noah robison,rochester (piggies),pgz,
noah rowland,indiana (hoosiermama?s),shenanigans,
noah ryder,new hampshire (new hampshire ultimate team),resurgam ultimate; thunder boys,
noah saidel,ohio state (leadbelly),chimney,
noah sawyer,michigan state (arc),eldl; marc; red wolves,
noah schlenk,southern california (usc lockdown),hazard; seattle blacklist,
noah schulman,cornell (buds),colt,
noah schwalb,alabama-huntsville (nightmares),diesel; rampage; ronin; second nature,
noah schwartz,dartmouth-b (discomfort trolley),"bgf sl,ut",
noah sears,harding (harding apocalypse),dreadnought: battleship-b,
noah sentnor,colorado-b (cucu); colorado-c (rooster tussle),carbon; red lotus,
noah sheets,texas state (texas state buckets),austin amigos; cozy boys; riptide; riverside; swangos,
noah spaetti,akron (goonsquad),chimney; forest city; scoop,
noah stolpe,berry (bucks),romulus,
noah sullivan,florida (florida); syracuse (doom),iso atmo; mint; raptor; vicious cycle,
noah taetle,arizona state (prime); arizona state-b (pleasure),drought; monsoon,
noah theobald,west chester (west chester (a)); west chester (west chester),citywide special; dub club,
noah urrutia,brown (brownian motion),lantern; new jersey gemini,
noah wenig,trinity (turbulence),a la carte-b; san antonio warhawks,
noah windham,union (tennessee) (union jaxx),cookie mon$terz; memphis pharaohs,
noam brenner,george washington (g-dub hippos),7am; magma bears; oakgrove boys,
noam gumerman,brandeis (tron),bag,
noam halpern,denver (sourdough),minnesota superior a,
noam rose,williams (wufo),swordfish,
nobi (masao) lorenz,carleton college (cut),ave; souf,
noe motamedi,ucla-b (ucla smoke),doggpound; nsfw,
noel sierra,massachusetts (zoodisc),blueprint; sprout,
noell mayoral,parkland - plu alumni,portland tremor,
nolan anderson,alabama-huntsville (nightmares),rampage; ronin,
nolan baxendell,emory (emory juice),pulp; yee-haw; zoboomafoo,
nolan boyle,drexel (spitfire),adelphos; impulse; phoenix f.c.; smogborn,
nolan caples,drake university (duc),spin doctors,
nolan cochran,iowa (ihuc),cryptic; loaded panda; portland tremor; zodiac,
nolan emis,california (ursa major),hazard; zyzzyva,
nolan marler,texas-san antonio (siesta); texas-san antonio (velox),black gold; san antonio warhawks,
nolan matthews,purdue-b (ctrl-z),colonels,
nolan mcclintic,penn state (spank),ghostbusters; philadelphia pacmen; sepda night owl,
nolan mccloskey,brown (brownian motion),sepda night owl,
nolan mcginley,central florida (dogs of war),bloom; bud; reptar; sprawl,
nolan muongchan,seven hills bx; washington (sundodgers),ave,
nolan pardyjak,colorado state (hibida),choice city hops; powderhogs,
nolan prince,duke (brimstone),big wrench; expendables,
nolan thackwell,cosmic u-20 boys,cosmic u-20 boys,
nolan visage,texas tech (tumbleweed),deaf fruit,
nolan wasserman,maryland (maryland ultimate),town hall stars,
norman holloway,penn state-b (lovetap),8$old,
nour nazim,georgia college (disconnected),atlanta arson,
nyle lebbell,victoria (vikes),furious george; surf,
oakley armstrong,north texas (unt),brawl; gamble; public menemy; texas bbq,
oden hoff,colorado college (wasabi),colorado college (wasabi),
olin rhoads,miami (florida) (umiami vice),el niño; red tide; rising tide,
oliver bostian,iowa (ihuc),cryptic; demo; mad men,
oliver cecchini,utah (zion curtain),powderhogs,
oliver faase,cal poly-ccwr (ccwr); cal poly-slo (slocore),oregon trainwreck; trainwreck and friends,
oliver hirn,washington (sundodgers),kentucky flying circus; south shore line,
oliver jepson,montana (smokejump),sky-90,
oliver kahn,brown (brownian motion),lantern; providence poultry,
oliver kilgore,providence (pc ulty),riverside riptide,
oliver kraft,colorado college (wasabi),rising tide; rising tide u20b; springs open team; wasabi,
oliver mcmurdie,colorado cutthroat u-20 boys,colorado cutthroat u-20 boys two,
oliver powers,texas (tuff),austin amigos; joe sefton's little heroes; stuff,
oliver rosand,washington university-b (contraband),castle; stl moonar,
oliver roy,wentworth (concrete jungle),wave,
oliver saunders,penn state (spank),happy valley roofing and mustache supply; updog,
oliver scharer,cal poly-slo (slocore),bay dog; creaky; oat; zodiac; zyzzyva,
oliver spiller,carolina flyers youth academy u20; north carolina-b (batch),oakay,
oliver stordahl,suny-geneseo (snail),7am; genny never leaves; shade,
oliver sumners,colorado-b (cucu); colorado-c (rooster tussle); lewis & clark (bacchus ),carbon,
oliver sun,pennsylvania (void),pennsylvania (void),
oliver van linder,colorado college (wasabi); gold rush,colorado college (wasabi),
oliver voorhees,suny-stony brook (panic),bees,
oliver walke,wisconsin (hodags),la raid s.c.; mad men; red wolves; shade,
oliver wells,colorado college (wasabi); texas united,colorado college (wasabi); heatwave; texas united,
oliver wicks,brown (brownian motion),big wrench,
olivia senentz,north florida (category 5),flux,
ollintzin mortera,suny-buffalo (green eggs and ham),bodega cats,
omar (leonel) arellano,oklahoma (apes of wrath),e.v.i.l.; prime; texas two step,
omar alsolaiman,mit (grim beaver),"bgf sl,ut; powderhogs",
omar mostafa,purdue-b (ctrl-z),on ramp; parking lot,
omar semrin,colorado (mamabird); colorado-b (cucu),bonafide scrubs; flash flood; fungi; johnny bravo; makawua; texas swing,
omar sharief,dartmouth (pain train),scoop; shade,
oren swagel,princeton (clockwork),town hall stars,
orestis narliotis,rensselaer polytech (trudge); rensselaer polytechnic institute (trudge),alibi,
orion cable,massachusetts (zoodisc),buda; dig; diz; shades,
orlando impas,lewis & clark (bacchus ),dark star; switchback,
orr teva,williams (wufo),alibi,
oscar brown,utah (zion curtain),shrimp,
oscar de swaan arons,middlebury (pranksters); middlebury-b (branksters),blueprint,
oscar felcan,wisconsin (hodags),burly; mad men; mutiny,
oscar graff,tufts (elephant men),dig; diy; low point; pando,
oscar hebert-creeggan,mcgill (mut),red circus,
oscar jemison-blais,amherst (army of darkness),mayhem-dev,
oscar kardon,elon (big fat bomb),wave,
oscar lechner,colorado-b (cucu); colorado-c (rooster tussle),bonafide scrubs; dawg pound; iso atmo; red lotus,
oscar mendelson,cal poly-slo (slocore); gold rush,bay dog; mavericks; smoak (u20); zodiac,
oscar patterson,florida state (duf),atlanta arson; bloom,
oscar sanchez christensen,kansas (horrorzontals),edina high school (edina high school varsity); forward motion,
oscar sucre,rutgers (machine),helots; new jersey gemini; not a sport,
oscar wilmerding,northeastern-b (beastern),mbta,
oskar glahn,temple (alert),citywide special,
otis linkfield,gonzaga (guru ),dark star,
otis peterson,swarthmore (earthworms),adelphos; bearfax; john doe,
otto koops-elson,gold rush; loyola-chicago (darkwing),oat,
ou ning hsiu,pittsburgh-b (university of pittsburgh- b),smogborn,
owen ball,cedarville (swarm),endgame; flying pig,
owen camp,colorado state (hibida); stanford (stanford bloodthirsty),oat,
owen castor,suny-albany (scam),motive,
owen chan,british columbia (thunderbirds),blackfish; oni,
owen cloutier,minnesota (grey duck); minnesota (minnesota a); minnesota-duluth (northern lights),dinkytown doughboys; kenji's bbb; mallard ii,
owen cordes,northeastern (huskies),dix; iditarod; scoop,
owen daigeler,carleton university (ravens),phoenix,
owen dam,st thomas (purple reign),ope,
owen donnelly,western washington (dirt),souf; union,
owen donovan,mary washington (mother of george),crypt; give me death; richmond floodwall; winc city fog of war,
owen edwards,purdue (undue ultimate); purdue-b (ctrl-z),bdc; john doe; lafayette street dogs,
owen erdman,brown (brownian motion),philadelphia pacmen,
owen gagne,gonzaga (guru ),heartbreak,
owen gillan,colby (cdc (men's)),resurgam; resurgam ultimate,
owen gin,minnesota (grey duck),dinkytown doughboys; kenji's bbb; mallard; mallard ii,
owen gresko,cal poly-ccwr (ccwr); cal poly-slo (slocore),nc brickhouse-upper; wavestorms,
owen hammond-lee,georgia tech (tribe),atlanta outlaws; dyno,
owen hartford,vermont-b (chill d); vermont-b (chill dev),bang; red squirrels; tbd,
owen hathaway hacker,yale (süperfly); yale - y (süperfly - y),sungho moon,
owen heh,lewis & clark (bacchus ),junco; name brand,
owen hewitson,iowa state (isuc),zodiac,
owen jewell,iowa state (isuc),red hots - u20; shift; trident ii,
owen johnson,texas (tuff),gamble; h.i.p; lil heroes,
owen jones,tufts (elephant men),oregon trainwreck,
owen keepers,minnesota-duluth (northern lights),minnesota superior b,
owen kolinski,mcgill (mut),club m - manic; phoenix,
owen kuwayti,gold rush; gunn (control); washington (sundodgers),oat,
owen lehmkuhl,st olaf (berzerkers); st. olaf (berzerkers),knights of ni,
owen maskelony,north carolina-wilmington (seamen),foggy bottom boys; hb boys; john doe; right coast; triumph,
owen mcgarry,vassar (swinging monks),red squirrels; vassar (swinging monks),
owen miller,iupui (jaguars),momintum,
owen mitchell,wisconsin-eau claire (eauzone),nomad; nomads,
owen mork,georgia (jojah); georgia-b (chillydawgs),harvest moon; hooch,
owen mortell,colorado college (wasabi),colorado college (wasabi),
owen onatanian,"california state university, chico (chico state); chico state (chico state)",float; ghost,
owen oneil,michigan (magnum),mango tree-a; marc,
owen pearson,colorado cutthroat: youth club u-20 boys,colorado cutthroat: youth club u-20 boys,
owen peronto,florida state (duf),gambit,
owen pieper,utah-b (shower curtain ultimate),x wives-a,
owen poissant,oregon state (beavers),oregon trainwreck; portland tremor; trainwreck and friends,
owen reynolds,georgia-b (chillydawgs),harvest moon,
owen schigiel,minnesota (grey duck),dinkytown doughboys; kenji's bbb; mad men; mad men b-b; mallard,
owen siden,sonoma state (grapes of wrath),sebastopol orchard,
owen singer,cincinnati (bearcats),mob ultimate,
owen snyder-smith,middlebury (pranksters); middlebury-b (branksters),make it rain,
owen sprague,oregon (ego); seven hills bx,ave; avenue -a; grudge,
owen stout,north carolina-asheville (mudpuppy); north carolina-asheville (unc asheville mudpuppy),cash crop 2; ring of fire,
owen suelflow,macalester (flat earth); macalester (macalester open ultimate),surly cynic,
owen tam,washington-b (washington b),waste management squad,
owen thomas,elon (big fat bomb),rumspringa,
owen thoms,missouri s&t (miner threat),stl goonar; stl moonar,
owen weiche,nebraska (cornfed ultimate),scythe,
owen welch,california-davis (davis dogs),dark star; green river swordfish; inception; swordfish,
owen westfall,north texas (unt),sprawl; zoo,
owen wolford,colorado (mamabird); colorado-b (cucu),bonafide scrubs; red lotus,
owen woodward,kentucky (kult),i-69; on ramp,
owen wright,virginia tech (burn),haymaker; munch box,
owen young,ithaca (nawshus ultimate),retired; tirebizfriz,
owen zhou,case western reserve (fighting gobies[a]); southern california (usc lockdown),chimney; exhaust pipe,
owen zuidema,california (california-berkeley); california (ursa major); california-davis (davis dogs),zyzzyva,
pablo velosa,north carolina-wilmington (seamen),right coast,
palmer bogdan,christopher newport (skymaul),crypt; jolly roger; yacht club,
parham ghassemi,virginia tech (burn),blud; first order; spring break '93,
parker ashworth,cornell (buds),buffalo practice players,
parker awerkamp,brigham young-b (chi b),madd dogg; the killjoys,
parker beall,puget sound (postmen),junco,
parker bruhns,florida tech (f-it),bloomin' reptars; bud; dub club,
parker damon,colorado mines (entropy),iso atmo; isosceles,
parker davis,harding (harding apocalypse),dreadnought: battleship-b,
parker guerry,north texas (unt); texas tech (tumbleweed),dallas delinquents,
parker henderson,eastern michigan (fighting hellfish),diesel; mayhem-dev; villains,
parker hipp,hofstra (flying dutchmen),hofstra (flying dutchmen),
parker hirschle,butler (butler big dog),tydl,
parker johnson,connecticut college (deimos); mississippi college (tribal),colorado cutthroat: youth club u-20 boys,
parker knudson,minnesota (minnesota a),mallard; minnesota superior b; nomad,
parker lin-butler,vermont (chill),buda u20b; duck and cover; sprout; tirebizfriz,
parker magonigal,alabama-birmingham (inferno),ronin,
parker shahdad,north carolina state (nc state alpha); north carolina state-b (six pack),nc brickhouse-upper; queen city kings,
parker sharp,northern iowa (ammunition),loaded panda,
parker swanson,oberlin (flying horsecows),roundhouse,
parsa abedi,virginia-b (night train b),john doe,
parth kabaria,new jersey tech (highlanders),new jersey tech (highlanders),
parth patel,northwestern-b (blizzard); northwestern-b (bolt),coastal empire; h.o.g. ultimate,
patrick angkiriwang,waterloo (warriors),coast,
patrick baker,northeastern-c (salty c dogs),mbta,
patrick beckett,utah (zion curtain),doublewide; rhino slam!; rip city ultimate; shrimp,
patrick bruso,hofstra (flying dutchmen),hofstra (flying dutchmen),
patrick chirichella,rutgers (machine),not a sport; rutger colege,
patrick como,massachusetts-b (umass amherst developmental); massachusetts-d (umass amherst developmental),bag; duck and cover; shades; tire,
patrick connor,brown (brownian motion),doublewide; gamble; heatwave; providence poultry; riverside messengers-b; sprout; swangos; texas toast; zodiac,
patrick corkum,maryland-baltimore county (booya),mob ultimate,
patrick driscoll,illinois (rise); southern illinois-edwardsville (geese); southern illinois-edwardsville (siege),beachfront property; black market; haymaker; lounar; trident,
patrick eikens,wisconsin-eau claire (eauzone),knights of ni; powderhogs; the body,
patrick flanagan,boston college (eagles); boston university (boston university); boston university-b (boston university b),lake effect,
patrick fossing,south carolina (gamecock ultimate); south carolina-b (south carolina),space cowboys,
patrick grossheim,north carolina-wilmington (seamen),right coast,
patrick huang,illinois-b (boomland); illinois-c (cornland),u54,
patrick ireland,north carolina-charlotte (charlotte skyrise),gambit,
patrick joyce,west chester (west chester (a)); west chester (west chester),delco club; gummy bear hitmen; supa fc,
patrick kenney,mary washington (mother of george),foggy bottom boys,
patrick lavallee,wisconsin (hodags),bux; confluence; la raid s.c.; lounar,
patrick li,johns hopkins (dangerzone); johns hopkins-b (dangerzone b),dub club; emu,
patrick loganbill,wichita state (wheaties),ultimate friends,
patrick makovnik,virginia-b (night train b),hb woodlawn,
patrick mclaughlin,saint louis (archangel); xavier (b.l.o.b.),s l u r p,
patrick o suilleabhain,boston college (eagles),big wrench,
patrick obrien,delaware-b (sideshow); penn state (spank),haze; john doe; oat,
patrick oniate,drexel (spitfire),adelphos; citywide special,
patrick paules-harrold,central connecticut state (yetis),central connecticut state (yetis),
patrick pellittiere,suny-binghamton (suny-binghamton); suny-binghamton-b (suny-binghamton b),long island riff raff,
patrick robisch,suny-buffalo-b (buffalo grinch),long island riff raff,
patrick schroeder,william & mary (merry men),bryce whitney fan club,
patrick schwartz,johns hopkins (dangerzone); notre dame (papal rage); notre dame-b (opus d's),mob ultimate,
patrick steichen,marquette (birdhouse),milwaukee breaker,
patrick townsend,princeton (clockwork); princeton-b (clockwork b),side hustle,
patrick ufer,georgia tech-b (tribe),dyno; little red wagon,
patrick vorathiankul,james madison (hellfish),la maquina -a; oakgrove boys; red wolves; vault; winc city fog,
patrick zertuche,texas-san antonio (siesta); texas-san antonio (velox),alamode; san antonio warhawks,
patrick zong,rutgers (machine),helots; pride of rowan newark,
patrik connole,salt.,the killjoys; utah hatu,
paul anzelone,rit (rit spudheds),resurgam ultimate,
paul baumann,oklahoma (apes of wrath),supercell,
paul boersma,cleveland state (cleveland state vikings),lake effect,
paul carmichael,arizona state (prime),monsoon,
paul dempsey,south florida (scallywags),players into serious sports,
paul dinh,seven hills bx,ave; avenue -a,
paul hooley,mcgill (mut),club m - manic; mephisto; whitefish,
paul jackson,trinity (turbulence),alamode,
paul james,north carolina state (nc state alpha),brickhouse; carolina sky,
paul kamin,marquette (birdhouse),milwaukee breaker,
paul kim,trinity (turbulence); trinity university (turbulence),texas toast,
paul knapp,missouri s&t (miner threat),miner magic,
paul krenik,minnesota (grey duck),minnesota superior u20b; sub zero,
paul liang,minnesota (grey duck),dinkytown doughboys; kenji's bbb; mallard ii,
paul marotta,charleston (palmetto bums),charleston heat stroke,
paul masters,colorado-b (cucu),legal trouble,
paul mcallester,wisconsin (hodags),illinois youth ultimate - u20; slimjim fc,
paul michael healy,carnegie mellon (mr. yuk),garden state ultimate; pittsburgh stealers,
paul owens,pennsylvania (void),citywide special; philadelphia pacmen,
paul passmore,texas state (texas state buckets),cozy boys; harvey cats; papa bear; riverside,
paul pfeiffer,ucla (smaug),nsfw,
paul ready,carleton college-chop (carleton house of pancakes),colt,
paul weisser,wisconsin-milwaukee (black cat),hippie mafia; mke,
pavel mazza,arizona (sunburn); michigan (magnum),mango tree; nain rouge; sonoran dog,
payton jaggie,missouri state (missouri state ultimate),stl moonar,
paz meyers,harvard (red line),harvard (red line),
permeet bhatia,arizona state (prime); arizona state-b (pleasure),tempe tantrum,
perry honey hochstadt,california (ursa major),colorado cutthroat u-20 boys,
pete cheatham,appalachian state (nomads),touch of grey,
peter barrette,oregon state (beavers); oregon state-b (oregon state b),name brand,
peter boerth,northeastern (huskies),dig; diz; iditarod,
peter carlson-belanger,amherst regional (hurricanes); vermont-b (chill dev),bang,
peter carter,rit (rit spudheds),genny lite,
peter cauchy,delaware (sideshow),citywide special; eldl; garden state ultimate; phantom,
peter conelli,suny-binghamton (suny-binghamton),suny-binghamton (suny-binghamton),
peter czerwinski,kansas (horrorzontals),friendly fire; slimjim fc; spoon x-freshman,
peter eklund,western washington (dirt),knights of ni; seven gills,
peter gaffney,central florida (dogs of war),reptar,
peter gardner,georgia tech (tribe); georgia tech-b (tribe),python; ufo,
peter geniac,north carolina-charlotte (charlotte skyrise),gambit,
peter gerdt,temple (alert),bearproof,
peter haverland,ohio (trout),enigma,
peter helgeson,minnesota (grey duck); minnesota (minnesota a); missouri (missouri),dinkytown doughboys; kenji's bbb; mallard; mallard ii,
peter hogan,missouri (missouri),stl moonar,
peter kotz,pittsburgh (en sabah nur),dig; sord,
peter lamousin,towson (pandamonium),emu; mob ultimate,
peter lark,minnesota-b (ugly duckling); minnesota-c (rubber ducky),knights of ni; mallard ii,
peter lenz,cal poly-slo (slocore); san diego state (federales ),socal condors; souf,
peter lorris,charleston (palmetto bums),charleston heat stroke,
peter mans,middlebury (pranksters),sub zero,
peter miller,iowa state (isuc),mad men,
peter ngo,texas (tuff); texas-dallas (woof),flash flood; h.i.p; joe sefton's little heroes; lil heroes; texas united,
peter reifenstein,california-davis (davis dogs),green river swordfish,
peter ricci,pittsburgh-b (university of pittsburgh- b),impulse; pittsburgh stealers,
peter riegle,british columbia -b (b-birds); british columbia -b (shipwreck),joe fisher,
peter saudale,texas a&m (dozen),rice box; texas duffy,
peter seymour,northwestern (nut),ditto a; ditto b,
peter stergios,depaul (duc),ditto a,
peter wade,colorado mines (entropy); colorado mines-b (entropy - b),carbon; false summit; popperton ultimate frisbee; reál hogs fc-b,
peter xu,north carolina state (nc state alpha); north carolina-wilmington (seamen); triangle tourists boys 2-b,right coast,
peter zaccardi,carnegie mellon (mr. yuk),impulse; pittsburgh stealers; pittsburgh temper; slag dump; space force,
peter zhang,ohio state (leadbelly),fine giant; flying dutchmen,
peyton george,louisville (lucky),colonels,
peyton raggio,mississippi state (dark horse); mississippi state -b (trenches ); mississippi state-b (trenches ); mississippi state-c (trenches b),cookie mon$terz; memphis pharaohs,
peyton thurman,nebraska (cornfed ultimate),scythe,
peyton winkelman,wisconsin (hodags); wisconsin-b (fauxdags),timber,
phil haddad,vermont-c (chill b),big gordo's racing,
philip acimovic,ottawa (gee-gees),phoenix,
philip altman,colorado mines (entropy); colorado mines (entropy) (orediggers),tugboat,
philip avery,union (tennessee) (union jaxx),cookie mon$terz,
philip emry,georgia tech (tribe),python,
philip liu,suny-stony brook (panic),fli-b honeybees; magma bears,
philip mack,central connecticut state (blue barracudas); central connecticut state (yetis),central connecticut state (yetis); connecticut 9 to 5; spring break '93,
philip nelson,connecticut (uconn huskies),harvey cats; rumspringa,
philip rollhaus,columbia (uptown local),columbia (uptown local); uptown local y,
philip saba,akron (goonsquad); north park (lost boys),lake effect; scoop,
philip spyrou,bowdoin (clown),bowdoin (clown),
phillip bax,southern methodist (bankroll),glycerine,
phillip duarte,pennsylvania (void),pennsylvania (void),
phillip hanlon,northern iowa (ammunition),zodiac,
phillip joyce,massachusetts (zoodisc),big wrench,
phillip krupa,texas-san antonio (velox),throwing shade,
phillip markovitz,georgia tech (tribe),black gold,
phillip meader yetter,brown-b (brown - b),providence poultry,
phillip nguyen,houston (skyline),clutch; rice box,
phineas johnson,utah (zion curtain),powderhogs,
phineas ulmishek-anderson,virginia tech-b (virginia tech b),ballston booya,
phoenix laliberte,seven hills bx; western washington (dirt),switchback,
phong hang,seven hills bx,ave,
phouttasone (preston) saycocie,grand valley state (lakers),beacon; midnight meat train,
pierce clark,tufts-b (tufts b),you need to calm down,
pierce lynch,illinois-b (boomland),nasty girls,
pierce mahon,west chester (west chester (a)),dub club,
pierce teeuwen,arkansas (ludicrous speed ),dreadnought,
pierce toupin,florida state (duf); florida state-b (duf eyyy),flux,
piercen hoekstra,houston (skyline),clutch; firefly tx; texas tea-a,
piere joyner,depaul (duc),trident,
pierre fabris,boston university (boston university),bag; big wrench; fusion; lantern,
piers collier,iowa state (isuc); iowa state-b (yeastie boys),bemo; black market iii; demo; loaded panda,
piers mcgowin,denver (sourdough); denver-b (sourdough b team),tugboat,
piyush komali,charlotte flight; virginia tech (burn),banc; john doe; la maquina -a,
porfirio mendes,ucla-b (ucla smoke),sebastopol orchard,
porter oyler,brigham young (chi); utah valley (utah valley ultimate),evolution; pando; shrimp; sundance kids; the killjoys,
porter stobbe,utah valley (utah valley ultimate),powderhogs; shrimp,
prakash wiese,arizona state (prime); arizona state-b (pleasure),monsoon,
pranav chivukula,nyu (new york university ),nyu (new york university ),
pranav krishna,mit (grim beaver),pineapple,
praneeth vijayakumar,rutgers (machine); suny-binghamton (suny-binghamton),rugrat knights-a; suny-binghamton (suny-binghamton),
prateek mishra,alabama-birmingham (inferno),war machine,
pratik pednekar,north texas (unt),metro,
preston hawkes,brigham young (chi),the killjoys,
preston jones,tarleton state (texan ultimate),shrimp discs,
preston mckee,texas-arlington (yucca),cowtown cannons; sprawl; zoo,
preston nash,colorado mines (entropy),tennessee folklore,
preston osypowski,california-santa cruz-b (ucsc b (ooze)),swordfish,
prince agyei,north texas (unt),dallas delinquents,
pryce bevins,tennessee-chattanooga (swamp donkeys),tanasi; tennessee folklore; villains,
pulkit tripathi,indiana-b (hoosierdaddy!s),shenanigans,
pupetch nimnark,illinois (rise); illinois-b (boomland),u54,
qijin chau,tufts (elephant men),odyssey,
qiumiao cao,nyu (new york university ),haze,
quentin fossing,clemson (joint chiefs of waft),gvl trout; space cowboys,
quest brashear,central florida (dogs of war),reptar,
quincy leczo,penn state-behrend (justdisc league),impulse; pittsburgh stealers,
quincy roy,colorado cutthroat u-20 boys; colorado cutthroat: youth club u-20 boys; colorado-b (cucu); colorado-c (rooster tussle),colorado cutthroat u-20 boys; colorado cutthroat: youth club u-20 boys; iso atmo; red lotus,
quinlan schultz,suny-binghamton (suny-binghamton); suny-binghamton-b (suny-binghamton b),bartle boys; buffalo frostbite; suny-binghamton (suny-binghamton),
quinn daly,syracuse (doom),bomb squad; colt; dapper,
quinn edgerton,western washington (dirt),souf; switchback,
quinn finer,colorado (mamabird),bobby; inception; johnny bravo,
quinn fogarty,montana (smokejump),hazard,
quinn foley,christopher newport (skymaul),chimney; fathom ii; jolly roger,
quinn garner,north carolina-wilmington (seamen),carolina sky; right coast; turbine,
quinn hauck,chicago (fission); johns hopkins (dangerzone),magma bears,
quinn hermann,virginia (night train),richmond floodwall,
quinn jarvis,colorado-b (cucu),wooder,
quinn lander,carleton college (cut),mallard; nomad,
quinn redick,james madison (hellfish); james madison-b (smellfish),winc city fog; winc city fog of war,
quinn scott,charlotte flight; east carolina (irates),banc; parlay,
quinn stromberg,bethel (bethel ultimate),ope,
quinn wilson,boston college (eagles),general strike; team canada open,
quinnan mack,washington-b (washington b),souf,
quinten burlew,michigan tech (discotech),zoo animals,
quinter harvey,brigham young (chi),wretched refuse,
quintin spanier,north florida (category 5),flux,
quinton cook,texas tech (tumbleweed),deaf fruit,
quinton lorenz,colorado mines (entropy); colorado mines (entropy) (orediggers); colorado mines-b (entropy - b),carbon,
quinton yap,washington (sundodgers); washington-b (washington b),ghost train; zyzzyva,
raekwon adkins,gold rush; oregon (ego),oat; revolver; smoak (u20); zyzzyva,
rafael casellas,florida (florida),certified scrubs,
rafael castillo,cal poly-slo (slocore),battery,
rafael hopf,north carolina-wilmington (seamen),right coast; triumph,
rafael nachman,army (army-west point),army - west point,
raffael venterea,rochester (piggies),pgz,
raffi cannon,gold rush; penn state (spank); penn state-b (lovetap),happy valley roofing and mustache supply,
rafi thaler,case western reserve (fighting gobies[a]),make it rain,
rahul polavarapu,wisconsin-b (fauxdags),the body,
rahul r,indiana (hoosiermama?s),shenanigans,
rainor alin,utah (zion curtain),shrimp; x wives-a,
ralph martini,california-santa barbara (black tide),offshore,
ram sundaram,boston university (boston university); tufts (elephant men),mystery box,
rami paust,wisconsin (hodags),madison club; vault; yogosbo,
rami rifaat,colorado (mamabird),bux; johnny bravo; mystery gang,
ramon puente jr,iowa state (isuc); iowa state-b (yeastie boys),bemo,
ramsey elder,northeastern (huskies),bag; mbta; tirebizfriz,
randy lahm,colorado cutthroat: youth club u-20 boys; colorado mines (entropy); colorado mines (entropy) (orediggers),colorado cutthroat: youth club u-20 boys; tugboat,
ransome martin,north carolina-charlotte (charlotte skyrise),banc,
raphael rosen,chicago (fission),7am; deepfake,
rashid moreau,north carolina-charlotte (charlotte skyrise); north carolina-wilmington (seamen),gambit,
raul martinez,cal state-long beach (pyramid scheme),oc crows,
ravi cullop,oregon-b (bucks),name brand,
ravi kodali,georgia tech-b (tribe),atlanta outlaws; dyno; two-headed goose,
rawlins collard,vermont-b (chill dev),bang,
ray jiang,harvard (red line),shred line,
ray mauntel,missouri s&t (miner threat),castle; haymaker; miner magic; stl lounar; trident,
ray ye,purdue (undue ultimate),blueprint; emerald city; switchback,
raymond feng,mit (grim beaver),magma bears; pineapple,
raymond jewell,pittsburgh-b (university of pittsburgh- b),pittsburgh stealers,
raymond jia,georgia tech (tribe),python; rush hour atl; yee-haw; zyzzyva,
raymond li,california (ursa major); california-b (ursa minor); dartmouth-b (discomfort trolley); mit (grim beaver),battery,
raymond lu,michigan (magnum),chicago machine; garden state ultimate; high five; mango tree; nain rouge,
raymond wright,college of new jersey (revolution); drexel (spitfire),adelphos; buffalo frostbite; citywide special; happy valley roofing and mustache supply; updog,
reece bastyr,depaul (duc),trident,
reece davidman,emory (emory juice),shade,
reece nelson,syracuse (doom),adk mountain crew; magma bears,
reece overholt,williams (wufo),hooch,
reed brixey,kentucky (kult),black lung,
reed browning,vermont (chill),big wrench; burly; dig; diz; mutiny; shrimp,
reed burkert,elon (big fat bomb); triangle tourists boys 2-b,cash crop 2; raleigh-durham united,
reed davis,tulane (tucks); tulane-b (tulane b),gang of disc,
reed eschmann,arkansas (ludicrous speed ),arkansas (ludicrous speed ); dreadnought: battleship-b; stl moonar,
reed karman,emory (emory juice),central arkansas surge; dreadnought; pulp,
reed kendall,williams (wufo),bag,
reed leide,alabama-huntsville (nightmares),ronin,
reed lonsdale,cornell (buds),rising tide,
reese holiday,central florida (dogs of war),bloom,
reese lee,houston (skyline),adventure time; black gold; firefly tx,
regan quick,central florida-b (havoc),raptor,
reggie masket,gold rush; oregon (ego),mavericks; oat; smoak (u20),
reid barry,georgia tech (tribe),atlanta outlaws,
reid duncan,pittsburgh (en sabah nur),philadelphia pacmen; pittsburgh stealers; pittsburgh temper,
reid gouge,kentucky (kult),black lung,
reid james,stephen f austin (frontier),adventure time,
reid lancaster,marquette (birdhouse); wisconsin-milwaukee (black cat),bux; fuse; happyboise-jv; mke,
reid martin,illinois (rise),beachfront property; black market; black market i; satellite; trident; trident i,
reid pannell,texas state (texas state buckets),dallas delinquents; firefly tx; riverside; sprawl; surrilic audovice; zoo,
reid peterson,xavier (b.l.o.b.),black market ii; fine giant; rotisserie chicken,
reid smith,texas-dallas (woof),dallas delinquents; monsoon,
reilly berberian,california-davis (davis dogs); ucla (smaug),green river swordfish; nsfw,
reilly bernal,chico state (chico state),float; unrestricted free agents,
remington reinking,portland (uprise),journeymen,
ren kondo,binghamton (suny-binghamton); cornell (buds),deepfake; los buds,
ren yagawara,harvard (red line); pennsylvania (void),adelphos; citywide special,
reuben philip,massachusetts (zoodisc),mystery box; sprout,
revon landreneau,south carolina-b (south carolina),flying dutchmen,
rex yuen,british columbia (thunderbirds),furious george,
reyen bender,nyu (new york university ),haze; nyu (new york university ),
reza hall,vassar (swinging monks),vassar (swinging monks),
rhandy jean-paul,south florida (scallywags),players into serious sports,
rhett dacuag,colorado mesa (colorado mesa mavericks),colorado mesa (colorado mesa mavericks),
rhett stevens,north carolina state-b (sixpack),nc brickhouse-upper,
rhodes boester,columbia (uptown local),uptown local x,
rhyan miller,sam houston (deuce ultimate); sam houston state (deuce ultimate),clutch; firefly tx; texas tea-a,
rhys gretsch,california-santa barbara (black tide),brickhouse; cash crop; red wolves; socal condors; sundowners,
rhys jarvis,pittsburgh-b (university of pittsburgh- b),puppies; wooder,
rhyston broadhurst,texas a&m (dozen),charleston heat stroke; stl moonar,
ri chen,central florida (dogs of war); stanford (stanford bloodthirsty),sons,
ricardo deleon,florida (florida),florida untied; frizz; space coast ultimate; vicious cycle,
ricardo flores,rit (rit spudheds),premium,
ricardo lozano,columbia (uptown local),uptown local x,
rich wang,mit (grim beaver),pineapple,
richard armagost,edinboro (haggis),chemical x,
richard huang,maryland (maryland ultimate),tugboat,
richard ly,north carolina-b (batch),nashville mudcats,
richard mcleod,victoria (vikes),dna; furious george; team canada open,
richard murt,kentucky (kult),black lung; colonels,
richard pride,arkansas (ludicrous speed ),arkansas (ludicrous speed ); dreadnought: battleship-b,
richard tang,purdue (undue ultimate),drought; lafayette street dogs,
richard yuan,nyu (new york university ),haze; not a sport; pride of rowan newark; stuyvesant sticky fingers alumni,
ricky brokaw,california-santa barbara (black tide),cockfight; offshore; socal condors; sundowners,
ricky chen,suny-binghamton (suny-binghamton),bartle boys; magma bears,
ricky davis,emory (emory juice),battery; oat; pulp,
ricky mcbride,central connecticut state (blue barracudas); central connecticut state (yetis),spring break '93,
ricky tran,victoria (vikes),furious george,
ricky wang-polendo,pennsylvania (void),pennsylvania (void),
ridge huang,california (ursa major),red dawn; zyzzyva,
riley bong,alabama-huntsville (nightmares),apollo; rampage; second nature,
riley brady,nyu (new york university ),haze,
riley dagon,drexel (spitfire),ez,
riley dobush,iowa (ihuc),red hots - u20,
riley falls,texas a&m (dozen),texas duffy,
riley fortune,illinois state (gnomes),satellite,
riley franklin,rhode island (riut),neap tide,
riley greene,arizona (sunburn),arizona frisbee club,
riley hamilton,green canyon (green canyon - a),lake city inversion,
riley hoffman,suny-stony brook (panic),suny-stony brook (panic),
riley hughes,georgia southern (eagles),savannah wild,
riley kirkman-davis,ucla (smaug),doggpound; red dawn; revolver,
riley lewis,central florida (dogs of war),sord,
riley lubic,air force (afterburn),battleship; the incline,
riley olsen,north florida (category 5),hammerhead; scootlyfe,
riley park,pittsburgh-b (university of pittsburgh- b),second nature,
riley peterson,texas united,streetcar-c; texas duffy,
riley prell,pittsburgh-b (university of pittsburgh- b),pittsburgh stealers; puppies,
riley sikes,gonzaga (guru ),heartbreak; seven gills,
riley truitt,grove city (grove city doomsday),colorado cutthroat; colorado cutthroat (colorado cutthroat); colorado cutthroat: youth club u-20 boys; the incline,
riley vang,minnesota-b (minnesota b); st thomas (purple reign),minnesota superior a,
rio long,oregon state (beavers),odot; oregon trainwreck,
rion saldana,texas state (texas state buckets),riverside messengers-b,
risdon muther reed,suny-buffalo-b (buffalo grinch),long island riff raff,
rishabh garg,yale (süperfly),sungho moon,
rishav rout,illinois (rise),ducs; nasty girls,
rishi assar,colorado (mamabird); colorado-b (cucu),texas toast,
rishi gupta,nyu (new york university ),haze,
rishi nair,ohio state (leadbelly),babe,
rj christensen,brigham young (chi); brigham young-b (chi b),sundance kids; utah hatu; wretched refuse,
roan dunkerley,massachusetts (zoodisc),dig; sprout,
robbie eldridge,virginia tech (burn),atlanta outlaws,
robbie mcchesney,marquette (birdhouse),ufo,
robby fitzgerald,cincinnati (bearcats); cincinnati -b (bearcats b),on ramp,
robert beanland,hofstra (flying dutchmen),hofstra (flying dutchmen),
robert booden,indiana-b (hoosierdaddy!s),black sheep,
robert breyer,carleton college (cut),blueprint,
robert cann,eastern michigan (fighting hellfish),diesel,
robert castaneda,kansas (horrorzontals),kansas city smokestack; kc smokestack; triumph,
robert credeur,texas a&m (dozen),foxtrot; riptide; riverside,
robert edwards,tulane (tucks),gang of disc,
robert geddes,temple (alert),jawn,
robert goode,iowa (ihuc),bemo; demo,
robert gunshefski,south carolina (gamecock ultimate),cockfight; lost boys,
robert hodges,yale (süperfly),sungho moon,
robert luo,yale (süperfly),dallas united outlaws; howe caverns; make it rain,
robert mcallister,north carolina state (nc state alpha),nc brickhouse-upper,
robert mccabe,california (california-berkeley); california (ursa major),zodiac; zyzzyva,
robert miller,texas-san antonio (siesta); texas-san antonio (velox),blink,
robert mobley,georgia state (underground),atlanta arson; atliens,
robert neitzke,purdue-b (ctrl-z),parking lot,
robert obrien,notre dame-b (opus d's),charleston heat stroke; holy city heathens,
robert odum,california-santa barbara (black tide),oat; sundowners,
robert olbon,suny-binghamton-b (suny-binghamton b),suny-binghamton-b (suny-binghamton b),
robert oreilly,oregon-b (bucks),puzzles,
robert pereira,northeastern (huskies); northeastern-b (beastern),mbta,
robert privette,florida (florida),vicious cycle,
robert rommelfanger,cal poly-pomona (cow ultimate),sauce,
robert roper,georgia state (underground),atlanta arson; bullet; dyno; little red wagon,
robert scott-williams,north carolina-charlotte (charlotte skyrise),banc; triumph,
robert sedlack,marquette (birdhouse),milwaukee breaker,
robert shea,hofstra (flying dutchmen),hofstra (flying dutchmen),
robert slutsky,washington university (contra),castle,
robert starck,boston college (eagles),mystik dan,
robert strickland,jacksonville state (firebird ),alliance; alliance 2; romulus,
robert taylor,berry (bucks),black gold; haymaker; miner magic; supercell,
robert vogt,rochester (piggies),dapper; pgz,
robert wallace,carleton university (ravens),phoenix,
robert wilson,lehigh (lehigh ),nomad,
roberto gonzalez garcia,xavier (b.l.o.b.),rotisserie chicken,
roberto lombana,loyola-chicago (darkwing); penn state (spank),happy valley roofing and mustache supply,
robin boudard,georgia tech-b (tribe),make it rain,
robin erdakos,chicago (fission); northwestern (nut),ditto a,
robin maillard,lehigh (lehigh ),hazard; pittsburgh temper,
rocco amorosso,suny-stony brook (panic),fli-b honeybees,
rocky morris,north carolina-charlotte (charlotte skyrise),queen city kings,
rocky slaymaker,macalester (macalester open ultimate),conspiracy theory,
rodrigo tjan,suny-buffalo (green eggs and ham),buffalo frostbite,
roger beckel,dc recruits; massachusetts (zoodisc),yew nork yew nork,
roger zeng,charlottesville clownies; pittsburgh (en sabah nur),oak grove boys; pittsburgh temper; red wolves; town hall stars,
rohan kotha,texas (tuff),texas swing,
rohan patel,texas-b (graze); washington university (contra),forge; riverside messengers; riverside messengers-b,
rohin balkundi,texas-b (graze),beef depot (development)-dev,
rohit aralikar,purdue (undue ultimate),lafayette street dogs,
rohith pamidimukkala,arizona (sunburn); connecticut-b (grind),sonoran pups,
rohn ritchie,northern arizona (el ponderoso),chicago dart frogs,
rollin huang,waterloo (warriors),blackfish,
roman bearman,arkansas (ludicrous speed ),arkansas (ludicrous speed ),
roman gavrila,northwestern-b (bolt),ditto b,
roman leigh,san jose state (spartans),bay dog,
roman short,tufts (elephant men),bag; big wrench; white sauce hot sauce,
roman spears,tulane (tucks),gang of disc,
romeo hendel,nyu (new york university ),ghost train; nyu (new york university ); seven gills,
ron barzilay,california-b (ursa minor),bart,
ron jenkins,mississippi state (dark horse); mississippi state-b (trenches ),prism,
ron warren,auburn (aetos); montana state (rum runners),alliance,
ronald ratliff,edinboro (haggis); pennsylvania western (haggis),chemical x,
ronan fitzgerald,brown-b (brown - b),providence poultry,
ronan lin,texas united,amigos-jv; bonzaiiiii!!; riptide; texas united,
ronan mai,gold rush,wavestorms,
ronil mavinkurve,rutgers (machine),rutger colege,
rory jacobs,suny-binghamton-b (suny-binghamton b),suny-binghamton-b (suny-binghamton b),
rory lenny,colorado state (hibida),butterflies; colorado cutthroat: youth club u-20 boys; fungi; inception,
rory strickland,berry (bucks),romulus,
roshan iyengar,brown (brownian motion),ez,
ross benway,central florida (dogs of war),omen,
ross diorio,syracuse (doom),crossfire,
ross gunther,georgia tech (tribe); georgia tech-b (tribe),ez; updog,
ross lynam,florida (florida),vicious cycle,
roth mohring,ottawa (gee-gees),phoenix,
rowan jamieson,davenport (panthers),houndd,
rowan olds,santa clara (scab),sebastopol orchard,
rowan sivanandam,british columbia (thunderbirds),blackfish,
rowan smith,california-santa cruz-b (ucsc b (ooze)); rensselaer polytech (trudge),oat,
rowland sorrick,indiana (hoosiermama?s),black sheep,
roy amazona,seven hills bx,ave; avenue -a,
roy jeong,ucla-b (ucla smoke),bart,
royce grundy,cal poly-slo-b (slob),hazard; kirkland signature,
royce laffitte,trinity (turbulence),alamode; metro,
ruari mcewan,mcgill (mut),club m - manic; garden state ultimate; mephisto; tirebizfriz,
ruben hari,mcgill (mut),club m - manic,
ruben keane,western washington (dirt),carolina sky,
rudolf arnold,ave maria (gyrenes),mob ultimate,
rudolf jordan,houston (skyline),rice box,
rufus abraham,connecticut (uconn huskies); connecticut-b (grind),spring break '93,
ruggero soto-ricci,michigan state-b (riot control),diesel,
rupert armentrout,liberty (flames),l.u.t $ack,
rushil randhar,texas (tuff),lil heroes; stuff,
russell williams,rowan (ruf riders),new jersey gemini,
ruston bassett,auburn (aetos),alliance 2; capitol city chaos,
ruth spilman,rit (rit spudheds),wave,
rutledge smith,north carolina (darkside),chicago machine; ring of fire,
ryan allenson,colorado (mamabird); colorado-b (cucu); university of colorado boulder-c (cucu2),butterflies; colorado cutthroat: youth club u-20 boys; iso atmo; johnny bravo,
ryan anderson,william & mary (merry men),brackish; h.o.g. ultimate,
ryan bailey,akron (goonsquad),scoop,
ryan baker,seven hills bx; wisconsin-whitewater (sub*par),bux; happyboise-jv,
ryan barrett,michigan (magnum),villains; womp,
ryan barry,california-san diego (air squids); california-santa barbara (black tide),offshore; skipjack; sundowners,
ryan beck,utah state (scotsmen); utah state (usult),cache valley high ground; old ephraim; powderhogs; r&d,
ryan berry,maine (blackfly); maine (snositi); northeastern-c (salty c dogs),mbta,
ryan bian,columbia (uptown local),uptown local x,
ryan bills,utah state (scotsmen); utah state (usult),old ephraim; r&d,
ryan bishop,fresno state (rabid),firefall; fresno firefall,
ryan blazejewski,suny-binghamton (suny-binghamton),bartle boys; magma bears,
ryan bliss,vermont (chill),brickhouse; carolina sky; tirebizfriz,
ryan bouchard,denver-b (sourdough b team),mohawk valley wild,
ryan brady,northeastern-b (beastern); washington-b (washington b),make it rain; mbta,
ryan branca,chico state (chico state),float,
ryan burns,ottawa (gee-gees),jerk factory; red circus,
ryan cappella,central connecticut state (yetis),central connecticut state (yetis),
ryan carmichael,brandeis (tron),skipjack; socal condors,
ryan chan,connecticut (uconn huskies); connecticut-b (grind),spring break '93,
ryan cohen,tufts (elephant men),bag; switchback,
ryan coneway,case western reserve (fighting gobies[a]),burning river; chimney; exhaust pipe; john doe; scoop,
ryan connor,penn state (spank); penn state-b (lovetap),happy valley roofing and mustache supply,
ryan cook,rowan (ruf riders),old ephraim; rebels; revolt,
ryan courtney,illinois-c (cornland); michigan state-b (riot control),iso atmo; powderhogs; the killjoys,
ryan dailey,tennessee (tennessee),tennessee folklore,
ryan dees,kennesaw state (parliament),dyno; harvest moon; ronin,
ryan degeeter,ohio state (leadbelly),flying dutchmen,
ryan dehn,suny-binghamton (suny-binghamton),bartle boys,
ryan deveraux,suny-albany (scam); suny-albany-b (scam),long island riff raff,
ryan dowd,penn state-b (lovetap),gummy bear hitmen; supa fc,
ryan dowdy,pittsburgh (en sabah nur),pittsburgh temper; puppies,
ryan dusaire,carleton college (cut),nomad; sub zero,
ryan feile,suny-binghamton (suny-binghamton),suny-binghamton (suny-binghamton),
ryan flick,georgia (jojah),chain lightning; delirium; hooch,
ryan foster,west chester (west chester (a)); west chester (west chester),citywide special; dub club; new jersey gemini,
ryan gallagher,vermont-c (chill b),big gordo's racing,
ryan george,indiana (hoosiermama?s),on ramp,
ryan godfrey,virginia tech-b (virginia tech b),beef depot; winc city fog of war,
ryan grabowski,cincinnati (bearcats),omen,
ryan graham,cosmic u-20 boys,spin doctors,
ryan graves,british columbia (thunderbirds),blackfish,
ryan greeson,xavier (b.l.o.b.),rotisserie chicken,
ryan griffin,army (army west point),black knights,
ryan grossklaus,california-santa barbara (black tide),monsoon,
ryan harty,carnegie mellon (mr. yuk),fathom; pittsburgh stealers; space force; streetgang,
ryan harvey,st. olaf (berzerkers),overdrive,
ryan hays,missouri s&t (miner threat); south carolina-b (south carolina),castle; lounar; stl lounar,
ryan hill,dartmouth-b (discomfort trolley); georgia (jojah); oklahoma state (ultimato),bullet; delirium; h.o.g. ultimate,
ryan hilton,massachusetts -b (umass amherst developmental); rochester (piggies),odyssey,
ryan hilty,saint louis (archangel),s l u r p,
ryan hinton,christopher newport (skymaul),yacht club,
ryan hof,illinois-b (boomland),maumee boys; memphis pharaohs; u54,
ryan hoffman,carnegie mellon (mr. yuk); valparaiso (vult),flash flood; pittsburgh temper; space force,
ryan hogg,navy (poseidon); purdue (undue ultimate),on ramp; parking lot,
ryan hoy,salisbury (buzz),blackfish; fight club,
ryan hsi,brown (brownian motion),providence poultry; switchback,
ryan hummel,miami (ohio) (miami boogiemen),cmen; dynasty; flying pig; omen,
ryan jawor,rutgers (machine),rugrat knights-a,
ryan jiang,harvard (red line),battery; edina high school (edina high school varsity),
ryan johnson,fairfield (fairfield stags); utah state (scotsmen); utah state (usult),the killjoys,
ryan joslyn,suny-buffalo-b (buffalo grinch),frostchomp; long island riff raff,
ryan kadet,tufts (elephant men); tufts-b (tufts b),big wrench,
ryan kawa,central florida (dogs of war),certified scrubs,
ryan keenan,villanova (main line ultimate),citywide special,
ryan kelleher,washington-b (washington b),anchor,
ryan kern,richmond (spidermonkeys),black market ii; black market iii; blacker market,
ryan kinder,washington-b (washington b); washington-c (uw c),make it rain,
ryan klein,calvin (knights),omen,
ryan labonte,binghamton (suny-binghamton); suny-binghamton (suny-binghamton),bartle boys; blueprint; suny-binghamton (suny-binghamton),
ryan lam,santa clara-b (santa clara b); santa clara-b (scratch),battery,
ryan laughlin,marquette (birdhouse),milwaukee breaker; milwaukee revival,
ryan lewis,grinnell (grinnellephants); grinnell-b (gphants); iowa (ihuc),zodiac,
ryan liao,washington (sundodgers),souf,
ryan liberman,tulane (tucks),(washed); rougaroux,
ryan link,virginia tech (burn); virginia tech-b (virginia tech b),womp,
ryan longley,georgia tech (tribe),bud; el niño; ele; vicious cycle,
ryan loui-ying,oklahoma christian (eagles); victoria (vikes),barnstorm; blackfish; furious george,
ryan low,cornell-b (cornell-b (shake)); maryland (maryland ultimate),town hall stars,
ryan lowe,james madison (hellfish),crypt; winc city fog,
ryan lynch,massachusetts -b (umass amherst developmental); massachusetts-b (umass amherst developmental),adelphos,
ryan manuel,charlotte flight; north carolina-wilmington (seamen),banc,
ryan marshall,mcgill (mut),club m - manic,
ryan martinez,boise state (mamu zaldi),shrike cutters,
ryan maughan,florida tech (florida tech competitive),harvest moon; raptor,
ryan mccann,iupui (jaguars),i-69; on ramp,
ryan mcgowan,james madison (hellfish); james madison-b (smellfish),winc city fog; winc city fog of war,
ryan mitchell,parkland - plu alumni,cloverleaf,
ryan mohammadian,texas a&m (dozen); texas a&m-b (dozen matter),texas duffy,
ryan neumann,texas-dallas (woof),brawl; texas bbq,
ryan niizawa,chico state (chico state),battery; wavestorms,
ryan norris,morehouse (morehouse ultimate),carolina sky; triumph,
ryan osullivan,maine (snositi),madhouse; resurgam; resurgam ultimate,
ryan perry,berry (bucks),romulus; tennessee folklore,
ryan plummer,northern iowa (ammunition),loaded panda; zodiac,
ryan polka,wisconsin-milwaukee (black cat),iso atmo; iso cardio; sauce,
ryan ragaini,suny-binghamton (suny-binghamton); suny-binghamton-b (suny-binghamton b),adk mountain crew; bartle boys,
ryan reinhart,texas (tuff); texas-b (graze),h.i.p; joe sefton's little heroes; lil heroes; riverside,
ryan reynolds,arkansas state (red wolf ultimate); tulane (tucks),central arkansas surge; crypt; richmond floodwall; shadows,
ryan ridenour,california-santa barbara (black tide),offshore; sundowners,
ryan robison,delaware (sideshow),delaware (sideshow),
ryan rockett,cornell (buds); tufts-b (tufts b),bag; lantern,
ryan rodriguez,central florida (dogs of war),bloom; certified scrubs; reptar,
ryan rowell,duke (brimstone),m.y.t.h.o.s.; nomad,
ryan salters,texas christian (high noon),clutch; cowtown cannons; firefly tx; texas tea-a,
ryan schoenfeld,florida-b (florida b),vicious cycle,
ryan schwartz,michigan tech (discotech),zoo animals,
ryan shea,georgetown-b (black squirrels),haymaker,
ryan shigley,colorado (mamabird),bonafide scrubs; sockeye,
ryan shin,idaho (graffiti),heartbreak,
ryan spagnolo,toronto (tula),suspect,
ryan stairs,western new england (golden bears),havoc,
ryan sumaya,cal poly-pomona (cow ultimate),oc crows,
ryan tosh,grand canyon (lopes); grand canyon-b (g-force),swordfish,
ryan trendell,suny-cortland (team rocket),long island riff raff,
ryan trinh,california-san diego (air squids); california-san diego-b (air squids lite ); california-san diego-c (air squids select),hazard,
ryan trippeer,cincinnati -b (bearcats b),enigma,
ryan tuthill,villanova (main line ultimate),hazard; overflow,
ryan upton,james madison-b (smellfish),winc city fog,
ryan waller,wisconsin-milwaukee (black cat),bux; fuse; mke,
ryan ward,oberlin (flying horsecows),chimney; red wolves; redwolves; watchdogs,
ryan wartenberg,charleston (palmetto bums),charleston heat stroke; colonels,
ryan watson,north carolina-wilmington (seamen),haymaker; right coast; uproar,
ryan weatherwax,colorado cutthroat u-20 boys; northern colorado (upstream ),colorado cutthroat u-20 boys; red lotus; tugboat,
ryan wells,arizona (sunburn); colorado mines (entropy),mayhem-dev; mischief; sonoran dog,
ryan weng,california-santa cruz (slugs); gold rush,bay dog; smoak (u20); wavestorms,
ryan whisenhunt,oklahoma state (ultimato); oklahoma state university (ultimato),flash flood; texas two step; texas united,
ryan wisnoski,tarleton state (texan ultimate),shrimp discs,
ryan wong,british columbia -b (b-birds),blackfish; waste management squad,
ryan wu,davidson (duff); ohio state (leadbelly),gambit,
ryan-phi nguyen,san jose state (spartans),oat,
rye strand,maryland-b (astro quakers),town hall stars; yacht club,
rylan siegel,maine (snositi),resurgam ultimate,
ryland fiscus,boston college (eagles),mystik dan,
ryland kane,south florida (scallywags); south florida-b (scourge),players into serious sports,
ryley ross,gunn (control),little teapots; oakland ultimate,
ryo kather,columbia (uptown local),battery,
saaketh palchuru,texas (tuff),doublewide; gaucho; joe sefton's little heroes; public menemy,
sabastian mccain,south florida (scallywags),players into serious sports; stag,
sabit aurko,suny-stony brook (panic),suny-stony brook (panic),
sachin zachariah,tufts (elephant men),dyno,
saeed semrin,colorado (mamabird),johnny bravo; lotus; texas two step,
sage good,kennesaw state (parliament),delirium,
sahaj olivar,puget sound (postmen),ghost train; switchback,
sahil mulji,nyu (new york university ),haze,
sahil patel,case western reserve-b (fighting gobies),fire of london,
sai girap,purdue-b (ctrl-z),lafayette street dogs; trident ii,
sai pittala,ohio state (leadbelly),flying pig,
saif ansari,texas (tuff),lil heroes,
saketh chityala,colorado-b (cucu); colorado-c (rooster tussle),mycellium,
saksham bhardwaj,georgia tech-b (tribe),green mountain boys,
sal pepe,syracuse (doom),blueprint; magma bears,
saleh alsuwailem,cleveland state (cleveland state vikings),scoop,
salem davis,brigham young-b (chi b),utah hatu,
sam agranat,northeastern (huskies),buda u20b,
sam anderson,oregon state (beavers),dark star; oregon trainwreck; rhino slam!; trainwreck and friends,
sam arkenberg,northern iowa (ammunition),loaded panda; zodiac,
sam beh,georgia (jojah),night owl; sepda night owl,
sam berebitsky,indiana (hoosiermama?s); indiana-b (hoosierdaddy!s),shenanigans,
sam brothers,william & mary (merry men),bryce whitney fan club; jolly roger,
sam cook,washington (sundodgers),socal condors,
sam crockett,trinity (turbulence),a la carte-b,
sam davies,tulane (tucks),citywide special; ghostbusters; philadelphia pacmen; philadelphia padawans,
sam dawson,southern illinois-edwardsville (siege),moon pigs,
sam dummer,mcgill (mut),club m - manic; magma; nc brickhouse-upper; triumph,
sam fischer,claremont (braineaters),riverside; texas united,
sam freitas,arizona (sunburn),sonoran dog,
sam garncarz,cornell (buds),rebels,
sam gibney,hofstra (flying dutchmen),bodega cats; hofstra (flying dutchmen),
sam goldstein,colorado state (hibida),11th hour; choice city hops; inception,
sam gombiner,pittsburgh (en sabah nur); pittsburgh-b (university of pittsburgh- b),pittsburgh stealers; pittsburgh temper; puppies,
sam granade,georgia tech (tribe); georgia tech-b (tribe),atlanta outlaws; dyno; two-headed goose,
sam grant,gonzaga (guru ),carolina sky,
sam green,massachusetts (zoodisc),duck and cover; sprout; tirebizfriz,
sam greenberg,case western reserve (fighting gobies[a]),bag; chimney; exhaust pipe,
sam grossberg,georgia tech (tribe),ghostbusters; philadelphia pacmen; philadelphia padawans; phoenix f.c.,
sam hirschhorn,ucla (smaug),bart; genny lite; make it rain; nsfw; oat,
sam hoffman,grand valley state (lakers),midnight meat train,
sam iselin,central connecticut state (yetis),central connecticut state (yetis),
sam jo,california-santa cruz (slugs),oat; wavestorms,
sam johnson,georgia state (underground),cowtown cannons; ducs; glycerine; sprawl,
sam jordan,oregon state (beavers); oregon state-b (oregon state b),make it rain; portland tremor; roundhouse; sawtooth,
sam karmarkar,cornell (buds),los buds,
sam kennedy,california-irvine (nightlife),oc crows,
sam kilgore,colorado (mamabird),alliance; johnny bravo,
sam king,case western reserve (fighting gobies[a]),chimney; forest city,
sam kleven,whitman (whitman sweets),mallard; sub zero; swans,
sam klueter,maryland (maryland ultimate),watchdogs,
sam lancaster,utah valley (utah valley ultimate),lil’ huckers; x wives-a,
sam losen,massachusetts-b (umass amherst developmental),buda; burly; red squirrels,
sam markowitz,colgate (jabberwock); tufts-b (tufts b),foggy bottom boys,
sam masling,stanford (stanford bloodthirsty),blueprint; magma bears; shade; watchdogs,
sam mccarty,carleton college (cut),dark star; red tide,
sam merritt,georgia (jojah),h.o.g. ultimate; harvest moon; hooch,
sam metz,michigan state (arc),east lansing detroit lions; marc,
sam moushey,cincinnati (bearcats),big booty men; dynasty,
sam newton,texas-b (graze),quaze; riverside messengers-b,
sam nichols,green canyon (green canyon - a),old ephraim,
sam orth,georgia tech (tribe),yee-haw,
sam osullivan,connecticut (uconn huskies),buda u20b; skeleton squad,
sam papin,missouri s&t (miner threat),lounar; stl goonar; stl moonar,
sam peterson,stanford-b (huck syndrome),general strike,
sam pieper,wisconsin (hodags),bux; la raid s.c.; mad men; mad men b-b; zoboomafoo,
sam prochnau,north carolina state (nc state alpha); north carolina state-b (sixpack),nc brickhouse-upper,
sam radack,colorado (mamabird),foggy bottom boys; ironside; lotus,
sam ralston,bowdoin (clown),resurgam,
sam resnick,indiana (hoosiermama?s),knights of ni; mallard,
sam rork,hofstra (flying dutchmen),hofstra (flying dutchmen),
sam rose,georgia (jojah),delirium,
sam ruiz harding,colorado state (hibida); colorado state-b (hibida),colorado cutthroat: youth club u-20 boys; fire hawks; fungi; inception,
sam schenkelberg,kansas (horrorzontals),gang of disc,
sam schwartz,washington university (contra),journeymen,
sam singh,purdue (undue ultimate); purdue-b (ctrl-z),bodega cats,
sam smith,alabama-birmingham (inferno),atliens; southern hospitality,
sam stocklein,wisconsin-milwaukee (black cat),bux; fuse,
sam wainwright,mary washington (mother of george),give me death,
sam winkeler,virginia tech (burn),ballston booya; rising tide,
sam zachariah,california-santa barbara-b (black out),oakland ultimate,
samad chapman,georgia (jojah),atl b,
samar seth,maryland (maryland ultimate),wave,
samatv iyer,wisconsin (hodags),dangerous unidentified mystical beast,
sammy abusaab,pennsylvania (void),citywide special; pennsylvania (void),
sammy muench,tufts (elephant men); tufts-b (tufts b),bag; magma bears; yew nork yew nork,
sammy pew,utah valley (utah valley ultimate),johnny bravo; shrimp,
samson aziz,oregon-b (bucks),oregon trainwreck; portland tremor; trainwreck and friends,
samson bienstock,tufts (elephant men),bag; florida untied; triumph,
samson hurwitz,vermont-b (chill dev),bang,
samson kimani,iowa (ihuc); university of iowa-b (iowa-b (hucititis)),anchor; cryptic,
samuel altshuler,california-san diego (air squids),fusion; skipjack,
samuel angiulli,north carolina-charlotte (charlotte skyrise),queen city kings,
samuel astrom,illinois (rise),black market; haymaker; haymaker x,
samuel barnett,penn state (spank),citywide special; ez; phantom,
samuel bliss,pittsburgh-b (university of pittsburgh- b),castle,
samuel boehlke,concordia-wisconsin (concordia university wisconsin),milwaukee revival; rubicon rapids; stl moonar,
samuel bonesteel,suny-geneseo (snail),alibi; motive,
samuel brush,boston university (boston university),brackish,
samuel butler,tulane (tucks),rougaroux,
samuel carter,suny-binghamton (suny-binghamton),bartle boys,
samuel chen,texas-dallas (woof),forge,
samuel crapitto,oklahoma (apes of wrath),supercell,
samuel dale-gau,whitman (whitman sweets),the body,
samuel davis,colorado college (wasabi); nevada-reno (elevation ultimate),wasabi,
samuel devine,toledo (savage),haymaker; haymaker x; nain rouge,
samuel du,california-b (ursa minor); maryland-baltimore county (booya),east bay earthworms; emu,
samuel fitzhugh,george mason (massacre); george mason (meteors),john doe; winc city fog of war,
samuel freedman,northeastern (huskies),colorado cutthroat (colorado cutthroat); colorado cutthroat: youth club u-20 boys; iso atmo,
samuel fritz,george washington (g-dub hippos),beef depot,
samuel fronek,wisconsin-b (fauxdags),knights of ni; overdrive,
samuel garno,siena (siena saints),motive,
samuel garza,north texas (unt),brawl; gamble; texas toast,
samuel geelhood,rose-hulman (elephantitis),enigma,
samuel gilmore,richmond (spidermonkeys),brackish; deepfake; oak grove boys; richmond floodwall,
samuel goertzen,messiah (falcons),carbon; choice city hops; dawg pound; iso atmo,
samuel good,tennessee (tennessee),el niño; gentlemen's club; raleigh-durham united; socal condors; tanasi,
samuel goodwin,utah valley (utah valley ultimate),wretched refuse,
samuel graham,clemson (joint chiefs of waft); clemson-b (joint biefs),gvl trout,
samuel greenfield,indiana (hoosiermama?s); indiana-b (hoosierdaddy!s),on ramp; shenanigans,
samuel hannah,seattle (throbots),make it rain,
samuel harrington,oregon state (beavers),portland tremor,
samuel hedrick,heartbreak,climax; heartbreak,
samuel herzberg,vassar (swinging monks),vassar (swinging monks),
samuel hinson,cornell (buds),ghost train; switchback,
samuel huntzinger,utah state (scotsmen); utah state (usult),old ephraim,
samuel ingham,butler (butler big dog),diesel; i-69,
samuel johnson,georgia college (disconnected); john brown (ironfist); providence (pc ulty),dreadnought: battleship-b,
samuel kaplan,california-santa cruz (slugs),wavestorms,
samuel lassiter,tennessee (tennessee),villains,
samuel laur,california (california-berkeley); california (ursa major),big wrench; red tide; resurgam; zyzzyva,
samuel lawler,ohio (trout); ohio-b (trout b),big booty men,
samuel levine,suny-binghamton-b (suny-binghamton b),suny-binghamton-b (suny-binghamton b),
samuel lewis,oregon-b (bucks),goat; team canada open,
samuel little,navy (poseidon),pony,
samuel liu,saint louis (archangel),stl moonar,
samuel macdonald,maryland (maryland ultimate); winona state (experience),bryce whitney fan club,
samuel marek,colorado state (hibida); colorado state-b (bibida),seven gills,
samuel marshall,cedarville (swarm),burning river; cedarville swarm; chimney; scoop; swarm,
samuel mccrory,massachusetts (zoodisc),devyl u-20 open,
samuel moeller,mississippi college (tribal),barefoot,
samuel moreno,franciscan (fatal),junco; oregon trainwreck,
samuel morrall,texas-arlington (yucca),doublewide; flash flood; messengers-b; metro; red wolves; riverside messengers-b,
samuel nitkin,chicago (fission),ditto a; ditto b; haymaker,
samuel park,texas a&m (dozen),cowtown cannons,
samuel pfender,colorado cutthroat u-20 boys; colorado state-b (bibida),colorado cutthroat u-20 boys two; tugboat,
samuel pierson,michigan state (arc); michigan state-b (riot control),dap lab; diesel; east lansing detroit lions,
samuel qin,case western reserve-b (fighting gobies),exhaust pipe; scoop,
samuel redinbo,north carolina (darkside); triangle tourists boys 2-b,cash crop 2; ring of fire,
samuel regan,maine (blackfly),maine (nor'easter),
samuel roberts,oklahoma christian (eagles),barnstorm; colt; gamble,
samuel saron,tufts (elephant men),somerville bag,
samuel skovran,arizona (sunburn),sonoran dog,
samuel speciale,massachusetts-lowell (riverhawks),bag; lantern,
samuel stark,iowa state (isuc),mad men; the body,
samuel stow,liberty (flames),l.u.t $ack,
samuel stringer,suny-buffalo-b (buffalo grinch),buffalo frostbite,
samuel sutton,syracuse (doom); syracuse university-b (boom),dapper; sprawl,
samuel tagle,depaul (duc),austin amigos; flash flood; gaucho; riverside messengers-b; spoon y-d; swangos; trident; trident i,
samuel tarrant,vassar (swinging monks),vassar (swinging monks),
samuel teppo,michigan (magnum),haymaker x; mango tree-a,
samuel torrecilla,dc recruits,fort reno flatball club,
samuel torres,ucla (smaug); ucla-b (ucla smoke),offshore,
samuel tremblay-larochelle,ottawa (gee-gees),phoenix,
samuel wagner,lsu (purple haze),louisiana second line,
samuel whempner,winona state (experience),nomads; scythe,
samuel whitney,boston college (eagles),big wrench,
samuel yager,purdue-b (ctrl-z),green mountain boys; lafayette street dogs,
samuel yao,texas-dallas (woof),dallas delinquents,
samuel yuan,carnegie mellon (mr. yuk),memphis pharaohs,
samuel zhou,rice (cloud 9),grudge; make it rain; memphis pharaohs,
sander fogarty,cal poly-slo (slocore),offshore; socal condors; souf,
sangbeom yang,washington-b (washington b),riverside messengers-b,
sanjeev anand,wisconsin-b (fauxdags),carbon,
sanjeev sridhar,macalester (flat earth); macalester (macalester open ultimate),big wrench; chemical x,
santiago de la garza,texas state (texas state buckets),texas united,
santiago duque-baird,arizona state (prime); arizona state-b (pleasure),bonsoon,
santiago garcia-lavanchy,georgia tech-b (tribe); michigan-b (michigan-b),atlanta outlaws,
santiago hernandez,northeastern (huskies); northeastern-b (beastern),mbta,
santiago lopez,saint louis (archangel),s l u r p,
santiago mier y teran,loyola marymount (lions),veteran move,
santiago velosa,north carolina-wilmington (seamen),carolina sky; right coast; turbine,
santino marchesano,new hampshire (new hampshire ultimate team),puppies; thunder boys,
sarek mallareddy,carleton college (cut); gold rush,mavericks; smoak (u20); zyzzyva,
sasha frank-stempel,george washington (g-dub hippos),foggy bottom boys; puzzles; vault; watchdogs,
sashit vijay,arizona state (prime); arizona state-b (pleasure),bonsoon,
sassan fahim,richmond (spidermonkeys),brackish; nc brickhouse-upper; oakay,
sassan fiske,georgetown (justice),mort,
sathvik avulapati,charlotte flight; north carolina state (nc state alpha),banc; queen city kings,
satya thota,emory (emory juice),pulp,
saul diaz,wisconsin (hodags),dcviii; mad men,
saurav sarpal,simon fraser (sfu red leafs),coast,
sawyer blair,carleton college (cut),emerald city; grudge; make it rain; switchback,
sawyer falkenbush,syracuse (doom),green mountain boys,
sawyer fil,grand valley state (lakers),beacon; eldl; red imp.ala; semi,
sawyer gouldman,bowdoin (clown),bowdoin (clown),
sawyer ransom,utah (zion curtain),utah hatu,
sawyer thacker,alabama-huntsville (nightmares),apollo; second nature,
schuyler houston,colorado-b (cucu); university of colorado boulder-c (cucu2),bonafide scrubs; red lotus,
scott andersen,loyola marymount (lions),nsfw; veteran move,
scott ballinger,california-davis (davis dogs),green river swordfish; swordfish; ziggurat ultimate,
scott cann,eastern michigan (fighting hellfish),diesel; mischief,
scott cricks,texas a&m (dozen),texas duffy,
scott estepa,cal poly humboldt (humboldt state buds); humboldt state (humboldt state buds),ravin’-d,
scott graham,waterloo (warriors),furious george; goat; phoenix,
scott harvey,butler (butler big dog); butler-b (big dog - developmental),blink,
scott harvey-arnold,carnegie mellon (mr. yuk),slag dump; space force,
scott heyman,pittsburgh (en sabah nur),pittsburgh temper; pony; sord,
scott jackson,utah state (scotsmen),cache valley high ground; powderhogs,
scott lambert,saint louis (archangel),s l u r p,
scott landers,alabama (yellow hammer); alabama-c (yellowhammer c),alliance; bloom,
scott may,harding (harding apocalypse),dreadnought: battleship-b; riverside messengers-b; texas duffy,
scott mcmahon,southern california (usc lockdown),battery; nsfw,
scott sakow,florida state (duf),bloom; florida untied,
scott whitley,georgia (jojah),chain lightning,
seamus dailey,vermont (chill),mystery gang,
seamus harte,worcester polytechnic (whisper); worcester polytechnic institute (whisper),bag,
seamus robinson,cal poly-slo (slocore),revolver; socal condors; wavestorms,
seamus shogren,california-santa cruz (slugs); gold rush,red dawn,
seamus sidney,st olaf (berzerkers),conspiracy theory; zoboomafoo,
sean brown,penn state (spank),certified scrubs; updog,
sean carroll,suny-buffalo (green eggs and ham),not a sport; stuyvesant sticky fingers alumni,
sean chaney,central florida (dogs of war),bloom; psychedelic,
sean cheng,mit (grim beaver),pineapple,
sean clark,western michigan (dark horse),beacon,
sean colello,connecticut (uconn huskies),connecticut 9 to 5,
sean fagan,new hampshire (new hampshire ultimate team),howe caverns,
sean fjellman,iowa state (isuc),demo; loaded panda,
sean freed,"wake forest (well oiled machine, baby)",queen city kings,
sean green,nyu (new york university ),nyu (new york university ),
sean habash,marquette (birdhouse),milwaukee breaker; milwaukee revival,
sean haley,minnesota-duluth (northern lights),dingwop,
sean hall,mcgill (mut),austin amigos; riptide; riverside; swangos; texas swing; texas united,
sean hickey,illinois (rise),red hots - u20; trident ii; u54,
sean hill,michigan state-b (riot control),blacker market; kfc; timber; trident,
sean jaffe,northeastern (huskies),bag; iditarod,
sean jung,georgia tech (tribe); georgia tech-b (tribe),atlanta outlaws; bdc; python,
sean kaiser,florida state (duf),scootlyfe,
sean kim,north carolina-b (batch); north carolina-wilmington (seamen),triumph,
sean kiser,north carolina-charlotte (charlotte skyrise),queen city kings,
sean kupstas,hofstra (flying dutchmen),hofstra (flying dutchmen),
sean lafleur,central connecticut state (blue barracudas); central connecticut state (yetis),connecticut 9 to 5; spring break '93,
sean lai,army (army- west point),army - west point; army-west point,
sean levine,arizona state (prime),monsoon,
sean lin,emory (emory juice),atl b; atlanta outlaws,
sean mcdonald,brigham young (chi),bonneville flatball club,
sean mcsweeney,chicago (fission),ditto a,
sean mickel,pennsbury (pennsbury); pittsburgh (en sabah nur),puppies,
sean miranda,notre dame (papal rage),nain rouge; trident,
sean nguyen,embry-riddle (dirty birds),oakay; psychedelic,
sean omalley,suny-buffalo (green eggs and ham),zoboomafoo,
sean osullivan,suny-stony brook (panic),fli-b honeybees,
sean riehman-murphy,george mason (meteors),citywide special,
sean roche,tennessee-chattanooga (swamp donkeys),gentlemen's club; tennessee gents,
sean rogers,st olaf (berzerkers); st. olaf (berzerkers),overdrive,
sean sheets,northern iowa (ammunition),loaded panda,
sean timm,new mexico (hanta virus),(washed),
sean timmons,charleston (palmetto bums),charleston heat stroke; lantern,
sean toellner,mississippi state (dark horse),trent's team,
sean tuthill,villanova (main line ultimate),ender's outcasts,
sean walsh,christopher newport (skymaul),brackish; fathom; fathom ii; redwolves; watchdogs,
sean waters,arizona state-b (pleasure),tempe tantrum,
sean white,suny-albany (scam),dirty laundry,
sean wiles,north carolina state (nc state alpha),banc; brickhouse; ring of fire,
sean wilson,northeastern-b (beastern),skeleton squad,
sebastian boccieri,north carolina state (nc state alpha); triangle tourists boys 2-b,nc brickhouse-upper,
sebastian brauer,minnesota (grey duck),mad men; sub zero,
sebastian brenneis,amherst (army of darkness),choice city hops,
sebastian espinal,williams (wufo),alibi,
sebastian ieradi,west chester-b (west chester b),dub club,
sebastian puerta,arizona state (prime); oklahoma (apes of wrath),tempe tantrum,
sebastian reyes,loyola marymount (lions),nsfw; veteran move,
sebastian westerink,california-davis-b (davis dogs b); ucla-b (ucla smoke),green river swordfish,
sebastien kline,oberlin (flying horsecows),iditarod; odyssey,
sebastien lauzy,texas (tuff),gamble; joe sefton's little heroes; riverside ultimate,
sebastien loko,mit (grim beaver),pineapple,
sebin sripathi,louisville (lucky),colonels,
seho young,yale (süperfly),big wrench; haymaker; haymaker x,
seiji koenigsberg,oregon state (beavers),dark star; odot; oregon eruption!; sawtooth; trainwreck and friends,
selim jones,california-santa cruz (slugs); gold rush,oat,
sergio zenteno,fresno state (rabid),firefall; fresno firefall,
seth ellis,xavier (b.l.o.b.),rotisserie chicken,
seth fisher-olvera,northeastern (huskies); washington university (contra),lounar; stl lounar,
seth flikke,wisconsin (hodags),dangerous unidentified mystical beast,
seth fortin,connecticut (uconn huskies),mystery box,
seth fried,north carolina (darkside); triangle tourists boys 2-b,brickhouse; cash crop 2; ring of fire,
seth furr,eastern michigan (fighting hellfish),mayhem-dev,
seth green,notre dame (papal rage),on ramp,
seth hibel,florida state (duf),scootlyfe,
seth kristal,arizona state (prime),monsoon; tempe tantrum,
seth ledezma,texas-arlington (yucca),riverside messengers,
seth lee,north carolina (darkside),brickhouse; triforce,
seth lockard,oregon state (beavers); oregon state-b (oregon state b),name brand,
seth oneal,jacksonville state (firebird ),ronin,
seth owirodu,trinity (turbulence); trinity university (turbulence),throwing shade,
seth porter,suny-fredonia (terrifying turtles),buffalo practice players; jerk factory,
seth staton,cosmic u-20 boys,cosmic u-20 boys; springs open team,
seth tracy,embry-riddle (dirty birds),harvest moon; psychedelic,
seth tremper,skidmore (wombats),motive,
seth weaver,duke (brimstone),chicago machine; madison club; raleigh-durham united; ring of fire,
seth wells,colorado (mamabird),johnny bravo; lotus; red dawn,
shaan narayan,colorado (mamabird); duke (brimstone),brickhouse; fungi,
shahaan oshidary,british columbia (thunderbirds),blackfish,
shaheer khan,georgia state (underground),atlanta outlaws,
shamaul dilmohamed,chicago (fission),ditto a; ditto b; haymaker,
shan pappa,houston (skyline),adventure time,
shane brennan,providence (pc ulty),riverside riptide,
shane davidson,grand canyon (lopes),cosmic u-20 boys; nighthawk; syndicate,
shane denman,jacksonville state (firebird ),alliance; swarm; war machine,
shane heath,texas (tuff),clutch; joe sefton's little heroes; the bayou boys,
shane hendrickson,georgia college (disconnected),two-headed goose,
shane jones,swarthmore (earthworms),bearfax,
shane kearney,christopher newport (skymaul); west virginia (wv wild),brackish; charleston heat stroke; crypt; fathom,
shane mccarthy,kentucky (kult); pennsbury (pennsbury),black lung; the ultimate team,
shane mclaughlin,michigan state (arc),apollo 7; ez,
shane otis,wisconsin-whitewater (sub*par),mad men,
shankar ramaswamy,california-b (ursa minor),sebastopol orchard,
sharan sethi,texas (tuff),h.i.p; lil heroes; stuff,
shawn cook,grove city (grove city doomsday),queen city kings,
shawn lanzillo,pennsbury (pennsbury); west chester (west chester (a)); west chester (west chester),citywide special,
shawn messick,liberty (flames),hail mary; l.u.t $ack,
shawon nixon,rowan (ruf riders),adelphos; citywide special; i-69; rebels,
shea cronin,central connecticut state (yetis); northeastern-b (beastern),spring break '93,
shea mckeough,depaul (duc),roundhouse,
shea sturtevant,illinois (rise); illinois-b (boomland),roundhouse,
shelly tsirulik,harvard (red line),shred line; the silent flatballers; watch city; white sauce hot sauce,
shiloh duan,rutgers (machine),rugrat knights-a,
shiv khanna,tufts (elephant men),bag; magma bears,
shiv patel,wisconsin-milwaukee (black cat),amigos-jv; bux; riverside messengers,
shivam boghra,illinois state (gnomes),beachfront property; black market ii; black market iii; blacker market; blacker market x; blackest market; satellite; shift; spoon y-d; trident ii; trident iii,
shivansh shah,virginia tech (burn); virginia tech-b (virginia tech b),beef depot (development)-dev; l.u.t $ack,
sho tanaka,cleveland state (cleveland state vikings),neo,
shonnu ba thaung,loyola marymount (lions),veteran move,
shota fletcher,puget sound (postmen),battery,
shovan jagadev,illinois-c (cornland),u54,
shravan ravishankar,chicago (fission),ditto a; greater gary goblins x; greater gary goblins y; haymaker,
shun iwata,california-irvine (nightlife),oc crows; socal condors,
shuqiao gao,nyu (new york university ),nyu (new york university ),
siddanth kuchangi,missouri (missouri),stl goonar; stl moonar,
siddharth ghali,mcgill (mut),seven gills,
siddharth mehrotra,loyola-chicago (darkwing),black market i; black market ii; trident ii,
siddharth yende,brown (brownian motion),iditarod; lantern; providence poultry,
sidney arel,sam houston (deuce ultimate); sam houston state (deuce ultimate),adventure time,
sifaan amanu,asbury (asbury ultimate),black lung,
sihoc-adam ho,brandeis (tron),wave,
silas adkins-hooke,oberlin (flying horsecows),virginia vortex,
silas grossman,tufts (elephant men),oat,
silas howe,colorado college (wasabi),wasabi,
simi fadiran,wisconsin (hodags),dcviii; rubicon rapids,
siming wu,california-davis (davis dogs); columbia (uptown local); cornell (buds),dapper,
simon alaimo,colorado-b (cucu); colorado-c (rooster tussle),iso atmo,
simon broan,colorado college (wasabi),wasabi,
simon brooks,wisconsin (hodags),la raid s.c.; mad men; mallard,
simon cafiero,boston university (boston university); boston university-b (boston university b),big wrench; green mountain boys; scoop,
simon carapella,northeastern (huskies),dig; dix; iditarod,
simon cordes,tufts (elephant men),colt,
simon dastrup,brigham young (chi),bonneville flatball club; chain lightning; haymaker; illinois youth ultimate - u20; revolver,
simon greenhalgh,utah (zion curtain),powderhogs,
simon jenkins,north carolina-charlotte (charlotte skyrise),banc; og turbine; queen city kings,
simon kaplinsky,carnegie mellon (mr. yuk),wooder,
simon kimble,colorado state-b (hibida),choice city hops,
simon korotzer-mariani,oberlin (flying horsecows),chimney,
simon logan,colorado (mamabird); colorado cutthroat u-20 boys,colorado cutthroat u-20 boys; colorado cutthroat: youth club u-20 boys; tugboat,
simon mulrooney,georgetown (justice),john doe; knights of ni; la maquina -a; mallard; mallard x; mort; overdrive; puzzles,
simon perez,illinois (rise); northeastern (huskies),haymaker; slimjim fc; trident i,
simon rebecca,suny-binghamton-b (suny-binghamton b),bartle boys,
simon walker,coe (kohucks),phoenix; shrike,
simon wu,wisconsin-b (fauxdags),stuyvesant sticky fingers alumni,
sion agami contreras,ohio state (leadbelly),flying dutchmen; flying pig,
sjoen munk,colby (cdc (men's)),resurgam ultimate,
skye grim,ucla-b (ucla smoke),ballston booya,
skylar abruzese,rochester (piggies),buda u20b; skeleton squad,
skyler davidman,northeastern (huskies); northeastern-b (beastern),mbta; scoop,
skyler jones,utah state (scotsmen); utah state (usult),cache valley high ground; cojones; old ephraim,
skyler sprecker,oklahoma (apes of wrath),nox; side hustle,
skyler swafford,tennessee (tennessee),electricity; tennessee folklore,
skyyler buckley,texas united,amigos-jv; heatwave; lil heroes; texas united,
slava trifonov,washington-b (washington b),ghost train; seven gills,
soh nishiyama,texas (tuff),lil heroes; stuff,
sohail syed,virginia commonwealth (biscuit villains),ballston booya; crypt; fathom ii; jolly roger; richmond floodwall,
sohum hulyalkar,california-b (ursa minor),ursa,
solan honore-jones,utah (zion curtain),x wives-a,
solomon golden,grinnell (grinnellephants),make it rain,
solomon jackson,brown (brownian motion),electricity,
solomon jones,colorado cutthroat u-17 boys,colorado cutthroat u-17 boys,
solomon lissauer,tulane (tucks); tulane-b (tulane b),gang of disc,
solomon moon,texas a&m (dozen); texas united,texas united,
solomon podorovsky,mcgill (mut),club m - manic; haymaker,
solomon rueschemeyer-bailey,brown (brownian motion),big wrench; dig; dix; pony,
solon marshall,embry-riddle (dirty birds),flux,
son mai-clark,gold rush,wavestorms,
sonny koren,louisville (lucky),colonels,
sophie balentine,harding (harding apocalypse),dreadnought: battleship-b,
sora walker,minnesota (minnesota a),forward motion; kenji's bbb; minnesota superior u20b; sub zero,
soren dahl,washington (sundodgers),emerald city; switchback,
soren fischer,vassar (swinging monks),vassar (swinging monks),
soren watterson,texas-san antonio (siesta); texas-san antonio (velox),alamode; throwing shade,
sorin whalen,xavier (b.l.o.b.),rotisserie chicken,
souma yabuki,washington (sundodgers),switchback,
spencer anderson,tufts (elephant men),union,
spencer barney,utah valley (utah valley ultimate),lil’ huckers,
spencer boyer,brigham young-b (chi b),r&d,
spencer brotherton,charlotte flight; north carolina-asheville (unc asheville mudpuppy),gambit; queen city kings,
spencer caouette,"wake forest (well oiled machine, baby)",hydra,
spencer carr,chico state (chico state),float,
spencer cona,suny-stony brook (panic),fli-b honeybees; spring break '93,
spencer dillon,waterloo (warriors),houndd,
spencer keith,missouri (missouri),gamble,
spencer land,western washington (dirt),waste management squad,
spencer li,suny-albany (scam),dirty laundry,
spencer lofink,washington (sundodgers),bamwagon; emerald city; furious george; sockeye; voodoo,
spencer matonis,carnegie mellon (mr. yuk),pittsburgh stealers; womp,
spencer milanek,penn state-b (lovetap),happy valley roofing and mustache supply,
spencer morgan,brigham young-b (chi b),r&d,
spencer olejniczak,trinity (turbulence); trinity university (turbulence),savannah wild,
spencer paragas,virginia tech (burn),ballston booya; spring break '93,
spencer rebman,california-san diego (air squids); colorado cutthroat: youth club u-20 boys,bonafide scrubs; colorado cutthroat: youth club u-20 boys; false summit; iso atmo; red lotus; skipjack,
spencer sadler,illinois (rise); illinois-b (boomland),trident,
spencer sih,california-irvine (nightlife),oc crows; socal condors,
spencer walsh,purdue (undue ultimate); purdue-b (ctrl-z),lafayette street dogs,
spencer weldon,colorado mines (entropy); colorado mines (entropy) (orediggers),red hots - u20; roundhouse,
sreekar bommireddy,emory (emory juice),bullet; pulp,
sriharsha aitharaju,central florida (dogs of war); central florida-b (havoc),bloomin' reptars; bud,
srikara prithvi,charlotte flight; north carolina state (nc state alpha),banc,
srikur kanuparthy,illinois-b (boomland); pennsylvania (void),flying dutchmen,
sriram sridhar,california-b (ursa minor),east bay earthworms; ursa,
srujan kodathala,central florida-b (havoc),certified scrubs,
stanley birdsong,carleton college (cut); washington (sundodgers),chain lightning; ring of fire; sockeye,
stanley jian,columbia (uptown local); michigan (magnum),eldl,
stanton olson,ohio (trout),chimney,
steele davies,tennessee-chattanooga (swamp donkeys),chain lightning; tanasi,
stefan crigler,california-santa barbara (black tide),offshore; sundowners,
stefan mccall,georgia tech (tribe); gold rush,mavericks; oat; smoak (u20),
stefan samu,california-san diego (air squids),streetgang,
stephen abel,lsu (purple haze),big wrench,
stephen burner,rowan (ruf riders),rebels,
stephen collins,villanova (main line ultimate),san antonio warhawks,
stephen conner henderson,indiana (hoosiermama?s),brickyard; colonels; omen,
stephen dolan,virginia (night train),zyzzyva,
stephen eckelkamp,boston college (eagles),red squirrels,
stephen fasolo,rowan (ruf riders),revolt,
stephen giunta,depaul (duc),baemaker; cowtown cannons; ditto a; sprawl,
stephen harding,christopher newport (skymaul),brackish; give me death; jolly roger,
stephen kise,berry (bucks),romulus,
stephen klayer,xavier (b.l.o.b.),rotisserie chicken,
stephen kodur,chico state (chico state),anchor; float,
stephen lee,tennessee-chattanooga (swamp donkeys),helots,
stephen liu,georgia-b (chillydawgs),dyno; haymaker,
stephen maggio,south florida (scallywags),stag,
stephen mann,iowa state (isuc),dcviii,
stephen mitchell,harding (harding apocalypse),dreadnought: battleship-b,
stephen mock,georgia tech (tribe),buda; bullet; h.o.g. ultimate,
stephen myers,army (army-west point),atlanta arson,
stephen pegher,colorado mines (entropy); colorado mines (entropy) (orediggers),tugboat,
stephen rashford,saint louis (archangel),castle; stl lounar,
stephen richards,rit (rit spudheds),genny lite,
stephen sampson,rit (rit spudheds),rochester open club,
stephen schrock,trinity (turbulence),san antonio warhawks,
stephen sharp,liberty (flames),l.u.t $ack,
stephen smith,south florida (scallywags),uproar; vicious cycle,
stephen welsh,ithaca (nawshus ultimate),odyssey,
sterling grant,tennessee-chattanooga (swamp donkeys),nashville mudcats; nocturnal; tanasi,
sterling payne,liberty (flames),l.u.t $ack,
steve farra,british columbia (thunderbirds),dna,
steven (alex) fischer,east carolina (irates),oakay,
steven burdge,harding (harding apocalypse),dreadnought: battleship-b; nox,
steven gaiko,oklahoma state university (ultimato),citywide special,
steven kingkiner,georgetown (justice),ballston booya,
steven ladenberger,alabama (yellow hammer); alabama-c (yellowhammer c),lounar; stl lounar,
steven nguyen,texas (tuff),fight club; lil heroes; stuff,
steven olson,brigham young-b (chi b); california-santa barbara (black tide),socal condors,
steven rehmus,colorado college (wasabi),wasabi,
steven samuel,hofstra (flying dutchmen),hofstra (flying dutchmen),
steven tanguilig,northeastern (huskies),iditarod,
steven trenfield,texas-b (graze),messengers-b; riverside; riverside messengers-b,
stewart kelley,north carolina-wilmington (seamen),neap tide; red tide,
stuart card,brigham young (chi); brigham young-b (chi b),fat stacks; practice squad; wretched refuse; zombie tidal wave,
stuart douglass,jacksonville state (firebird ),war machine,
stuart fronk,minnesota-b (ugly duckling); minnesota-c (rubber ducky),beef depot,
stuart hanson,texas-san antonio (velox),alamode,
stuart montgomery,saint louis (archangel),s l u r p,
stuart wire,oklahoma state (ultimato); oklahoma state university (ultimato),supercell,
suhaas katikaneni,chicago (fission); chicago-b (hedonism bots),crossfire,
suhas madiraju,north carolina state (nc state alpha),ring of fire,
sulek dopman,california-santa cruz (slugs); gold rush,scooby coupy coup,
sully mcfarland,maine (snositi),resurgam ultimate,
sumedh anantha krishna,rochester (piggies),crossfire,
sumner gubisch,george washington (g-dub hippos); massachusetts-d (umass amherst developmental),trout,
sunay patel,northeastern (huskies),bag,
sunny wong,british columbia (thunderbirds); british columbia -b (shipwreck),blackfish,
sunyoung kim,towson (pandamonium); towson-x (towson x),mob ultimate,
suraj madiraju,north carolina (darkside),brickhouse; honey bashfords; ring of fire,
sydney assile,ithaca (nawshus ultimate),new jersey gemini,
sydney shobel,akron (goonsquad),scoop,
syed gillani,suny-stony brook (brick); suny-stony brook (panic),harvest moon,
sylas gulsby,colorado cutthroat u-20 boys,colorado cutthroat u-17 boys; colorado cutthroat u-20 boys; colorado cutthroat u-20 boys two,
syon rao,washington (sundodgers),mystery gang,
tabish rayani,georgia state (underground),atlanta arson,
tabor muther reed,suny-stony brook (panic),suny-stony brook (panic),
tadeas horn,san jose state (spartans),battery; creaky,
taelor hunter,winona state (experience),ufo,
tafika-kenan valhmu,wisconsin-milwaukee (black cat),bux; zoboomafoo,
tai eubanks,dc recruits; maryland (maryland ultimate),fort reno flatball club; mob ultimate,
taiga kuzu,st olaf (berzerkers),m.y.t.h.o.s.,
tair (ty) rocker,claremont (braineaters),cognitive disconance,
taishi fukuda,victoria (vikes),surf,
taiyo forsyth,victoria (vikes),surf,
talon balcom,texas (tuff),h.i.p; lil heroes; riverside,
talon johnson,brown (brownian motion),providence poultry,
talon spears,tulane (tucks); tulane-b (tulane b),gang of disc,
talyx hochstein,tufts (elephant men),red wolves,
tam tran,colorado-b (cucu); colorado-c (rooster tussle); princeton (clockwork),rebels,
tamir gray,nyu (new york university ),haze; nyu (new york university ),
tamish sapkota,saint louis (archangel),stl moonar,
tanion misawayee,ohio state (leadbelly),flying dutchmen,
tanishq kancharla,carnegie mellon (mr. yuk),space force,
tanjid mitul,georgia state (underground),atlanta arson,
tanner asaro ii,rhode island (riut),lantern,
tanner carpenter,colorado mesa (colorado mesa mavericks),colorado mesa (colorado mesa mavericks),
tanner cohen,massachusetts-lowell (riverhawks),bag,
tanner dellett-wion,charlottesville clownies; virginia (night train),richmond floodwall,
tanner filion,notre dame (papal rage); whitman (whitman sweets),battery,
tanner flagg,colorado college (wasabi),colorado college (wasabi); the incline; wasabi,
tanner holtz,iowa state (isuc); iowa state-b (yeastie boys),trident ii; trident iii,
tanner martin,charleston (palmetto bums),charleston heat stroke,
tanner nielson,utah valley (utah valley ultimate),lil’ huckers,
tanner norpel,pittsburgh (en sabah nur),ez; night owl; puppies,
tanner peavy,colorado cutthroat u-20 boys; colorado cutthroat: youth club u-20 boys; iowa (ihuc),colorado cutthroat u-20 boys; colorado cutthroat: youth club u-20 boys,
tanner plentl,carolina flyers youth academy u20; east carolina (irates),parlay; triumph,
tanner thornberry,arkansas (ludicrous speed ),dreadnought; metro,
tasman millen,victoria (vikes),coast; oni,
tate goretzki,wisconsin- la crosse (badluc); wisconsin-la crosse (badluc),spin doctors,
tate kloeppel,richmond (spidermonkeys),villains,
tate mceldowney,virginia tech (burn),tofu junction,
tate mullin,vermont-b (chill d); vermont-b (chill dev),bang; tbd,
tate pieper,california-santa cruz (slugs),wavestorms,
tate voeller,colorado-b (cucu),colorado cutthroat: youth club u-20 boys; red lotus,
tate wilson,carolina flyers youth academy u20; north carolina state (nc state alpha),triumph,
taurean perkins,central florida (dogs of war),omen; reptar,
taye bradford,northwestern (lake effect),roundhouse,
taylor beron,south florida (scallywags),demo,
taylor friedman,tulane (tucks); tulane-b (tulane b),gang of disc,
taylor hanson,amherst regional (hurricanes); massachusetts (zoodisc); massachusetts -b (umass amherst developmental),buda u20b; duck and cover; sprout,
taylor lange,franciscan (fatal),oregon trainwreck; trainwreck and friends,
taylor masterson,texas (tuff); texas united,doublewide; lil heroes; riverside; texas united,
taylor williams,brigham young (chi),madd dogg; powderhogs; the killjoys,
taylor zorn,carthage (carthage blitz),house,
tayshaun smith,mississippi state (dark horse); mississippi state-b (pony express),prism,
tayt lo,colorado cutthroat u-20 boys,colorado cutthroat u-20 boys,
tayte olson,cal poly-pomona (cow ultimate),hazard; oc crows,
ted schewe,wisconsin (hodags),la raid s.c.; mad men; madison club; yogosbo,
teddy hanley,vermont-b (chill dev),bang; neap tide; yeuth-and-age-sia,
teddy kamin,kenyon (serf),trident ii,
teddy schwartz,rochester (piggies),dapper,
teddy umbrell,james madison (hellfish); james madison-b (smellfish),winc city fog,
tej murthy,carleton college (cut),garden state ultimate; pony,
tejas sivarajakumar,charlotte flight; north carolina state (nc state alpha); north carolina-wilmington (seamen),banc,
teo huson,brown (brownian motion),washington-liberty (washington-lee slarenegs),
terron ross,ottawa (gee-gees),phoenix,
texas maki,pennsylvania (void),pennsylvania (void),
thach huynh,texas-dallas (woof),dallas delinquents,
thatcher morgenstern,william & mary (merry men),garden state ultimate,
thatcher poitras,towson (pandamonium),bomb squad; mob ultimate,
thayer frankel,bowdoin (clown),resurgam ultimate,
theo aborn,williams (wufo),bodega cats,
theo checroune,carleton university (ravens),phoenix,
theo conroy,ucla (smaug); ucla-b (ucla smoke),roundhouse,
theo davis,victoria (vikes),surf,
theo gobeil,ottawa (gee-gees),phoenix,
theo gonzales-tapley,carnegie mellon (mr. yuk),battery; foggy bottom boys; space force,
theo kim,colorado state (hibida); cosmic u-20 boys,cosmic elite; cosmic u-20 boys; springs open team; the incline,
theo kojan,gold rush; oregon (ego); oregon -b (bucks),bay dog; oat; scooby coupy coup,
theo lee,johns hopkins (dangerzone),battery,
theo mahaffey,california-santa barbara (black tide); minnesota (grey duck),dinkytown doughboys; mad men; town hall stars,
theo shapinsky,michigan (magnum),foggy bottom boys; john doe; mango tree; nain rouge; red imp.ala,
theo strauss,massachusetts (zoodisc),bag; pineapple,
theodore aspinwall,north carolina (darkside),cash crop 2; nc brickhouse-upper,
theodore barton,bowdoin (clown),make it rain,
theodore businger,wesleyan (nietzsch factor),crossfire,
theodore faur,grace (lancer ultimate),i-69; on ramp,
theodore howard,middlebury-b (branksters),alibi,
theodore kerr,maryland (maryland ultimate),town hall stars,
theodore mcgowan,occidental (detox),hazard; mallard; mallard ii; mallard x,
theodore poor,california-santa cruz-b (ucsc b (ooze)),wavestorms,
theodore reimer,carthage (carthage blitz),house,
theodore rotberg,rutgers (machine),devyl u-20 open; garden state ultimate; new jersey gemini,
theodore taussig,connecticut college (deimos),skeleton squad,
thien hoang,seven hills bx,ave,
thierno barry,nyu (new york university ),haze,
thomas abbate,missouri (missouri),lounar; stl moonar,
thomas abel,baylor (stonewall a); baylor (stonewall),sprawl; zoo,
thomas alford,chicago (fission),haymaker; roundhouse; trident,
thomas avery,north texas (unt); texas-dallas (woof),dallas delinquents,
thomas basile,virginia tech-b (virginia tech b),wave,
thomas baumberger,west chester (west chester (a)); west chester (west chester); west chester-b (west chester (b)); west chester-b (west chester b),ez,
thomas brewster,colorado (mamabird),colorado cutthroat; inception; johnny bravo; lotus,
thomas callen,charlottesville clownies; virginia-b (night train b),ballston booya,
thomas campbell,richmond (spidermonkeys),richmond floodwall,
thomas chase,florida (florida); florida-b (florida b),frizz; vicious cycle,
thomas chin,suny-buffalo-b (buffalo grinch),stuyvesant sticky fingers alumni,
thomas chiu,georgia tech-b (tribe),atlanta outlaws,
thomas clayton,missouri s&t (miner threat),friendly fire-c,
thomas cronin,ithaca (nawshus ultimate),dapper; new jersey gemini; odyssey,
thomas demarkey,north carolina-wilmington (seamen),right coast,
thomas dillon,george washington (g-dub hippos); george washington (george washington men’s club ultimate),bdc; la maquina -a,
thomas donahue,minnesota-duluth (northern lights),dinkytown doughboys; knights of ni; mallard; mallard ii,
thomas duke,utah (zion curtain),fungi; memphis belle; portland tremor; shrimp; warao,
thomas dyett,lehigh (lehigh ),adelphos; expendables; skeleton squad,
thomas edwards,james madison (hellfish); james madison-b (smellfish),crypt; winc city fog,
thomas fenedick,gonzaga (guru ),ghost train; seven gills,
thomas freeman,depaul (duc),ditto a,
thomas glass,iowa state (isuc),black market i,
thomas graham,suny-buffalo (green eggs and ham),blueprint,
thomas griffin,northeastern (huskies),dig; dix; iditarod; scoop; surrillic audovice,
thomas gustafson,harvard (red line),harvard (red line),
thomas hardy,harding (harding apocalypse),dreadnought: battleship-b,
thomas harley,north carolina (darkside),cash crop 2,
thomas harward,utah-b (shower curtain ultimate),powderhogs; reál hogs fc-b,
thomas helm,iowa (ihuc),cryptic,
thomas hook,colorado mesa (colorado mesa mavericks),colorado mesa (colorado mesa mavericks),
thomas hornbeck,bowdoin (clown),bowdoin (clown),
thomas hotvedt,wisconsin-b (fauxdags),minnesota superior u20b,
thomas maloney,maryland (maryland ultimate),town hall stars,
thomas manternach,northern iowa (ammunition),demo; loaded panda,
thomas mazur,pittsburgh (en sabah nur),pittsburgh temper; sepda night owl,
thomas mazzuchi,bowdoin (clown),bowdoin (clown),
thomas mcguire,ohio state (leadbelly),forest city,
thomas mckenna,wisconsin-stevens point (homegrown),timber; trident ii,
thomas mitchell,pacific lutheran (reign men),syndicate,
thomas nielsen,colorado college (wasabi),colorado college (wasabi); crossfire,
thomas nye,south carolina (gamecock ultimate),citywide special; cockfight; lost boys,
thomas obrien,iupui (jaguars),black market ii; trident iii,
thomas odonnell,alabama-birmingham (inferno),alliance; battleship; swarm,
thomas orchanian,alabama (yellow hammer); alabama-b (yellow hammer); alabama-c (yellowhammer c); georgia state (underground),raptor,
thomas palermo,dayton (flud),babe; flying pig,
thomas pearson,james madison (hellfish),crypt,
thomas piaskowski,toledo (savage),mischief,
thomas plaxton,texas (tuff); texas-b (graze),alamode; make it rain; stuff,
thomas preston,oklahoma christian (eagles),gamble; phantom,
thomas purcell,northeastern-b (beastern),mbta,
thomas reed,alabama (yellow hammer); alabama-b (yellow hammer),alliance 2,
thomas riedl,oregon (ego); oregon -b (bucks),dark star; oregon trainwreck,
thomas roberts,michigan (magnum),green mountain boys,
thomas rzasnicki,texas a&m (dozen),texas duffy,
thomas schmidt,truman state (jujitsu),kansas city northern lines,
thomas schmitt,georgetown (justice),beef depot; ghost train; john doe; seven gills,
thomas selwood,pittsburgh-b (university of pittsburgh- b),pittsburgh stealers; puppies,
thomas shope,carleton college (cut),minnesota superior a; nomad; sub zero,
thomas simms,western washington (dirt),seven gills; sockeye; switchback,
thomas spiker,richmond (spidermonkeys),hazard; richmond floodwall,
thomas tuchenhagen,mcgill (mut),mallard ii,
thomas venarde,yale (süperfly); yale - y (süperfly - y),sungho moon,
thomas walker,wisconsin (hodags),la raid s.c.; minnesota superior u20b; ufo,
thomas warnecke,boise state (mamu zaldi),sawtooth,
thomas williams,north carolina (darkside),brickhouse; cash crop; cash crop 2; squirrel massacre,
thomas wray,north carolina-charlotte (charlotte skyrise),queen city kings,
thomas wu,cornell (buds),adelphos; helots,
thomas yoxsimer,north carolina-charlotte (charlotte skyrise),bag; banc; lantern; skeleton squad,
thomas zhao,cornell (buds),stuyvesant sticky fingers; stuyvesant sticky fingers alumni,
thor peterson,cedarville (swarm),cedarville swarm; enigma; stl moonar; swarm,
tiarnan babcock oneill,carleton college (cut),grudge; make it rain; mystery gang,
tiernan whytock,jacksonville state (firebird ),romulus; swarm; war machine,
tim doan,california-santa cruz-b (ucsc b (ooze)),anchor,
tim greenwood,denver (sourdough),denver -upper (four more dough ),
tim ha,syracuse (doom),mohawk valley wild,
tim jensen,carleton college (cut),nomad,
tim mei,suny-stony brook (panic),long island riff raff; suny-stony brook (panic),
tim pecharich,carthage (carthage blitz),house,
tim tran,depaul (duc),ditto a,
tim yang,british columbia -b (b-birds); british columbia -b (shipwreck),oni,
timo williamson,california-davis (davis dogs),swordfish,
timon hruschka,columbia (uptown local); uptown local y,deepfake,
timothy amsden,western new england (golden bears),spring break '93,
timothy barker plotkin,amherst regional (hurricanes),duck and cover,
timothy bliss,vermont (chill),burly; carolina sky,
timothy brugarolas,california-b (ursa minor),east bay earthworms,
timothy chafin,south florida (scallywags),tampa tempest,
timothy chango gasset,pittsburgh (en sabah nur),pittsburgh temper; sord,
timothy corkery,massachusetts -b (umass amherst developmental); massachusetts-b (umass amherst developmental); massachusetts-d (umass amherst developmental),odyssey,
timothy draut,oak storm,creaky; shadows,
timothy duggan,missouri state (missouri state ultimate),stl moonar,
timothy elliott,colorado state (hibida); cosmic u-20 boys,colorado cutthroat: youth club u-20 boys; cosmic elite; cosmic u-20 boys; fungi; johnny bravo; springs open team; the incline,
timothy friesen,victoria (vikes),club m - manic; mephisto; surf,
timothy griffith,union (tennessee) (union jaxx),cookie mon$terz,
timothy jacob,vanderbilt (armada),washington-liberty (washington-lee slarenegs),
timothy jennings,rowan (ruf riders),new jersey gemini; rebels; revolt,
timothy lee,grove city (grove city doomsday),bloom,
timothy mosher,texas a&m (dozen),doublewide; texas duffy; texas united,
timothy pupalaikis,rutgers (machine),pride of rowan newark; rutger colege,
timothy rees,north carolina-charlotte (charlotte skyrise),queen city kings,
timothy schragel,oregon (ego),black sheep; slimjim fc,
timothy sheehan,illinois (rise),haymaker; oak grove boys; trident,
timothy sullivan iv,alabama (yellow hammer); alabama-b (yellow hammer),mayhem-dev,
timothy swanson,northern iowa (ammunition),demo,
timothy werkmeister,suny-stony brook (brick); suny-stony brook (panic),fli-b honeybees; long island riff raff,
tj lee,oklahoma christian (eagles),barnstorm; junco; nosey; supercell,
toan pham,houston (skyline),clutch,
tobey chang,michigan (magnum),big wrench; mango tree-a; scoop,
tobey patton,dickinson (dumptrucks); dickinson (junkyard turkeys),mob ultimate; resurgam,
tobiah watts,kennesaw state (parliament),atl b,
tobias brooks,colorado (mamabird); triangle tourists boys 2-b,johnny bravo; raleigh-durham united; ring of fire; the expendables,
tobias holme,denver (sourdough),tugboat,
tobias lee,william & mary-b (seahorse),jolly roger,
tobias potts-drew,tufts (elephant men),garden state ultimate,
tobias wepman,occidental (detox),seven gills; souf,
tobin beichler,tennessee (tennessee),tanasi; villains,
tobin spiller,colorado college (wasabi),colorado college (wasabi),
toby frager,stanford (stanford bloodthirsty); stanford (stanford men's ultimate team),anchor; battery,
toby fuller,emory (emory juice),atlanta arson; bdc; pulp,
toby krehbiel,colorado cutthroat: youth club u-20 boys; colorado mesa (colorado mesa mavericks),buoyancy; colorado cutthroat u-20 boys; colorado cutthroat: youth club u-20 boys,
toby warren,california-santa cruz (slugs); gold rush,oat; revolver; wavestorms,
tom budka,marquette (birdhouse),fuse; happyboise-jv,
tom dupor,chicago (fission),roundhouse; stl moonar,
tom powell,michigan tech (discotech),zoo animals,
tom verdoorn,union (tennessee) (union jaxx),demo,
tomas fong,california-irvine (nightlife),oc crows; socal condors,
tomasso abramsonward,ucla (smaug); ucla-b (ucla smoke),bay dog,
tomasz slusarczyk,mit-b (woodmunchers); northwestern-b (blizzard),pineapple,
tombe jurkin,texas united,texas united,
tomer poole-dayan,cornell (buds),nashville mudcats,
tommaso piccorossi,james madison (hellfish); north carolina state (nc state alpha),cash crop 2; foggy bottom boys; john doe; oakgrove boys,
tommy ball,louisville (lucky),colonels,
tommy chase,whitworth (bangarang),heartbreak,
tommy cruz,villanova (main line ultimate),citywide special,
tommy medford,arkansas (ludicrous speed ),dreadnought,
tomo liou,massachusetts (zoodisc); massachusetts-b (umass amherst developmental),red squirrels; sprout,
tomokai timmer,michigan state (arc),zoo animals,
tony abdel-malek,iowa (ihuc),cryptic; demo; zodiac,
tony cao,texas a&m (dozen); texas united,foxtrot; texas duffy; texas united,
tony kaseman,wisconsin-platteville (udderburn),conspiracy theory,
tony ngo,carleton college (cut),souf,
tony robinson,utah (zion curtain),powderhogs,
tony venneri,washington (sundodgers),sockeye; voodoo,
topher olson,lewis & clark (bacchus ),junco; name brand,
tor bauman,james madison-b (smellfish),hb woodlawn (hbw united),
toshihiro nagase,tufts (elephant men),bag; diz; scoop; white sauce hot sauce,
trace cabaniss,texas a&m (dozen),texas duffy,
trace wilke,michigan tech (discotech),timber,
trajan kump,delaware (sideshow),delaware (sideshow),
travis haworth,lsu (purple haze),gang of disc,
travis herink,denver (sourdough); denver-b (sourdough b team),tugboat,
travis martin,denver (sourdough),low point,
travis mcclay,central connecticut state (blue barracudas); central connecticut state (yetis),central connecticut state (yetis); connecticut 9 to 5; spring break '93,
travis siebe,vanderbilt (armada),womp,
travis terrell,hellfish bumblers,atliens; bullet; oak grove boys; oakgrove boys; richmond floodwall,
travis tiller,foggy bottom boys; minnesota (minnesota a),john doe; kenji's bbb,
travis ward,florida state (duf),el niño; puzzles; scootlyfe,
tre hinton,north carolina-charlotte (charlotte skyrise),banc,
trent baldwin,auburn (aetos),alliance,
trent brunner,minnesota-duluth (northern lights),dingwop; imperial,
trent meyer,suny-buffalo-b (buffalo grinch),buffalo frostbite,
trent wetherington,missouri (missouri),lounar; stl moonar,
trenton schultz,saint louis (archangel),s l u r p,
trenton sissom,humboldt state (humboldt state buds),ravin’-d,
trevor arbab,california-santa barbara (black tide),rip city,
trevor baker,edinboro (haggis),chemical x,
trevor brown,mississippi state (dark horse),supercell,
trevor collins,villanova (main line ultimate),neap tide; red tide,
trevor cook,oklahoma christian (eagles),black sheep; brickyard; dreadnought; inception; los beeros,
trevor corsello,cosmic u-20 boys,gravy train,
trevor diederichs,northern iowa (ammunition),cryptic; loaded panda; timber,
trevor gold,wesleyan (nietzsch factor),crossfire,
trevor graham,minnesota (grey duck),imperial; kenji's bbb; mallard; mallard x; sub zero,
trevor griffin,idaho (red scare),make it rain; sawtooth,
trevor gurski,grand canyon (lopes),nighthawk,
trevor hirsch,cincinnati (bearcats),big booty men; dynasty,
trevor hoople,arizona state-b (pleasure),tempe tantrum,
trevor isaacson,colorado state (hibida),choice city hops; inception,
trevor janik,florida state (duf),florida untied,
trevor jones,connecticut-b (grind); ohio state (leadbelly),cincinnati flying piglet; flying pig,
trevor kelley,brigham young (chi),bonneville flatball club; shrimp; sundance kids,
trevor kirkland,florida (florida); florida-b (florida b),frizz; omen; vicious cycle,
trevor knierim,cleveland state (cleveland state vikings),scoop,
trevor lynch,north carolina state (nc state alpha),patrol; ring of fire,
trevor parker,charlottesville clownies; dc recruits; virginia tech (burn),winc city fog,
trevor rafford,maine (blackfly),maine (nor'easter),
trevor rial,northern iowa (ammunition),loaded panda,
trevor ricker,boise state (mamu zaldi),sawtooth,
trevor russell,xavier (b.l.o.b.),cmen; fine giant; rotisserie chicken,
trevor schmeichel,wesleyan (nietzsch factor),connecticut 9 to 5,
trevor schonewald,baylor (stonewall a),odyssey,
trevor schwiethale,harding (harding apocalypse),dreadnought: battleship-b,
trevor scott,illinois (rise),beachfront property; black market ii; haymaker; illinois youth ultimate - u20; red hots - u20; trident i,
trevor skeen,trinity (turbulence),a la carte-b,
trevor spadafora,massachusetts -b (umass amherst developmental); massachusetts-b (umass amherst developmental); vermont-b (chill dev),odyssey; red squirrels,
trevor ung,chicago (fission); chicago-b (hedonism bots),roundhouse,
trevor wai,brigham young-b (chi b),lil’ huckers; wretched refuse,
trevor walker,california-irvine (nightlife),oc crows,
trevor walrath,arizona state (prime); arizona state-b (pleasure),monsoon,
trevor wingate,arkansas (ludicrous speed ),dreadnought,
trevor wissing,gonzaga (guru ),gonzaga (guru ),
trevor yandow,villanova (main line ultimate),ender's outcasts; thunder boys,
trevyr massey,central florida (dogs of war),bloom; bud; ele; omen; reptar,
trey dynes,cincinnati (bearcats),brickyard; indy club; omen,
trey field-bennett,western washington (dirt),seven gills,
trey koch,ball state (cardinals); ball state (wizardz),8-bit; on ramp,
trey leonard,mississippi state (dark horse),arnold palmer alert; barefoot; cookie mon$terz; southern hospitality; trent's team,
trey riera-gomez,miami (florida) (umiami vice),powderhogs,
trey scheid,california-san diego (air squids),zyzzyva,
trey taylor,utah (zion curtain),sub zero,
tri do,south florida (scallywags); south florida-b (scourge),players into serious sports; stag,
trip crowley,alabama (yellow hammer); south carolina (gamecock ultimate),carolina summer; chain lightning; hooch; lost boys; space cowboys,
tristan ferguson,purdue (undue ultimate),spring break '93,
tristan kelly,creighton (colossus),knights of ni; scythe,
tristan leclair-vani,mcgill (mut),club m - manic,
tristan morlock,bryant (bryant craze),long island riff raff,
tristan roy,ottawa (gee-gees),ascension,
tristan yarter,pittsburgh (en sabah nur),barden btate bultimate; garden state ultimate; pittsburgh temper; pony,
troy guinther,south florida (scallywags),players into serious sports,
true hanson,vermont (chill),citywide special; phantom; philadelphia padawans,
truman daleke,indiana (hoosiermama?s),i-69,
truman phillips,utah state (scotsmen),cache valley high ground,
tryston mcguyre,baylor (stonewall a); baylor (stonewall),metro; sprawl,
tucker jewkes,utah state (scotsmen),cache valley high ground,
tucker livingston,tufts (elephant men),neap tide; red tide,
tucker martin,colorado state (hibida),choice city hops; inception,
tucker olson,grand canyon (lopes),nighthawk,
tucker osburn,colorado mesa (colorado mesa mavericks),buoyancy,
tucker stevens,delaware (sideshow),delaware (sideshow),
tucker zakon-anderson,northeastern-b (beastern),mbta,
tuhin ghosh,chicago (fission),haymaker,
turner allen,vermont (chill),burly; dig; dix; mutiny,
turner pahl,depaul (duc),fork x-senior; trident ii,
ty barbieri,british columbia (thunderbirds),furious george; goat,
ty buermeyer,james madison (hellfish),virginia vortex; winc city fog,
ty hastings,texas a&m (dozen); texas united,riverside; riverside messengers-b; texas duffy,
ty lim,central florida (dogs of war); central florida-b (havoc),bloom; bud; reptar,
ty louis,berry (bucks),romulus,
ty naquin,duke (brimstone),pineapple; raleigh-durham united; ring of fire; the expendables; traffic (m),
ty stanton,minnesota-b (minnesota b),edina high school (edina high school varsity),
ty yandle,north carolina-wilmington (seamen),queen city kings,
tycho wagner,oregon-b (bucks),oregon trainwreck,
tyler adams,maine (snositi),battery,
tyler anderson,brigham young-b (chi b); utah state (scotsmen); utah state (usult),r&d,
tyler baglieri,penn state (spank); penn state-b (lovetap),happy valley roofing and mustache supply; updog,
tyler barrett,iowa (ihuc),beachfront property; cryptic; illusion; trident; trident i,
tyler bourke,california-san diego (air squids); california-san diego-b (air squids lite ),skipjack,
tyler brooks,texas tech (tumbleweed),deaf fruit,
tyler brown,colorado-b (cucu); colorado-c (rooster tussle),red lotus,
tyler carr,colorado-b (cucu); iso atmo,colorado cutthroat (colorado cutthroat); iso atmo,
tyler catton,south carolina (gamecock ultimate),lost boys; rush hour atl; tennessee folklore,
tyler chan,ucla-b (ucla smoke),dig; ironside; somerville youth; yeuth-and-age-sia,
tyler cook,rhodes college (rhodekill); utah state (scotsmen),memphis pharaohs,
tyler cornell,texas tech (tumbleweed),deaf fruit; shrimp discs,
tyler davis,miami-upper-upper; tennessee-chattanooga (swamp donkeys),buffalo open; dynasty; richmond floodwall,
tyler feeney,amherst regional (hurricanes); massachusetts (zoodisc); oregon (ego),amherst orlando magic; buda u20b; duck and cover; scoop,
tyler fitzgerald,new haven (chargers),alibi; dirty laundry; motive,
tyler gardner,rit (rit spudheds),bdc; oak grove boys,
tyler giorgio,connecticut college (dasein),whuf-b,
tyler goldner,northeastern-b (beastern); northeastern-c (salty c dogs),mbta,
tyler grim,wisconsin (hodags),dcviii,
tyler hau,suny-buffalo (green eggs and ham); suny-buffalo-b (buffalo grinch),buffalo frostbite; new jersey gemini,
tyler holland,central florida (dogs of war),players into serious sports,
tyler husband,virginia (night train),vault,
tyler hustad,texas-dallas (woof),flash flood; messengers-b,
tyler jensen,brigham young (chi); grand valley state (lakers),shrimp; sundance kids; utah hatu,
tyler jones,victoria (vikes),texas heatwave,
tyler king,montana state (rum runners),edina high school (edina high school varsity),
tyler kurpanek,california-san diego (air squids); california-san diego-b (air squids lite ),skipjack,
tyler lehrfeld,johns hopkins (dangerzone),bomb squad,
tyler leitner,binghamton (suny-binghamton); suny-binghamton (suny-binghamton),bartle boys; suny-binghamton (suny-binghamton),
tyler lerew,northern arizona (el ponderoso),sonoran dog,
tyler mackey,rutgers (machine),helots; phantom; rutger colege,
tyler mcbride,minnesota-duluth (northern lights),dingwop,
tyler mccarthy,ohio state (leadbelly),fine giant; flying dutchmen; haymaker; magma bears,
tyler menix,jacksonville state (firebird ),alliance; swarm; war machine,
tyler myers,elon (big fat bomb),charleston heat stroke,
tyler paparella,michigan state (arc),beacon; diesel; east lansing detroit lions; eldl,
tyler parr,kennesaw state (parliament),atlanta outlaws,
tyler pearson,arizona state (prime),drought; monsoon,
tyler phelan,arkansas (ludicrous speed ),dreadnought: battleship-b,
tyler reinhardt,texas a&m (dozen),gamble; texas duffy; texas two step,
tyler riemer,auburn (aetos),alliance; capitol city chaos; pittsburgh stealers; pittsburgh temper,
tyler robertson,ball state (cardinals); ball state (wizardz),on ramp,
tyler rogers-himel,lsu (purple haze),louisiana second line,
tyler shanahan,davenport (panthers); whitman (whitman sweets),make it rain; zoo animals,
tyler shepard,denver (sourdough); denver-b (sourdough b team),carbon; tugboat,
tyler skeen,william & mary-b (seahorse),jolly roger,
tyler smiles,illinois (rise),beachfront property; black market; black market ii; nasty girls; trident; trident ii,
tyler smithtro,northeastern-c (salty c dogs),mbta,
tyler sowatsky,utah (zion curtain),low point,
tyler sprague,cornell (buds),alibi,
tyler stack,suny-albany (scam); suny-albany-b (scam),dirty laundry; long island riff raff; motive,
tyler strenk,elon (big fat bomb),queen city kings,
tyler van horn,oklahoma (apes of wrath),supercell,
tyler watkins,washington-b (washington b),seven gills,
tyler weinberger,pittsburgh-b (university of pittsburgh- b); pittsburgh-c (pitt-b plus pro max),hazard,
tyler weng,california-santa cruz (slugs); gold rush,bay dog; oakland ultimate; wavestorms,
tyler wolf williams,cal poly-slo (slocore); st thomas (purple reign),colorado cutthroat (colorado cutthroat); unrestricted free agents,
tyler yue,british columbia -b (b-birds),coast,
tynan peterson,mcgill (mut),club m - manic; mephisto,
tynan sander,california-san diego (air squids),socal condors,
tyner rowley,berry (bucks),romulus,
tyson brown,arkansas (ludicrous speed ),arkansas (ludicrous speed ); dreadnought: battleship-b,
tyson gregory,indiana (hoosiermama?s),black sheep,
tyson kossin,utah valley (utah valley ultimate),lil’ huckers; practice squad,
tyson neff,cincinnati (bearcats); cincinnati -b (bearcats b),cmen; dynasty,
tyson richards,brigham young-b (chi b),fat stacks; zombie tidal wave,
tzu-jen su,san diego state (federales ),skipjack,
udaykiran gudipudi,central florida (dogs of war),bloom; omen; reptar,
uhunoma amayo,kansas (horrorzontals),friendly fire-c,
uri boaz,lewis & clark (bacchus ),junco,
utkarsh mandavilli,colorado-b (cucu); colorado-c (rooster tussle),carbon; red lotus,
vaibhav shah,amherst (army of darkness),queen city kings,
valentin barrera-vinha,vassar (swinging monks),vassar (swinging monks),
valentin post,southern california (usc lockdown),hot tamales; lehigh (lehigh ); mad men,
vance dicken,houston (skyline),black gold; clutch; firefly tx; rice box,
vance mader,texas united; vermont (chill),amigos-jv; gamble; resurgam ultimate; texas united,
vanshil thakkar,temple (alert),jawn,
varun patro,ucla (smaug); ucla-b (ucla smoke),bart; nsfw,
varun sarathy,minnesota-b (ugly duckling),the body,
vaughn clark,lehigh (lehigh ),gummy bear hitmen,
vaughn culler,ucla (smaug); ucla-b (ucla smoke),bay dog,
vaughn dillender-kinast,washington (sundodgers),dark star; oregon trainwreck; portland tremor; trainwreck and friends,
vayden bayross,cal poly-slo-b (slob),brooklyn tech support plus,
ved patel,suny-binghamton-b (suny-binghamton b),suny-binghamton-b (suny-binghamton b),
venice fan,minnesota-b (ugly duckling); minnesota-c (rubber ducky); suny-stony brook (panic),knights of ni; mallard; memphis pharaohs; ope,
victor chaidez,southern illinois-edwardsville (geese); southern illinois-edwardsville (siege),stl moonar,
victor geiser,saint louis (archangel),s l u r p,
victor gelpi marti,columbia (uptown local); uptown local y,columbia (uptown local),
victor jiang,boston university (boston university),stuyvesant sticky fingers alumni,
victor ochoa-lorenzo,kennesaw state (parliament),atlanta outlaws; delirium; dyno,
victor pria,georgia tech (tribe),bullet; cerberus,
victor ramirez,western washington (dirt),souf; union,
vietcan tran,houston (skyline),rice box,
vijay viswanathan,carnegie mellon (mr. yuk),anchor,
vikas balu,cleveland state (cleveland state vikings),scoop,
vikram deepak,california (california-berkeley); california (ursa major); charlottesville clownies; dc recruits,bdc; cincinnati flying piglet; flying pig; fort reno flatball club; red wolves,
vinay agrawal,california-b (ursa minor),ursa,
vinay patel,texas a&m (dozen),texas duffy,
vinay valsaraj,texas (tuff),doublewide; pony,
vince nguyen,washington (sundodgers),souf,
vincent bulloch,british columbia (thunderbirds),furious george; team canada open; whitefish,
vincent calderon,cornell (buds); duke (brimstone),banc; garden state ultimate; the expendables,
vincent fan,mit (grim beaver),adelphos; big wrench,
vincent hammer,rose-hulman (elephantitis),8-bit defenders; bdc; beef depot (development)-dev,
vincent harwood,columbia (uptown local),columbia (uptown local); uptown local y,
vincent innocenzi,akron (goonsquad),scoop,
vincent manolis,rensselaer polytechnic institute (trudge),alibi; motive,
vincent su,california (california-berkeley); california (ursa major),bobcats; zyzzyva,
vincent zhang,north carolina state (nc state alpha); triangle tourists boys-b,cash crop 2; orcats; ring of fire,
vincent zhong,maryland (maryland ultimate),town hall stars; truck stop; vault,
vinny nguyen,georgia state (underground),atlanta arson; cerberus,
virginia jeffrey,edinboro (haggis); pennsylvania western (haggis),chemical x,
vishal anand,rutgers (machine),garden state ultimate; helots; pride of rowan newark,
vishnu lakshman,vassar (swinging monks),vassar (swinging monks),
vishnu pragash,florida (florida),frizz; vicious cycle,
vivek gadicherla,california-san diego-b (air squids lite ),skipjack,
vivek manchala,carleton college (cut),amherst orlando magic; iditarod; scoop,
vivek patel,bentley (icehouse),watch city,
vivek shah,washington (sundodgers),souf,
vivesh patel,mississippi state (dark horse),cookie mon$terz; memphis pharaohs,
vlad estrin,ohio state (leadbelly),chimney; flying dutchmen,
vlad zimmerl,mcgill (mut),club m - manic; magma,
wade buchheit,triangle tourists boys-b; williams (wufo),alibi; cash crop 2,
wade poon,delaware-b (sideshow),ez,
walden ng,vermont (chill),big wrench; bruises; buda; tirebizfriz,
walker branson,ohio (trout),flying dutchmen,
walker frankenberg,middlebury (pranksters),revolver,
walker johnson,arizona (sunburn),nighthawk; sonoran dog,
walker mcginley,bates (orange whip); nyu (new york university ),nyu (new york university ),
walker thompson,colorado college (wasabi),colorado college (wasabi),
wallace jirele,minnesota (minnesota a),mallard; minnesota superior a,
walt johnson,colorado (mamabird),bbb; foggy bottom boys; la maquina -a; lotus; truck stop; watchdogs,
walter ellard,berry (bucks),chain lightning,
walter hipps,vermont (chill),edina high school (edina high school varsity); sub zero,
warren chang,emory (emory juice),pulp; zyzzyva,
warren kinnaman,north carolina state (nc state alpha),triumph,
watkins parker,carolina flyers youth academy u20; north carolina (darkside); triangle tourists boys-b,cash crop 2,
watson anderson,alabama (yellow hammer),blade; brawl; dallas united outlaws; glycerine; tanasi,
wazan hoshino,central florida (dogs of war),bloom; florida untied,
wenchao zhu,columbia (uptown local),uptown local x,
wes collins,suny-stony brook (panic),fli-b honeybees,
wes yan,boston university (boston university),bag; scoop,
wesley bowen,california-san diego (air squids),skipjack; streetgang,
wesley britt,north carolina (darkside),cash crop 2,
wesley davis,colorado (mamabird),devyl u-20 open; garden state ultimate,
wesley fransen,missouri s&t (miner threat),lounar; stl moonar,
wesley killough-hill,massachusetts (zoodisc),duck and cover; shades,
wesley kohashi,loyola marymount (lions),veteran move,
wesley poole,colorado state (hibida),colorado cutthroat (colorado cutthroat); colorado cutthroat: youth club u-20 boys; inception,
wesley richey,georgia southern (eagles),atlanta arson,
wesley smail,davidson (duff),womp,
wesley wong,british columbia (thunderbirds),blackfish; souf,
westerberg bowers,james madison (hellfish),crypt; winc city fog,
westley laughton,cincinnati (bearcats); cincinnati -b (bearcats b),dynasty,
weston timothy,brigham young (chi),nomad,
whittaker donovan,oregon -b (bucks),romulus,
will barnett,loyola marymount (lions),battery; nsfw; veteran move,
will barnouw,colorado (mamabird),bonafide scrubs,
will beach,pittsburgh-b (university of pittsburgh- b),trident ii,
will boozang,northeastern-b (beastern); northeastern-c (salty c dogs),mbta,
will brandt,st olaf (berzerkers); st. olaf (berzerkers),minnesota superior u20b; mutiny; sub zero,
will burks,suny-stony brook (panic),needham squad,
will carter,occidental (detox),seven gills,
will chiero,southern connecticut state (mighty hucks); southern connecticut state (owls ultimate),havoc,
will christian,massachusetts (zoodisc),7am; amherst orlando magic; sprout,
will cromer,purdue-b (ctrl-z),8-bit defenders,
will dillender-kinast,oregon (ego); oregon-b (bucks),dark star; trainwreck and friends,
will enterline,denver (sourdough),iso atmo,
will fleming,carleton college (cut),seven out,
will ginsburg,utah (zion curtain),powderhogs,
will girard,virginia (night train),hazard; impulse; pittsburgh temper,
will hager,iowa state (isuc),bemo; demo; mallard ii; nomad; zoboomafoo,
will hamilton,trinity (turbulence),a la carte-b,
will hart,jacksonville state (firebird ),alliance; alliance 2,
will helenski,pittsburgh (en sabah nur),ghostbusters; philadelphia pacmen; pittsburgh puppies; sord,
will hoffenkamp,pittsburgh (en sabah nur),pittsburgh puppies; pittsburgh temper,
will hopkins,northern arizona (el ponderoso),forge; popperton ultimate frisbee; powderhogs,
will howard,claremont (braineaters),cognitive disconance,
will hunt,alabama-b (yellow hammer),spring break '93,
will hutchinson,emory (emory juice),powderhogs; pulp,
will kalahar,mississippi state (dark horse); mississippi state -b (trenches ),cookie mon$terz,
will lefever,georgetown (justice),ballston booya,
will marberry,florida (florida),vicious cycle,
will mcafee,tennessee (tennessee),villains; womp,
will mcdonald,charleston (palmetto bums); colorado state (hibida),charleston heat stroke; inception; interesting tummy birds; johnny bravo,
will mcgilvra,tennessee (tennessee),nocturnal; tennessee folklore,
will meyer,virginia tech (burn),pittsburgh stealers; pittsburgh temper,
will mottram,montana (smokejump),sky-90,
will oltjen,case western reserve (fighting gobies[a]),chimney; drought; tempe tantrum,
will padilla,rutgers (machine),rutger colege,
will promecene,texas (tuff); texas-b (graze),alamode,
will quigley,indiana (hoosiermama?s),bird patrol; black sheep; colonels,
will reider,virginia tech (burn),ballston booya,
will roberts,kennesaw state (parliament),delirium; elysium,
will roper,pittsburgh (en sabah nur),pittsburgh stealers,
will scudder,north carolina state (nc state alpha),brickhouse; cash crop 2; nc brickhouse-upper,
will selfridge,utah (zion curtain),chain lightning; shrimp; the killjoys,
will storey,colorado-b (cucu),barefoot; bonafide scrubs; red lotus,
will thomas,georgetown (justice),mort,
will tober,north texas (unt),foggy bottom boys; mutiny; watchdogs,
will troop,carleton college (cut),alibi; iditarod; make it rain,
will vu,mit (grim beaver); mit-b (woodmunchers),pineapple,
will wallace,colorado college (wasabi),fungi; wasabi,
will zamsky,michigan state (arc),citywide special; nain rouge; phantom,
willem boshoff,carolina flyers youth academy u20; north carolina state (nc state alpha),raleigh-durham united,
william acker,wheaton (illinois) (mastodon),tennessee folklore,
william allen,utah state (usult),old ephraim,
william appleby,auburn (aetos),atlanta outlaws,
william baker,rose-hulman (elephantitis),seven out,
william barnes,georgia southern (eagles),h.o.g. ultimate,
william basden,carolina flyers youth academy u20,raleigh-durham united,
william basham,texas united; william & mary (merry men),bryce whitney fan club; heatwave; texas united,
william benditz,appalachian state (nomads),hydra,
william beyreis,williams (wufo),wave,
william bianca,auburn (aetos),bormingham sectionboi$; freaks; rampage; southern hospitality,
william bolduc,texas united; texas-b (graze),heatwave; riverside messengers; texas united,
william bradley,rensselaer polytech (trudge),motive,
william brady,dc recruits,fort reno flatball club,
william burke,worcester polytechnic institute (bullets ultimate); worcester polytechnic institute (whisper),bag; big wrench; johnny walker,
william bushey,michigan-b (michigan-b),mischief,
william campbell,tufts (elephant men),bag,
william canlis,cornell (buds),los buds,
william carter,texas tech (tumbleweed),cockfight; flying dutchmen; los beeros,
william caspino,south carolina (gamecock ultimate),cockfight; john doe; lost boys,
william cathey,clemson (joint chiefs of waft),space cowboys,
william chung park,columbia (uptown local); uptown local y,columbia (uptown local); magma bears; uptown local y,
william clark,mississippi state (dark horse); mississippi state -b (trenches ),blud; cookie mon$terz; triumph,
william cobb,indiana (hoosiermama?s); south florida (scallywags); south florida-b (scourge),players into serious sports,
william cohen,amherst (army of darkness),berkeley zyzzyva,
william cox,alabama-huntsville (nightmares); boston college (eagles),ronin; second nature,
william crawford,occidental (detox),etobicoke,
william dacey,maryland-b (astro quakers),mob ultimate; town hall stars,
william davies,california-santa cruz (slugs),space coast ultimate,
william dicarlo,texas a&m (dozen); texas-b (graze),texas duffy,
william dickens,university of memphis (bluff ultimate),nashville mudcats; nocturnal; southern hospitality; womp,
william drexler,saint louis (archangel),s l u r p; stl moonar,
william everett,delaware (sideshow),delaware (sideshow),
william fath,pittsburgh (en sabah nur),night owl; puppies,
william faust,oklahoma state (ultimato); oklahoma state university (ultimato),rawhide,
william ferreira,maine (blackfly),maine (nor'easter),
william field,florida (florida),vicious cycle; womp,
william fisher,christopher newport (skymaul),jolly roger; yacht club,
william fleming,tennessee (tennessee),delirium; jaybirds; second nature; tanasi; tennessee folklore; tennessee gents,
william gorman,colorado college (wasabi),wasabi,
william gulker,new mexico (hanta virus),flying dutchmen; oakay,
william halm,marquette (birdhouse); marquette-b (birdfeeder),milwaukee breaker; milwaukee revival,
william hartog,stanford (stanford bloodthirsty),lantern; shred line,
william hartojo,colorado mines-b (orediggers); cosmic u-20 boys,cosmic u-20 boys; the incline,
william hassell,carleton college (carleton house of pancakes); carleton college-chop (carleton house of pancakes),carolina sky; knights of ni,
william herrington,central florida (dogs of war); central florida-b (havoc),bloom; bloomin' reptars; bud; certified scrubs; raptor; reptar,
william hines,stevens tech (stevens tech),bdc; garden state ultimate; hardta spelots; helots,
william hoover,rit-b (rit fries ),haymaker,
william hughes,north florida (category 5),flux,
william jackson,colorado-b (cucu); colorado-c (rooster tussle),mycellium,
william jaffe,chicago (fission),deepfake,
william jones,rowan (ruf riders),fort reno flatball club,
william jordan,montana state (rum runners),neap tide; rising tide u20b,
william kreicker,baylor (stonewall a),bazooka 2: the zookening; dallas united outlaws,
william lamousin,maryland (maryland ultimate),emu; mob ultimate,
william le,florida (florida),vicious cycle,
william lilegdon,purdue (undue ultimate),i-69; on ramp,
william litchholt,pittsburgh (en sabah nur),helots; pittsburgh stealers,
william maghak,lehigh (lehigh ),axial tilt,
william martin,richmond (spidermonkeys),clapham ultimate; crypt,
william mcpherson,rensselaer polytech (trudge); rensselaer polytechnic institute (trudge),motive,
william meyer,san diego state-b (bomberos),baemaker,
william middlin,eastern michigan (fighting hellfish),mischief,
william miller,salisbury (buzz ultimate a); salisbury (buzz),sa spares; shrike cutters,
william nash,alabama (yellow hammer); alabama-b (yellow hammer),fork x-senior; shift; trident ii,
william noguera,wisconsin-b (fauxdags),dcviii; rubicon rapids,
william obrien,colorado state-b (bibida); oregon state (beavers),oregon eruption!; trainwreck and friends,
william olsen,purdue-b (ctrl-z); purdue-c (ctrl x),chemical x,
william parker,alabama (yellow hammer),ironmen; war machine,
william pascoe,massachusetts-d (umass amherst developmental),odyssey,
william quan,harvard (red line),shred line,
william rauch,suny-buffalo-b (buffalo grinch),long island riff raff; motive,
william reed,florida (florida),aol (all outta love); trenton takers; vicious cycle,
william riley,georgetown (justice),mort,
william sales,georgia state (underground),atlanta arson,
william shields,eastern michigan (fighting hellfish),bdc; space cowboys,
william simon,loyola marymount (lions); maryland-baltimore county (booya),big wrench; somerville bag; veteran move,
william smolka,clemson (joint chiefs of waft),space cowboys,
william snyder,california-santa cruz (slugs); haverford (big donkey ultimate),offshore; socal condors,
william song,johns hopkins (dangerzone); johns hopkins-b (dangerzone b),mob ultimate,
william spies,suny-albany-b (scam),alibi,
william spykerman,north carolina (darkside),raleigh-durham united; villains,
william squire,boston college (eagles),mystik dan,
william steinfeld,brown (brownian motion),providence poultry,
william stickles,union (tennessee) (union jaxx),tanasi; villains,
william tang,california-b (ursa minor),anchor; battery; east bay earthworms,
william thomas,baylor (stonewall a),howe caverns,
william ullmann,massachusetts -b (umass amherst developmental); massachusetts-b (umass amherst developmental); massachusetts-d (umass amherst developmental),lantern; red squirrels,
william vasoll jr,suny-albany (scam); suny-albany-b (scam),alibi; motive,
william voss,illinois (rise),black market; lounar; triiident,
william wettengel,cincinnati (bearcats),chicago machine; cincinnati flying piglet; flying pig; flying piglet; omen,
william wildridge,vanderbilt (armada),nashville mudcats,
william wilson,oklahoma (apes of wrath),rawhide; supercell,
william wu,rutgers (machine),rutger colege,
william wyman,cal state-long beach (pyramid scheme); north carolina state-b (six pack); north carolina state-b (sixpack),oakay; triumph,
william yaglou,christopher newport (skymaul),brackish,
william yik,claremont (braineaters); washington-b (washington b),cognitive disconance,
willy martinez,santa clara (scab),red lotus,
wilson cai,nyu (new york university ),haze; not a sport,
wilson dodds,temple (alert),citywide special,
wilson hollis,berry (bucks),romulus,
wilson matsuo,virginia tech (burn),ballston booya; carolina sky,
wilson sprague,northwestern (nut),alibi,
wilson tryon,washington university (contra),lounar,
wilson wu,tufts (elephant men),big wrench; scoop,
winston hollingshead,southern california (usc lockdown),oc crows,
winston prescott,northeastern-b (beastern),mbta,
wolfgang sulk,tennessee (tennessee),bomb squad,
wonsuk jung,iowa state (isuc),demo,
wyatt brooks,carnegie mellon (mr. yuk),john doe; pittsburgh stealers; space force,
wyatt colburn,cal poly-slo (slocore); cal poly-slo-b (slob),helots; oat,
wyatt deyoung,northwestern (nut),imperial; trident,
wyatt hall,minnesota-duluth (northern lights),dingwop,
wyatt johnson,berry (bucks),romulus,
wyatt kellman,massachusetts (zoodisc),buda; buda u20b; dig; shades; sprout,
wyatt krisky,carnegie mellon (mr. yuk); carnegie mellon-b (poison control),pittsburgh stealers; pittsburgh temper,
wyatt mackenthun,minnesota-b (minnesota b),minnesota superior a; minnesota superior u20b,
wyatt schadt,southern connecticut state (mighty hucks); southern connecticut state (owls ultimate),spring break '93,
wyatt staley-bischoff,haverford (big donkey ultimate),wooder,
wyatt stoughton,maine (snositi); vermont-b (chill dev),neap tide; resurgam ultimate,
wyatt travers,william & mary (merry men),bryce whitney fan club,
xander gaines,ohio (trout),ohio (trout),
xander geurkink,washington-b (washington b),avenue -a,
xander lee,colorado cutthroat u-20 boys,colorado cutthroat u-20 boys,
xander shenberger,grand canyon (lopes); grand canyon-b (g-force),drought,
xander wilcox,chicago (fission); duke (brimstone),chicago machine; raleigh-durham united; ring of fire,
xaul starr,california-santa cruz (slugs),wavestorms,
xavier fuzat,texas (tuff),doublewide; joe sefton's little heroes; sockeye; texas united,
xavier mogensen,winona state (experience),nomads,
xavier prochaska,california-santa barbara (black tide),oat; sundowners; wavestorms,
xavier silva,michigan (magnum),forest city,
xiao yang,massachusetts -b (umass amherst developmental); massachusetts-b (umass amherst developmental); massachusetts-d (umass amherst developmental),crossfire; odyssey,
xiaojie (aaron) li,boston university (boston university),battery; stuyvesant sticky fingers; stuyvesant sticky fingers alumni,
xiaoze liu,maryland (maryland ultimate); maryland-b (astro quakers),town hall stars,
yaakov (koby) davis,indiana (hoosiermama?s),black sheep,
yared kebede,suny-geneseo (snail),dap lab,
yaseen el ghandour,central florida (dogs of war); central florida-b (havoc),bud,
yashas sathvik,northeastern-c (salty c dogs),mbta,
yin lam lai,california-san diego (air squids),anchor,
ying-chi chen,columbia (uptown local); cornell (buds),columbia (uptown local),
yipeng wang,michigan (magnum),nain rouge; prairie fire,
yonatan tadesse,washington (sundodgers),souf,
yongqin feng,pennsylvania (void); rutgers (machine),pennsylvania (void); rugrat knights-a,
yu chi lin,british columbia (thunderbirds),blackfish; furious george,
yuhao wu,cincinnati (bearcats); wisconsin (hodags),big booty men; dcviii; rubicon rapids,
yusuf young,mit (grim beaver),pineapple,
yuto hiraki,oklahoma christian (eagles); western new england (golden bears),barnstorm,
yuval hermoni,suny-binghamton (suny-binghamton),devyl u-20 open; new jersey gemini,
yuya baba,suny-stony brook (panic),sky hook,
zac hintz,michigan state (arc); michigan state-b (riot control),diesel; marc,
zac kuelz,north carolina state (nc state alpha),banc; brickhouse,
zac nix,parkland - plu alumni,sure,
zach balls,utah state (scotsmen),cache valley high ground; old ephraim,
zach bensky,brown (brownian motion); foggy bottom boys,providence poultry; riverside riptide,
zach braunstein,denver (sourdough),tugboat,
zach brennan,georgia (jojah),delirium,
zach cartwright,colorado state (hibida),brocats; cle smokestack; fungi; low five,
zach fowler,cincinnati -b (bearcats b),enigma,
zach frevert,iowa (ihuc),cryptic,
zach howell,california-irvine (nightlife),flash flood; texas two step,
zach jaromin,notre dame (papal rage),beef depot; big wrench; buda; nain rouge,
zach joswiak,saint louis (archangel),s l u r p,
zach kwast,cal poly-slo-b (slob); cal poly-slo-c (sloc),oc crows,
zach larsen,utah state (scotsmen),cache valley high ground,
zach lassiter,tennessee (tennessee),tennessee folklore,
zach laubscher,penn state (spank),adelphos; citywide special,
zach miller,saint louis (archangel),s l u r p,
zach morton,wisconsin (hodags),dangerous unidentified mystical beast; edina high school (edina high school varsity); sub zero,
zach riley,cal poly-slo (slocore),buda; offshore; scoop; shades; socal condors; unrestricted free agents,
zach sadow-hasenberg,western washington (dirt),seven gills; switchback,
zach simpson,oklahoma christian (eagles),nosey,
zach singer,tufts (elephant men),bag; barden btate bultimate,
zach thompson,marquette (birdhouse),enigma; mke,
zach van dusen,bates (orange whip); bates college (orange whip),resurgam ultimate,
zach vernon,central florida (dogs of war); central florida-b (havoc),bloomin' reptars; bud,
zach vosberg,wisconsin-milwaukee (black cat),bux; fuse,
zach wanger,michigan (magnum); michigan-b (michigan-b),marc; nain rouge; second nature,
zach weiss,colorado (mamabird); gold rush,oakland ultimate,
zach wolfe,northeastern (huskies),iditarod; slugfest,
zachary abbott,appalachian state (nomads),banc,
zachary baskin,dickinson (dumptrucks); dickinson (junkyard turkeys),motive,
zachary belnap,utah valley (utah valley ultimate),lil’ huckers,
zachary benson,knox (river rats),oakay,
zachary braun,ohio state (leadbelly),colt; high five,
zachary bruno,suny-albany (scam),alibi,
zachary burnside,brigham young (chi),bonneville flatball club; sundance kids,
zachary burpee,tufts (elephant men),oak grove boys; pony; sprout; truck stop; vault,
zachary cestkowski,wisconsin-b (fauxdags),dcviii,
zachary cheslock,cornell (buds); cornell-b (cornell-b (shake)),chemical x,
zachary chittenden,southern connecticut state (mighty hucks); southern connecticut state (owls ultimate),spring break '93,
zachary clark,north carolina-wilmington (seamen),banc; right coast,
zachary crane,mississippi state (dark horse); mississippi state -b (trenches ); mississippi state-b (pony express); mississippi state-b (trenches ); mississippi state-c (trenches b),golden triangle ultimate; second nature,
zachary denny,harding (harding apocalypse),dreadnought: battleship-b,
zachary ditkoff,massachusetts -b (umass amherst developmental),buda regional cut-b; odyssey,
zachary doane,rensselaer polytech (trudge),resurgam ultimate,
zachary ewing,stanford (stanford men's ultimate team),crossfire; hazard,
zachary fox,christopher newport (skymaul),crypt; yacht club,
zachary gibson,missouri (missouri),stl moonar,
zachary gilbreth,dc recruits,hb woodlawn flatball club,
zachary gruber,creighton (colossus),scythe,
zachary guerrieo,rhode island (riut),2night; niiight,
zachary halperin,suny-binghamton (suny-binghamton),bartle boys; festive salmon,
zachary handler,western new england (golden bears),spring break '93,
zachary harrington,james madison (hellfish),hazard; winc city fog,
zachary hill,east carolina (irates); virginia tech-b (virginia tech b),fathom,
zachary hillard,texas a&m (dozen),powderhogs,
zachary hunter,colorado-b (cucu),colorado cutthroat (colorado cutthroat); colorado cutthroat: youth club u-20 boys,
zachary jackson,suny cortland (team rocket); suny-cortland (team rocket),voodoo,
zachary johnson,rensselaer polytechnic institute (trudge),barnstorm; fat stacks; not a sport; supercell,
zachary johnston,cedarville (swarm); colorado college (wasabi),colorado college (wasabi),
zachary kaufman,brown (brownian motion),dcviii; providence poultry,
zachary kozmer,carthage (carthage blitz),fuse; house,
zachary li,nyu (new york university ),oni,
zachary lin,iowa state (isuc),demo; scythe,
zachary loiter,case western reserve-b (fighting gobies),scoop,
zachary lopez,missouri s&t (miner threat),miner magic,
zachary loyd,michigan (magnum),red imp.ala,
zachary maron,oklahoma state (ultimato),middleton high school (middleton ultimate),
zachary marshall,oberlin (flying horsecows),slimjim fc,
zachary michael,lehigh (lehigh ),magma bears,
zachary powers,alabama (yellow hammer); alabama-b (yellow hammer),alliance; bomb squad,
zachary robinson,cincinnati (bearcats); cincinnati -b (bearcats b),endgame; flying pig; omen,
zachary rosen,california-san diego-b (air squids lite ); ucla (smaug),battery; big wrench; skipjack,
zachary rosner,oregon (ego); oregon-b (bucks),journeymen; little teapots; red dawn,
zachary ryan,northeastern-c (salty c dogs),mbta,
zachary saetrum,brigham young (chi); brigham young-b (chi b),sundance kids,
zachary slayton,texas (tuff),doublewide; flash flood; johnny bravo; nitro; texas swing; texas two step; texas united,
zachary szatkowski,missouri s&t (miner threat),stl moonar,
zachary tanabe,california-irvine (nightlife),oc crows,
zachary turner,western michigan (dark horse),beacon; red imp.ala,
zachary victor,washington state (air raid),orcats,
zachary villamor,delaware (sideshow),delaware (sideshow),
zachary wallis,oklahoma (apes of wrath),supercell,
zachary watson-stevens,vermont (chill),buda u20b; duck and cover; resurgam ultimate; retired; shades; tirebizfriz,
zachary weiser,drexel (spitfire); lehigh (lehigh ); lehigh-b (lehigh-b),citywide special; oakay,
zachary widmyer,bowdoin (clown),red tide,
zachary wigington,ohio (trout),flying dutchmen; ohio (trout),
zachary yang,arizona (sunburn),sonoran dog; sonoran pups; town hall stars,
zachary ziegler,georgia college (disconnected); west virginia (wv wild),ez,
zachery berg,purdue (undue ultimate),momintum,
zachery brock,angelo state (ramz ultimate frisbee),a la carte-b,
zachery rayburn,mississippi state (dark horse),rampage,
zachery vincenzo,texas tech (tumbleweed),deaf fruit,
zack hirschhorn,ucla (smaug),bart; nsfw; oat; zyzzyva,
zack renick,california-santa cruz (slugs),gang of disc; oat; oc crows; wavestorms,
zack seidler,gunn (control); oak storm,creaky,
zackary bacon,colorado (mamabird); colorado cutthroat: youth club u-20 boys; colorado-b (cucu),bonafide scrubs; colorado cutthroat: youth club u-20 boys; fire hawks; iso atmo; red lotus,
zackory runke,wisconsin-stevens point (homegrown),timber,
zaddeen benaissa,northwestern (nut),ditto a,
zadoc gee,harvard (red line),harvard (red line); magma bears; mystery box; shred line,
zak rizvi,tufts (elephant men),bag,
zakariya gdihi,massachusetts -b (umass amherst developmental),buda regional cut-b,
zaki siraj,yale (süperfly),dcviii; sungho moon,
zander rafferty,purdue (undue ultimate),texas united,
zander sachs,penn state (spank),mallard; minnesota superior b,
zander sherritt,colorado cutthroat: youth club u-20 boys; northern colorado (upstream ),ycc u20 developmental team,
zane harbison,columbia (uptown local); uptown local y,columbia (uptown local),
zane levy,syracuse (doom); syracuse university-b (boom),devyl u-20 open; new jersey gemini,
zane mrozla-mindrup,nebraska (cornfed ultimate),beef depot; scythe,
zane pennella,whitman (whitman sweets),hot tamales,
zane pew,brigham young (chi); brigham young-b (chi b),r&d,
zane roth,suny-buffalo-b (buffalo grinch); suny-buffalo-b (buffalo mixed),buffalo frostbite; frostchomp,
zane stein,wisconsin (hodags),bux; happyboise-jv; la raid s.c.; mad men,
zane tschirhart,colorado state (hibida); colorado state-b (bibida),dyno,
zayne kolodner,vassar (swinging monks),vassar (swinging monks),
zebadiah staples,ithaca (nawshus ultimate),neap tide; odyssey,
zebulon shalginewicz,vermont-c (chill b),highlight reel,
zeke delaughter,arizona (sunburn),sonoran dog,
zeke krause,liberty (flames),stag,
zeke plewniak,tennessee (tennessee),music city mafia; tanasi; villains,
zeke thoreson,colorado (mamabird); colorado cutthroat: youth club u-20 boys,chicago machine; colorado cutthroat: youth club u-20 boys; johnny bravo; legal trouble,
zen trejo,california-san diego (air squids); gold rush,fresno firefall,
zephaniah ko,british columbia (thunderbirds),battery; oat; zyzzyva,
zephren collinson,georgia tech (tribe),atlanta arson; h.o.g. ultimate; rush hour atl,
zeppelin inoue,colorado cutthroat u-20 boys,colorado cutthroat u-20 boys; colorado cutthroat u-20 boys two,
zev gorfinkle,utah (zion curtain),anchor; powderhogs,
zeya min-fink,virginia (night train),foggy bottom boys,
zhangsong gao,victoria (vikes),surf,
zhantian huang,florida-b (florida b),vicious cycle,
zhizhen zhou,purdue (undue ultimate),lafayette street dogs,
ziming (josh) shan,rensselaer polytechnic institute (trudge),alibi; carbon,
ziming wang,nyu (new york university ),nyu (new york university ),
ziming yi,columbia (uptown local),uptown local x,
ziqi zhao,nyu (new york university ),nyu (new york university ),
zisis zias,suny-binghamton-b (suny-binghamton b),bartle boys,
zo lightfoot,georgia state (underground),atlanta arson,
zoli ishikawa-szabo,western washington (dirt),seven gills; sockeye,
zubin birnbach,yale (süperfly); yale - y (süperfly - y),sungho moon,
zulkuf azizoglu,texas-b (graze),messengers-b,
zulqarnain sheikh,gold rush; pennsylvania (void),pennsylvania (void); scooby coupy coup,
zyon perez,texas-b (graze),lil heroes,
