rank,player,player_id,ufa_player_ids,season,as_of_date,stats_through,model_version,reference_fitted_at,ovr,elo,elo_sigma,elo_lo90,elo_hi90,thr,thr_z,thr_reliability,pos,pos_z,pos_reliability,off,off_z,off_reliability,def,def_z,def_reliability,role,role_confidence,role_source,history_seasons,weighted_prior_throw_attempts,goals,assists,blocks,turnovers,completions,throw_attempts,huck_attempts,huck_completions,throwing_yards,receiving_yards,o_points,d_points,seconds_played,stat_source,coverage_flags
1,Leo Gordon,13134,lgordon,2026,2026-09-03,2026-08-08,ufa-eb-v4,2026-08-14,90,2581.3,54.2,2492.1,2670.5,66,-0.3736,0.7566,73,0.2531,0.9477,84,1.4057,0.917,79,0.9418,0.3415,cutter,0.8079,position,1,177.0,15,20,4,24,343,369,8,5,2382,1578,226,5,14910,ufa-season,linked-ufa;attribute:thr;attribute:pos;attribute:off;attribute:def;history-prior:1-seasons;current-season-cumulative
2,Nathan De Morgan,18157,ndemorgan,2026,2026-09-03,2026-08-08,ufa-eb-v4,2026-08-14,89,2567.7,58.9,2470.7,2664.6,78,0.7665,0.7233,67,-0.308,0.898,84,1.4207,0.8886,78,0.7952,0.7014,hybrid,0.8079,position,1,34.5,25,24,2,17,164,178,18,9,1063,1946,151,7,10758,ufa-season,linked-ufa;attribute:thr;attribute:pos;attribute:off;attribute:def;history-prior:1-seasons;current-season-cumulative
3,Daan De Marrée,25141,ddemarre,2026,2026-09-03,2026-08-08,ufa-eb-v4,2026-08-14,88,2529.4,66.3,2420.4,2638.4,70,0.0046,0.7257,76,0.5747,0.9346,95,2.4983,0.91,84,1.4074,0.6589,hybrid,0.6746,ufa,1,142.5,26,29,4,12,240,252,6,5,1285,2839,156,14,11073,ufa-season,linked-ufa;attribute:thr;attribute:pos;attribute:off;attribute:def;history-prior:1-seasons;current-season-cumulative
4,Adam Rees,2127,arees,2026,2026-09-03,2026-08-08,ufa-eb-v4,2026-08-14,86,2487.6,52.7,2400.9,2574.2,74,0.3518,0.7026,71,0.1192,0.9104,84,1.3825,0.913,84,1.4453,0.5619,hybrid,0.6716,ufa,1,115.5,16,15,4,11,140,149,6,5,1093,1630,159,9,11511,ufa-season,linked-ufa;attribute:thr;attribute:pos;attribute:off;attribute:def;history-prior:1-seasons;current-season-cumulative
5,John Randolph,10444,jrandolph,2026,2026-09-03,2026-08-08,ufa-eb-v4,2026-08-14,85,2461.6,53.2,2374.0,2549.2,74,0.3578,0.784,72,0.1964,0.9316,78,0.7938,0.896,78,0.8218,0.8912,cutter,0.8079,position,6,274.1,19,18,16,17,227,242,13,7,1442,714,27,247,15769,ufa-season,linked-ufa;attribute:thr;attribute:pos;attribute:off;attribute:def;history-prior:6-seasons;current-season-cumulative
6,Jacob Fairfax,6208,jfairfax,2026,2026-09-03,2026-08-08,ufa-eb-v4,2026-08-14,85,2460.5,53.8,2371.9,2549.1,80,0.9771,0.7691,74,0.3608,0.9352,89,1.8623,0.9363,77,0.688,0.6465,hybrid,0.7946,ufa,9,205.4,45,27,4,15,234,247,22,16,1712,3872,270,14,17059,ufa-season,linked-ufa;attribute:thr;attribute:pos;attribute:off;attribute:def;history-prior:9-seasons;current-season-cumulative
7,Christian Boxley,8957,cboxley,2026,2026-09-03,2026-08-08,ufa-eb-v4,2026-08-14,84,2455.0,53.7,2366.7,2543.3,59,-1.1113,0.9252,75,0.5491,0.9269,83,1.3278,0.9174,72,0.1915,0.4772,hybrid,0.7001,ufa,4,136.0,22,24,5,11,200,210,0,0,488,2449,183,5,11572,ufa-season,linked-ufa;attribute:thr;attribute:pos;attribute:off;attribute:def;history-prior:4-seasons;current-season-cumulative
8,Raekwon Adkins,20158,radkins,2026,2026-09-03,2026-08-08,ufa-eb-v4,2026-08-14,84,2447.5,55.4,2356.3,2538.8,67,-0.3459,0.6883,76,0.6014,0.9052,88,1.8164,0.8843,78,0.8381,0.6021,hybrid,0.5726,ufa,3,97.5,15,10,5,6,131,137,2,0,561,1157,93,21,7485,ufa-season,linked-ufa;attribute:thr;attribute:pos;attribute:off;attribute:def;history-prior:3-seasons;current-season-cumulative
9,Dillon Whited,8211,dwhited,2026,2026-09-03,2026-08-08,ufa-eb-v4,2026-08-14,84,2438.0,53.4,2350.2,2525.8,71,0.078,0.6386,77,0.6503,0.852,86,1.5896,0.8756,75,0.5203,0.2228,hybrid,0.639,ufa,1,21.0,19,16,0,4,113,115,2,2,608,1551,147,1,9485,ufa-season,linked-ufa;attribute:thr;attribute:pos;attribute:off;attribute:def;history-prior:1-seasons;current-season-cumulative
10,Jack Williams,6855,jwilliams,2026,2026-09-03,2026-08-08,ufa-eb-v4,2026-08-14,83,2429.6,53.1,2342.3,2516.9,71,0.1082,0.7575,79,0.9428,0.9351,87,1.654,0.9178,,,,hybrid,0.6974,ufa,10,429.2,13,17,2,8,257,264,7,5,2007,1697,186,0,11594,ufa-season,linked-ufa;attribute:thr;attribute:pos;attribute:off;history-prior:10-seasons;current-season-cumulative
11,Walker Frankenberg,19040,wfrankenb,2026,2026-09-03,2026-08-08,ufa-eb-v4,2026-08-14,83,2421.7,59.3,2324.1,2519.4,74,0.3574,0.7318,68,-0.1691,0.9386,90,2.0268,0.9238,79,0.8742,0.3318,hybrid,0.8079,position,3,301.0,21,24,2,23,254,277,5,4,2170,2820,206,1,13921,ufa-season,linked-ufa;attribute:thr;attribute:pos;attribute:off;attribute:def;history-prior:3-seasons;current-season-cumulative
12,Paul Krenik,15792,pkrenik,2026,2026-09-03,2026-08-08,ufa-eb-v4,2026-08-14,83,2417.1,55.7,2325.4,2508.8,65,-0.5173,0.8013,80,1.0398,0.9055,74,0.4267,0.8962,77,0.7174,0.8842,cutter,0.8079,position,5,126.3,19,13,13,3,139,141,0,0,654,728,40,201,16477,ufa-season,linked-ufa;attribute:thr;attribute:pos;attribute:off;attribute:def;history-prior:5-seasons;current-season-cumulative
13,Simon Carapella,17404,scarapell,2026,2026-09-03,2026-08-08,ufa-eb-v4,2026-08-14,82,2407.2,56.0,2315.1,2499.3,68,-0.2273,0.7278,77,0.6806,0.923,82,1.1943,0.9086,75,0.4938,0.3495,hybrid,0.6459,ufa,3,258.8,9,13,5,7,187,198,9,5,777,1583,150,2,11299,ufa-season,linked-ufa;attribute:thr;attribute:pos;attribute:off;attribute:def;history-prior:3-seasons;current-season-cumulative
14,Oliver Chartock,53188,ochartock,2026,2026-09-03,2026-08-08,ufa-eb-v4,2026-08-14,82,2396.8,55.0,2306.3,2487.3,70,-0.0123,0.7015,78,0.7539,0.9058,80,0.9735,0.9089,76,0.5501,0.8265,hybrid,0.7118,ufa,4,179.3,16,10,4,5,133,138,5,4,796,1110,99,98,12799,ufa-season,linked-ufa;attribute:thr;attribute:pos;attribute:off;attribute:def;history-prior:4-seasons;current-season-cumulative
15,Tobe Decraene,25033,tdecraene,2026,2026-09-03,2026-08-08,ufa-eb-v4,2026-08-14,81,2390.9,63.3,2286.9,2495.0,70,0.0311,0.7699,73,0.3239,0.9636,93,2.269,0.9322,82,1.1961,0.6647,hybrid,0.7687,ufa,2,320.5,40,69,6,32,519,550,10,6,3364,3657,246,5,29464,ufa-season,linked-ufa;attribute:thr;attribute:pos;attribute:off;attribute:def;history-prior:2-seasons;current-season-cumulative
16,Elliot Hawkins,18123,ehawkins,2026,2026-09-03,2026-08-08,ufa-eb-v4,2026-08-14,81,2377.3,57.7,2282.4,2472.2,87,1.7465,0.7953,66,-0.362,0.9434,87,1.6543,0.9228,72,0.214,0.6824,hybrid,0.7881,ufa,2,33.0,25,71,5,34,351,384,48,32,3320,4005,247,28,15682,ufa-season,linked-ufa;attribute:thr;attribute:pos;attribute:off;attribute:def;history-prior:2-seasons;current-season-cumulative
17,Dexter Clyburn,19852,dclyburn,2026,2026-09-03,2026-08-08,ufa-eb-v4,2026-08-14,80,2360.7,55.4,2269.6,2451.9,68,-0.1737,0.7044,76,0.573,0.9042,84,1.3887,0.8768,77,0.6877,0.3023,handler,0.682,ufa,3,26.4,22,17,2,11,324,334,7,6,2498,1046,172,3,11718,ufa-season,linked-ufa;attribute:thr;attribute:pos;attribute:off;attribute:def;history-prior:3-seasons;current-season-cumulative
18,Alex Atkins,10108,aatkins,2026,2026-09-03,2026-08-08,ufa-eb-v4,2026-08-14,80,2349.9,53.9,2261.3,2438.5,85,1.5289,0.8148,77,0.7152,0.9474,94,2.434,0.9321,84,1.4172,0.6791,handler,0.7918,ufa,4,307.1,23,47,9,17,494,510,40,33,5293,2734,268,12,16930,ufa-season,linked-ufa;attribute:thr;attribute:pos;attribute:off;attribute:def;history-prior:4-seasons;current-season-cumulative
19,Keegan North,2760,knorth,2026,2026-09-03,2026-08-08,ufa-eb-v4,2026-08-14,80,2347.7,54.0,2258.8,2436.6,,,,,,,,,,,,,handler,0.4191,prior-usau-stats,7,78.2,0,0,0,0,0,0,0,0,0,0,0,0,0,ufa-season,linked-ufa;history-prior:7-seasons;current-season-cumulative
20,Dylan DeClerck,11814,ddeclerck,2026,2026-09-03,2026-08-08,ufa-eb-v4,2026-08-14,79,2345.2,53.7,2256.8,2433.6,75,0.4598,0.5423,71,0.1383,0.8249,70,0.0288,0.8646,83,1.2858,0.8831,cutter,0.7755,position,9,54.5,11,5,11,4,53,57,5,4,378,567,40,155,13837,ufa-season,linked-ufa;attribute:thr;attribute:pos;attribute:off;attribute:def;history-prior:9-seasons;current-season-cumulative
21,Kyle Henke,8744,khenke,2026,2026-09-03,2026-08-08,ufa-eb-v4,2026-08-14,79,2325.2,54.6,2235.5,2415.0,74,0.4088,0.8188,75,0.5439,0.9521,86,1.5727,0.9325,83,1.3019,0.6566,handler,0.7932,ufa,8,392.6,23,55,5,24,549,575,33,24,4153,2659,261,21,16476,ufa-season,linked-ufa;attribute:thr;attribute:pos;attribute:off;attribute:def;history-prior:8-seasons;current-season-cumulative
22,Kyle Lew,15109,klew,2026,2026-09-03,2026-08-08,ufa-eb-v4,2026-08-14,78,2322.3,55.3,2231.4,2413.2,73,0.2581,0.5297,74,0.355,0.698,72,0.2235,0.5481,76,0.6071,0.5644,handler,0.4276,ufa,1,9.0,1,7,1,3,71,74,2,2,586,43,5,54,3788,ufa-season,linked-ufa;attribute:thr;attribute:pos;attribute:off;attribute:def;history-prior:1-seasons;current-season-cumulative
23,Orion Cable,10774,ocable,2026,2026-09-03,2026-08-08,ufa-eb-v4,2026-08-14,78,2313.6,54.9,2223.2,2403.9,71,0.1022,0.6886,64,-0.564,0.8788,80,0.9574,0.8942,77,0.6801,0.5492,cutter,0.6116,ufa,5,145.1,29,4,2,9,66,72,5,4,296,1286,125,8,8791,ufa-season,linked-ufa;attribute:thr;attribute:pos;attribute:off;attribute:def;history-prior:5-seasons;current-season-cumulative
24,Jason Vallee,9407,jvallee,2026,2026-09-03,2026-08-08,ufa-eb-v4,2026-08-14,78,2313.2,53.3,2225.4,2400.9,72,0.1512,0.721,75,0.4916,0.9257,81,1.0508,0.9115,84,1.3827,0.8268,handler,0.7651,ufa,7,281.0,12,35,8,12,276,287,6,3,1869,1130,89,158,16999,ufa-season,linked-ufa;attribute:thr;attribute:pos;attribute:off;attribute:def;history-prior:7-seasons;current-season-cumulative
25,Noah Coolman,7654,ncoolman,2026,2026-09-03,2026-08-08,ufa-eb-v4,2026-08-14,78,2309.9,54.0,2221.1,2398.8,81,1.116,0.7756,77,0.7484,0.9343,80,1.0445,0.9039,80,0.953,0.8237,cutter,0.7755,position,4,198.2,6,24,5,9,246,256,15,12,2130,1000,131,51,12500,ufa-season,linked-ufa;attribute:thr;attribute:pos;attribute:off;attribute:def;history-prior:4-seasons;current-season-cumulative
26,Tobias Brooks,18774,tbrooks1,2026,2026-09-03,2026-08-08,ufa-eb-v4,2026-08-14,78,2307.6,54.6,2217.7,2397.4,74,0.4436,0.7702,74,0.4344,0.9351,87,1.6865,0.9119,,,,handler,0.8079,position,3,232.1,14,33,1,17,350,368,16,10,2978,1362,181,0,10448,ufa-season,linked-ufa;attribute:thr;attribute:pos;attribute:off;history-prior:3-seasons;current-season-cumulative
27,Anton Orme,18716,aorme,2026,2026-09-03,2026-08-08,ufa-eb-v4,2026-08-14,77,2294.8,54.4,2205.3,2384.3,73,0.2753,0.6525,71,0.0563,0.8428,77,0.7081,0.7602,75,0.5414,0.7832,hybrid,0.8079,position,0,0,7,10,6,9,124,135,8,6,843,838,33,115,9184,ufa-season,linked-ufa;attribute:thr;attribute:pos;attribute:off;attribute:def;role-average-prior;current-season-cumulative
28,Ethan Bloodworth,2332,ebloodwor,2026,2026-09-03,2026-08-08,ufa-eb-v4,2026-08-14,77,2289.7,53.6,2201.5,2377.9,,,,,,,,,,,,,handler,0.7285,ufa,5,160.7,0,0,0,0,0,0,0,0,0,0,0,0,0,ufa-season,linked-ufa;history-prior:5-seasons;current-season-cumulative
29,Theo Shapinsky,13537,tshapinsk,2026,2026-09-03,2026-08-08,ufa-eb-v4,2026-08-14,77,2288.6,54.1,2199.6,2377.6,64,-0.5804,0.6734,80,1.0491,0.893,80,0.9518,0.8849,69,-0.0521,0.6241,hybrid,0.8079,position,1,19.0,29,8,2,4,190,193,1,1,1057,1908,176,8,11095,ufa-season,linked-ufa;attribute:thr;attribute:pos;attribute:off;attribute:def;history-prior:1-seasons;current-season-cumulative
30,Benjamin Sadok,58654,bsadok,2026,2026-09-03,2026-08-08,ufa-eb-v4,2026-08-14,77,2282.8,67.0,2172.7,2393.0,70,-0.0306,0.7584,76,0.563,0.9149,74,0.3655,0.9114,,,,handler,0.6806,ufa,5,491.7,6,12,0,11,255,265,12,7,1942,280,174,0,23369,ufa-season,linked-ufa;attribute:thr;attribute:pos;attribute:off;history-prior:5-seasons;current-season-cumulative
31,Ethan Lieman,21250,elieman,2026,2026-09-03,2026-08-08,ufa-eb-v4,2026-08-14,76,2276.4,57.3,2182.2,2370.6,72,0.1837,0.4908,71,0.0533,0.633,68,-0.2056,0.5985,71,0.112,0.7053,hybrid,0.7755,position,1,10.0,3,2,3,2,34,36,2,2,277,42,6,52,3084,ufa-season,linked-ufa;attribute:thr;attribute:pos;attribute:off;attribute:def;history-prior:1-seasons;current-season-cumulative
32,Zeke Thoreson,17155,zthoreson,2026,2026-09-03,2026-08-08,ufa-eb-v4,2026-08-14,76,2276.0,54.8,2186.0,2366.1,78,0.775,0.7234,79,0.917,0.9232,90,2.0425,0.913,78,0.8073,0.5951,hybrid,0.692,ufa,2,110.0,16,24,6,6,190,196,12,10,1390,2539,159,23,10417,ufa-season,linked-ufa;attribute:thr;attribute:pos;attribute:off;attribute:def;history-prior:2-seasons;current-season-cumulative
33,Conor Tabor,10674,ctabor,2026,2026-09-03,2026-08-08,ufa-eb-v4,2026-08-14,76,2274.9,53.8,2186.4,2363.5,,,,,,,,,,,,,handler,0.5276,usau-stats,3,46.6,0,0,0,0,0,0,0,0,0,0,0,0,0,ufa-season,linked-ufa;history-prior:3-seasons;current-season-cumulative
34,Sean Mott,454,smott,2026,2026-09-03,2026-08-08,ufa-eb-v4,2026-08-14,76,2274.2,53.6,2186.1,2362.4,70,0.0057,0.7977,70,0.0385,0.9396,78,0.8463,0.9309,,,,handler,0.7804,ufa,10,495.1,8,38,2,26,378,403,19,9,2801,1924,265,0,15777,ufa-season,linked-ufa;attribute:thr;attribute:pos;attribute:off;history-prior:10-seasons;current-season-cumulative
35,Seamus Robinson,17756,srobinson,2026,2026-09-03,2026-08-08,ufa-eb-v4,2026-08-14,76,2270.0,55.8,2178.2,2361.9,74,0.3739,0.5884,56,-1.4105,0.7658,67,-0.2746,0.7298,76,0.6352,0.8045,handler,0.5028,ufa,4,69.7,2,3,5,7,39,44,4,2,366,207,1,84,6022,ufa-season,linked-ufa;attribute:thr;attribute:pos;attribute:off;attribute:def;history-prior:4-seasons;current-season-cumulative
36,Leo Sovell-Fernandez,19042,lsovellfe,2026,2026-09-03,2026-08-08,ufa-eb-v4,2026-08-14,76,2269.7,54.8,2179.6,2359.9,54,-1.5705,0.9298,81,1.1342,0.9276,76,0.5741,0.9021,77,0.6526,0.5703,hybrid,0.6173,ufa,2,199.2,7,3,1,4,230,232,0,0,881,898,127,9,9046,ufa-season,linked-ufa;attribute:thr;attribute:pos;attribute:off;attribute:def;history-prior:2-seasons;current-season-cumulative
37,Reese Bowman,11120,rbowman,2026,2026-09-03,2026-08-08,ufa-eb-v4,2026-08-14,76,2269.7,53.7,2181.4,2358.1,71,0.1362,0.7428,70,-0.0151,0.9327,77,0.6567,0.933,71,0.1455,0.7504,hybrid,0.7771,ufa,6,115.1,29,16,0,17,228,244,12,9,1461,1759,247,14,15055,ufa-season,linked-ufa;attribute:thr;attribute:pos;attribute:off;attribute:def;history-prior:6-seasons;current-season-cumulative
38,John Lithio,13427,jlithio,2026,2026-09-03,2026-08-08,ufa-eb-v4,2026-08-14,76,2269.6,58.0,2174.2,2365.0,,,,,,,,,,,,,hybrid,0.7374,ufa,4,133.1,0,0,0,0,0,0,0,0,0,0,0,0,0,ufa-season,linked-ufa;history-prior:4-seasons;current-season-cumulative
39,Robin Vickers Batzdorf,18097,rvickersb,2026,2026-09-03,2026-08-08,ufa-eb-v4,2026-08-14,76,2268.4,58.8,2171.7,2365.0,60,-0.9708,0.647,73,0.2922,0.8525,69,-0.1035,0.7995,80,0.9613,0.8519,handler,0.8079,position,4,105.2,6,1,7,6,101,107,1,1,360,388,14,144,11213,ufa-season,linked-ufa;attribute:thr;attribute:pos;attribute:off;attribute:def;history-prior:4-seasons;current-season-cumulative
40,Gustav Haflin,8334,ghaflin,2026,2026-09-03,2026-08-08,ufa-eb-v4,2026-08-14,76,2268.0,56.1,2175.7,2360.2,70,0.0354,0.389,69,-0.1061,0.7123,65,-0.4515,0.6937,75,0.5083,0.8626,cutter,0.8488,position,5,23.0,6,4,10,3,34,37,1,1,249,537,2,165,10542,ufa-season,linked-ufa;attribute:thr;attribute:pos;attribute:off;attribute:def;history-prior:5-seasons;current-season-cumulative
41,Thomas Edmonds,520,tedmonds,2026,2026-09-03,2026-08-08,ufa-eb-v4,2026-08-14,76,2265.0,53.1,2177.6,2352.4,68,-0.2338,0.7608,79,0.9329,0.9563,82,1.1995,0.9295,73,0.3484,0.8104,hybrid,0.7605,ufa,7,291.9,25,27,2,14,442,453,9,9,2816,1998,227,15,28495,ufa-season,linked-ufa;attribute:thr;attribute:pos;attribute:off;attribute:def;history-prior:7-seasons;current-season-cumulative
42,Callahan Bosworth,19025,cbosworth,2026,2026-09-03,2026-08-08,ufa-eb-v4,2026-08-14,76,2264.3,56.1,2172.0,2356.6,73,0.2937,0.6579,76,0.5948,0.8555,75,0.5258,0.8406,69,-0.0599,0.6235,hybrid,0.5209,ufa,1,41.0,11,14,2,3,106,109,5,5,832,858,81,11,5691,ufa-season,linked-ufa;attribute:thr;attribute:pos;attribute:off;attribute:def;history-prior:1-seasons;current-season-cumulative
43,Brett Hulsmeyer,10601,bhulsmeye,2026,2026-09-03,2026-08-08,ufa-eb-v4,2026-08-14,76,2263.0,53.4,2175.2,2350.8,65,-0.5319,0.7338,72,0.2031,0.9298,81,1.1375,0.9242,71,0.1338,0.8707,hybrid,0.8309,position,6,324.3,21,20,11,14,218,233,3,1,964,2161,155,107,15508,ufa-season,linked-ufa;attribute:thr;attribute:pos;attribute:off;attribute:def;history-prior:6-seasons;current-season-cumulative
44,Antoine Davis,11404,adavis2,2026,2026-09-03,2026-08-08,ufa-eb-v4,2026-08-14,76,2261.7,53.4,2173.8,2349.5,73,0.3187,0.5089,67,-0.2631,0.8042,67,-0.2785,0.7658,71,0.1059,0.8842,cutter,0.8309,position,9,44.7,3,6,4,5,50,55,3,2,355,278,1,183,11529,ufa-season,linked-ufa;attribute:thr;attribute:pos;attribute:off;attribute:def;history-prior:9-seasons;current-season-cumulative
45,Solomon Rueschemeyer-Bailey,5180,srueschem,2026,2026-09-03,2026-08-08,ufa-eb-v4,2026-08-14,76,2260.8,53.2,2173.3,2348.2,68,-0.1936,0.7071,82,1.2312,0.9273,85,1.4641,0.9119,,,,handler,0.6878,ufa,5,501.6,5,10,4,5,316,322,2,2,2692,518,179,0,10773,ufa-season,linked-ufa;attribute:thr;attribute:pos;attribute:off;history-prior:5-seasons;current-season-cumulative
46,Zach Singer,12410,zsinger,2026,2026-09-03,2026-08-08,ufa-eb-v4,2026-08-14,76,2259.3,55.0,2168.8,2349.9,67,-0.2761,0.6726,76,0.5642,0.878,70,-0.0189,0.7532,77,0.7339,0.8362,hybrid,0.8488,position,3,14.2,6,14,4,7,167,174,4,3,952,366,21,131,10436,ufa-season,linked-ufa;attribute:thr;attribute:pos;attribute:off;attribute:def;history-prior:3-seasons;current-season-cumulative
47,Pawel Janas,18,pjanas,2026,2026-09-03,2026-08-08,ufa-eb-v4,2026-08-14,76,2257.4,53.2,2169.9,2344.9,70,-0.0349,0.7742,78,0.8148,0.9443,71,0.1084,0.9108,69,-0.1385,0.6649,handler,0.682,ufa,8,487.8,4,32,0,13,442,459,15,13,3322,919,174,1,12763,ufa-season,linked-ufa;attribute:thr;attribute:pos;attribute:off;attribute:def;history-prior:8-seasons;current-season-cumulative
48,Peter Boerth,17401,pboerth,2026,2026-09-03,2026-08-08,ufa-eb-v4,2026-08-14,76,2256.3,54.9,2166.1,2346.6,69,-0.1371,0.702,76,0.5527,0.9188,83,1.3354,0.8937,71,0.059,0.7425,hybrid,0.6607,ufa,3,74.8,19,18,4,9,192,200,5,5,1052,1643,143,18,12006,ufa-season,linked-ufa;attribute:thr;attribute:pos;attribute:off;attribute:def;history-prior:3-seasons;current-season-cumulative
49,Kristian Johnson,3549,kjohnson1,2026,2026-09-03,2026-08-08,ufa-eb-v4,2026-08-14,76,2255.6,53.9,2166.9,2344.3,82,1.2306,0.7125,75,0.5457,0.9165,78,0.8033,0.8792,78,0.8301,0.741,cutter,0.7755,position,6,87.3,6,24,0,10,191,201,13,12,1690,917,112,66,11701,ufa-season,linked-ufa;attribute:thr;attribute:pos;attribute:off;attribute:def;history-prior:6-seasons;current-season-cumulative
50,Matt LaBar,12407,mlabar,2026,2026-09-03,2026-08-08,ufa-eb-v4,2026-08-14,75,2253.8,54.8,2163.7,2344.0,75,0.4525,0.7568,76,0.5698,0.9434,89,1.8526,0.9293,73,0.3418,0.7457,hybrid,0.8079,position,5,161.2,27,32,2,15,300,315,15,13,2065,1949,223,21,15757,ufa-season,linked-ufa;attribute:thr;attribute:pos;attribute:off;attribute:def;history-prior:5-seasons;current-season-cumulative
51,Garrett Martin,3313,gmartin1,2026,2026-09-03,2026-08-08,ufa-eb-v4,2026-08-14,75,2253.6,53.1,2166.2,2340.9,79,0.8664,0.7612,73,0.2664,0.9384,87,1.7302,0.9313,75,0.5141,0.7005,hybrid,0.8309,position,5,232.4,44,28,5,16,250,268,16,15,2003,3515,239,12,41189,ufa-season,linked-ufa;attribute:thr;attribute:pos;attribute:off;attribute:def;history-prior:5-seasons;current-season-cumulative
52,Isaiah Masek-Kelly,1550,imasekkel,2026,2026-09-03,2026-08-08,ufa-eb-v4,2026-08-14,75,2252.6,57.8,2157.5,2347.7,72,0.1589,0.5281,63,-0.7093,0.6848,64,-0.5804,0.7339,77,0.6925,0.6866,handler,0.5855,ufa,8,4.6,2,4,8,8,69,75,4,4,597,390,29,91,7615,ufa-season,linked-ufa;attribute:thr;attribute:pos;attribute:off;attribute:def;history-prior:8-seasons;current-season-cumulative
53,Christian Foster,1420,cfoster,2026,2026-09-03,2026-08-08,ufa-eb-v4,2026-08-14,75,2250.5,54.4,2161.1,2339.9,,,,,,,,,,,,,unknown,0.2313,usau-stats,3,235.4,0,0,0,0,0,0,0,0,0,0,0,0,0,ufa-season,linked-ufa;history-prior:3-seasons;current-season-cumulative
54,Spencer Lofink,11991,slofink,2026,2026-09-03,2026-08-08,ufa-eb-v4,2026-08-14,75,2247.2,54.8,2157.2,2337.3,69,-0.0568,0.7807,74,0.3912,0.9503,84,1.4235,0.925,74,0.4488,0.5223,handler,0.8079,position,5,162.0,21,52,4,29,558,591,24,15,3787,1998,243,10,41429,ufa-season,linked-ufa;attribute:thr;attribute:pos;attribute:off;attribute:def;history-prior:5-seasons;current-season-cumulative
55,Peter Mans,22370,pmans,2026,2026-09-03,2026-08-08,ufa-eb-v4,2026-08-14,75,2245.6,59.2,2148.2,2343.0,69,-0.1393,0.3941,74,0.4417,0.6077,79,0.8637,0.6694,76,0.6059,0.4827,cutter,0.7755,position,3,13.0,6,3,1,0,24,24,0,0,72,483,35,10,2808,ufa-season,linked-ufa;attribute:thr;attribute:pos;attribute:off;attribute:def;history-prior:3-seasons;current-season-cumulative
56,Christian Olsen,1580,colsen,2026,2026-09-03,2026-08-08,ufa-eb-v4,2026-08-14,75,2243.2,55.1,2152.4,2333.9,66,-0.387,0.676,78,0.8356,0.8821,81,1.1105,0.8695,71,0.104,0.3988,handler,0.4782,ufa,10,326.7,4,6,0,4,121,125,2,2,792,417,73,3,5095,ufa-season,linked-ufa;attribute:thr;attribute:pos;attribute:off;attribute:def;history-prior:10-seasons;current-season-cumulative
57,Sean Liston,4855,sliston,2026,2026-09-03,2026-08-08,ufa-eb-v4,2026-08-14,75,2238.0,53.7,2149.6,2326.3,68,-0.1592,0.2314,73,0.2635,0.3902,66,-0.3626,0.534,77,0.6571,0.6821,cutter,0.5184,ufa,0,0,5,2,9,0,16,16,0,0,29,157,1,90,6154,ufa-season,linked-ufa;attribute:thr;attribute:pos;attribute:off;attribute:def;role-average-prior;current-season-cumulative
58,Hayden Austin-Knab,11416,haustinkn,2026,2026-09-03,2026-08-08,ufa-eb-v4,2026-08-14,75,2237.4,54.5,2147.8,2327.0,75,0.5022,0.7899,77,0.7343,0.9495,79,0.9497,0.9312,75,0.4607,0.6475,hybrid,0.8309,position,6,320.4,25,24,8,15,354,368,24,18,2559,2343,233,20,16532,ufa-season,linked-ufa;attribute:thr;attribute:pos;attribute:off;attribute:def;history-prior:6-seasons;current-season-cumulative
59,Ben Katz,78872,bkatz1,2026,2026-09-03,2026-08-08,ufa-eb-v4,2026-08-14,75,2236.9,65.7,2128.8,2345.1,67,-0.3032,0.759,76,0.5834,0.7412,72,0.1871,0.6709,,,,hybrid,0.2581,ufa,8,66.0,1,0,1,0,13,13,0,0,90,94,13,0,2966,ufa-season,linked-ufa;attribute:thr;attribute:pos;attribute:off;history-prior:8-seasons;current-season-cumulative
60,Marques Brownlee,479,mbrownlee,2026,2026-09-03,2026-08-08,ufa-eb-v4,2026-08-14,75,2234.9,53.3,2147.3,2322.5,76,0.6318,0.6797,65,-0.4939,0.8593,70,0.0304,0.8139,72,0.2347,0.8868,handler,0.7615,ufa,9,98.2,6,15,10,10,117,125,6,2,914,550,18,225,14768,ufa-season,linked-ufa;attribute:thr;attribute:pos;attribute:off;attribute:def;history-prior:9-seasons;current-season-cumulative
61,Austin Taylor,1566,ataylor,2026,2026-09-03,2026-08-08,ufa-eb-v4,2026-08-14,75,2233.4,53.9,2144.8,2322.1,79,0.8713,0.8233,76,0.6487,0.951,82,1.2234,0.9294,72,0.211,0.4974,handler,0.7788,ufa,9,541.5,16,48,5,22,532,556,31,24,4648,1571,249,14,16695,ufa-season,linked-ufa;attribute:thr;attribute:pos;attribute:off;attribute:def;history-prior:9-seasons;current-season-cumulative
62,Josh Singleton,6044,jsingleto,2026,2026-09-03,2026-08-08,ufa-eb-v4,2026-08-14,74,2228.9,53.7,2140.6,2317.2,73,0.3043,0.4226,71,0.0894,0.5536,71,0.0581,0.4751,76,0.6337,0.5781,hybrid,0.3849,ufa,0,0,2,2,1,2,29,31,3,2,224,173,3,43,3128,ufa-season,linked-ufa;attribute:thr;attribute:pos;attribute:off;attribute:def;role-average-prior;current-season-cumulative
63,Myles Armstrong,26052,marmstron,2026,2026-09-03,2026-08-08,ufa-eb-v4,2026-08-14,74,2226.6,62.3,2124.1,2329.2,71,0.0954,0.7237,61,-0.9243,0.921,80,1.0382,0.928,73,0.3407,0.5954,hybrid,0.8309,position,3,162.4,29,19,0,23,163,183,8,2,979,2194,218,15,14138,ufa-season,linked-ufa;attribute:thr;attribute:pos;attribute:off;attribute:def;history-prior:3-seasons;current-season-cumulative
64,Noah Hanson,15342,nhanson,2026,2026-09-03,2026-08-08,ufa-eb-v4,2026-08-14,74,2226.6,55.5,2135.3,2317.8,82,1.2314,0.6765,69,-0.1249,0.8513,75,0.4851,0.8179,79,0.8924,0.8816,handler,0.7499,ufa,4,65.5,9,23,7,8,128,136,11,10,1051,748,25,206,14923,ufa-season,linked-ufa;attribute:thr;attribute:pos;attribute:off;attribute:def;history-prior:4-seasons;current-season-cumulative
65,Ellis Newhouse,21375,enewhouse,2026,2026-09-03,2026-08-08,ufa-eb-v4,2026-08-14,74,2225.0,61.5,2123.9,2326.2,69,-0.0662,0.6317,77,0.7174,0.6423,76,0.6282,0.6251,71,0.0702,0.3162,hybrid,0.3883,ufa,0,0,6,2,0,0,43,43,0,0,240,532,36,11,2960,ufa-season,linked-ufa;attribute:thr;attribute:pos;attribute:off;attribute:def;role-average-prior;current-season-cumulative
66,Scott Heyman,18363,sheyman,2026,2026-09-03,2026-08-08,ufa-eb-v4,2026-08-14,74,2222.7,56.0,2130.6,2314.9,75,0.5377,0.7602,66,-0.4349,0.9252,61,-0.855,0.9151,67,-0.2719,0.7108,hybrid,0.6988,ufa,5,201.2,7,5,6,19,189,210,17,9,1734,1337,157,30,11050,ufa-season,linked-ufa;attribute:thr;attribute:pos;attribute:off;attribute:def;history-prior:5-seasons;current-season-cumulative
67,Daniel Ritthaler,18998,dritthale,2026,2026-09-03,2026-08-08,ufa-eb-v4,2026-08-14,74,2219.4,56.4,2126.6,2312.2,73,0.295,0.7402,80,0.9746,0.9399,88,1.7943,0.9064,88,1.8308,0.8133,hybrid,0.8309,position,3,180.8,31,27,5,8,294,304,11,8,2469,1263,167,2,10375,ufa-season,linked-ufa;attribute:thr;attribute:pos;attribute:off;attribute:def;history-prior:3-seasons;current-season-cumulative
68,Max Zwerin,29510,mzwerin,2026,2026-09-03,2026-08-08,ufa-eb-v4,2026-08-14,74,2217.7,60.7,2117.8,2317.5,69,-0.0632,0.1493,70,-0.0305,0.2961,66,-0.3588,0.6604,73,0.2855,0.6543,cutter,0.8079,position,0,0,6,1,8,1,8,9,0,0,21,216,0,80,6183,ufa-season,linked-ufa;attribute:thr;attribute:pos;attribute:off;attribute:def;role-average-prior;current-season-cumulative
69,Dylan Hawkins,16266,dhawkins,2026,2026-09-03,2026-08-08,ufa-eb-v4,2026-08-14,74,2217.2,53.9,2128.6,2305.8,63,-0.6807,0.7484,78,0.8272,0.9547,81,1.0831,0.9345,77,0.6586,0.6748,hybrid,0.7827,ufa,4,132.2,18,19,3,15,423,440,9,7,1860,1983,260,8,16809,ufa-season,linked-ufa;attribute:thr;attribute:pos;attribute:off;attribute:def;history-prior:4-seasons;current-season-cumulative
70,Gordon Larson,19884,glarson,2026,2026-09-03,2026-08-08,ufa-eb-v4,2026-08-14,74,2215.4,56.6,2122.3,2308.5,77,0.7201,0.8379,78,0.7575,0.9617,79,0.9132,0.9206,80,0.9725,0.6516,cutter,0.8309,position,4,280.7,5,40,3,22,524,547,27,20,4776,43,213,17,15583,ufa-season,linked-ufa;attribute:thr;attribute:pos;attribute:off;attribute:def;history-prior:4-seasons;current-season-cumulative
71,Albert Yuan,9198,ayuan,2026,2026-09-03,2026-08-08,ufa-eb-v4,2026-08-14,74,2211.1,54.4,2121.6,2300.5,72,0.1758,0.6245,74,0.3845,0.8216,76,0.5731,0.8861,76,0.558,0.6985,hybrid,0.5834,ufa,2,48.8,7,7,3,3,60,63,4,4,375,919,114,5,9297,ufa-season,linked-ufa;attribute:thr;attribute:pos;attribute:off;attribute:def;history-prior:2-seasons;current-season-cumulative
72,Oscar Graff,16445,ograff,2026,2026-09-03,2026-08-08,ufa-eb-v4,2026-08-14,73,2204.9,54.1,2115.9,2294.0,65,-0.5326,0.6953,77,0.6537,0.911,74,0.4493,0.7769,81,1.0611,0.8533,handler,0.7489,ufa,4,55.3,16,21,14,12,302,315,4,1,1344,852,16,214,16262,ufa-season,linked-ufa;attribute:thr;attribute:pos;attribute:off;attribute:def;history-prior:4-seasons;current-season-cumulative
73,Ezra Beidler-Shenk,22997,ebeidlers,2026,2026-09-03,2026-08-08,ufa-eb-v4,2026-08-14,73,2204.5,61.4,2103.6,2305.5,72,0.1887,0.7551,67,-0.336,0.9224,75,0.5467,0.8847,65,-0.5177,0.3771,handler,0.8757,position,0,0,11,25,1,33,403,440,28,16,3323,2514,212,11,12537,ufa-season,linked-ufa;attribute:thr;attribute:pos;attribute:off;attribute:def;role-average-prior;current-season-cumulative
74,Evan Magsig,16365,emagsig,2026,2026-09-03,2026-08-08,ufa-eb-v4,2026-08-14,73,2203.6,55.6,2112.2,2295.0,74,0.3748,0.7727,73,0.2709,0.915,71,0.1127,0.8936,79,0.8695,0.8582,handler,0.766,ufa,5,618.7,6,31,10,13,239,253,13,10,1534,463,17,231,17403,ufa-season,linked-ufa;attribute:thr;attribute:pos;attribute:off;attribute:def;history-prior:5-seasons;current-season-cumulative
75,Luke Yorgason,17292,lyorgason,2026,2026-09-03,2026-08-08,ufa-eb-v4,2026-08-14,73,2203.3,57.9,2108.0,2298.5,66,-0.4325,0.711,77,0.6725,0.9145,69,-0.1088,0.8955,74,0.3798,0.8435,handler,0.7469,ufa,4,259.4,10,11,6,8,221,232,4,2,1351,673,31,197,16807,ufa-season,linked-ufa;attribute:thr;attribute:pos;attribute:off;attribute:def;history-prior:4-seasons;current-season-cumulative
76,Dylan Villeneuve,7427,dvilleneu,2026,2026-09-03,2026-08-08,ufa-eb-v4,2026-08-14,73,2203.1,56.0,2111.0,2295.2,71,0.0904,0.1216,68,-0.2006,0.2961,70,-0.004,0.5899,72,0.2364,0.5817,cutter,0.4308,ufa,0,0,7,0,4,2,7,9,1,1,99,207,0,60,3469,ufa-season,linked-ufa;attribute:thr;attribute:pos;attribute:off;attribute:def;role-average-prior;current-season-cumulative
77,Bryan Vohnoutka,44796,bvohnoutk,2026,2026-09-03,2026-08-08,ufa-eb-v4,2026-08-14,73,2200.0,53.6,2111.8,2288.3,68,-0.2422,0.7193,73,0.2663,0.904,81,1.1297,0.8958,80,1.011,0.8111,cutter,0.6559,ufa,9,246.2,16,7,4,8,122,130,3,2,505,1684,104,54,10277,ufa-season,linked-ufa;attribute:thr;attribute:pos;attribute:off;attribute:def;history-prior:9-seasons;current-season-cumulative
78,Quinn Finer,4805,qfiner,2026,2026-09-03,2026-08-08,ufa-eb-v4,2026-08-14,73,2200.0,53.3,2112.4,2287.7,76,0.6308,0.7568,76,0.6233,0.9089,82,1.2174,0.8916,,,,handler,0.5791,ufa,4,288.9,8,20,0,7,196,205,12,7,1645,1065,117,0,7526,ufa-season,linked-ufa;attribute:thr;attribute:pos;attribute:off;history-prior:4-seasons;current-season-cumulative
79,Brayden Morrison,25583,bmorrison,2026,2026-09-03,2026-08-08,ufa-eb-v4,2026-08-14,73,2199.1,57.7,2104.1,2294.0,71,0.1365,0.6724,70,0.0463,0.8468,68,-0.1841,0.81,82,1.1942,0.7999,handler,0.8633,position,1,18.0,8,16,9,13,182,196,12,6,1261,344,41,163,13783,ufa-season,linked-ufa;attribute:thr;attribute:pos;attribute:off;attribute:def;history-prior:1-seasons;current-season-cumulative
80,Chander Boyd-Fliegel,21059,cboydflie,2026,2026-09-03,2026-08-08,ufa-eb-v4,2026-08-14,73,2199.0,57.4,2104.6,2293.5,79,0.8641,0.7039,75,0.5318,0.9028,85,1.4854,0.9039,77,0.7377,0.4665,hybrid,0.7633,ufa,0,0,25,29,2,10,215,226,12,10,1857,2085,230,15,15339,ufa-season,linked-ufa;attribute:thr;attribute:pos;attribute:off;attribute:def;role-average-prior;current-season-cumulative
81,Eric Brodbeck,8614,ebrodbeck,2026,2026-09-03,2026-08-08,ufa-eb-v4,2026-08-14,73,2198.7,54.4,2109.2,2288.2,71,0.0735,0.6981,69,-0.057,0.8916,73,0.2605,0.8856,76,0.5724,0.8264,handler,0.6849,ufa,6,254.6,4,15,6,11,139,151,7,3,1070,640,29,148,11643,ufa-season,linked-ufa;attribute:thr;attribute:pos;attribute:off;attribute:def;history-prior:6-seasons;current-season-cumulative
82,Xavier Payne,6320,xpayne,2026,2026-09-03,2026-08-08,ufa-eb-v4,2026-08-14,73,2196.7,53.3,2109.0,2284.4,69,-0.1255,0.7579,72,0.2316,0.914,61,-0.8531,0.8808,76,0.5687,0.8252,handler,0.6173,ufa,8,365.1,1,12,3,11,227,238,13,9,1476,114,59,77,10065,ufa-season,linked-ufa;attribute:thr;attribute:pos;attribute:off;attribute:def;history-prior:8-seasons;current-season-cumulative
83,Aidan Downey,11412,adowney,2026,2026-09-03,2026-08-08,ufa-eb-v4,2026-08-14,73,2196.6,53.9,2107.9,2285.3,68,-0.188,0.7575,75,0.4894,0.757,74,0.3905,0.7846,68,-0.2234,0.5912,handler,0.7755,position,3,115.4,0,1,0,0,2,2,0,0,4,10,0,16,974,ufa-season,linked-ufa;attribute:thr;attribute:pos;attribute:off;attribute:def;history-prior:3-seasons;current-season-cumulative
84,Lukas Ambrose,18712,lambrose,2026,2026-09-03,2026-08-08,ufa-eb-v4,2026-08-14,73,2194.5,57.2,2100.5,2288.5,65,-0.5005,0.676,75,0.4918,0.8828,71,0.1461,0.8699,77,0.7257,0.9044,hybrid,0.7167,ufa,3,102.1,11,7,10,4,82,86,3,3,221,1009,33,168,13823,ufa-season,linked-ufa;attribute:thr;attribute:pos;attribute:off;attribute:def;history-prior:3-seasons;current-season-cumulative
85,Chad Yorgason,17290,cyorgason,2026,2026-09-03,2026-08-08,ufa-eb-v4,2026-08-14,73,2191.1,56.2,2098.7,2283.5,92,2.1815,0.8105,67,-0.2648,0.9469,83,1.2573,0.9377,77,0.7348,0.8523,hybrid,0.8034,ufa,4,211.4,26,54,7,29,324,351,41,32,3519,3254,264,33,17613,ufa-season,linked-ufa;attribute:thr;attribute:pos;attribute:off;attribute:def;history-prior:4-seasons;current-season-cumulative
86,Grayson Sanner,7770,gsanner,2026,2026-09-03,2026-08-08,ufa-eb-v4,2026-08-14,72,2187.1,53.5,2099.0,2275.1,78,0.7591,0.737,73,0.2541,0.9315,90,1.9837,0.9328,76,0.5899,0.698,hybrid,0.773,ufa,5,160.6,43,22,2,14,215,228,10,7,1638,2806,254,2,16372,ufa-season,linked-ufa;attribute:thr;attribute:pos;attribute:off;attribute:def;history-prior:5-seasons;current-season-cumulative
87,Eliot Bemis,3016,ebemis,2026,2026-09-03,2026-08-08,ufa-eb-v4,2026-08-14,72,2185.6,54.6,2095.8,2275.5,70,0.0431,0.1675,70,0.0492,0.1679,68,-0.2065,0.4897,72,0.1823,0.4869,hybrid,0.3269,ufa,4,0.0,0,1,0,0,5,5,0,0,32,51,0,30,2299,ufa-season,linked-ufa;attribute:thr;attribute:pos;attribute:off;attribute:def;history-prior:4-seasons;current-season-cumulative
88,Sofiene Bontemps,27717,sbontemps,2026,2026-09-03,2026-08-08,ufa-eb-v4,2026-08-14,72,2183.5,75.8,2058.8,2308.2,79,0.943,0.5783,66,-0.3583,0.832,81,1.1078,0.8384,79,0.8789,0.4903,cutter,0.6173,ufa,1,13.0,20,8,6,11,94,105,12,9,599,1612,130,6,7788,ufa-season,linked-ufa;attribute:thr;attribute:pos;attribute:off;attribute:def;history-prior:1-seasons;current-season-cumulative
89,Martin Gallant,20113,mgallant,2026,2026-09-03,2026-08-08,ufa-eb-v4,2026-08-14,72,2183.1,65.0,2076.1,2290.0,75,0.51,0.7453,63,-0.7341,0.9304,79,0.9315,0.9199,72,0.1723,0.6229,hybrid,0.7615,ufa,3,67.5,27,28,2,28,238,263,20,12,1749,2863,228,15,16089,ufa-season,linked-ufa;attribute:thr;attribute:pos;attribute:off;attribute:def;history-prior:3-seasons;current-season-cumulative
90,Peter Kotz,17426,pkotz,2026,2026-09-03,2026-08-08,ufa-eb-v4,2026-08-14,72,2181.9,56.8,2088.4,2275.4,,,,,,,,,,,,,hybrid,0.6127,usau-stats,1,2.0,0,0,0,0,0,0,0,0,0,0,0,0,0,ufa-season,linked-ufa;history-prior:1-seasons;current-season-cumulative
91,Ben Lewis,1296,blewis,2026,2026-09-03,2026-08-08,ufa-eb-v4,2026-08-14,72,2180.9,53.0,2093.7,2268.0,60,-0.9843,0.6838,61,-0.8609,0.8872,67,-0.3175,0.8925,69,-0.0828,0.7778,hybrid,0.7755,position,9,145.9,8,7,2,11,84,95,2,1,153,1074,100,16,8117,ufa-season,linked-ufa;attribute:thr;attribute:pos;attribute:off;attribute:def;history-prior:9-seasons;current-season-cumulative
92,Micah Davis,22371,mdavis,2026,2026-09-03,2026-08-08,ufa-eb-v4,2026-08-14,72,2179.7,59.5,2081.9,2277.6,75,0.5439,0.5787,75,0.5495,0.7522,75,0.4544,0.7238,74,0.3877,0.6003,handler,0.5524,ufa,0,0,2,10,4,3,106,110,5,5,995,401,40,65,6576,ufa-season,linked-ufa;attribute:thr;attribute:pos;attribute:off;attribute:def;role-average-prior;current-season-cumulative
93,Turner Allen,12688,tallen1,2026,2026-09-03,2026-08-08,ufa-eb-v4,2026-08-14,72,2178.0,54.5,2088.3,2267.6,62,-0.8432,0.6257,72,0.1731,0.8312,69,-0.1458,0.725,72,0.2423,0.8434,hybrid,0.4754,ufa,4,70.0,4,4,4,4,50,53,1,1,219,191,4,71,3881,ufa-season,linked-ufa;attribute:thr;attribute:pos;attribute:off;attribute:def;history-prior:4-seasons;current-season-cumulative
94,AJ Merriman,12044,amerriman,2026,2026-09-03,2026-08-08,ufa-eb-v4,2026-08-14,72,2175.4,55.3,2084.5,2266.3,82,1.1572,0.7657,63,-0.7318,0.9294,75,0.5017,0.9171,75,0.493,0.8781,hybrid,0.7633,ufa,6,104.0,17,27,10,26,209,233,25,12,2059,1953,163,82,14749,ufa-season,linked-ufa;attribute:thr;attribute:pos;attribute:off;attribute:def;history-prior:6-seasons;current-season-cumulative
95,Jacob Louie,17322,jlouie,2026,2026-09-03,2026-08-08,ufa-eb-v4,2026-08-14,72,2171.6,55.1,2080.9,2262.2,64,-0.6301,0.703,81,1.1467,0.9275,80,1.0321,0.9012,71,0.1096,0.2478,handler,0.7738,ufa,0,0,13,23,5,8,474,482,2,1,2861,925,255,2,16783,ufa-season,linked-ufa;attribute:thr;attribute:pos;attribute:off;attribute:def;role-average-prior;current-season-cumulative
96,Kai Creed,27655,kcreed,2026,2026-09-03,2026-08-08,ufa-eb-v4,2026-08-14,72,2171.4,67.0,2061.3,2281.6,75,0.4501,0.6137,69,-0.088,0.7938,67,-0.2948,0.7105,71,0.0702,0.833,hybrid,0.8309,position,0,0,2,14,9,8,92,99,6,3,722,383,13,159,12484,ufa-season,linked-ufa;attribute:thr;attribute:pos;attribute:off;attribute:def;role-average-prior;current-season-cumulative
97,Brendan McCann,6457,bmccann,2026,2026-09-03,2026-08-08,ufa-eb-v4,2026-08-14,72,2168.9,53.8,2080.4,2257.4,63,-0.725,0.6838,76,0.5647,0.8677,67,-0.3116,0.7372,72,0.223,0.8746,handler,0.6701,ufa,8,155.4,5,5,4,3,108,114,2,2,326,233,1,166,10350,ufa-season,linked-ufa;attribute:thr;attribute:pos;attribute:off;attribute:def;history-prior:8-seasons;current-season-cumulative
98,Keith McRae,22269,kmcrae,2026,2026-09-03,2026-08-08,ufa-eb-v4,2026-08-14,72,2164.6,61.3,2063.8,2265.4,77,0.7322,0.6879,72,0.183,0.8778,77,0.6783,0.8885,71,0.0715,0.729,hybrid,0.5454,ufa,4,119.6,8,7,2,5,73,78,4,2,652,1097,101,1,6590,ufa-season,linked-ufa;attribute:thr;attribute:pos;attribute:off;attribute:def;history-prior:4-seasons;current-season-cumulative
99,Carter Lankford,27175,clankford,2026,2026-09-03,2026-08-08,ufa-eb-v4,2026-08-14,71,2163.2,58.2,2067.6,2258.9,67,-0.3012,0.5779,62,-0.7918,0.7775,67,-0.3466,0.7832,79,0.8696,0.8803,hybrid,0.6892,ufa,1,28.5,7,7,17,7,50,54,1,1,205,819,15,165,12480,ufa-season,linked-ufa;attribute:thr;attribute:pos;attribute:off;attribute:def;history-prior:1-seasons;current-season-cumulative
100,Allan Laviolette,1569,alaviolet,2026,2026-09-03,2026-08-08,ufa-eb-v4,2026-08-14,71,2162.5,54.7,2072.5,2252.5,89,1.8612,0.7837,79,0.9205,0.908,85,1.4977,0.8956,72,0.1861,0.3092,handler,0.6058,ufa,9,331.2,9,26,0,4,203,210,26,21,2080,605,128,2,8406,ufa-season,linked-ufa;attribute:thr;attribute:pos;attribute:off;attribute:def;history-prior:9-seasons;current-season-cumulative
101,James Whealan,20861,jwhealan,2026,2026-09-03,2026-08-08,ufa-eb-v4,2026-08-14,71,2162.5,56.6,2069.4,2255.6,68,-0.2037,0.5205,78,0.8377,0.69,69,-0.1121,0.7021,79,0.9445,0.8193,hybrid,0.6559,ufa,0,0,7,4,11,0,55,55,2,2,165,526,12,146,10725,ufa-season,linked-ufa;attribute:thr;attribute:pos;attribute:off;attribute:def;role-average-prior;current-season-cumulative
102,Jac Carreiro,10847,jcarreiro,2026,2026-09-03,2026-08-08,ufa-eb-v4,2026-08-14,71,2161.6,54.0,2072.7,2250.5,66,-0.4305,0.6103,70,0.0061,0.6146,66,-0.4327,0.6416,76,0.6387,0.8184,hybrid,0.543,ufa,3,10.2,3,2,7,2,27,29,0,0,92,286,3,98,7394,ufa-season,linked-ufa;attribute:thr;attribute:pos;attribute:off;attribute:def;history-prior:3-seasons;current-season-cumulative
103,Luc Comire,15742,lcomire,2026,2026-09-03,2026-08-08,ufa-eb-v4,2026-08-14,71,2160.7,57.8,2065.7,2255.7,70,-0.0389,0.7272,75,0.4512,0.9011,67,-0.3267,0.8994,77,0.67,0.7927,handler,0.7105,ufa,6,343.2,7,13,7,9,183,190,6,4,1355,456,60,136,13990,ufa-season,linked-ufa;attribute:thr;attribute:pos;attribute:off;attribute:def;history-prior:6-seasons;current-season-cumulative
104,Cole Davis-Brand,14625,cdavisbra,2026,2026-09-03,2026-08-08,ufa-eb-v4,2026-08-14,71,2160.4,56.1,2068.2,2252.7,63,-0.6789,0.6688,71,0.0727,0.8743,69,-0.1461,0.844,76,0.5718,0.8016,handler,0.6701,ufa,5,111.7,8,10,5,9,138,149,1,1,672,285,11,156,10731,ufa-season,linked-ufa;attribute:thr;attribute:pos;attribute:off;attribute:def;history-prior:5-seasons;current-season-cumulative
105,John McDonnell,11668,jmcdonnel,2026,2026-09-03,2026-08-08,ufa-eb-v4,2026-08-14,71,2158.9,53.0,2071.8,2246.1,,,,,,,,,,,,,unknown,0.1581,usau-stats,1,320.0,0,0,0,0,0,0,0,0,0,0,0,0,0,ufa-season,linked-ufa;history-prior:1-seasons;current-season-cumulative
106,Trevor Lynch,13526,tlynch,2026,2026-09-03,2026-08-08,ufa-eb-v4,2026-08-14,71,2154.3,54.1,2065.2,2243.3,81,1.1372,0.6803,72,0.1716,0.8663,77,0.7217,0.8576,75,0.5007,0.8179,hybrid,0.7755,position,5,135.7,6,10,3,4,56,60,5,3,556,434,37,41,5155,ufa-season,linked-ufa;attribute:thr;attribute:pos;attribute:off;attribute:def;history-prior:5-seasons;current-season-cumulative
107,Jesse Johnson,12063,jjohnson,2026,2026-09-03,2026-08-08,ufa-eb-v4,2026-08-14,71,2153.6,56.2,2061.2,2246.0,67,-0.3084,0.5544,66,-0.3638,0.7412,65,-0.4855,0.749,77,0.7265,0.8045,hybrid,0.8309,position,6,55.4,2,2,1,1,12,13,1,0,18,193,9,15,1798,ufa-season,linked-ufa;attribute:thr;attribute:pos;attribute:off;attribute:def;history-prior:6-seasons;current-season-cumulative
108,Duncan Fitzgerald,2356,dfitzgera,2026,2026-09-03,2026-08-08,ufa-eb-v4,2026-08-14,71,2152.3,54.0,2063.6,2241.1,70,0.0382,0.7314,79,0.938,0.9172,79,0.902,0.8995,75,0.5014,0.4228,handler,0.6459,ufa,4,171.5,8,15,3,6,272,280,10,8,2081,1221,151,1,9079,ufa-season,linked-ufa;attribute:thr;attribute:pos;attribute:off;attribute:def;history-prior:4-seasons;current-season-cumulative
109,Ezra Thoreson,17150,ethoreson,2026,2026-09-03,2026-08-08,ufa-eb-v4,2026-08-14,71,2150.8,57.7,2055.8,2245.8,,,,,,,,,,,,,unknown,0.1657,usau-stats,0,0,0,0,0,0,0,0,0,0,0,0,0,0,0,ufa-season,linked-ufa;role-average-prior;current-season-cumulative
110,Ben Thoennes,15044,bthoennes,2026,2026-09-03,2026-08-08,ufa-eb-v4,2026-08-14,71,2150.5,54.1,2061.5,2239.5,86,1.6185,0.8021,59,-1.1356,0.9283,73,0.2811,0.9102,61,-0.8514,0.8552,hybrid,0.7041,ufa,3,196.1,20,29,5,26,198,226,29,21,1995,2062,128,63,11421,ufa-season,linked-ufa;attribute:thr;attribute:pos;attribute:off;attribute:def;history-prior:3-seasons;current-season-cumulative
111,Malik Auger-Semmar,8348,maugersem,2026,2026-09-03,2026-08-08,ufa-eb-v4,2026-08-14,71,2150.3,58.6,2053.9,2246.6,73,0.3367,0.727,66,-0.394,0.9309,75,0.5193,0.9246,74,0.3907,0.688,hybrid,0.7974,ufa,6,40.3,27,47,9,26,264,286,11,7,1734,2577,251,37,18859,ufa-season,linked-ufa;attribute:thr;attribute:pos;attribute:off;attribute:def;history-prior:6-seasons;current-season-cumulative
112,Evan Swiatek,2568,eswiatek,2026,2026-09-03,2026-08-08,ufa-eb-v4,2026-08-14,71,2144.6,54.0,2055.8,2233.5,71,0.1422,0.7419,77,0.6918,0.9436,86,1.6296,0.9283,80,1.0218,0.5498,hybrid,0.7509,ufa,4,122.2,28,33,6,12,298,312,11,7,1631,2563,226,6,14349,ufa-season,linked-ufa;attribute:thr;attribute:pos;attribute:off;attribute:def;history-prior:4-seasons;current-season-cumulative
113,Felix Moren,15049,fmoren,2026,2026-09-03,2026-08-08,ufa-eb-v4,2026-08-14,71,2143.4,54.0,2054.6,2232.1,76,0.6383,0.6743,64,-0.5714,0.8409,74,0.4354,0.8128,73,0.2999,0.3202,handler,0.5209,ufa,2,28.6,4,17,5,14,147,163,14,7,1329,767,85,7,6022,ufa-season,linked-ufa;attribute:thr;attribute:pos;attribute:off;attribute:def;history-prior:2-seasons;current-season-cumulative
114,Roan Dunkerley,25576,rdunkerle,2026,2026-09-03,2026-08-08,ufa-eb-v4,2026-08-14,71,2143.1,62.0,2041.1,2245.1,71,0.1446,0.5931,77,0.6668,0.7713,77,0.7138,0.7805,72,0.2437,0.6347,hybrid,0.7755,position,2,2.8,5,6,1,2,79,81,6,5,442,820,63,41,6837,ufa-season,linked-ufa;attribute:thr;attribute:pos;attribute:off;attribute:def;history-prior:2-seasons;current-season-cumulative
115,Aaron Rosenthal,13620,arosentha,2026,2026-09-03,2026-08-08,ufa-eb-v4,2026-08-14,71,2142.8,56.1,2050.5,2235.0,66,-0.3836,0.4099,69,-0.0819,0.6476,68,-0.1684,0.868,79,0.875,0.8637,cutter,0.6425,ufa,3,28.8,15,0,7,1,11,11,0,0,19,414,0,150,9774,ufa-season,linked-ufa;attribute:thr;attribute:pos;attribute:off;attribute:def;history-prior:3-seasons;current-season-cumulative
116,Braden Eberhard,17752,beberhard,2026,2026-09-03,2026-08-08,ufa-eb-v4,2026-08-14,71,2142.6,59.4,2044.9,2240.3,61,-0.9143,0.7043,85,1.464,0.9187,79,0.8627,0.9048,72,0.2361,0.417,handler,0.6509,ufa,4,222.1,6,5,2,1,261,262,2,2,1248,334,154,1,10857,ufa-season,linked-ufa;attribute:thr;attribute:pos;attribute:off;attribute:def;history-prior:4-seasons;current-season-cumulative
117,Elijah Long,2363,elong,2026,2026-09-03,2026-08-08,ufa-eb-v4,2026-08-14,70,2139.7,52.8,2052.8,2226.5,66,-0.4368,0.7213,76,0.5627,0.922,76,0.6491,0.9041,76,0.6476,0.7354,handler,0.6988,ufa,5,251.4,9,14,6,12,269,278,6,2,1798,374,102,85,13042,ufa-season,linked-ufa;attribute:thr;attribute:pos;attribute:off;attribute:def;history-prior:5-seasons;current-season-cumulative
118,Sam Pew,161261,spew,2026,2026-09-03,2026-08-08,ufa-eb-v4,2026-08-14,70,2139.6,76.5,2013.7,2265.4,81,1.0683,0.4989,70,0.0061,0.6527,70,-0.0457,0.6385,72,0.2334,0.8149,hybrid,0.342,ufa,1,38.5,4,3,2,1,7,8,3,2,134,155,1,33,1843,ufa-season,linked-ufa;attribute:thr;attribute:pos;attribute:off;attribute:def;history-prior:1-seasons;current-season-cumulative
119,Beckett Sessums,21841,bsessums,2026,2026-09-03,2026-08-08,ufa-eb-v4,2026-08-14,70,2138.8,55.7,2047.1,2230.4,75,0.4683,0.3807,59,-1.0981,0.67,69,-0.0717,0.7031,74,0.427,0.6941,cutter,0.8864,position,1,18.0,4,2,5,5,26,31,3,2,295,326,19,48,4384,ufa-season,linked-ufa;attribute:thr;attribute:pos;attribute:off;attribute:def;history-prior:1-seasons;current-season-cumulative
120,Nima Lhamo,22299,nlhamo,2026,2026-09-03,2026-08-08,ufa-eb-v4,2026-08-14,70,2138.0,56.0,2045.9,2230.2,70,0.016,0.2791,73,0.2538,0.4525,70,0.0491,0.5437,73,0.2804,0.5298,cutter,0.8757,position,0,0,2,7,3,0,20,21,0,0,97,94,0,49,2673,ufa-season,linked-ufa;attribute:thr;attribute:pos;attribute:off;attribute:def;role-average-prior;current-season-cumulative
121,Suraj Madiraju,12530,smadiraju,2026,2026-09-03,2026-08-08,ufa-eb-v4,2026-08-14,70,2135.7,53.7,2047.3,2224.1,70,-0.0177,0.6478,73,0.3133,0.8563,70,-0.0321,0.8095,78,0.7806,0.9005,handler,0.8053,ufa,5,96.1,8,20,13,5,118,122,1,1,556,592,1,299,18711,ufa-season,linked-ufa;attribute:thr;attribute:pos;attribute:off;attribute:def;history-prior:5-seasons;current-season-cumulative
122,Xavier Fuzat,15708,xfuzat,2026,2026-09-03,2026-08-08,ufa-eb-v4,2026-08-14,70,2135.6,55.6,2044.2,2227.1,64,-0.5974,0.7545,70,-0.0448,0.9479,67,-0.256,0.8949,74,0.3932,0.5642,hybrid,0.8079,position,2,39.9,22,21,5,32,395,427,18,7,2380,994,167,12,12653,ufa-season,linked-ufa;attribute:thr;attribute:pos;attribute:off;attribute:def;history-prior:2-seasons;current-season-cumulative
123,Blake Krapfl,13999,bkrapfl,2026,2026-09-03,2026-08-08,ufa-eb-v4,2026-08-14,70,2135.5,54.8,2045.4,2225.6,74,0.3526,0.359,67,-0.296,0.6656,70,-0.0093,0.7074,78,0.8311,0.8724,cutter,0.8309,position,4,15.2,11,3,6,3,27,31,2,1,116,694,5,187,13627,ufa-season,linked-ufa;attribute:thr;attribute:pos;attribute:off;attribute:def;history-prior:4-seasons;current-season-cumulative
124,Bret Bergmeier,11396,bbergmeie,2026,2026-09-03,2026-08-08,ufa-eb-v4,2026-08-14,70,2132.6,54.0,2043.7,2221.4,64,-0.609,0.6687,74,0.3546,0.8574,68,-0.1722,0.79,78,0.8083,0.8457,hybrid,0.4084,ufa,5,117.4,1,3,0,2,49,51,1,1,112,251,6,47,4442,ufa-season,linked-ufa;attribute:thr;attribute:pos;attribute:off;attribute:def;history-prior:5-seasons;current-season-cumulative
125,Cameron Brock,11810,cbrock,2026,2026-09-03,2026-08-08,ufa-eb-v4,2026-08-14,70,2132.3,54.7,2042.3,2222.4,62,-0.7646,0.6964,78,0.7624,0.9399,80,1.022,0.9353,77,0.7272,0.493,cutter,0.8131,ufa,13,249.4,43,17,8,11,270,280,2,2,1114,3508,302,11,19564,ufa-season,linked-ufa;attribute:thr;attribute:pos;attribute:off;attribute:def;history-prior:13-seasons;current-season-cumulative
126,Drew Schnaudigel,16001,dschnaudi,2026,2026-09-03,2026-08-08,ufa-eb-v4,2026-08-14,70,2132.3,59.0,2035.2,2229.3,72,0.2155,0.4407,77,0.6707,0.7409,70,-0.0257,0.6959,75,0.5212,0.851,cutter,0.8079,position,1,6.0,14,6,13,1,64,65,4,4,408,746,5,225,14182,ufa-season,linked-ufa;attribute:thr;attribute:pos;attribute:off;attribute:def;history-prior:1-seasons;current-season-cumulative
127,Suhas Madiraju,22366,smadiraju1,2026,2026-09-03,2026-08-08,ufa-eb-v4,2026-08-14,70,2131.5,54.0,2042.6,2220.4,68,-0.2363,0.65,79,0.9106,0.8591,69,-0.0571,0.8965,79,0.8802,0.8969,hybrid,0.7755,position,2,56.5,13,6,4,2,93,95,2,2,495,436,0,202,14296,ufa-season,linked-ufa;attribute:thr;attribute:pos;attribute:off;attribute:def;history-prior:2-seasons;current-season-cumulative
128,Nanda Min-Fink,18226,nminfink,2026,2026-09-03,2026-08-08,ufa-eb-v4,2026-08-14,70,2128.6,55.9,2036.7,2220.5,72,0.1821,0.7456,69,-0.0876,0.9229,80,0.9841,0.9073,72,0.2081,0.5403,handler,0.6701,ufa,2,198.2,8,20,3,20,269,290,17,8,1906,1598,154,13,11111,ufa-season,linked-ufa;attribute:thr;attribute:pos;attribute:off;attribute:def;history-prior:2-seasons;current-season-cumulative
129,Cameron Lacy,24167,clacy,2026,2026-09-03,2026-08-08,ufa-eb-v4,2026-08-14,70,2126.7,64.9,2020.0,2233.5,72,0.2323,0.714,66,-0.4086,0.8891,68,-0.2114,0.8005,80,0.9909,0.8967,handler,0.782,ufa,3,116.2,6,18,12,16,180,198,11,3,1255,415,16,251,17541,ufa-season,linked-ufa;attribute:thr;attribute:pos;attribute:off;attribute:def;history-prior:3-seasons;current-season-cumulative
130,Adam Turcotte,10813,aturcotte,2026,2026-09-03,2026-08-08,ufa-eb-v4,2026-08-14,70,2125.9,61.6,2024.6,2227.3,66,-0.4469,0.8125,66,-0.4042,0.8065,65,-0.5265,0.822,74,0.3854,0.661,handler,0.437,ufa,4,129.9,1,2,5,3,33,36,0,0,214,84,22,40,3609,ufa-season,linked-ufa;attribute:thr;attribute:pos;attribute:off;attribute:def;history-prior:4-seasons;current-season-cumulative
131,Sam Anderson,20703,sanderson1,2026,2026-09-03,2026-08-08,ufa-eb-v4,2026-08-14,70,2125.5,60.7,2025.6,2225.3,72,0.1626,0.4312,69,-0.1442,0.4476,66,-0.364,0.6,60,-0.9945,0.6572,hybrid,0.4782,ufa,0,0,4,3,2,2,18,19,0,0,120,275,16,60,4116,ufa-season,linked-ufa;attribute:thr;attribute:pos;attribute:off;attribute:def;role-average-prior;current-season-cumulative
132,Paul Owens,14019,powens,2026,2026-09-03,2026-08-08,ufa-eb-v4,2026-08-14,70,2125.2,54.5,2035.6,2214.8,69,-0.0653,0.6635,67,-0.3457,0.8481,70,0.0127,0.8035,66,-0.4225,0.8253,hybrid,0.8309,position,6,178.3,1,4,2,5,37,42,3,1,238,292,13,21,2471,ufa-season,linked-ufa;attribute:thr;attribute:pos;attribute:off;attribute:def;history-prior:6-seasons;current-season-cumulative
133,Owen Erdman,29113,oerdman,2026,2026-09-03,2026-08-08,ufa-eb-v4,2026-08-14,70,2124.2,69.5,2009.9,2238.5,79,0.8972,0.5466,68,-0.1653,0.701,72,0.1881,0.7178,67,-0.317,0.1869,hybrid,0.4551,ufa,0,0,8,8,2,5,54,60,7,6,605,787,66,2,3925,ufa-season,linked-ufa;attribute:thr;attribute:pos;attribute:off;attribute:def;role-average-prior;current-season-cumulative
134,Jordan Kerr,6871,jkerr,2026,2026-09-03,2026-08-08,ufa-eb-v4,2026-08-14,70,2121.0,54.9,2030.8,2211.3,81,1.125,0.7836,75,0.5369,0.9434,85,1.4612,0.9316,74,0.4325,0.4506,handler,0.7835,ufa,5,302.7,18,56,6,19,437,457,21,18,4142,2147,267,2,16045,ufa-season,linked-ufa;attribute:thr;attribute:pos;attribute:off;attribute:def;history-prior:5-seasons;current-season-cumulative
135,Nathan Hsieh,10992,nhsieh,2026,2026-09-03,2026-08-08,ufa-eb-v4,2026-08-14,70,2120.3,69.5,2006.0,2234.6,82,1.1788,0.5997,66,-0.3889,0.7759,69,-0.0586,0.8198,80,1.0163,0.8216,hybrid,0.5834,ufa,2,25.8,6,13,9,5,53,60,5,3,494,463,28,91,8344,ufa-season,linked-ufa;attribute:thr;attribute:pos;attribute:off;attribute:def;history-prior:2-seasons;current-season-cumulative
136,Eric Zhuang,20115,ezhuang,2026,2026-09-03,2026-08-08,ufa-eb-v4,2026-08-14,70,2119.4,66.1,2010.6,2228.1,69,-0.1102,0.3494,71,0.1325,0.5762,64,-0.5559,0.6673,76,0.6289,0.8351,cutter,0.8079,position,0,0,13,2,18,2,29,30,0,0,111,655,4,211,15260,ufa-season,linked-ufa;attribute:thr;attribute:pos;attribute:off;attribute:def;role-average-prior;current-season-cumulative
137,Brandon Matis,3426,bmatis,2026,2026-09-03,2026-08-08,ufa-eb-v4,2026-08-14,69,2116.8,54.7,2026.9,2206.7,70,-0.0496,0.4022,70,-0.0133,0.6071,65,-0.4531,0.7918,81,1.1412,0.7695,cutter,0.7755,position,12,23.4,1,1,2,1,15,15,0,0,64,59,0,49,4312,ufa-season,linked-ufa;attribute:thr;attribute:pos;attribute:off;attribute:def;history-prior:12-seasons;current-season-cumulative
138,Gagan Chatha,1302,gchatha,2026,2026-09-03,2026-08-08,ufa-eb-v4,2026-08-14,69,2116.6,56.8,2023.2,2210.0,78,0.7744,0.6399,63,-0.6906,0.7881,68,-0.1658,0.8064,72,0.2383,0.6072,handler,0.6247,ufa,3,0.4,7,9,5,13,122,135,20,11,1208,783,82,58,9126,ufa-season,linked-ufa;attribute:thr;attribute:pos;attribute:off;attribute:def;history-prior:3-seasons;current-season-cumulative
139,Becker Joseph,23362,bjoseph,2026,2026-09-03,2026-08-08,ufa-eb-v4,2026-08-14,69,2116.2,67.1,2005.8,2226.6,70,-0.0383,0.2166,66,-0.4221,0.2713,67,-0.296,0.3478,67,-0.337,0.3996,hybrid,0.9118,position,0,0,0,1,2,3,7,10,1,0,24,8,0,21,1134,ufa-season,linked-ufa;attribute:thr;attribute:pos;attribute:off;attribute:def;role-average-prior;current-season-cumulative
140,Kyle Rubin,4408,krubin,2026,2026-09-03,2026-08-08,ufa-eb-v4,2026-08-14,69,2115.9,54.2,2026.8,2205.0,77,0.6704,0.6849,72,0.2244,0.8673,74,0.4384,0.8914,71,0.1448,0.3409,handler,0.5791,ufa,8,173.4,5,11,1,6,97,103,5,5,846,493,115,2,7282,ufa-season,linked-ufa;attribute:thr;attribute:pos;attribute:off;attribute:def;history-prior:8-seasons;current-season-cumulative
141,Dylan Best,3900,dbest,2026,2026-09-03,2026-08-08,ufa-eb-v4,2026-08-14,69,2115.8,53.1,2028.5,2203.2,70,0.0333,0.6354,70,0.0227,0.8277,76,0.5855,0.8031,68,-0.2394,0.1931,hybrid,0.5477,ufa,2,4.5,11,6,1,9,105,112,7,6,503,1151,102,1,6336,ufa-season,linked-ufa;attribute:thr;attribute:pos;attribute:off;attribute:def;history-prior:2-seasons;current-season-cumulative
142,Simon Dastrup,13695,sdastrup,2026,2026-09-03,2026-08-08,ufa-eb-v4,2026-08-14,69,2115.5,56.8,2022.0,2209.0,70,0.0019,0.636,70,0.0018,0.8963,76,0.6411,0.9132,81,1.1399,0.8211,cutter,0.8309,position,3,32.9,29,16,17,13,162,175,6,4,715,2806,188,109,18389,ufa-season,linked-ufa;attribute:thr;attribute:pos;attribute:off;attribute:def;history-prior:3-seasons;current-season-cumulative
143,Stefan McCall,20554,smccall1,2026,2026-09-03,2026-08-08,ufa-eb-v4,2026-08-14,69,2114.3,61.2,2013.7,2214.9,66,-0.4276,0.6581,78,0.7692,0.8574,78,0.7516,0.8138,77,0.6588,0.7672,hybrid,0.8079,position,1,49.5,6,11,3,3,104,107,2,1,267,532,58,27,6450,ufa-season,linked-ufa;attribute:thr;attribute:pos;attribute:off;attribute:def;history-prior:1-seasons;current-season-cumulative
144,Itay Chang,13131,ichang,2026,2026-09-03,2026-08-08,ufa-eb-v4,2026-08-14,69,2113.2,56.9,2019.5,2206.8,68,-0.1719,0.609,76,0.5931,0.7926,71,0.0515,0.6488,80,1.0078,0.7517,handler,0.6097,ufa,1,15.5,4,10,9,4,120,125,4,3,727,313,1,131,9089,ufa-season,linked-ufa;attribute:thr;attribute:pos;attribute:off;attribute:def;history-prior:1-seasons;current-season-cumulative
145,Philippe Le Bourdais,19811,plebourda,2026,2026-09-03,2026-08-08,ufa-eb-v4,2026-08-14,69,2112.4,72.1,1993.9,2231.0,68,-0.2295,0.6648,71,0.1173,0.8443,75,0.5031,0.895,68,-0.2353,0.5627,cutter,0.6338,ufa,3,66.1,21,2,0,4,54,58,0,0,176,1137,121,24,9806,ufa-season,linked-ufa;attribute:thr;attribute:pos;attribute:off;attribute:def;history-prior:3-seasons;current-season-cumulative
146,Zach Morton,21279,zmorton,2026,2026-09-03,2026-08-08,ufa-eb-v4,2026-08-14,69,2112.3,65.6,2004.3,2220.2,72,0.2047,0.4081,72,0.2423,0.7261,78,0.8303,0.8329,75,0.4924,0.7478,cutter,0.8757,position,1,2.5,34,3,5,3,51,55,4,2,358,2011,86,112,12027,ufa-season,linked-ufa;attribute:thr;attribute:pos;attribute:off;attribute:def;history-prior:1-seasons;current-season-cumulative
147,Victor Luo,4355,vluo,2026,2026-09-03,2026-08-08,ufa-eb-v4,2026-08-14,69,2109.5,54.0,2020.7,2198.3,68,-0.1854,0.6984,73,0.3493,0.8913,69,-0.0798,0.8841,70,0.0336,0.8239,handler,0.682,ufa,8,230.3,4,15,7,6,140,147,2,2,982,755,37,138,12679,ufa-season,linked-ufa;attribute:thr;attribute:pos;attribute:off;attribute:def;history-prior:8-seasons;current-season-cumulative
148,Quentin Bonnaud,14657,qbonnaud,2026,2026-09-03,2026-08-08,ufa-eb-v4,2026-08-14,69,2108.9,67.0,1998.8,2219.1,68,-0.153,0.632,70,-0.0441,0.8148,65,-0.4683,0.8332,,,,hybrid,0.3035,ufa,6,165.7,2,1,1,1,9,10,1,0,41,109,24,0,1699,ufa-season,linked-ufa;attribute:thr;attribute:pos;attribute:off;history-prior:6-seasons;current-season-cumulative
149,Andrew Roy,2353,aroy,2026,2026-09-03,2026-08-08,ufa-eb-v4,2026-08-14,69,2108.3,52.8,2021.5,2195.1,64,-0.5524,0.7476,77,0.6511,0.9476,74,0.351,0.9292,73,0.2844,0.4716,handler,0.7755,position,5,602.1,16,9,1,21,502,522,5,3,4154,1248,248,8,15673,ufa-season,linked-ufa;attribute:thr;attribute:pos;attribute:off;attribute:def;history-prior:5-seasons;current-season-cumulative
150,Matthew Armour,11122,marmour,2026,2026-09-03,2026-08-08,ufa-eb-v4,2026-08-14,69,2107.2,54.2,2018.0,2196.3,72,0.213,0.7086,74,0.3551,0.9017,76,0.5987,0.8723,81,1.0684,0.8348,handler,0.7274,ufa,7,87.3,10,25,7,12,240,253,7,5,1843,872,53,157,14119,ufa-season,linked-ufa;attribute:thr;attribute:pos;attribute:off;attribute:def;history-prior:7-seasons;current-season-cumulative
151,Jake Thorne,15738,jthorne,2026,2026-09-03,2026-08-08,ufa-eb-v4,2026-08-14,69,2106.3,55.0,2015.8,2196.8,63,-0.6527,0.522,68,-0.2027,0.7372,73,0.2677,0.8166,83,1.266,0.7247,cutter,0.4754,ufa,4,40.2,7,1,1,3,23,25,0,0,66,363,18,57,5610,ufa-season,linked-ufa;attribute:thr;attribute:pos;attribute:off;attribute:def;history-prior:4-seasons;current-season-cumulative
152,Jackson Potts,11727,jpotts,2026,2026-09-03,2026-08-08,ufa-eb-v4,2026-08-14,69,2105.8,56.4,2013.1,2198.6,81,1.0733,0.6453,76,0.5583,0.8252,77,0.6667,0.8332,74,0.3512,0.6902,hybrid,0.8079,position,5,153.2,1,4,0,0,18,18,1,1,225,248,25,1,1486,ufa-season,linked-ufa;attribute:thr;attribute:pos;attribute:off;attribute:def;history-prior:5-seasons;current-season-cumulative
153,Charlie Vukovic,54332,cvukovic,2026,2026-09-03,2026-08-08,ufa-eb-v4,2026-08-14,69,2105.3,56.2,2012.8,2197.8,75,0.5057,0.6771,64,-0.5548,0.8564,61,-0.8927,0.8671,62,-0.7806,0.8888,hybrid,0.8309,position,4,84.3,6,7,7,5,61,66,6,4,434,520,49,129,11574,ufa-season,linked-ufa;attribute:thr;attribute:pos;attribute:off;attribute:def;history-prior:4-seasons;current-season-cumulative
154,Dylan Burns,18076,dburns,2026,2026-09-03,2026-08-08,ufa-eb-v4,2026-08-14,69,2105.3,57.3,2011.0,2199.6,72,0.1732,0.6698,74,0.3513,0.8796,75,0.4613,0.8812,80,1.0019,0.8736,hybrid,0.6591,ufa,3,144.5,16,8,3,4,76,80,2,2,433,678,14,146,11361,ufa-season,linked-ufa;attribute:thr;attribute:pos;attribute:off;attribute:def;history-prior:3-seasons;current-season-cumulative
155,Keaton Orser,18991,korser,2026,2026-09-03,2026-08-08,ufa-eb-v4,2026-08-14,69,2104.4,56.9,2010.8,2198.0,70,-0.0327,0.5145,68,-0.2,0.6619,68,-0.1976,0.6013,71,0.1015,0.5141,hybrid,0.8079,position,0,0,5,3,0,5,48,53,2,1,344,152,22,29,3193,ufa-season,linked-ufa;attribute:thr;attribute:pos;attribute:off;attribute:def;role-average-prior;current-season-cumulative
156,Jason Tapper,23156,jtapper,2026,2026-09-03,2026-08-08,ufa-eb-v4,2026-08-14,69,2101.4,57.4,2007.1,2195.8,66,-0.3845,0.4247,71,0.0836,0.631,67,-0.3205,0.6012,73,0.2674,0.7874,cutter,0.8079,position,2,11.5,3,2,5,2,30,31,0,0,55,265,1,111,7497,ufa-season,linked-ufa;attribute:thr;attribute:pos;attribute:off;attribute:def;history-prior:2-seasons;current-season-cumulative
157,Gavin Leahy,56861,gleahy,2026,2026-09-03,2026-08-08,ufa-eb-v4,2026-08-14,69,2101.3,69.9,1986.4,2216.3,69,-0.0516,0.6737,74,0.3941,0.8878,86,1.559,0.8851,75,0.4623,0.4956,hybrid,0.6542,ufa,2,29.8,25,12,2,9,154,159,4,4,1017,1896,150,7,18165,ufa-season,linked-ufa;attribute:thr;attribute:pos;attribute:off;attribute:def;history-prior:2-seasons;current-season-cumulative
158,Ryan Drost,8953,rdrost,2026,2026-09-03,2026-08-08,ufa-eb-v4,2026-08-14,69,2097.8,52.9,2010.9,2184.8,62,-0.7603,0.4387,71,0.0835,0.6577,65,-0.4543,0.6361,74,0.4121,0.7666,cutter,0.437,ufa,11,20.3,4,1,4,2,24,26,0,0,24,176,5,57,4859,ufa-season,linked-ufa;attribute:thr;attribute:pos;attribute:off;attribute:def;history-prior:11-seasons;current-season-cumulative
159,Brandon Van Deusen,17025,bvandeuse,2026,2026-09-03,2026-08-08,ufa-eb-v4,2026-08-14,69,2096.8,55.7,2005.2,2188.4,72,0.1929,0.7908,78,0.7537,0.9588,73,0.2843,0.9312,79,0.8789,0.5587,hybrid,0.8309,position,5,323.0,11,20,12,21,496,519,23,18,3551,1000,235,11,16522,ufa-season,linked-ufa;attribute:thr;attribute:pos;attribute:off;attribute:def;history-prior:5-seasons;current-season-cumulative
160,Tej Murthy,25584,tmurthy,2026,2026-09-03,2026-08-08,ufa-eb-v4,2026-08-14,68,2096.2,61.6,1994.9,2197.4,,,,,,,,,,,,,unknown,0.0858,usau-stats,2,1.0,0,0,0,0,0,0,0,0,0,0,0,0,0,ufa-season,linked-ufa;history-prior:2-seasons;current-season-cumulative
161,Jasper Tom,9705,jtom,2026,2026-09-03,2026-08-08,ufa-eb-v4,2026-08-14,68,2093.4,53.6,2005.2,2181.7,69,-0.0864,0.4746,76,0.5991,0.7649,75,0.4603,0.7532,74,0.3817,0.7764,cutter,0.275,ufa,6,74.8,5,0,0,0,6,6,0,0,-18,92,0,17,892,ufa-season,linked-ufa;attribute:thr;attribute:pos;attribute:off;attribute:def;history-prior:6-seasons;current-season-cumulative
162,MATT TUCKER,2534,mtucker,2026,2026-09-03,2026-08-08,ufa-eb-v4,2026-08-14,68,2093.1,55.1,2002.5,2183.7,68,-0.1818,0.596,76,0.5814,0.7988,71,0.1367,0.7329,81,1.0967,0.9207,hybrid,0.7755,position,4,30.9,23,8,16,1,61,63,1,1,258,1148,4,243,14874,ufa-season,linked-ufa;attribute:thr;attribute:pos;attribute:off;attribute:def;history-prior:4-seasons;current-season-cumulative
163,Reid Duncan,18317,rduncan,2026,2026-09-03,2026-08-08,ufa-eb-v4,2026-08-14,68,2093.0,55.8,2001.2,2184.9,73,0.3385,0.6811,60,-0.9839,0.8782,70,0.0324,0.9211,53,-1.6546,0.8189,hybrid,0.8309,position,4,26.4,32,14,1,20,127,141,12,5,707,2596,227,34,14924,ufa-season,linked-ufa;attribute:thr;attribute:pos;attribute:off;attribute:def;history-prior:4-seasons;current-season-cumulative
164,Derek Mourad,7556,dmourad,2026,2026-09-03,2026-08-08,ufa-eb-v4,2026-08-14,68,2092.3,53.9,2003.7,2180.8,65,-0.4821,0.7836,78,0.8388,0.9488,72,0.2154,0.9071,74,0.4002,0.5248,cutter,0.8079,position,4,247.3,3,10,0,14,371,385,11,8,2117,404,172,2,23912,ufa-season,linked-ufa;attribute:thr;attribute:pos;attribute:off;attribute:def;history-prior:4-seasons;current-season-cumulative
165,Thomas Shope,20638,tshope,2026,2026-09-03,2026-08-08,ufa-eb-v4,2026-08-14,68,2092.2,58.3,1996.4,2188.1,67,-0.2795,0.5096,67,-0.3033,0.7241,71,0.1153,0.7874,75,0.5489,0.7219,cutter,0.3639,ufa,2,48.8,4,1,2,2,11,13,0,0,42,139,15,25,2761,ufa-season,linked-ufa;attribute:thr;attribute:pos;attribute:off;attribute:def;history-prior:2-seasons;current-season-cumulative
166,Colin Sunde,2107,csunde,2026,2026-09-03,2026-08-08,ufa-eb-v4,2026-08-14,68,2090.5,53.4,2002.7,2178.4,75,0.5101,0.627,70,0.0426,0.7967,74,0.41,0.7987,76,0.6211,0.4718,handler,0.437,ufa,3,101.1,1,4,2,4,43,47,3,1,375,212,33,29,3444,ufa-season,linked-ufa;attribute:thr;attribute:pos;attribute:off;attribute:def;history-prior:3-seasons;current-season-cumulative
167,Wilson Matthews,2472,wmatthews1,2026,2026-09-03,2026-08-08,ufa-eb-v4,2026-08-14,68,2088.2,54.9,1997.9,2178.5,58,-1.1702,0.6119,68,-0.2256,0.9032,72,0.1925,0.9114,65,-0.5342,0.584,cutter,0.713,ufa,4,69.2,30,3,1,13,136,147,4,2,254,2460,182,16,14608,ufa-season,linked-ufa;attribute:thr;attribute:pos;attribute:off;attribute:def;history-prior:4-seasons;current-season-cumulative
168,Walker Matthews,4669,wmatthews,2026,2026-09-03,2026-08-08,ufa-eb-v4,2026-08-14,68,2084.9,53.6,1996.8,2173.0,71,0.0686,0.6555,59,-1.0552,0.8484,80,1.0492,0.855,74,0.4462,0.6806,hybrid,0.5812,ufa,4,22.8,11,14,0,15,102,113,7,3,525,1216,116,2,7428,ufa-season,linked-ufa;attribute:thr;attribute:pos;attribute:off;attribute:def;history-prior:4-seasons;current-season-cumulative
169,Ian Sweeney,4212,isweeney,2026,2026-09-03,2026-08-08,ufa-eb-v4,2026-08-14,68,2083.6,52.5,1997.2,2170.0,76,0.5877,0.71,52,-1.7868,0.8732,64,-0.5759,0.8445,78,0.8266,0.8527,handler,0.8309,position,5,120.4,9,12,9,22,129,151,13,11,1084,435,19,165,11913,ufa-season,linked-ufa;attribute:thr;attribute:pos;attribute:off;attribute:def;history-prior:5-seasons;current-season-cumulative
170,Noah Bush,20619,nbush,2026,2026-09-03,2026-08-08,ufa-eb-v4,2026-08-14,68,2081.4,55.8,1989.7,2173.1,71,0.1194,0.1841,71,0.1006,0.2345,71,0.075,0.2989,71,0.1394,0.2916,hybrid,0.2581,ufa,0,0,0,2,0,0,8,8,1,1,76,100,0,13,753,ufa-season,linked-ufa;attribute:thr;attribute:pos;attribute:off;attribute:def;role-average-prior;current-season-cumulative
171,Ian Mccosky,17717,imccosky,2026,2026-09-03,2026-08-08,ufa-eb-v4,2026-08-14,68,2081.2,55.7,1989.5,2172.8,66,-0.3609,0.7384,77,0.7098,0.9368,77,0.6978,0.9021,77,0.6637,0.6761,handler,0.7105,ufa,5,72.5,9,24,2,16,458,475,11,8,2989,1370,191,5,13686,ufa-season,linked-ufa;attribute:thr;attribute:pos;attribute:off;attribute:def;history-prior:5-seasons;current-season-cumulative
172,Tristan Yarter,12417,tyarter,2026,2026-09-03,2026-08-08,ufa-eb-v4,2026-08-14,68,2080.3,53.7,1992.0,2168.6,73,0.3046,0.6335,64,-0.6233,0.7985,65,-0.5322,0.7066,63,-0.6713,0.7791,hybrid,0.8079,position,4,41.3,2,3,1,8,57,65,9,3,368,213,22,30,2792,ufa-season,linked-ufa;attribute:thr;attribute:pos;attribute:off;attribute:def;history-prior:4-seasons;current-season-cumulative
173,William St-Pierre,19813,wstpierre,2026,2026-09-03,2026-08-08,ufa-eb-v4,2026-08-14,68,2079.8,69.5,1965.5,2194.1,68,-0.2307,0.8804,70,-0.048,0.8842,64,-0.6181,0.9119,68,-0.2223,0.8496,hybrid,0.7227,ufa,3,75.5,9,10,3,9,100,109,0,0,507,1008,106,100,15303,ufa-season,linked-ufa;attribute:thr;attribute:pos;attribute:off;attribute:def;history-prior:3-seasons;current-season-cumulative
174,Reed Browning,8278,rbrowning,2026,2026-09-03,2026-08-08,ufa-eb-v4,2026-08-14,68,2079.2,56.2,1986.8,2171.6,66,-0.3743,0.6716,73,0.3271,0.8769,66,-0.3815,0.7299,72,0.1787,0.9144,hybrid,0.7479,ufa,2,40.5,7,12,12,6,131,139,2,1,496,602,4,225,15736,ufa-season,linked-ufa;attribute:thr;attribute:pos;attribute:off;attribute:def;history-prior:2-seasons;current-season-cumulative
175,Max Hanscom,29101,mhanscom,2026,2026-09-03,2026-08-08,ufa-eb-v4,2026-08-14,68,2079.1,62.8,1975.8,2182.5,68,-0.2432,0.4057,70,0.0477,0.6348,70,0.0097,0.7682,72,0.1594,0.7571,cutter,0.5184,ufa,1,17.0,11,0,1,2,21,22,0,0,94,534,38,53,6134,ufa-season,linked-ufa;attribute:thr;attribute:pos;attribute:off;attribute:def;history-prior:1-seasons;current-season-cumulative
176,Samuel McCrory,25791,smccrory,2026,2026-09-03,2026-08-08,ufa-eb-v4,2026-08-14,67,2073.4,75.5,1949.3,2197.6,71,0.07,0.114,70,0.0035,0.2063,69,-0.1291,0.2792,68,-0.1789,0.3109,cutter,0.8757,position,1,0.5,0,1,0,0,6,6,0,0,83,60,0,10,727,ufa-season,linked-ufa;attribute:thr;attribute:pos;attribute:off;attribute:def;history-prior:1-seasons;current-season-cumulative
177,Emmett Warner,15056,ewarner1,2026,2026-09-03,2026-08-08,ufa-eb-v4,2026-08-14,67,2072.6,54.3,1983.2,2161.9,72,0.1726,0.7014,63,-0.6583,0.8821,60,-0.9703,0.8649,70,0.0134,0.6171,handler,0.8864,position,2,43.2,4,10,3,20,221,244,9,8,2112,274,132,4,9338,ufa-season,linked-ufa;attribute:thr;attribute:pos;attribute:off;attribute:def;history-prior:2-seasons;current-season-cumulative
178,Saaketh Palchuru,15419,spalchuru,2026,2026-09-03,2026-08-08,ufa-eb-v4,2026-08-14,67,2071.5,55.5,1980.2,2162.8,66,-0.3972,0.6954,75,0.5331,0.8997,73,0.3219,0.8917,71,0.0977,0.7073,handler,0.7105,ufa,2,39.0,13,8,2,11,286,295,6,5,1919,736,176,20,11868,ufa-season,linked-ufa;attribute:thr;attribute:pos;attribute:off;attribute:def;history-prior:2-seasons;current-season-cumulative
179,Alex Piper,25165,apiper,2026,2026-09-03,2026-08-08,ufa-eb-v4,2026-08-14,67,2068.8,55.1,1978.1,2159.4,74,0.3948,0.6818,69,-0.0755,0.8883,70,0.0132,0.9138,72,0.2067,0.6134,hybrid,0.7651,ufa,1,16.0,28,12,5,14,165,175,7,6,1288,2027,236,11,15629,ufa-season,linked-ufa;attribute:thr;attribute:pos;attribute:off;attribute:def;history-prior:1-seasons;current-season-cumulative
180,Raymond Lu,7287,rlu,2026,2026-09-03,2026-08-08,ufa-eb-v4,2026-08-14,67,2066.3,54.0,1977.4,2155.1,69,-0.1272,0.5529,70,-0.0158,0.5562,67,-0.2996,0.5517,69,-0.1179,0.7411,hybrid,0.5284,ufa,0,0,3,4,4,2,28,31,0,0,222,122,1,94,6084,ufa-season,linked-ufa;attribute:thr;attribute:pos;attribute:off;attribute:def;role-average-prior;current-season-cumulative
181,Sebastian Brauer,15350,sbrauer,2026,2026-09-03,2026-08-08,ufa-eb-v4,2026-08-14,67,2066.3,55.3,1975.3,2157.2,72,0.2009,0.4878,73,0.2866,0.625,70,-0.0085,0.5375,75,0.5016,0.5912,hybrid,0.8309,position,5,13.8,0,2,0,1,30,31,2,2,235,59,3,29,2656,ufa-season,linked-ufa;attribute:thr;attribute:pos;attribute:off;attribute:def;history-prior:5-seasons;current-season-cumulative
182,Cole Jurek,9576,cjurek,2026,2026-09-03,2026-08-08,ufa-eb-v4,2026-08-14,67,2065.7,53.6,1977.5,2153.9,65,-0.5035,0.7301,76,0.6224,0.8057,75,0.5135,0.8113,69,-0.1399,0.5859,cutter,0.2581,ufa,6,239.3,1,0,0,0,3,3,0,0,-19,42,3,10,884,ufa-season,linked-ufa;attribute:thr;attribute:pos;attribute:off;attribute:def;history-prior:6-seasons;current-season-cumulative
183,Kelsi Mallany,57799,kmallany,2026,2026-09-03,2026-08-08,ufa-eb-v4,2026-08-14,67,2062.3,76.9,1935.9,2188.7,69,-0.1277,0.4256,70,0.0048,0.7383,72,0.2311,0.7913,69,-0.0924,0.6133,cutter,0.6173,ufa,0,0,10,2,5,5,63,68,3,2,334,1158,81,55,9672,ufa-season,linked-ufa;attribute:thr;attribute:pos;attribute:off;attribute:def;role-average-prior;current-season-cumulative
184,William Coffin,5995,wcoffin,2026,2026-09-03,2026-08-08,ufa-eb-v4,2026-08-14,67,2061.9,54.1,1973.0,2150.8,83,1.2789,0.7095,63,-0.6985,0.883,64,-0.6372,0.8703,79,0.9345,0.9086,hybrid,0.7342,ufa,6,93.0,9,10,10,9,84,96,11,7,1054,603,32,184,12639,ufa-season,linked-ufa;attribute:thr;attribute:pos;attribute:off;attribute:def;history-prior:6-seasons;current-season-cumulative
185,Sean Connole,12150,sconnole,2026,2026-09-03,2026-08-08,ufa-eb-v4,2026-08-14,67,2061.8,56.6,1968.7,2154.9,72,0.1618,0.7291,77,0.7262,0.9035,75,0.5437,0.9102,70,0.0084,0.5465,handler,0.682,ufa,4,240.7,12,16,0,5,183,188,8,7,1449,1036,168,7,11169,ufa-season,linked-ufa;attribute:thr;attribute:pos;attribute:off;attribute:def;history-prior:4-seasons;current-season-cumulative
186,Asher Lantz,18125,alantz,2026,2026-09-03,2026-08-08,ufa-eb-v4,2026-08-14,67,2061.1,56.3,1968.5,2153.6,66,-0.3671,0.4299,73,0.2909,0.6463,58,-1.2247,0.811,72,0.2405,0.8497,cutter,0.6373,ufa,3,23.5,5,1,8,1,19,20,0,0,32,347,28,119,8447,ufa-season,linked-ufa;attribute:thr;attribute:pos;attribute:off;attribute:def;history-prior:3-seasons;current-season-cumulative
187,Jakob Brissette,6762,jbrissett,2026,2026-09-03,2026-08-08,ufa-eb-v4,2026-08-14,67,2059.9,61.0,1959.5,2160.3,70,0.0025,0.7759,71,0.0971,0.9293,66,-0.3938,0.9132,76,0.5828,0.5202,handler,0.6988,ufa,6,394.9,2,17,4,20,321,343,21,12,2494,622,168,19,12579,ufa-season,linked-ufa;attribute:thr;attribute:pos;attribute:off;attribute:def;history-prior:6-seasons;current-season-cumulative
188,Lukas McClamrock,13063,lmcclamro,2026,2026-09-03,2026-08-08,ufa-eb-v4,2026-08-14,67,2059.9,55.5,1968.6,2151.2,73,0.3421,0.6945,78,0.7616,0.8968,71,0.1412,0.8219,69,-0.0927,0.8932,hybrid,0.8309,position,4,102.9,10,11,5,4,120,124,6,5,823,548,25,156,11781,ufa-season,linked-ufa;attribute:thr;attribute:pos;attribute:off;attribute:def;history-prior:4-seasons;current-season-cumulative
189,Saul Wildavsky,9890,swildavsk,2026,2026-09-03,2026-08-08,ufa-eb-v4,2026-08-14,67,2059.8,56.3,1967.2,2152.3,,,,,,,,,,,,,cutter,0.5758,prior-ufa,1,68.0,0,0,0,0,0,0,0,0,0,0,0,0,0,ufa-season,linked-ufa;history-prior:1-seasons;current-season-cumulative
190,Toby Warren,19468,twarren,2026,2026-09-03,2026-08-08,ufa-eb-v4,2026-08-14,67,2059.5,55.7,1967.8,2151.2,67,-0.3113,0.6982,58,-1.2333,0.6937,66,-0.3986,0.5301,68,-0.2012,0.706,hybrid,0.8864,position,1,39.0,0,3,0,4,15,19,0,0,68,152,1,40,2561,ufa-season,linked-ufa;attribute:thr;attribute:pos;attribute:off;attribute:def;history-prior:1-seasons;current-season-cumulative
191,Sterling Knoche,9824,sknoche,2026,2026-09-03,2026-08-08,ufa-eb-v4,2026-08-14,67,2058.3,58.8,1961.7,2155.0,66,-0.4253,0.4939,70,-0.0117,0.7048,68,-0.1758,0.7689,71,0.0941,0.7934,cutter,0.5615,ufa,8,23.7,9,0,8,3,32,34,0,0,111,558,13,96,7237,ufa-season,linked-ufa;attribute:thr;attribute:pos;attribute:off;attribute:def;history-prior:8-seasons;current-season-cumulative
192,Christopher Bernard,6145,cbernard,2026,2026-09-03,2026-08-08,ufa-eb-v4,2026-08-14,67,2057.7,53.8,1969.1,2146.2,70,0.02,0.4546,71,0.1049,0.6072,71,0.1067,0.7017,79,0.9359,0.7007,hybrid,0.7755,position,1,0.0,4,4,5,2,35,38,1,1,229,368,0,75,4951,ufa-season,linked-ufa;attribute:thr;attribute:pos;attribute:off;attribute:def;history-prior:1-seasons;current-season-cumulative
193,Nate Little,12384,nlittle,2026,2026-09-03,2026-08-08,ufa-eb-v4,2026-08-14,67,2057.2,55.3,1966.3,2148.1,76,0.647,0.5635,67,-0.2722,0.8261,60,-1.0349,0.85,71,0.0772,0.8782,cutter,0.8079,position,5,53.0,10,3,10,5,56,61,6,2,436,879,36,178,13998,ufa-season,linked-ufa;attribute:thr;attribute:pos;attribute:off;attribute:def;history-prior:5-seasons;current-season-cumulative
194,Noah Nishizaki,27182,nnishizak,2026,2026-09-03,2026-08-08,ufa-eb-v4,2026-08-14,67,2056.5,79.2,1926.2,2186.8,76,0.6282,0.5688,58,-1.2251,0.7186,68,-0.2006,0.7017,73,0.3461,0.6831,handler,0.577,ufa,0,0,5,10,5,12,83,94,10,6,778,255,23,93,7536,ufa-season,linked-ufa;attribute:thr;attribute:pos;attribute:off;attribute:def;role-average-prior;current-season-cumulative
195,Nolan McCloskey,23352,nmccloske,2026,2026-09-03,2026-08-08,ufa-eb-v4,2026-08-14,67,2056.4,61.0,1956.0,2156.8,71,0.0507,0.6076,69,-0.0721,0.7851,66,-0.4155,0.8119,61,-0.9037,0.692,hybrid,0.6302,ufa,0,0,6,6,3,7,89,98,4,4,686,861,83,60,9148,ufa-season,linked-ufa;attribute:thr;attribute:pos;attribute:off;attribute:def;role-average-prior;current-season-cumulative
196,Jeff Wodatch,1676,jwodatch1,2026,2026-09-03,2026-08-08,ufa-eb-v4,2026-08-14,67,2055.1,53.7,1966.7,2143.5,74,0.4004,0.7184,73,0.2888,0.9111,76,0.6191,0.9179,72,0.2427,0.5393,hybrid,0.7041,ufa,9,189.4,11,13,3,9,144,153,8,5,1001,1365,179,12,11186,ufa-season,linked-ufa;attribute:thr;attribute:pos;attribute:off;attribute:def;history-prior:9-seasons;current-season-cumulative
197,Graham Turner,8265,gturner,2026,2026-09-03,2026-08-08,ufa-eb-v4,2026-08-14,67,2054.5,55.9,1962.5,2146.6,70,0.0307,0.3993,73,0.2722,0.6293,74,0.3828,0.7198,71,0.08,0.5604,cutter,0.8079,position,1,8.0,4,5,2,2,32,33,0,0,225,582,36,48,5165,ufa-season,linked-ufa;attribute:thr;attribute:pos;attribute:off;attribute:def;history-prior:1-seasons;current-season-cumulative
198,Tyler Chan,106,tchan,2026,2026-09-03,2026-08-08,ufa-eb-v4,2026-08-14,67,2054.5,53.7,1966.1,2142.8,69,-0.0912,0.6165,80,0.962,0.8577,69,-0.0552,0.8308,68,-0.1754,0.804,cutter,0.8309,position,3,127.9,2,3,0,0,50,51,1,1,273,84,15,85,6830,ufa-season,linked-ufa;attribute:thr;attribute:pos;attribute:off;attribute:def;history-prior:3-seasons;current-season-cumulative
199,Wiebe van den Brink,29879,wvandenbr,2026,2026-09-03,2026-08-08,ufa-eb-v4,2026-08-14,67,2054.5,78.0,1926.2,2182.8,71,0.1337,0.5911,72,0.1521,0.7712,68,-0.231,0.7061,71,0.0658,0.8501,hybrid,0.7054,ufa,0,0,7,11,7,5,81,86,4,4,527,596,10,182,11999,ufa-season,linked-ufa;attribute:thr;attribute:pos;attribute:off;attribute:def;role-average-prior;current-season-cumulative
200,Will Dillender-Kinast,18850,wdillende,2026,2026-09-03,2026-08-08,ufa-eb-v4,2026-08-14,67,2054.5,56.9,1960.8,2148.1,70,-0.0297,0.6448,65,-0.4963,0.6354,65,-0.4514,0.7028,64,-0.6351,0.7843,hybrid,0.5259,ufa,2,8.5,3,5,1,3,33,37,0,0,200,240,14,80,5849,ufa-season,linked-ufa;attribute:thr;attribute:pos;attribute:off;attribute:def;history-prior:2-seasons;current-season-cumulative
201,Steven Milardovich,2031,smilardov,2026,2026-09-03,2026-08-08,ufa-eb-v4,2026-08-14,67,2053.8,56.4,1961.0,2146.6,64,-0.6178,0.6306,73,0.2832,0.8332,73,0.2503,0.8195,75,0.5171,0.7263,hybrid,0.5615,ufa,8,35.4,6,3,3,5,86,90,1,0,380,510,53,56,7212,ufa-season,linked-ufa;attribute:thr;attribute:pos;attribute:off;attribute:def;history-prior:8-seasons;current-season-cumulative
202,Travis Dunn,2023,tdunn,2026,2026-09-03,2026-08-08,ufa-eb-v4,2026-08-14,67,2053.1,53.5,1965.1,2141.1,73,0.2565,0.7775,69,-0.0766,0.9336,76,0.5626,0.9258,76,0.5961,0.6141,hybrid,0.8079,position,10,320.4,14,24,2,18,226,247,15,8,1281,1771,210,10,14473,ufa-season,linked-ufa;attribute:thr;attribute:pos;attribute:off;attribute:def;history-prior:10-seasons;current-season-cumulative
203,Noah Chambers,1121,nchambers,2026,2026-09-03,2026-08-08,ufa-eb-v4,2026-08-14,67,2051.5,54.4,1962.0,2141.1,68,-0.1504,0.5335,74,0.3763,0.5436,69,-0.1195,0.7007,76,0.6205,0.5628,hybrid,0.3153,ufa,6,12.7,1,2,2,0,16,16,0,0,66,141,0,27,2259,ufa-season,linked-ufa;attribute:thr;attribute:pos;attribute:off;attribute:def;history-prior:6-seasons;current-season-cumulative
204,Jack Shanahan,2616,jshanahan,2026,2026-09-03,2026-08-08,ufa-eb-v4,2026-08-14,66,2050.5,53.1,1963.1,2137.9,75,0.4528,0.7585,60,-1.0211,0.9184,70,0.0084,0.9144,70,0.0341,0.4739,hybrid,0.8079,position,6,225.1,13,17,2,21,159,181,20,8,1158,1590,171,2,12196,ufa-season,linked-ufa;attribute:thr;attribute:pos;attribute:off;attribute:def;history-prior:6-seasons;current-season-cumulative
205,Josh Klane,1357,jklane,2026,2026-09-03,2026-08-08,ufa-eb-v4,2026-08-14,66,2049.8,53.1,1962.4,2137.1,66,-0.4485,0.7889,75,0.4622,0.9324,77,0.6633,0.915,79,0.8943,0.4821,handler,0.8079,position,10,382.0,10,21,3,16,338,355,14,7,2117,859,181,11,13103,ufa-season,linked-ufa;attribute:thr;attribute:pos;attribute:off;attribute:def;history-prior:10-seasons;current-season-cumulative
206,Andrew Sjogren,11278,asjogren,2026,2026-09-03,2026-08-08,ufa-eb-v4,2026-08-14,66,2047.9,54.8,1957.8,2138.0,60,-1.0075,0.9255,74,0.3533,0.9263,70,0.0486,0.9169,64,-0.5777,0.8461,hybrid,0.7417,ufa,7,120.3,15,14,3,11,205,211,0,0,859,1771,133,90,16166,ufa-season,linked-ufa;attribute:thr;attribute:pos;attribute:off;attribute:def;history-prior:7-seasons;current-season-cumulative
207,Ian Piper,51384,ipiper,2026,2026-09-03,2026-08-08,ufa-eb-v4,2026-08-14,66,2047.7,59.2,1950.3,2145.0,79,0.8734,0.4428,69,-0.0654,0.5549,71,0.1211,0.5109,,,,handler,0.3269,ufa,0,0,1,5,0,3,41,45,9,5,582,136,30,0,1296,ufa-season,linked-ufa;attribute:thr;attribute:pos;attribute:off;role-average-prior;current-season-cumulative
208,Max Pettenuzzo,21066,mpettenuz,2026,2026-09-03,2026-08-08,ufa-eb-v4,2026-08-14,66,2047.4,59.0,1950.4,2144.4,77,0.7356,0.7539,70,0.0142,0.9171,82,1.1835,0.8779,77,0.6853,0.4406,handler,0.7191,ufa,0,0,18,39,7,24,379,405,30,21,3241,2417,185,18,13541,ufa-season,linked-ufa;attribute:thr;attribute:pos;attribute:off;attribute:def;role-average-prior;current-season-cumulative
209,Brandon Pastor,16263,bpastor,2026,2026-09-03,2026-08-08,ufa-eb-v4,2026-08-14,66,2046.0,55.1,1955.4,2136.6,53,-1.6877,0.8841,79,0.8788,0.8863,67,-0.3221,0.893,60,-0.9617,0.7957,hybrid,0.6355,ufa,7,117.0,12,6,0,3,88,91,0,0,118,588,73,73,10735,ufa-season,linked-ufa;attribute:thr;attribute:pos;attribute:off;attribute:def;history-prior:7-seasons;current-season-cumulative
210,Simon Ruelle,29100,sruelle,2026,2026-09-03,2026-08-08,ufa-eb-v4,2026-08-14,66,2044.4,73.1,1924.1,2164.7,71,0.1427,0.6013,67,-0.2849,0.8021,71,0.1024,0.8569,67,-0.3254,0.8121,hybrid,0.7353,ufa,0,0,18,10,5,9,87,97,2,2,565,1345,94,123,13847,ufa-season,linked-ufa;attribute:thr;attribute:pos;attribute:off;attribute:def;role-average-prior;current-season-cumulative
211,Conor Bauman,16798,cbauman,2026,2026-09-03,2026-08-08,ufa-eb-v4,2026-08-14,66,2043.3,55.0,1952.9,2133.8,64,-0.5537,0.5844,71,0.0914,0.7586,61,-0.8991,0.7922,73,0.3339,0.7997,cutter,0.7755,position,4,61.8,1,0,3,1,23,24,0,0,71,101,0,64,4507,ufa-season,linked-ufa;attribute:thr;attribute:pos;attribute:off;attribute:def;history-prior:4-seasons;current-season-cumulative
212,Tommy Lin,8038,tlin,2026,2026-09-03,2026-08-08,ufa-eb-v4,2026-08-14,66,2042.7,53.9,1954.1,2131.4,66,-0.3805,0.6109,63,-0.6972,0.797,60,-1.0008,0.7636,73,0.3457,0.8453,handler,0.5855,ufa,6,71.2,3,4,2,5,63,71,1,1,308,156,8,112,8833,ufa-season,linked-ufa;attribute:thr;attribute:pos;attribute:off;attribute:def;history-prior:6-seasons;current-season-cumulative
213,Hayden Stone,11784,hstone,2026,2026-09-03,2026-08-08,ufa-eb-v4,2026-08-14,66,2041.7,59.6,1943.7,2139.7,66,-0.4167,0.7624,78,0.8,0.7636,70,-0.041,0.7659,76,0.5995,0.7901,hybrid,0.6018,ufa,2,12.4,4,6,6,1,67,68,0,0,277,474,17,111,9168,ufa-season,linked-ufa;attribute:thr;attribute:pos;attribute:off;attribute:def;history-prior:2-seasons;current-season-cumulative
214,Jace Duennebeil,16137,jduennebe,2026,2026-09-03,2026-08-08,ufa-eb-v4,2026-08-14,66,2041.2,54.4,1951.8,2130.7,82,1.1992,0.7136,67,-0.291,0.9118,83,1.2955,0.9233,76,0.5897,0.5939,cutter,0.7577,ufa,4,106.2,34,15,3,13,134,147,13,9,881,2916,230,9,14374,ufa-season,linked-ufa;attribute:thr;attribute:pos;attribute:off;attribute:def;history-prior:4-seasons;current-season-cumulative
215,Drew Loughnane,19849,dloughnan,2026,2026-09-03,2026-08-08,ufa-eb-v4,2026-08-14,66,2040.9,56.9,1947.3,2134.5,70,0.0215,0.3224,67,-0.2902,0.6121,65,-0.5491,0.6643,64,-0.6403,0.7317,cutter,0.9042,position,1,3.0,7,3,4,3,31,34,3,1,185,448,16,89,7501,ufa-season,linked-ufa;attribute:thr;attribute:pos;attribute:off;attribute:def;history-prior:1-seasons;current-season-cumulative
216,Daniel Welkener,15480,dwelkener,2026,2026-09-03,2026-08-08,ufa-eb-v4,2026-08-14,66,2038.4,57.5,1943.9,2133.0,72,0.1589,0.6302,68,-0.1906,0.8199,69,-0.142,0.7947,76,0.5988,0.8239,handler,0.6559,ufa,4,54.9,7,12,5,9,103,112,3,2,886,239,5,153,11517,ufa-season,linked-ufa;attribute:thr;attribute:pos;attribute:off;attribute:def;history-prior:4-seasons;current-season-cumulative
217,Marcel Osborne,12176,mosborne,2026,2026-09-03,2026-08-08,ufa-eb-v4,2026-08-14,66,2038.3,54.4,1948.7,2127.8,70,0.0469,0.6967,69,-0.1332,0.9045,81,1.1185,0.9023,80,0.9938,0.6652,hybrid,0.621,ufa,6,250.3,19,13,3,11,123,131,2,1,818,1597,125,13,8705,ufa-season,linked-ufa;attribute:thr;attribute:pos;attribute:off;attribute:def;history-prior:6-seasons;current-season-cumulative
218,Jonah Stang-Osborne,14907,jstangosb,2026,2026-09-03,2026-08-08,ufa-eb-v4,2026-08-14,66,2037.6,58.3,1941.8,2133.5,,,,,,,,,,,,,cutter,0.9042,position,1,25.8,0,0,0,0,0,0,0,0,0,0,0,0,0,ufa-season,linked-ufa;history-prior:1-seasons;current-season-cumulative
219,Connor DeLuna,5565,cdeluna,2026,2026-09-03,2026-08-08,ufa-eb-v4,2026-08-14,66,2037.1,54.2,1947.8,2126.3,68,-0.1681,0.4723,74,0.3538,0.7093,66,-0.3854,0.8193,80,1.0377,0.8771,cutter,0.8079,position,5,19.5,19,5,12,1,32,33,0,0,105,802,15,167,11952,ufa-season,linked-ufa;attribute:thr;attribute:pos;attribute:off;attribute:def;history-prior:5-seasons;current-season-cumulative
220,Alex Forsberg,20281,aforsberg,2026,2026-09-03,2026-08-08,ufa-eb-v4,2026-08-14,66,2036.1,58.3,1940.2,2132.0,66,-0.4033,0.6244,71,0.1265,0.8239,63,-0.6847,0.8224,73,0.3347,0.9158,hybrid,0.7812,ufa,3,22.8,10,4,16,6,89,93,2,1,398,602,27,239,17384,ufa-season,linked-ufa;attribute:thr;attribute:pos;attribute:off;attribute:def;history-prior:3-seasons;current-season-cumulative
221,Andrew Vande Berg,15762,avandeber,2026,2026-09-03,2026-08-08,ufa-eb-v4,2026-08-14,66,2035.6,56.9,1942.0,2129.1,,,,,,,,,,,,,cutter,0.7755,position,4,12.9,0,0,0,0,0,0,0,0,0,0,0,0,0,ufa-season,linked-ufa;history-prior:4-seasons;current-season-cumulative
222,Aylen Learned,12406,alearned,2026,2026-09-03,2026-08-08,ufa-eb-v4,2026-08-14,66,2035.4,55.5,1944.2,2126.6,70,-0.0001,0.6839,64,-0.6064,0.858,62,-0.8381,0.8405,64,-0.599,0.6331,handler,0.6701,ufa,2,15.8,6,10,2,19,191,210,14,4,1391,563,106,61,10373,ufa-season,linked-ufa;attribute:thr;attribute:pos;attribute:off;attribute:def;history-prior:2-seasons;current-season-cumulative
223,Kyle Weinberg,16443,kweinberg,2026,2026-09-03,2026-08-08,ufa-eb-v4,2026-08-14,66,2035.4,57.3,1941.2,2129.6,72,0.1515,0.5995,68,-0.2156,0.7782,64,-0.5907,0.721,67,-0.2705,0.8335,hybrid,0.3345,ufa,4,81.2,0,0,0,1,7,8,1,0,64,64,1,31,1926,ufa-season,linked-ufa;attribute:thr;attribute:pos;attribute:off;attribute:def;history-prior:4-seasons;current-season-cumulative
224,Jeremy Langdon,1522,jlangdon,2026,2026-09-03,2026-08-08,ufa-eb-v4,2026-08-14,66,2033.9,54.2,1944.7,2123.1,84,1.3641,0.6832,60,-0.9833,0.8737,80,0.9581,0.8821,72,0.1932,0.7402,hybrid,0.557,ufa,7,112.8,10,11,6,10,60,70,9,5,571,868,66,41,6573,ufa-season,linked-ufa;attribute:thr;attribute:pos;attribute:off;attribute:def;history-prior:7-seasons;current-season-cumulative
225,Alec Wilson Holliday,18552,awilsonho,2026,2026-09-03,2026-08-08,ufa-eb-v4,2026-08-14,66,2033.4,59.6,1935.3,2131.4,65,-0.4628,0.6263,78,0.7947,0.9029,85,1.4885,0.9142,74,0.362,0.51,cutter,0.7142,ufa,4,126.8,45,6,4,4,117,119,2,2,243,2181,193,6,13440,ufa-season,linked-ufa;attribute:thr;attribute:pos;attribute:off;attribute:def;history-prior:4-seasons;current-season-cumulative
226,Jonathan Lyle,49458,jlyle,2026,2026-09-03,2026-08-08,ufa-eb-v4,2026-08-14,66,2033.4,63.4,1929.0,2137.7,77,0.6773,0.7113,71,0.0668,0.8956,82,1.2282,0.8878,80,1.0201,0.5336,hybrid,0.5524,ufa,1,157.0,16,11,5,8,106,111,4,3,833,1104,86,19,6604,ufa-season,linked-ufa;attribute:thr;attribute:pos;attribute:off;attribute:def;history-prior:1-seasons;current-season-cumulative
227,Matthew Crawford,8786,mcrawford,2026,2026-09-03,2026-08-08,ufa-eb-v4,2026-08-14,66,2031.0,53.6,1942.8,2119.2,66,-0.4272,0.6489,80,1.0312,0.8472,76,0.6089,0.8596,,,,hybrid,0.7755,position,9,117.9,1,3,0,1,46,47,1,1,228,154,54,0,3315,ufa-season,linked-ufa;attribute:thr;attribute:pos;attribute:off;history-prior:9-seasons;current-season-cumulative
228,Jacob Duquette,14874,jduquette,2026,2026-09-03,2026-08-08,ufa-eb-v4,2026-08-14,66,2029.7,67.0,1919.5,2139.9,64,-0.5772,0.675,66,-0.387,0.8545,64,-0.5849,0.8764,67,-0.2807,0.6029,handler,0.5107,ufa,4,137.9,3,2,0,8,93,99,4,1,519,297,84,4,5893,ufa-season,linked-ufa;attribute:thr;attribute:pos;attribute:off;attribute:def;history-prior:4-seasons;current-season-cumulative
229,Angelo Olcese,5129,aolcese,2026,2026-09-03,2026-08-08,ufa-eb-v4,2026-08-14,66,2029.1,54.2,1940.0,2118.2,65,-0.4549,0.605,75,0.5438,0.7937,68,-0.2204,0.7481,77,0.7017,0.8068,handler,0.7755,position,4,61.6,2,5,7,3,80,84,1,0,334,310,14,119,8799,ufa-season,linked-ufa;attribute:thr;attribute:pos;attribute:off;attribute:def;history-prior:4-seasons;current-season-cumulative
230,Jimmy Towle,2725,jtowle,2026,2026-09-03,2026-08-08,ufa-eb-v4,2026-08-14,65,2027.1,53.0,1939.9,2114.4,73,0.281,0.698,66,-0.4198,0.9007,68,-0.1992,0.9144,62,-0.7889,0.5139,hybrid,0.6878,ufa,9,179.9,14,13,0,12,111,122,8,4,879,1469,167,12,10381,ufa-season,linked-ufa;attribute:thr;attribute:pos;attribute:off;attribute:def;history-prior:9-seasons;current-season-cumulative
231,Dillon Bruer,9665,dbruer,2026,2026-09-03,2026-08-08,ufa-eb-v4,2026-08-14,65,2026.8,54.7,1936.9,2116.8,67,-0.2885,0.2997,70,-0.0179,0.5016,66,-0.3954,0.6108,71,0.1171,0.7655,cutter,0.566,ufa,2,2.8,6,2,5,2,19,21,0,0,28,272,4,107,7436,ufa-season,linked-ufa;attribute:thr;attribute:pos;attribute:off;attribute:def;history-prior:2-seasons;current-season-cumulative
232,Eric Crosby Lehmann,17683,ecrosbyle,2026,2026-09-03,2026-08-08,ufa-eb-v4,2026-08-14,65,2026.6,56.3,1933.9,2119.2,70,-0.0136,0.3744,68,-0.2011,0.375,70,-0.028,0.6579,80,1.0183,0.6428,hybrid,0.4018,ufa,1,3.0,4,1,2,2,10,12,0,0,105,121,0,51,3715,ufa-season,linked-ufa;attribute:thr;attribute:pos;attribute:off;attribute:def;history-prior:1-seasons;current-season-cumulative
233,Marcus Beidler,20166,mbeidler,2026,2026-09-03,2026-08-08,ufa-eb-v4,2026-08-14,65,2026.0,56.5,1933.0,2118.9,73,0.2519,0.3828,58,-1.1827,0.6822,64,-0.6212,0.7244,68,-0.2441,0.5176,cutter,0.9042,position,0,0,2,8,3,10,44,53,3,2,368,516,58,35,6243,ufa-season,linked-ufa;attribute:thr;attribute:pos;attribute:off;attribute:def;role-average-prior;current-season-cumulative
234,Frederick Farah,15917,ffarah,2026,2026-09-03,2026-08-08,ufa-eb-v4,2026-08-14,65,2025.7,56.7,1932.5,2118.9,69,-0.081,0.1848,72,0.1835,0.3701,66,-0.4201,0.6028,66,-0.4023,0.7323,cutter,0.5158,ufa,4,5.0,9,0,7,0,7,7,0,0,27,222,6,84,4965,ufa-season,linked-ufa;attribute:thr;attribute:pos;attribute:off;attribute:def;history-prior:4-seasons;current-season-cumulative
235,Nam Ho,26775,nho,2026,2026-09-03,2026-08-08,ufa-eb-v4,2026-08-14,65,2025.5,78.4,1896.6,2154.5,67,-0.3317,0.6716,66,-0.435,0.6679,65,-0.461,0.6831,67,-0.2507,0.7495,handler,0.639,ufa,1,0.4,3,5,2,6,66,73,0,0,304,195,12,136,9905,ufa-season,linked-ufa;attribute:thr;attribute:pos;attribute:off;attribute:def;history-prior:1-seasons;current-season-cumulative
236,Rowan Jamieson,26692,rjamieson,2026,2026-09-03,2026-08-08,ufa-eb-v4,2026-08-14,65,2022.6,63.2,1918.7,2126.5,70,-0.0022,0.3998,76,0.5945,0.7407,73,0.2511,0.8714,77,0.6626,0.7069,cutter,0.7227,ufa,1,3.5,32,3,7,2,59,59,2,2,245,1571,146,60,14469,ufa-season,linked-ufa;attribute:thr;attribute:pos;attribute:off;attribute:def;history-prior:1-seasons;current-season-cumulative
237,Elliott Moore,5571,emoore,2026,2026-09-03,2026-08-08,ufa-eb-v4,2026-08-14,65,2022.4,54.8,1932.3,2112.6,,,,,,,,,,,,,handler,0.8633,position,8,251.1,0,0,0,0,0,0,0,0,0,0,0,0,0,ufa-season,linked-ufa;history-prior:8-seasons;current-season-cumulative
238,Kyle Kolafa,26057,kkolafa,2026,2026-09-03,2026-08-08,ufa-eb-v4,2026-08-14,65,2021.2,85.5,1880.6,2161.9,71,0.0829,0.3206,71,0.1237,0.6286,72,0.1831,0.7405,,,,cutter,0.2792,ufa,2,30.0,3,0,0,0,7,8,1,0,44,195,18,0,1221,ufa-season,linked-ufa;attribute:thr;attribute:pos;attribute:off;history-prior:2-seasons;current-season-cumulative
239,Jeremy Knopf,13613,jknopf,2026,2026-09-03,2026-08-08,ufa-eb-v4,2026-08-14,65,2020.3,54.8,1930.2,2110.4,68,-0.2285,0.7404,75,0.4968,0.9422,67,-0.2674,0.9285,70,-0.0121,0.7331,hybrid,0.7755,position,6,89.4,14,12,2,16,333,349,11,5,2648,1727,249,1,16907,ufa-season,linked-ufa;attribute:thr;attribute:pos;attribute:off;attribute:def;history-prior:6-seasons;current-season-cumulative
240,Jay Froude,1129,jfroude,2026,2026-09-03,2026-08-08,ufa-eb-v4,2026-08-14,65,2019.1,52.9,1932.0,2106.1,69,-0.136,0.6983,66,-0.4185,0.902,62,-0.8208,0.9159,65,-0.4773,0.8665,hybrid,0.7417,ufa,10,118.3,7,11,10,12,119,130,6,3,729,935,126,97,14189,ufa-season,linked-ufa;attribute:thr;attribute:pos;attribute:off;attribute:def;history-prior:10-seasons;current-season-cumulative
241,David Petsinis,21045,dpetsinis,2026,2026-09-03,2026-08-08,ufa-eb-v4,2026-08-14,65,2018.2,72.1,1899.6,2136.8,70,-0.0452,0.1575,67,-0.2939,0.2753,67,-0.3006,0.4262,68,-0.1908,0.4811,cutter,0.3345,ufa,1,3.6,1,0,1,2,4,6,0,0,6,82,2,30,2171,ufa-season,linked-ufa;attribute:thr;attribute:pos;attribute:off;attribute:def;history-prior:1-seasons;current-season-cumulative
242,Dmitry Suvorov,5044,dsuvorov,2026,2026-09-03,2026-08-08,ufa-eb-v4,2026-08-14,65,2017.2,54.4,1927.7,2106.7,62,-0.8097,0.5459,72,0.2355,0.8601,73,0.3024,0.8312,67,-0.3091,0.6311,cutter,0.8488,position,5,82.8,7,2,1,5,62,65,2,1,196,715,55,12,4939,ufa-season,linked-ufa;attribute:thr;attribute:pos;attribute:off;attribute:def;history-prior:5-seasons;current-season-cumulative
243,Max Gibson,18892,mgibson,2026,2026-09-03,2026-08-08,ufa-eb-v4,2026-08-14,65,2015.2,56.7,1922.0,2108.5,89,1.8925,0.7235,58,-1.158,0.8882,71,0.0785,0.9095,75,0.4699,0.8618,handler,0.7755,position,3,100.4,11,30,18,18,164,183,16,15,2065,1493,88,200,18442,ufa-season,linked-ufa;attribute:thr;attribute:pos;attribute:off;attribute:def;history-prior:3-seasons;current-season-cumulative
244,Anthony Gutowsky,15822,agutowsky,2026,2026-09-03,2026-08-08,ufa-eb-v4,2026-08-14,65,2014.7,56.0,1922.5,2106.9,65,-0.4981,0.6486,59,-1.1233,0.8997,67,-0.322,0.9189,71,0.1334,0.8865,cutter,0.8309,position,3,130.1,30,3,14,16,100,115,4,1,554,1560,112,208,21334,ufa-season,linked-ufa;attribute:thr;attribute:pos;attribute:off;attribute:def;history-prior:3-seasons;current-season-cumulative
245,Karl Ekwurtzel,433,kekwurtze,2026,2026-09-03,2026-08-08,ufa-eb-v4,2026-08-14,65,2014.6,55.8,1922.8,2106.4,60,-1.0422,0.6943,77,0.739,0.8608,79,0.9428,0.8704,64,-0.5942,0.5945,cutter,0.5406,ufa,7,104.0,9,4,0,2,50,52,0,0,77,711,63,37,6163,ufa-season,linked-ufa;attribute:thr;attribute:pos;attribute:off;attribute:def;history-prior:7-seasons;current-season-cumulative
246,Charlie Wagner,25459,cwagner,2026,2026-09-03,2026-08-08,ufa-eb-v4,2026-08-14,65,2014.1,59.4,1916.3,2111.8,70,-0.032,0.4944,63,-0.7251,0.663,65,-0.4539,0.7051,64,-0.6101,0.7327,hybrid,0.5593,ufa,0,0,4,3,0,7,42,47,2,0,270,442,26,82,6460,ufa-season,linked-ufa;attribute:thr;attribute:pos;attribute:off;attribute:def;role-average-prior;current-season-cumulative
247,Jeremy Hill,14159,jhill,2026,2026-09-03,2026-08-08,ufa-eb-v4,2026-08-14,65,2012.5,59.9,1913.9,2111.0,75,0.5182,0.5334,59,-1.134,0.7113,68,-0.2295,0.8151,70,-0.0059,0.4846,handler,0.2995,ufa,9,73.7,0,1,1,1,8,8,1,1,103,43,4,19,1520,ufa-season,linked-ufa;attribute:thr;attribute:pos;attribute:off;attribute:def;history-prior:9-seasons;current-season-cumulative
248,Jackson McGuinness,19753,jmcguinne1,2026,2026-09-03,2026-08-08,ufa-eb-v4,2026-08-14,65,2012.1,59.3,1914.6,2109.7,70,-0.0022,0.0202,69,-0.1307,0.0986,68,-0.1923,0.548,74,0.4474,0.5173,cutter,0.8309,position,0,0,5,0,1,1,1,1,0,0,0,92,0,44,2891,ufa-season,linked-ufa;attribute:thr;attribute:pos;attribute:off;attribute:def;role-average-prior;current-season-cumulative
249,Kevin Healey,4477,khealey,2026,2026-09-03,2026-08-08,ufa-eb-v4,2026-08-14,65,2010.8,55.3,1919.8,2101.8,66,-0.3604,0.5973,76,0.5618,0.8018,70,-0.0095,0.8469,68,-0.1964,0.889,hybrid,0.6559,ufa,5,59.9,7,6,3,1,35,36,1,0,82,400,1,157,9745,ufa-season,linked-ufa;attribute:thr;attribute:pos;attribute:off;attribute:def;history-prior:5-seasons;current-season-cumulative
250,Sam VanDusen,3219,svandusen,2026,2026-09-03,2026-08-08,ufa-eb-v4,2026-08-14,65,2010.4,53.1,1923.0,2097.8,81,1.0625,0.675,60,-0.99,0.865,65,-0.5364,0.7825,65,-0.4716,0.8083,cutter,0.8079,position,8,97.7,2,9,2,9,70,82,13,6,862,333,27,50,4755,ufa-season,linked-ufa;attribute:thr;attribute:pos;attribute:off;attribute:def;history-prior:8-seasons;current-season-cumulative
251,Tristan Van De Moortele,5892,tvandemoo,2026,2026-09-03,2026-08-08,ufa-eb-v4,2026-08-14,65,2009.5,52.9,1922.5,2096.6,63,-0.7468,0.8493,74,0.3551,0.8501,70,0.0008,0.8474,74,0.368,0.8194,handler,0.464,ufa,4,362.9,1,2,0,2,56,57,0,0,181,57,15,56,4360,ufa-season,linked-ufa;attribute:thr;attribute:pos;attribute:off;attribute:def;history-prior:4-seasons;current-season-cumulative
252,Nathan Lyle,10569,nlyle,2026,2026-09-03,2026-08-08,ufa-eb-v4,2026-08-14,65,2007.7,54.4,1918.1,2097.2,64,-0.5789,0.4515,76,0.5762,0.673,73,0.3363,0.7715,73,0.3361,0.6158,cutter,0.5937,ufa,1,0.9,12,1,2,1,46,47,0,0,27,651,66,58,9067,ufa-season,linked-ufa;attribute:thr;attribute:pos;attribute:off;attribute:def;history-prior:1-seasons;current-season-cumulative
253,Terrence Mitchell,1497,tmitchell,2026,2026-09-03,2026-08-08,ufa-eb-v4,2026-08-14,65,2006.9,54.9,1916.7,2097.2,64,-0.6375,0.6642,63,-0.7012,0.8592,78,0.8287,0.8872,73,0.3247,0.6292,hybrid,0.7755,position,10,149.9,13,0,2,6,43,49,4,0,16,765,89,15,7183,ufa-season,linked-ufa;attribute:thr;attribute:pos;attribute:off;attribute:def;history-prior:10-seasons;current-season-cumulative
254,Couper Kerns,25054,ckerns,2026,2026-09-03,2026-08-08,ufa-eb-v4,2026-08-14,64,2005.3,57.8,1910.2,2100.5,70,-0.0202,0.0909,69,-0.101,0.1919,65,-0.5146,0.6336,71,0.1368,0.6227,cutter,0.4581,ufa,1,0.0,3,0,4,1,5,5,0,0,18,103,0,69,4155,ufa-season,linked-ufa;attribute:thr;attribute:pos;attribute:off;attribute:def;history-prior:1-seasons;current-season-cumulative
255,Leo Blooston,4290,lblooston,2026,2026-09-03,2026-08-08,ufa-eb-v4,2026-08-14,64,2005.3,54.5,1915.7,2095.0,,,,,,,,,,,,,unknown,0.1422,usau-stats,0,0,0,0,0,0,0,0,0,0,0,0,0,0,0,ufa-season,linked-ufa;role-average-prior;current-season-cumulative
256,Jack Conroy,26645,jconroy,2026,2026-09-03,2026-08-08,ufa-eb-v4,2026-08-14,64,2005.0,67.0,1894.8,2115.1,70,-0.0185,0.063,71,0.086,0.2371,71,0.0643,0.4096,71,0.1038,0.4768,cutter,0.371,ufa,0,0,6,0,1,0,6,6,0,0,-19,183,3,39,2721,ufa-season,linked-ufa;attribute:thr;attribute:pos;attribute:off;attribute:def;role-average-prior;current-season-cumulative
257,Harry Norris,26774,hnorris,2026,2026-09-03,2026-08-08,ufa-eb-v4,2026-08-14,64,2003.5,75.8,1878.8,2128.2,70,0.01,0.339,65,-0.5248,0.6407,67,-0.2663,0.6962,70,-0.002,0.7873,cutter,0.6097,ufa,1,10.0,8,5,8,4,29,33,1,0,143,546,13,119,8789,ufa-season,linked-ufa;attribute:thr;attribute:pos;attribute:off;attribute:def;history-prior:1-seasons;current-season-cumulative
258,Oliver Artus,55704,oartus,2026,2026-09-03,2026-08-08,ufa-eb-v4,2026-08-14,64,2003.5,60.1,1904.6,2102.5,70,-0.0024,0.6651,68,-0.2416,0.8774,77,0.7378,0.9183,72,0.1997,0.5034,hybrid,0.8079,position,2,73.0,20,6,1,8,88,93,2,2,546,1597,179,12,11257,ufa-season,linked-ufa;attribute:thr;attribute:pos;attribute:off;attribute:def;history-prior:2-seasons;current-season-cumulative
259,Khalif El-Salaam,45047,kelsalaam,2026,2026-09-03,2026-08-08,ufa-eb-v4,2026-08-14,64,2003.1,52.7,1916.4,2089.7,77,0.6794,0.7447,71,0.0546,0.9201,82,1.1892,0.9153,77,0.7124,0.859,hybrid,0.7105,ufa,7,197.9,25,32,4,13,169,182,15,8,1090,2253,141,55,12810,ufa-season,linked-ufa;attribute:thr;attribute:pos;attribute:off;attribute:def;history-prior:7-seasons;current-season-cumulative
260,Cade White,18565,cwhite,2026,2026-09-03,2026-08-08,ufa-eb-v4,2026-08-14,64,2002.5,56.7,1909.1,2095.8,69,-0.1324,0.3897,68,-0.2323,0.72,69,-0.1375,0.6925,77,0.6562,0.8178,cutter,0.6685,ufa,2,9.0,12,4,7,5,48,52,1,1,217,577,6,160,11650,ufa-season,linked-ufa;attribute:thr;attribute:pos;attribute:off;attribute:def;history-prior:2-seasons;current-season-cumulative
261,Zeppelin Raunig,17288,zraunig,2026,2026-09-03,2026-08-08,ufa-eb-v4,2026-08-14,64,2002.4,57.5,1907.9,2097.0,73,0.3201,0.6928,76,0.5563,0.9061,80,1.0296,0.9253,75,0.5328,0.5302,hybrid,0.8079,position,4,123.9,27,11,3,6,128,133,3,2,931,2203,211,7,39584,ufa-season,linked-ufa;attribute:thr;attribute:pos;attribute:off;attribute:def;history-prior:4-seasons;current-season-cumulative
262,Ryan Poloz,19502,rpoloz,2026,2026-09-03,2026-08-08,ufa-eb-v4,2026-08-14,64,2001.9,64.0,1896.6,2107.2,66,-0.4355,0.7297,75,0.4626,0.9321,74,0.4397,0.9249,71,0.1252,0.4413,handler,0.7479,ufa,5,280.3,8,24,0,15,340,361,3,3,2179,1314,226,3,15367,ufa-season,linked-ufa;attribute:thr;attribute:pos;attribute:off;attribute:def;history-prior:5-seasons;current-season-cumulative
263,Justin Keller,11577,jkeller,2026,2026-09-03,2026-08-08,ufa-eb-v4,2026-08-14,64,2001.8,54.9,1911.4,2092.1,62,-0.8412,0.5972,75,0.534,0.7852,66,-0.3645,0.6565,65,-0.4513,0.7236,hybrid,0.7755,position,4,46.5,0,1,0,2,45,48,1,0,137,-25,17,2,1636,ufa-season,linked-ufa;attribute:thr;attribute:pos;attribute:off;attribute:def;history-prior:4-seasons;current-season-cumulative
264,Sam Jonas,56115,sjonas,2026,2026-09-03,2026-08-08,ufa-eb-v4,2026-08-14,64,2000.6,63.0,1897.0,2104.2,66,-0.4318,0.6733,83,1.3211,0.8773,67,-0.3044,0.8118,70,0.0497,0.8762,handler,0.7651,ufa,2,94.0,5,14,9,1,174,175,3,3,928,107,19,228,15207,ufa-season,linked-ufa;attribute:thr;attribute:pos;attribute:off;attribute:def;history-prior:2-seasons;current-season-cumulative
265,Colin White,7768,cwhite1,2026,2026-09-03,2026-08-08,ufa-eb-v4,2026-08-14,64,2000.4,54.3,1911.0,2089.8,79,0.92,0.696,68,-0.2445,0.8847,70,0.0023,0.9098,64,-0.5666,0.5457,hybrid,0.7041,ufa,2,41.5,12,15,0,13,136,145,15,11,1083,1588,190,1,11632,ufa-season,linked-ufa;attribute:thr;attribute:pos;attribute:off;attribute:def;history-prior:2-seasons;current-season-cumulative
266,Arthur Carne,24174,acarne,2026,2026-09-03,2026-08-08,ufa-eb-v4,2026-08-14,64,1998.3,62.0,1896.3,2100.3,63,-0.66,0.5192,72,0.2075,0.6919,68,-0.1793,0.7039,,,,handler,0.6028,position,0,0,1,0,0,3,75,78,2,1,245,490,65,0,5186,ufa-season,linked-ufa;attribute:thr;attribute:pos;attribute:off;role-average-prior;current-season-cumulative
267,Gabe Vordick,17819,gvordick,2026,2026-09-03,2026-08-08,ufa-eb-v4,2026-08-14,64,1997.8,58.5,1901.6,2093.9,62,-0.8025,0.7373,75,0.5285,0.948,77,0.7079,0.9268,73,0.3411,0.3887,handler,0.7605,ufa,2,177.0,13,19,1,23,523,545,6,3,3030,1900,235,7,16739,ufa-season,linked-ufa;attribute:thr;attribute:pos;attribute:off;attribute:def;history-prior:2-seasons;current-season-cumulative
268,Mckay Yorgason,25661,myorgason,2026,2026-09-03,2026-08-08,ufa-eb-v4,2026-08-14,64,1997.5,59.0,1900.4,2094.6,59,-1.0535,0.7754,79,0.9206,0.9656,76,0.6167,0.9313,77,0.6685,0.6731,cutter,0.8309,position,3,463.6,18,18,2,20,609,631,5,3,3895,1512,271,18,17678,ufa-season,linked-ufa;attribute:thr;attribute:pos;attribute:off;attribute:def;history-prior:3-seasons;current-season-cumulative
269,Ethan Baughman,13414,ebaughman,2026,2026-09-03,2026-08-08,ufa-eb-v4,2026-08-14,64,1995.8,56.2,1903.3,2088.3,70,0.0155,0.1873,71,0.0663,0.1934,69,-0.0751,0.3697,70,0.0119,0.3222,handler,0.2955,ufa,0,0,0,1,0,0,8,8,0,0,51,16,0,22,1180,ufa-season,linked-ufa;attribute:thr;attribute:pos;attribute:off;attribute:def;role-average-prior;current-season-cumulative
270,Bryce Lozinski,14134,blozinski,2026,2026-09-03,2026-08-08,ufa-eb-v4,2026-08-14,64,1995.5,54.6,1905.7,2085.3,68,-0.2474,0.6967,70,-0.0214,0.9022,62,-0.7811,0.8938,63,-0.7394,0.9162,hybrid,0.7755,position,6,176.5,7,7,2,11,127,137,4,3,744,547,30,216,16557,ufa-season,linked-ufa;attribute:thr;attribute:pos;attribute:off;attribute:def;history-prior:6-seasons;current-season-cumulative
271,Christian Belus,18783,cbelus,2026,2026-09-03,2026-08-08,ufa-eb-v4,2026-08-14,64,1994.7,55.1,1904.1,2085.4,73,0.2564,0.6502,66,-0.4259,0.8315,68,-0.217,0.7649,81,1.1204,0.8097,handler,0.6542,ufa,2,22.0,4,15,15,12,145,156,9,5,1108,170,20,137,10703,ufa-season,linked-ufa;attribute:thr;attribute:pos;attribute:off;attribute:def;history-prior:2-seasons;current-season-cumulative
272,Lander Decraene,29099,ldecraene,2026,2026-09-03,2026-08-08,ufa-eb-v4,2026-08-14,64,1993.8,74.8,1870.7,2116.9,75,0.5467,0.605,63,-0.6594,0.7905,70,-0.0271,0.7276,75,0.4807,0.8432,hybrid,0.6974,ufa,0,0,10,17,16,11,83,94,5,2,614,912,15,171,11270,ufa-season,linked-ufa;attribute:thr;attribute:pos;attribute:off;attribute:def;role-average-prior;current-season-cumulative
273,Ethan Holmgren,14334,eholmgren,2026,2026-09-03,2026-08-08,ufa-eb-v4,2026-08-14,64,1992.8,56.2,1900.3,2085.4,63,-0.6784,0.7144,71,0.1463,0.9275,63,-0.7052,0.8774,61,-0.9179,0.8443,cutter,0.8309,position,3,68.6,10,8,4,18,253,267,11,5,1505,950,108,113,13692,ufa-season,linked-ufa;attribute:thr;attribute:pos;attribute:off;attribute:def;history-prior:3-seasons;current-season-cumulative
274,Will Selfridge,18025,wselfridg,2026,2026-09-03,2026-08-08,ufa-eb-v4,2026-08-14,64,1992.6,55.9,1900.6,2084.6,70,0.0476,0.7471,72,0.2417,0.9301,83,1.3438,0.9051,77,0.6777,0.7713,hybrid,0.8079,position,4,182.3,13,19,6,15,215,230,13,6,1260,1854,114,48,10925,ufa-season,linked-ufa;attribute:thr;attribute:pos;attribute:off;attribute:def;history-prior:4-seasons;current-season-cumulative
275,Jake Worthington,15481,jworthing,2026,2026-09-03,2026-08-08,ufa-eb-v4,2026-08-14,64,1992.5,55.0,1902.0,2082.9,72,0.1956,0.4135,75,0.5153,0.5429,65,-0.5149,0.5808,69,-0.0809,0.7076,hybrid,0.4308,ufa,5,7.9,3,1,2,0,22,22,2,2,244,123,3,57,3856,ufa-season,linked-ufa;attribute:thr;attribute:pos;attribute:off;attribute:def;history-prior:5-seasons;current-season-cumulative
276,Logan Keillor,22556,lkeillor,2026,2026-09-03,2026-08-08,ufa-eb-v4,2026-08-14,64,1991.4,62.5,1888.6,2094.2,69,-0.1308,0.3487,70,0.0067,0.6675,66,-0.3753,0.706,68,-0.1891,0.729,cutter,0.8079,position,0,0,6,3,2,4,47,48,1,1,190,386,25,109,9399,ufa-season,linked-ufa;attribute:thr;attribute:pos;attribute:off;attribute:def;role-average-prior;current-season-cumulative
277,Carter Hawkins,18122,chawkins,2026,2026-09-03,2026-08-08,ufa-eb-v4,2026-08-14,64,1989.2,55.4,1898.0,2080.4,66,-0.4417,0.7313,78,0.8,0.935,71,0.1301,0.9126,75,0.5425,0.5229,handler,0.7558,ufa,3,83.1,11,19,3,13,446,459,10,7,3049,380,235,2,15269,ufa-season,linked-ufa;attribute:thr;attribute:pos;attribute:off;attribute:def;history-prior:3-seasons;current-season-cumulative
278,Benjamin Preiss,6100,bpreiss,2026,2026-09-03,2026-08-08,ufa-eb-v4,2026-08-14,64,1988.4,55.1,1897.8,2079.1,64,-0.6415,0.6394,75,0.51,0.8989,71,0.0909,0.9107,67,-0.3347,0.7923,cutter,0.7142,ufa,4,123.3,25,6,2,6,111,113,3,3,401,1847,164,35,13491,ufa-season,linked-ufa;attribute:thr;attribute:pos;attribute:off;attribute:def;history-prior:4-seasons;current-season-cumulative
279,Ted Schewe,11443,tschewe,2026,2026-09-03,2026-08-08,ufa-eb-v4,2026-08-14,64,1988.0,54.1,1899.0,2077.0,,,,,,,,,,,,,cutter,0.5816,prior-position,6,288.5,0,0,0,0,0,0,0,0,0,0,0,0,0,ufa-season,linked-ufa;history-prior:6-seasons;current-season-cumulative
280,Justin Burnett,14798,jburnett,2026,2026-09-03,2026-08-08,ufa-eb-v4,2026-08-14,64,1987.3,56.6,1894.2,2080.5,74,0.4106,0.5143,65,-0.4595,0.813,68,-0.1712,0.7411,78,0.7929,0.8948,cutter,0.8309,position,4,57.9,10,6,16,5,47,52,2,1,352,483,1,208,13482,ufa-season,linked-ufa;attribute:thr;attribute:pos;attribute:off;attribute:def;history-prior:4-seasons;current-season-cumulative
281,Liam Haberfield,22917,lhaberfie,2026,2026-09-03,2026-08-08,ufa-eb-v4,2026-08-14,64,1986.9,69.3,1873.0,2100.9,75,0.5466,0.5568,70,0.0163,0.7272,74,0.3774,0.7133,73,0.3317,0.5329,hybrid,0.8079,position,3,53.4,2,2,0,1,11,12,2,1,131,64,11,4,765,ufa-season,linked-ufa;attribute:thr;attribute:pos;attribute:off;attribute:def;history-prior:3-seasons;current-season-cumulative
282,Jeremiah Branson,8408,jbranson,2026,2026-09-03,2026-08-08,ufa-eb-v4,2026-08-14,64,1986.2,53.9,1897.6,2074.8,67,-0.3064,0.7032,72,0.1906,0.899,61,-0.858,0.8665,73,0.2868,0.8532,hybrid,0.8079,position,3,79.8,5,11,7,10,145,157,8,3,817,598,57,101,11744,ufa-season,linked-ufa;attribute:thr;attribute:pos;attribute:off;attribute:def;history-prior:3-seasons;current-season-cumulative
283,Orlando Impas,23657,oimpas,2026,2026-09-03,2026-08-08,ufa-eb-v4,2026-08-14,64,1986.0,62.0,1884.0,2088.0,68,-0.2385,0.4537,47,-2.3025,0.5887,56,-1.4276,0.7122,61,-0.8801,0.7233,hybrid,0.7755,position,1,7.0,1,0,3,10,22,30,1,0,108,99,29,56,5202,ufa-season,linked-ufa;attribute:thr;attribute:pos;attribute:off;attribute:def;history-prior:1-seasons;current-season-cumulative
284,Aiden Landis,9154,alandis,2026,2026-09-03,2026-08-08,ufa-eb-v4,2026-08-14,64,1985.0,53.9,1896.3,2073.6,79,0.8646,0.6777,64,-0.5875,0.8318,66,-0.394,0.8337,60,-0.973,0.7383,handler,0.5284,ufa,2,128.8,1,4,2,4,59,64,6,4,526,78,20,75,4762,ufa-season,linked-ufa;attribute:thr;attribute:pos;attribute:off;attribute:def;history-prior:2-seasons;current-season-cumulative
285,Luke Marks,13490,lmarks,2026,2026-09-03,2026-08-08,ufa-eb-v4,2026-08-14,64,1984.6,55.8,1892.8,2076.4,73,0.3405,0.7332,70,0.029,0.7314,63,-0.7043,0.7177,68,-0.2493,0.861,hybrid,0.461,ufa,6,55.9,2,0,3,0,13,13,0,0,137,109,2,68,5216,ufa-season,linked-ufa;attribute:thr;attribute:pos;attribute:off;attribute:def;history-prior:6-seasons;current-season-cumulative
286,Luke Rehfuss,11792,lrehfuss,2026,2026-09-03,2026-08-08,ufa-eb-v4,2026-08-14,64,1984.5,57.2,1890.4,2078.5,68,-0.2148,0.3687,68,-0.1853,0.6849,65,-0.4937,0.8251,70,-0.0414,0.8298,cutter,0.7755,position,5,25.4,7,1,3,3,23,26,2,1,88,348,0,132,8103,ufa-season,linked-ufa;attribute:thr;attribute:pos;attribute:off;attribute:def;history-prior:5-seasons;current-season-cumulative
287,Sam Kaminsky,19882,skaminsky,2026,2026-09-03,2026-08-08,ufa-eb-v4,2026-08-14,64,1983.6,55.9,1891.7,2075.6,63,-0.6894,0.668,77,0.6581,0.8663,63,-0.7035,0.8609,70,-0.034,0.4976,handler,0.4551,ufa,5,329.0,2,5,3,3,86,90,2,1,474,298,52,16,4776,ufa-season,linked-ufa;attribute:thr;attribute:pos;attribute:off;attribute:def;history-prior:5-seasons;current-season-cumulative
288,Shane Otis,15353,sotis,2026,2026-09-03,2026-08-08,ufa-eb-v4,2026-08-14,64,1983.6,56.9,1890.0,2077.2,69,-0.0972,0.3175,71,0.092,0.3381,65,-0.4614,0.5095,72,0.2055,0.4847,handler,0.8309,position,3,11.6,1,1,1,0,5,5,0,0,11,-17,0,12,840,ufa-season,linked-ufa;attribute:thr;attribute:pos;attribute:off;attribute:def;history-prior:3-seasons;current-season-cumulative
289,Araav Sehgal,24842,asehgal,2026,2026-09-03,2026-08-08,ufa-eb-v4,2026-08-14,64,1983.5,74.8,1860.3,2106.6,73,0.3181,0.6967,77,0.6521,0.878,75,0.5034,0.8659,64,-0.5685,0.6263,handler,0.6192,ufa,2,36.5,4,17,0,7,222,232,13,10,1788,685,136,1,8915,ufa-season,linked-ufa;attribute:thr;attribute:pos;attribute:off;attribute:def;history-prior:2-seasons;current-season-cumulative
290,Owen Suelflow,24226,osuelflow,2026,2026-09-03,2026-08-08,ufa-eb-v4,2026-08-14,63,1982.6,59.3,1885.0,2080.3,70,-0.0188,0.1671,64,-0.5617,0.4026,69,-0.1154,0.5312,71,0.0953,0.6867,cutter,0.5309,ufa,0,0,8,1,3,4,11,14,1,0,62,346,1,95,6566,ufa-season,linked-ufa;attribute:thr;attribute:pos;attribute:off;attribute:def;role-average-prior;current-season-cumulative
291,Nico Ranabhat,15352,nranabhat,2026,2026-09-03,2026-08-08,ufa-eb-v4,2026-08-14,63,1982.5,54.7,1892.5,2072.6,68,-0.1621,0.7443,79,0.9404,0.9551,79,0.9041,0.9293,75,0.5404,0.6623,hybrid,0.8309,position,5,68.2,14,37,1,14,454,469,10,7,2945,2425,235,6,16775,ufa-season,linked-ufa;attribute:thr;attribute:pos;attribute:off;attribute:def;history-prior:5-seasons;current-season-cumulative
292,Daniel Brunker,9580,dbrunker,2026,2026-09-03,2026-08-08,ufa-eb-v4,2026-08-14,63,1981.9,54.9,1891.6,2072.1,75,0.5283,0.7424,73,0.3338,0.9227,81,1.1212,0.9039,81,1.1492,0.675,hybrid,0.6284,ufa,4,207.6,18,20,6,11,194,205,13,9,1473,1170,130,12,9069,ufa-season,linked-ufa;attribute:thr;attribute:pos;attribute:off;attribute:def;history-prior:4-seasons;current-season-cumulative
293,Steele Davies,22363,sdavies,2026,2026-09-03,2026-08-08,ufa-eb-v4,2026-08-14,63,1981.7,65.1,1874.6,2088.9,72,0.2066,0.5605,64,-0.5848,0.735,67,-0.2634,0.8163,68,-0.1669,0.834,hybrid,0.8079,position,0,0,8,9,4,8,61,69,4,2,358,533,0,164,10630,ufa-season,linked-ufa;attribute:thr;attribute:pos;attribute:off;attribute:def;role-average-prior;current-season-cumulative
294,Akifumi Muraoka,13866,amuraoka,2026,2026-09-03,2026-08-08,ufa-eb-v4,2026-08-14,63,1981.6,64.2,1876.0,2087.3,73,0.3415,0.7287,71,0.0833,0.7294,70,0.0363,0.6742,70,0.0222,0.4856,hybrid,0.3114,ufa,2,57.3,0,0,0,0,10,10,0,0,39,32,7,19,2384,ufa-season,linked-ufa;attribute:thr;attribute:pos;attribute:off;attribute:def;history-prior:2-seasons;current-season-cumulative
295,John Tan,11442,jtan1,2026,2026-09-03,2026-08-08,ufa-eb-v4,2026-08-14,63,1981.0,54.1,1892.0,2070.1,70,-0.034,0.1047,66,-0.3861,0.2914,61,-0.9094,0.6303,71,0.1262,0.6224,cutter,0.7755,position,5,6.4,0,0,3,1,3,4,0,0,-16,28,0,25,1515,ufa-season,linked-ufa;attribute:thr;attribute:pos;attribute:off;attribute:def;history-prior:5-seasons;current-season-cumulative
296,Justin Podnar,27167,jpodnar,2026,2026-09-03,2026-08-08,ufa-eb-v4,2026-08-14,63,1979.8,56.8,1886.4,2073.3,78,0.8198,0.6288,71,0.1069,0.8132,75,0.4794,0.8201,79,0.9179,0.7987,hybrid,0.8079,position,0,0,16,22,9,7,98,106,9,7,551,1655,60,114,10838,ufa-season,linked-ufa;attribute:thr;attribute:pos;attribute:off;attribute:def;role-average-prior;current-season-cumulative
297,Abe Shklar,50335,ashklar,2026,2026-09-03,2026-08-08,ufa-eb-v4,2026-08-14,63,1979.5,57.1,1885.6,2073.3,70,0.0065,0.1931,71,0.0692,0.2019,69,-0.0946,0.4106,70,0.0065,0.4155,hybrid,0.2955,ufa,0,0,0,1,0,0,6,6,0,0,18,101,0,22,1469,ufa-season,linked-ufa;attribute:thr;attribute:pos;attribute:off;attribute:def;role-average-prior;current-season-cumulative
298,Charlie Panarella,26642,cpanarell,2026,2026-09-03,2026-08-08,ufa-eb-v4,2026-08-14,63,1978.8,65.9,1870.5,2087.2,67,-0.2503,0.3415,74,0.3594,0.6727,77,0.6517,0.7924,76,0.6448,0.7897,cutter,0.6701,ufa,0,0,20,3,9,2,44,46,1,1,48,925,0,167,10657,ufa-season,linked-ufa;attribute:thr;attribute:pos;attribute:off;attribute:def;role-average-prior;current-season-cumulative
299,Bradley Fleming,25577,bfleming,2026,2026-09-03,2026-08-08,ufa-eb-v4,2026-08-14,63,1977.4,55.5,1886.1,2068.6,66,-0.446,0.7708,75,0.491,0.7665,66,-0.4248,0.6686,69,-0.1047,0.8763,hybrid,0.8309,position,4,17.3,2,9,6,3,64,67,0,0,256,196,2,183,12655,ufa-season,linked-ufa;attribute:thr;attribute:pos;attribute:off;attribute:def;history-prior:4-seasons;current-season-cumulative
300,Michael Tran,2029,mtran,2026,2026-09-03,2026-08-08,ufa-eb-v4,2026-08-14,63,1976.4,53.3,1888.8,2064.1,62,-0.846,0.6608,73,0.294,0.8544,61,-0.8718,0.8512,72,0.2348,0.7929,handler,0.8309,position,8,141.9,2,4,4,4,92,96,1,1,450,182,43,57,6214,ufa-season,linked-ufa;attribute:thr;attribute:pos;attribute:off;attribute:def;history-prior:8-seasons;current-season-cumulative
301,Carson Armstrong,23627,carmstron1,2026,2026-09-03,2026-08-08,ufa-eb-v4,2026-08-14,63,1975.9,67.6,1864.7,2087.0,71,0.1073,0.6972,72,0.2478,0.9017,78,0.8465,0.8924,68,-0.2023,0.3635,hybrid,0.566,ufa,1,170.0,8,10,0,8,121,129,4,3,963,729,109,2,6893,ufa-season,linked-ufa;attribute:thr;attribute:pos;attribute:off;attribute:def;history-prior:1-seasons;current-season-cumulative
302,Brandon Li,4899,bli,2026,2026-09-03,2026-08-08,ufa-eb-v4,2026-08-14,63,1975.4,54.1,1886.4,2064.4,68,-0.223,0.5289,65,-0.4653,0.7013,61,-0.8723,0.8087,70,-0.0154,0.8023,hybrid,0.4811,ufa,3,32.4,3,1,3,3,22,25,2,2,96,225,12,65,5387,ufa-season,linked-ufa;attribute:thr;attribute:pos;attribute:off;attribute:def;history-prior:3-seasons;current-season-cumulative
303,Kolbe Bauer,15420,kbauer,2026,2026-09-03,2026-08-08,ufa-eb-v4,2026-08-14,63,1974.6,55.8,1882.8,2066.5,70,-0.0345,0.1065,71,0.0681,0.2019,67,-0.3266,0.5017,71,0.1036,0.4838,cutter,0.3603,ufa,1,0.0,1,0,1,0,6,6,0,0,17,73,0,39,2812,ufa-season,linked-ufa;attribute:thr;attribute:pos;attribute:off;attribute:def;history-prior:1-seasons;current-season-cumulative
304,Brandon Lamberty,12432,blamberty,2026,2026-09-03,2026-08-08,ufa-eb-v4,2026-08-14,63,1974.4,54.4,1884.9,2063.8,77,0.6805,0.5965,71,0.128,0.7649,69,-0.1493,0.7682,73,0.3181,0.8306,hybrid,0.621,ufa,6,18.2,9,8,3,4,62,66,6,3,543,364,26,112,8651,ufa-season,linked-ufa;attribute:thr;attribute:pos;attribute:off;attribute:def;history-prior:6-seasons;current-season-cumulative
305,Kyle Suelflow,24215,ksuelflow,2026,2026-09-03,2026-08-08,ufa-eb-v4,2026-08-14,63,1972.8,59.3,1875.2,2070.4,74,0.3819,0.5128,72,0.2433,0.6782,68,-0.2082,0.8593,74,0.3717,0.8598,hybrid,0.6154,ufa,1,16.5,7,5,3,1,33,34,2,1,149,453,0,135,9088,ufa-season,linked-ufa;attribute:thr;attribute:pos;attribute:off;attribute:def;history-prior:1-seasons;current-season-cumulative
306,Langley Fitzpatrick,23705,lfitzpatr,2026,2026-09-03,2026-08-08,ufa-eb-v4,2026-08-14,63,1972.6,70.7,1856.3,2088.9,69,-0.1288,0.3821,71,0.0851,0.6104,68,-0.2148,0.6886,73,0.3145,0.8103,cutter,0.8079,position,1,17.0,10,2,9,2,18,18,0,0,60,612,6,132,8839,ufa-season,linked-ufa;attribute:thr;attribute:pos;attribute:off;attribute:def;history-prior:1-seasons;current-season-cumulative
307,Luke Barry,19853,lbarry,2026,2026-09-03,2026-08-08,ufa-eb-v4,2026-08-14,63,1972.6,55.8,1880.8,2064.5,72,0.2411,0.5775,72,0.1909,0.7492,72,0.1946,0.801,78,0.7856,0.756,handler,0.8309,position,0,0,3,14,4,6,105,109,5,4,709,214,0,148,10348,ufa-season,linked-ufa;attribute:thr;attribute:pos;attribute:off;attribute:def;role-average-prior;current-season-cumulative
308,Jakeem Polk,9708,jpolk,2026,2026-09-03,2026-08-08,ufa-eb-v4,2026-08-14,63,1969.4,55.1,1878.8,2060.0,70,-0.0289,0.427,73,0.2654,0.7342,65,-0.5128,0.6864,70,0.0082,0.8703,cutter,0.8079,position,9,23.6,3,2,9,2,44,47,2,0,290,193,2,157,10498,ufa-season,linked-ufa;attribute:thr;attribute:pos;attribute:off;attribute:def;history-prior:9-seasons;current-season-cumulative
309,Zac Scheuerman,24002,zscheuerm,2026,2026-09-03,2026-08-08,ufa-eb-v4,2026-08-14,63,1969.1,59.6,1871.0,2067.2,68,-0.2409,0.6354,71,0.1452,0.8342,63,-0.6817,0.8882,58,-1.1828,0.8953,hybrid,0.8309,position,1,19.0,15,11,7,5,96,102,5,4,365,1208,87,169,14824,ufa-season,linked-ufa;attribute:thr;attribute:pos;attribute:off;attribute:def;history-prior:1-seasons;current-season-cumulative
310,Owen Johnson,26058,ojohnson,2026,2026-09-03,2026-08-08,ufa-eb-v4,2026-08-14,63,1969.0,61.0,1868.6,2069.3,64,-0.5852,0.8427,81,1.069,0.8461,74,0.4355,0.8256,80,0.9836,0.8857,hybrid,0.6878,ufa,2,36.2,18,7,12,1,97,98,0,0,367,1082,24,155,11318,ufa-season,linked-ufa;attribute:thr;attribute:pos;attribute:off;attribute:def;history-prior:2-seasons;current-season-cumulative
311,Atkin Arnstein,17125,aarnstein,2026,2026-09-03,2026-08-08,ufa-eb-v4,2026-08-14,63,1968.7,58.1,1873.1,2064.2,63,-0.7228,0.4697,71,0.0891,0.6774,67,-0.2665,0.5613,70,0.0083,0.4956,cutter,0.275,ufa,2,40.9,1,0,0,1,10,11,0,0,4,70,3,14,1390,ufa-season,linked-ufa;attribute:thr;attribute:pos;attribute:off;attribute:def;history-prior:2-seasons;current-season-cumulative
312,Gavin Babbitt,13686,gbabbitt,2026,2026-09-03,2026-08-08,ufa-eb-v4,2026-08-14,63,1967.9,55.6,1876.4,2059.4,67,-0.2823,0.5309,71,0.1437,0.5393,64,-0.5702,0.6599,71,0.0724,0.6072,handler,0.4051,ufa,4,6.2,0,3,1,1,33,34,0,0,177,56,0,52,3612,ufa-season,linked-ufa;attribute:thr;attribute:pos;attribute:off;attribute:def;history-prior:4-seasons;current-season-cumulative
313,Peter Lenz,19006,plenz,2026,2026-09-03,2026-08-08,ufa-eb-v4,2026-08-14,63,1967.9,56.9,1874.2,2061.5,67,-0.3116,0.6712,57,-1.2614,0.8732,69,-0.1403,0.8749,74,0.4224,0.7658,hybrid,0.5876,ufa,3,114.4,8,6,2,12,67,79,2,0,436,449,50,71,8023,ufa-season,linked-ufa;attribute:thr;attribute:pos;attribute:off;attribute:def;history-prior:3-seasons;current-season-cumulative
314,Daniel Bauman,19427,dbauman,2026,2026-09-03,2026-08-08,ufa-eb-v4,2026-08-14,63,1966.9,56.8,1873.5,2060.3,64,-0.5727,0.6135,68,-0.2407,0.8032,63,-0.7217,0.7475,63,-0.6618,0.629,handler,0.5791,ufa,0,0,3,1,0,12,140,151,3,2,833,272,48,69,8632,ufa-season,linked-ufa;attribute:thr;attribute:pos;attribute:off;attribute:def;role-average-prior;current-season-cumulative
315,Stewart Kelley,13772,skelley1,2026,2026-09-03,2026-08-08,ufa-eb-v4,2026-08-14,63,1966.7,55.6,1875.3,2058.2,,,,,,,,,,,,,unknown,0.2174,prior-usau-stats,1,0.9,0,0,0,0,0,0,0,0,0,0,0,0,0,ufa-season,linked-ufa;history-prior:1-seasons;current-season-cumulative
316,Aaron Barcio,11734,abarcio,2026,2026-09-03,2026-08-08,ufa-eb-v4,2026-08-14,63,1965.8,55.0,1875.2,2056.3,72,0.2355,0.5525,69,-0.1187,0.7281,71,0.0884,0.6738,74,0.3794,0.6928,handler,0.5704,ufa,2,4.6,5,8,4,7,83,90,3,3,668,421,13,100,6764,ufa-season,linked-ufa;attribute:thr;attribute:pos;attribute:off;attribute:def;history-prior:2-seasons;current-season-cumulative
317,Noah Powell,22774,npowell,2026,2026-09-03,2026-08-08,ufa-eb-v4,2026-08-14,63,1965.6,58.8,1868.7,2062.4,66,-0.4203,0.6779,63,-0.6851,0.6873,66,-0.4354,0.8665,73,0.2883,0.8743,hybrid,0.566,ufa,4,24.8,3,2,3,5,24,28,0,0,63,234,0,111,8021,ufa-season,linked-ufa;attribute:thr;attribute:pos;attribute:off;attribute:def;history-prior:4-seasons;current-season-cumulative
318,Eugene L'Heureux,8336,elheureux,2026,2026-09-03,2026-08-08,ufa-eb-v4,2026-08-14,63,1963.2,53.1,1875.8,2050.5,78,0.8105,0.6714,52,-1.7848,0.8398,63,-0.6884,0.8091,67,-0.3275,0.8869,handler,0.7615,ufa,5,70.0,4,13,6,19,107,123,11,6,989,460,22,221,15682,ufa-season,linked-ufa;attribute:thr;attribute:pos;attribute:off;attribute:def;history-prior:5-seasons;current-season-cumulative
319,Cole Hyzer,21510,chyzer,2026,2026-09-03,2026-08-08,ufa-eb-v4,2026-08-14,63,1962.3,62.8,1858.9,2065.6,,,,,,,,,,,,,hybrid,0.7489,ufa,3,151.0,0,0,0,0,0,0,0,0,0,0,0,0,0,ufa-season,linked-ufa;history-prior:3-seasons;current-season-cumulative
320,Arthur Aucoin,19196,aaucoin,2026,2026-09-03,2026-08-08,ufa-eb-v4,2026-08-14,63,1961.9,59.1,1864.7,2059.0,,,,,,,,,,,,,cutter,0.7755,position,1,5.0,0,0,0,0,0,0,0,0,0,0,0,0,0,ufa-season,linked-ufa;history-prior:1-seasons;current-season-cumulative
321,Seth Fisher-Olvera,19412,sfisherol,2026,2026-09-03,2026-08-08,ufa-eb-v4,2026-08-14,62,1957.3,55.9,1865.4,2049.2,68,-0.1669,0.2791,69,-0.0594,0.471,67,-0.3179,0.5851,73,0.3007,0.7352,cutter,0.5896,ufa,0,0,4,3,2,2,20,21,0,0,59,296,3,119,7645,ufa-season,linked-ufa;attribute:thr;attribute:pos;attribute:off;attribute:def;role-average-prior;current-season-cumulative
322,Brandon Severson,11797,bseverson,2026,2026-09-03,2026-08-08,ufa-eb-v4,2026-08-14,62,1957.0,57.2,1863.0,2051.1,71,0.0589,0.3654,71,0.077,0.4913,64,-0.5934,0.6186,69,-0.0966,0.7738,hybrid,0.5682,ufa,3,0.5,2,4,6,1,21,23,1,1,122,262,5,107,7530,ufa-season,linked-ufa;attribute:thr;attribute:pos;attribute:off;attribute:def;history-prior:3-seasons;current-season-cumulative
323,Kelsen Alexander,2109,kalexande,2026,2026-09-03,2026-08-08,ufa-eb-v4,2026-08-14,62,1956.6,54.7,1866.6,2046.5,75,0.4782,0.6921,74,0.3762,0.8825,73,0.3436,0.8911,72,0.1983,0.8265,handler,0.8309,position,8,213.8,3,19,8,6,128,135,4,2,1042,766,49,135,11754,ufa-season,linked-ufa;attribute:thr;attribute:pos;attribute:off;attribute:def;history-prior:8-seasons;current-season-cumulative
324,Thomas Nye,13583,tnye,2026,2026-09-03,2026-08-08,ufa-eb-v4,2026-08-14,62,1954.0,55.5,1862.7,2045.3,72,0.1554,0.6094,72,0.1788,0.7818,63,-0.7386,0.8346,67,-0.3076,0.458,handler,0.6355,ufa,1,0.6,4,8,1,7,127,133,7,6,1057,404,127,19,9657,ufa-season,linked-ufa;attribute:thr;attribute:pos;attribute:off;attribute:def;history-prior:1-seasons;current-season-cumulative
325,Seth Weaver,5860,sweaver,2026,2026-09-03,2026-08-08,ufa-eb-v4,2026-08-14,62,1953.6,56.2,1861.2,2046.1,,,,,,,,,,,,,hybrid,0.8309,position,6,46.3,0,0,0,0,0,0,0,0,0,0,0,0,0,ufa-season,linked-ufa;history-prior:6-seasons;current-season-cumulative
326,Thomas Mazur,23356,tmazur,2026,2026-09-03,2026-08-08,ufa-eb-v4,2026-08-14,62,1952.3,61.2,1851.6,2053.0,72,0.2271,0.389,65,-0.5204,0.5073,64,-0.6375,0.5341,68,-0.2319,0.148,handler,0.342,ufa,0,0,1,1,0,5,30,36,4,2,313,16,31,3,1899,ufa-season,linked-ufa;attribute:thr;attribute:pos;attribute:off;attribute:def;role-average-prior;current-season-cumulative
327,Zac Byrnes,9652,zbyrnes,2026,2026-09-03,2026-08-08,ufa-eb-v4,2026-08-14,62,1950.9,56.6,1857.8,2043.9,71,0.0861,0.3663,70,0.0448,0.4712,64,-0.6339,0.5802,66,-0.372,0.6413,hybrid,0.8309,position,3,10.5,0,0,0,1,12,13,1,1,57,69,9,32,2498,ufa-season,linked-ufa;attribute:thr;attribute:pos;attribute:off;attribute:def;history-prior:3-seasons;current-season-cumulative
328,Gavin May,18718,gmay,2026,2026-09-03,2026-08-08,ufa-eb-v4,2026-08-14,62,1949.4,56.6,1856.3,2042.6,68,-0.2482,0.378,65,-0.475,0.472,67,-0.2642,0.6075,68,-0.1997,0.5453,unknown,0.2495,ufa,4,15.6,1,0,0,2,4,6,0,0,13,-25,0,11,804,ufa-season,linked-ufa;attribute:thr;attribute:pos;attribute:off;attribute:def;history-prior:4-seasons;current-season-cumulative
329,Will Hoffenkamp,12444,whoffenka,2026,2026-09-03,2026-08-08,ufa-eb-v4,2026-08-14,62,1949.2,54.9,1858.9,2039.5,65,-0.51,0.7638,73,0.2818,0.9484,66,-0.4371,0.928,64,-0.5526,0.6039,handler,0.7804,ufa,2,360.5,16,26,6,24,488,520,15,8,3210,1116,237,28,15187,ufa-season,linked-ufa;attribute:thr;attribute:pos;attribute:off;attribute:def;history-prior:2-seasons;current-season-cumulative
330,Stefan Samu,18887,ssamu,2026,2026-09-03,2026-08-08,ufa-eb-v4,2026-08-14,62,1949.1,57.6,1854.5,2043.8,68,-0.2081,0.5484,66,-0.3514,0.8349,63,-0.6822,0.8503,67,-0.3172,0.8593,cutter,0.6849,ufa,5,75.2,11,0,1,5,42,47,2,0,132,482,33,144,11645,ufa-season,linked-ufa;attribute:thr;attribute:pos;attribute:off;attribute:def;history-prior:5-seasons;current-season-cumulative
331,Max Combs,22280,mcombs,2026,2026-09-03,2026-08-08,ufa-eb-v4,2026-08-14,62,1948.7,59.2,1851.3,2046.1,75,0.543,0.6726,69,-0.054,0.8775,67,-0.2751,0.8766,67,-0.3429,0.8794,hybrid,0.7118,ufa,1,121.0,16,11,10,6,69,75,5,5,569,972,54,143,13354,ufa-season,linked-ufa;attribute:thr;attribute:pos;attribute:off;attribute:def;history-prior:1-seasons;current-season-cumulative
332,Allan Michel,13551,amichel,2026,2026-09-03,2026-08-08,ufa-eb-v4,2026-08-14,62,1945.7,55.8,1854.0,2037.4,68,-0.1775,0.4976,68,-0.2026,0.5011,65,-0.4859,0.6091,62,-0.8394,0.5953,hybrid,0.3984,ufa,6,3.8,1,1,0,2,18,21,0,0,94,194,20,30,2996,ufa-season,linked-ufa;attribute:thr;attribute:pos;attribute:off;attribute:def;history-prior:6-seasons;current-season-cumulative
333,Ian Engler,29123,iengler,2026,2026-09-03,2026-08-08,ufa-eb-v4,2026-08-14,62,1945.6,54.9,1855.3,2035.9,67,-0.3385,0.5398,74,0.3781,0.5257,68,-0.2283,0.4582,67,-0.3128,0.4162,hybrid,0.2995,ufa,2,24.4,0,0,0,0,5,5,0,0,26,5,2,21,1239,ufa-season,linked-ufa;attribute:thr;attribute:pos;attribute:off;attribute:def;history-prior:2-seasons;current-season-cumulative
334,Jake Carrico,8517,jcarrico,2026,2026-09-03,2026-08-08,ufa-eb-v4,2026-08-14,62,1944.2,54.1,1855.3,2033.2,84,1.4032,0.6759,60,-1.0428,0.8487,71,0.1194,0.8709,71,0.1412,0.8409,handler,0.8309,position,4,98.8,5,20,10,13,93,107,10,5,891,421,49,131,11679,ufa-season,linked-ufa;attribute:thr;attribute:pos;attribute:off;attribute:def;history-prior:4-seasons;current-season-cumulative
335,Kai Schniedergers,16800,kschniede,2026,2026-09-03,2026-08-08,ufa-eb-v4,2026-08-14,62,1942.4,55.5,1851.1,2033.8,71,0.0642,0.592,73,0.3386,0.7747,76,0.6021,0.8155,72,0.2485,0.4456,hybrid,0.5876,ufa,0,0,9,8,2,4,80,85,5,3,454,813,103,18,7807,ufa-season,linked-ufa;attribute:thr;attribute:pos;attribute:off;attribute:def;role-average-prior;current-season-cumulative
336,Henry Goldenberg,13840,hgoldenbe,2026,2026-09-03,2026-08-08,ufa-eb-v4,2026-08-14,62,1940.6,55.0,1850.1,2031.0,71,0.071,0.7498,68,-0.1938,0.926,64,-0.5525,0.8958,,,,hybrid,0.7755,position,5,181.4,7,14,0,17,207,226,16,7,1675,215,120,0,8588,ufa-season,linked-ufa;attribute:thr;attribute:pos;attribute:off;history-prior:5-seasons;current-season-cumulative
337,Ethan Ode,20039,eode,2026,2026-09-03,2026-08-08,ufa-eb-v4,2026-08-14,62,1940.5,59.0,1843.4,2037.6,70,0.0169,0.3001,72,0.1597,0.2942,72,0.2477,0.3543,70,-0.019,0.0794,handler,0.275,ufa,0,0,1,0,0,0,15,15,0,0,125,69,14,3,562,ufa-season,linked-ufa;attribute:thr;attribute:pos;attribute:off;attribute:def;role-average-prior;current-season-cumulative
338,Trenton Hebert,4623,thebert1,2026,2026-09-03,2026-08-08,ufa-eb-v4,2026-08-14,62,1940.1,53.7,1851.8,2028.4,71,0.1077,0.3007,73,0.267,0.5665,66,-0.367,0.6659,72,0.1967,0.6629,cutter,0.8309,position,1,15.0,0,1,4,1,19,20,1,0,94,141,0,40,3148,ufa-season,linked-ufa;attribute:thr;attribute:pos;attribute:off;attribute:def;history-prior:1-seasons;current-season-cumulative
339,Sam Davies,16586,sdavies1,2026,2026-09-03,2026-08-08,ufa-eb-v4,2026-08-14,62,1939.4,61.4,1838.4,2040.5,65,-0.4756,0.3941,69,-0.1217,0.623,59,-1.1114,0.774,60,-1.0295,0.7839,cutter,0.8079,position,0,0,13,3,4,3,35,37,0,0,21,977,45,147,11121,ufa-season,linked-ufa;attribute:thr;attribute:pos;attribute:off;attribute:def;role-average-prior;current-season-cumulative
340,Micah Wagner,29129,mwagner,2026,2026-09-03,2026-08-08,ufa-eb-v4,2026-08-14,62,1939.1,65.9,1830.7,2047.4,67,-0.3409,0.7292,77,0.722,0.7373,68,-0.2321,0.669,73,0.3418,0.8634,hybrid,0.8488,position,1,14.5,12,5,9,1,51,53,0,0,199,616,3,172,11203,ufa-season,linked-ufa;attribute:thr;attribute:pos;attribute:off;attribute:def;history-prior:1-seasons;current-season-cumulative
341,Julien Bernat,13017,jbernat,2026,2026-09-03,2026-08-08,ufa-eb-v4,2026-08-14,62,1938.9,62.7,1835.7,2042.1,80,1.0283,0.7194,66,-0.3766,0.8974,69,-0.1488,0.8855,67,-0.3382,0.869,hybrid,0.667,ufa,4,91.4,5,15,5,12,117,127,13,8,1134,1083,86,79,11140,ufa-season,linked-ufa;attribute:thr;attribute:pos;attribute:off;attribute:def;history-prior:4-seasons;current-season-cumulative
342,Jayden Feagans,22458,jfeagans,2026,2026-09-03,2026-08-08,ufa-eb-v4,2026-08-14,62,1938.6,54.8,1848.5,2028.7,63,-0.6867,0.4975,69,-0.1252,0.8277,70,-0.0222,0.8055,66,-0.3684,0.4008,cutter,0.6058,ufa,0,0,10,6,0,8,105,116,1,1,298,1218,114,16,10498,ufa-season,linked-ufa;attribute:thr;attribute:pos;attribute:off;attribute:def;role-average-prior;current-season-cumulative
343,Jake Murray,51720,jmurray,2026,2026-09-03,2026-08-08,ufa-eb-v4,2026-08-14,62,1938.4,57.3,1844.2,2032.6,67,-0.2585,0.5522,67,-0.3033,0.7134,59,-1.0549,0.741,66,-0.375,0.537,handler,0.3951,ufa,1,33.0,2,1,1,5,55,61,3,2,450,110,46,3,2685,ufa-season,linked-ufa;attribute:thr;attribute:pos;attribute:off;attribute:def;history-prior:1-seasons;current-season-cumulative
344,Peter Burt,6140,pburt1,2026,2026-09-03,2026-08-08,ufa-eb-v4,2026-08-14,62,1938.4,56.1,1846.1,2030.6,70,0.0395,0.0686,69,-0.1092,0.1716,68,-0.1647,0.3452,67,-0.3286,0.4366,cutter,0.8079,position,1,0.2,2,0,0,1,4,4,1,1,52,93,1,32,2103,ufa-season,linked-ufa;attribute:thr;attribute:pos;attribute:off;attribute:def;history-prior:1-seasons;current-season-cumulative
345,Ivan Tran,8233,itran,2026,2026-09-03,2026-08-08,ufa-eb-v4,2026-08-14,62,1938.2,53.6,1850.0,2026.4,60,-1.0241,0.7186,80,0.9848,0.7196,62,-0.8202,0.8329,75,0.4986,0.8434,hybrid,0.461,ufa,5,41.0,1,0,3,0,23,23,0,0,74,181,0,70,4677,ufa-season,linked-ufa;attribute:thr;attribute:pos;attribute:off;attribute:def;history-prior:5-seasons;current-season-cumulative
346,Max Sheppard,2706,msheppard,2026,2026-09-03,2026-08-08,ufa-eb-v4,2026-08-14,61,1933.3,54.3,1843.9,2022.6,81,1.1385,0.6809,68,-0.1955,0.8299,71,0.0653,0.843,76,0.5752,0.7996,hybrid,0.8079,position,10,159.9,3,2,4,1,22,23,4,3,197,109,2,60,3512,ufa-season,linked-ufa;attribute:thr;attribute:pos;attribute:off;attribute:def;history-prior:10-seasons;current-season-cumulative
347,Tanner Roberts,9656,troberts1,2026,2026-09-03,2026-08-08,ufa-eb-v4,2026-08-14,61,1933.0,55.2,1842.1,2023.8,,,,,,,,,,,,,cutter,0.6059,prior-position,4,20.6,0,0,0,0,0,0,0,0,0,0,0,0,0,ufa-season,linked-ufa;history-prior:4-seasons;current-season-cumulative
348,Jacob Kaplan,5175,jkaplan,2026,2026-09-03,2026-08-08,ufa-eb-v4,2026-08-14,61,1932.9,54.6,1843.1,2022.7,,,,,,,,,,,,,handler,0.3853,prior-ufa,1,44.0,0,0,0,0,0,0,0,0,0,0,0,0,0,ufa-season,linked-ufa;history-prior:1-seasons;current-season-cumulative
349,Mac Weber,20630,mweber2,2026,2026-09-03,2026-08-08,ufa-eb-v4,2026-08-14,61,1932.2,59.8,1833.9,2030.6,72,0.1516,0.6198,71,0.096,0.8076,64,-0.5589,0.7725,64,-0.5577,0.8591,hybrid,0.4754,ufa,3,94.0,1,1,0,1,15,15,1,1,124,60,3,72,4401,ufa-season,linked-ufa;attribute:thr;attribute:pos;attribute:off;attribute:def;history-prior:3-seasons;current-season-cumulative
350,Lincoln Grench,15644,lgrench,2026,2026-09-03,2026-08-08,ufa-eb-v4,2026-08-14,61,1931.5,56.2,1839.1,2023.9,65,-0.5146,0.7921,72,0.2277,0.7945,68,-0.1952,0.7425,79,0.9221,0.8713,hybrid,0.7755,position,2,50.5,6,3,3,2,42,45,0,0,188,477,1,122,8810,ufa-season,linked-ufa;attribute:thr;attribute:pos;attribute:off;attribute:def;history-prior:2-seasons;current-season-cumulative
351,Reggie Sung,2037,rsung,2026,2026-09-03,2026-08-08,ufa-eb-v4,2026-08-14,61,1930.4,54.8,1840.2,2020.6,71,0.0852,0.5008,59,-1.057,0.6661,63,-0.6924,0.7036,66,-0.367,0.8855,hybrid,0.6442,ufa,6,16.7,4,2,3,5,28,32,2,2,206,290,4,147,10508,ufa-season,linked-ufa;attribute:thr;attribute:pos;attribute:off;attribute:def;history-prior:6-seasons;current-season-cumulative
352,Everett Saunders,17302,esaunders,2026,2026-09-03,2026-08-08,ufa-eb-v4,2026-08-14,61,1929.5,60.2,1830.5,2028.5,76,0.6085,0.5714,59,-1.055,0.725,68,-0.1616,0.6153,72,0.1888,0.7047,handler,0.543,ufa,2,8.5,2,13,2,13,74,87,9,5,614,170,5,96,7255,ufa-season,linked-ufa;attribute:thr;attribute:pos;attribute:off;attribute:def;history-prior:2-seasons;current-season-cumulative
353,Declan Kervick,17415,dkervick,2026,2026-09-03,2026-08-08,ufa-eb-v4,2026-08-14,61,1929.2,54.4,1839.7,2018.7,,,,,,,,,,,,,hybrid,0.5816,prior-position,3,4.9,0,0,0,0,0,0,0,0,0,0,0,0,0,ufa-season,linked-ufa;history-prior:3-seasons;current-season-cumulative
354,Avi Ghitterman,54565,aghitterm,2026,2026-09-03,2026-08-08,ufa-eb-v4,2026-08-14,61,1928.8,58.4,1832.8,2024.8,66,-0.4379,0.6349,74,0.3715,0.8264,63,-0.6949,0.7656,69,-0.1055,0.7273,handler,0.6542,ufa,0,0,3,8,3,7,171,179,4,3,1114,193,39,118,11459,ufa-season,linked-ufa;attribute:thr;attribute:pos;attribute:off;attribute:def;role-average-prior;current-season-cumulative
355,Morgan Sommer,14394,msommer,2026,2026-09-03,2026-08-08,ufa-eb-v4,2026-08-14,61,1928.8,55.7,1837.2,2020.3,74,0.3907,0.5112,72,0.1767,0.6773,77,0.7488,0.8256,,,,hybrid,0.3814,ufa,4,35.0,2,1,0,0,16,16,2,2,148,214,45,0,2573,ufa-season,linked-ufa;attribute:thr;attribute:pos;attribute:off;history-prior:4-seasons;current-season-cumulative
356,Rudy Jimenez,8907,rjimenez,2026,2026-09-03,2026-08-08,ufa-eb-v4,2026-08-14,61,1927.3,56.4,1834.6,2020.0,67,-0.2869,0.4241,69,-0.1259,0.4314,67,-0.2905,0.2968,70,0.0124,0.1769,handler,0.8079,position,0,0,0,0,0,2,23,26,0,0,125,-11,8,6,1412,ufa-season,linked-ufa;attribute:thr;attribute:pos;attribute:off;attribute:def;role-average-prior;current-season-cumulative
357,Michael Poe,21675,mpoe,2026,2026-09-03,2026-08-08,ufa-eb-v4,2026-08-14,61,1926.6,58.8,1829.8,2023.4,66,-0.4285,0.6076,74,0.3678,0.8002,71,0.087,0.6888,67,-0.3133,0.8441,hybrid,0.8079,position,1,9.0,10,2,4,5,85,90,3,2,327,586,9,139,9678,ufa-season,linked-ufa;attribute:thr;attribute:pos;attribute:off;attribute:def;history-prior:1-seasons;current-season-cumulative
358,Cullen Baker,8739,cbaker,2026,2026-09-03,2026-08-08,ufa-eb-v4,2026-08-14,61,1926.5,54.4,1837.0,2015.9,62,-0.7759,0.7216,75,0.4724,0.9201,59,-1.0741,0.8821,65,-0.5007,0.5616,handler,0.8757,position,2,20.5,3,9,3,18,394,411,11,3,2408,-26,194,26,15703,ufa-season,linked-ufa;attribute:thr;attribute:pos;attribute:off;attribute:def;history-prior:2-seasons;current-season-cumulative
359,Antoine Rousseau,21082,arousseau,2026,2026-09-03,2026-08-08,ufa-eb-v4,2026-08-14,61,1926.2,64.3,1820.3,2032.0,70,-0.0121,0.6979,62,-0.8101,0.8703,71,0.0978,0.8765,64,-0.5599,0.7555,handler,0.6038,ufa,5,153.7,6,3,0,13,111,123,8,3,792,352,77,52,8029,ufa-season,linked-ufa;attribute:thr;attribute:pos;attribute:off;attribute:def;history-prior:5-seasons;current-season-cumulative
360,Ryan Thomas,22440,rthomas,2026,2026-09-03,2026-08-08,ufa-eb-v4,2026-08-14,61,1924.2,70.7,1807.8,2040.5,67,-0.2752,0.3234,72,0.1892,0.3303,68,-0.1975,0.4525,73,0.2915,0.4485,hybrid,0.3114,ufa,0,0,0,0,1,0,12,12,0,0,-9,69,0,26,1647,ufa-season,linked-ufa;attribute:thr;attribute:pos;attribute:off;attribute:def;role-average-prior;current-season-cumulative
361,Oscar Brown,21606,obrown,2026,2026-09-03,2026-08-08,ufa-eb-v4,2026-08-14,61,1924.0,56.5,1831.1,2016.9,71,0.1178,0.6493,69,-0.0924,0.837,74,0.4387,0.8278,73,0.2508,0.76,handler,0.8079,position,2,76.0,6,7,3,7,104,110,5,5,750,795,61,33,6014,ufa-season,linked-ufa;attribute:thr;attribute:pos;attribute:off;attribute:def;history-prior:2-seasons;current-season-cumulative
362,Maxwell Olesen,15823,molesen,2026,2026-09-03,2026-08-08,ufa-eb-v4,2026-08-14,61,1923.7,56.0,1831.6,2015.8,61,-0.9144,0.7186,74,0.4296,0.7259,63,-0.6644,0.8427,66,-0.4258,0.4055,hybrid,0.632,ufa,0,0,7,2,5,2,63,64,0,0,186,700,133,11,8518,ufa-season,linked-ufa;attribute:thr;attribute:pos;attribute:off;attribute:def;role-average-prior;current-season-cumulative
363,Clark Wang,11085,cwang,2026,2026-09-03,2026-08-08,ufa-eb-v4,2026-08-14,61,1922.7,56.1,1830.4,2014.9,70,-0.0045,0.3553,66,-0.4237,0.354,68,-0.2002,0.4451,70,-0.0302,0.5446,hybrid,0.3075,ufa,4,4.8,0,1,0,2,8,9,0,0,43,61,1,24,1681,ufa-season,linked-ufa;attribute:thr;attribute:pos;attribute:off;attribute:def;history-prior:4-seasons;current-season-cumulative
364,Chase Rawlins,54668,crawlins,2026,2026-09-03,2026-08-08,ufa-eb-v4,2026-08-14,61,1921.8,59.0,1824.7,2018.9,74,0.4412,0.7374,66,-0.385,0.9243,67,-0.303,0.9219,62,-0.7523,0.7577,hybrid,0.8079,position,2,19.5,19,30,5,26,265,290,19,11,2125,2772,250,25,15737,ufa-season,linked-ufa;attribute:thr;attribute:pos;attribute:off;attribute:def;history-prior:2-seasons;current-season-cumulative
365,Kimball Pew,20295,kpew,2026,2026-09-03,2026-08-08,ufa-eb-v4,2026-08-14,61,1921.1,57.3,1826.8,2015.4,72,0.1878,0.5971,64,-0.5694,0.7764,66,-0.4335,0.771,70,-0.0471,0.828,handler,0.6776,ufa,1,32.0,7,10,10,10,87,97,2,1,636,406,21,151,11832,ufa-season,linked-ufa;attribute:thr;attribute:pos;attribute:off;attribute:def;history-prior:1-seasons;current-season-cumulative
366,Dan Nichols,11257,dnichols,2026,2026-09-03,2026-08-08,ufa-eb-v4,2026-08-14,61,1919.4,56.4,1826.6,2012.3,,,,,,,,,,,,,hybrid,0.409,prior-ufa,2,45.0,0,0,0,0,0,0,0,0,0,0,0,0,0,ufa-season,linked-ufa;history-prior:2-seasons;current-season-cumulative
367,Kelvin Huang,21050,khuang,2026,2026-09-03,2026-08-08,ufa-eb-v4,2026-08-14,61,1917.5,67.0,1807.4,2027.7,,,,,,,,,,,,,cutter,0.543,ufa,5,59.3,0,0,0,0,0,0,0,0,0,0,0,0,0,ufa-season,linked-ufa;history-prior:5-seasons;current-season-cumulative
368,Lucas Reavy,25543,lreavy,2026,2026-09-03,2026-08-08,ufa-eb-v4,2026-08-14,61,1917.0,64.7,1810.6,2023.4,,,,,,,,,,,,,cutter,0.8309,position,0,0,0,0,0,0,0,0,0,0,0,0,0,0,0,ufa-season,linked-ufa;role-average-prior;current-season-cumulative
369,Dan Baumgartner,15035,dbaumgart,2026,2026-09-03,2026-08-08,ufa-eb-v4,2026-08-14,61,1916.9,55.1,1826.1,2007.6,71,0.094,0.3724,67,-0.3471,0.5006,61,-0.9338,0.6866,61,-0.9017,0.8167,hybrid,0.5234,ufa,3,10.4,2,1,4,2,13,14,1,0,67,117,7,86,5950,ufa-season,linked-ufa;attribute:thr;attribute:pos;attribute:off;attribute:def;history-prior:3-seasons;current-season-cumulative
370,Harry Park,4043,hpark,2026,2026-09-03,2026-08-08,ufa-eb-v4,2026-08-14,61,1916.2,59.0,1819.2,2013.2,70,0.0079,0.1624,68,-0.2169,0.2923,65,-0.4547,0.4525,69,-0.0732,0.5195,cutter,0.8309,position,0,0,1,2,1,2,9,10,0,0,60,50,4,42,3073,ufa-season,linked-ufa;attribute:thr;attribute:pos;attribute:off;attribute:def;role-average-prior;current-season-cumulative
371,Tynan Sander,27170,tsander,2026,2026-09-03,2026-08-08,ufa-eb-v4,2026-08-14,60,1915.5,59.9,1817.1,2014.0,66,-0.4493,0.6302,78,0.8241,0.8128,69,-0.0892,0.8706,66,-0.3825,0.738,handler,0.6058,ufa,2,44.0,9,3,1,1,120,121,3,3,770,415,116,14,9137,ufa-season,linked-ufa;attribute:thr;attribute:pos;attribute:off;attribute:def;history-prior:2-seasons;current-season-cumulative
372,Cam Bellando,5092,cbellando,2026,2026-09-03,2026-08-08,ufa-eb-v4,2026-08-14,60,1914.4,54.7,1824.4,2004.3,,,,,,,,,,,,,hybrid,0.7755,position,5,11.9,0,0,0,0,0,0,0,0,0,0,0,0,0,ufa-season,linked-ufa;history-prior:5-seasons;current-season-cumulative
373,Julian Baxandall,16772,jbaxandal,2026,2026-09-03,2026-08-08,ufa-eb-v4,2026-08-14,60,1914.2,59.0,1817.1,2011.3,70,-0.03,0.1068,70,0.0225,0.1174,69,-0.1277,0.2989,72,0.1535,0.2872,hybrid,0.7755,position,0,0,0,0,0,0,3,3,0,0,-10,20,0,12,950,ufa-season,linked-ufa;attribute:thr;attribute:pos;attribute:off;attribute:def;role-average-prior;current-season-cumulative
374,Seth Gudeman,14223,sgudeman,2026,2026-09-03,2026-08-08,ufa-eb-v4,2026-08-14,60,1914.1,57.7,1819.1,2009.0,64,-0.6314,0.7389,75,0.546,0.9235,76,0.5624,0.934,70,0.0358,0.8285,cutter,0.8214,ufa,4,203.8,39,7,8,10,193,200,8,4,614,2771,263,65,20275,ufa-season,linked-ufa;attribute:thr;attribute:pos;attribute:off;attribute:def;history-prior:4-seasons;current-season-cumulative
375,Jason Kempe,19347,jkempe,2026,2026-09-03,2026-08-08,ufa-eb-v4,2026-08-14,60,1913.3,60.6,1813.7,2013.0,61,-0.8569,0.7306,76,0.5506,0.8639,64,-0.5816,0.8407,70,-0.0113,0.8701,cutter,0.7308,ufa,3,120.4,14,6,6,2,55,57,0,0,156,749,15,198,14207,ufa-season,linked-ufa;attribute:thr;attribute:pos;attribute:off;attribute:def;history-prior:3-seasons;current-season-cumulative
376,Phillip Joyce,14939,pjoyce,2026,2026-09-03,2026-08-08,ufa-eb-v4,2026-08-14,60,1910.8,56.0,1818.7,2002.9,,,,,,,,,,,,,cutter,0.8079,position,3,5.2,0,0,0,0,0,0,0,0,0,0,0,0,0,ufa-season,linked-ufa;history-prior:3-seasons;current-season-cumulative
377,Cole Stenseth,13121,cstenseth,2026,2026-09-03,2026-08-08,ufa-eb-v4,2026-08-14,60,1910.5,54.8,1820.4,2000.6,68,-0.2193,0.4438,70,-0.0145,0.4542,65,-0.5063,0.5294,67,-0.3332,0.6201,hybrid,0.8079,position,1,2.0,1,1,0,1,18,18,0,0,114,87,7,36,3118,ufa-season,linked-ufa;attribute:thr;attribute:pos;attribute:off;attribute:def;history-prior:1-seasons;current-season-cumulative
378,Austin Kelly,5308,akelly,2026,2026-09-03,2026-08-08,ufa-eb-v4,2026-08-14,60,1909.1,54.1,1820.2,1998.1,73,0.3001,0.7077,59,-1.0956,0.868,59,-1.123,0.8425,,,,handler,0.8309,position,3,204.6,0,5,0,11,89,101,10,6,721,-15,48,0,3314,ufa-season,linked-ufa;attribute:thr;attribute:pos;attribute:off;history-prior:3-seasons;current-season-cumulative
379,Archer Gordon,7934,agordon,2026,2026-09-03,2026-08-08,ufa-eb-v4,2026-08-14,60,1908.8,56.8,1815.3,2002.3,65,-0.5163,0.6271,64,-0.5745,0.9011,67,-0.3069,0.9101,73,0.3358,0.4817,cutter,0.733,ufa,1,63.0,18,8,5,18,141,155,5,1,648,2246,200,15,14932,ufa-season,linked-ufa;attribute:thr;attribute:pos;attribute:off;attribute:def;history-prior:1-seasons;current-season-cumulative
380,Carson Chamberlain,17621,cchamberl,2026,2026-09-03,2026-08-08,ufa-eb-v4,2026-08-14,60,1908.7,58.6,1812.3,2005.1,63,-0.7466,0.7526,78,0.7675,0.8713,68,-0.1883,0.901,74,0.4223,0.6597,cutter,0.6685,ufa,3,137.5,12,4,3,1,63,66,0,0,224,1001,123,43,10116,ufa-season,linked-ufa;attribute:thr;attribute:pos;attribute:off;attribute:def;history-prior:3-seasons;current-season-cumulative
381,Mark Turner,60094,mturner,2026,2026-09-03,2026-08-08,ufa-eb-v4,2026-08-14,60,1908.3,83.7,1770.6,2046.0,88,1.7923,0.7853,65,-0.4911,0.9345,74,0.4369,0.9175,70,-0.0425,0.3158,hybrid,0.7297,ufa,1,77.5,27,34,3,26,248,276,43,30,2244,2088,211,1,14857,ufa-season,linked-ufa;attribute:thr;attribute:pos;attribute:off;attribute:def;history-prior:1-seasons;current-season-cumulative
382,Grady Richman,26908,grichman,2026,2026-09-03,2026-08-08,ufa-eb-v4,2026-08-14,60,1907.7,67.7,1796.2,2019.1,68,-0.1838,0.5815,70,0.0048,0.7669,73,0.2722,0.7944,72,0.2194,0.6411,hybrid,0.8488,position,0,0,11,10,0,6,76,80,4,2,290,1150,72,47,8505,ufa-season,linked-ufa;attribute:thr;attribute:pos;attribute:off;attribute:def;role-average-prior;current-season-cumulative
383,Ryan Kindell,6357,rkindell,2026,2026-09-03,2026-08-08,ufa-eb-v4,2026-08-14,60,1907.2,54.4,1817.6,1996.8,78,0.8223,0.5085,62,-0.797,0.6548,61,-0.8655,0.7834,64,-0.624,0.8434,hybrid,0.5978,ufa,3,17.0,3,7,3,3,26,30,5,3,211,449,28,98,7537,ufa-season,linked-ufa;attribute:thr;attribute:pos;attribute:off;attribute:def;history-prior:3-seasons;current-season-cumulative
384,Aidan Curry,14405,acurry,2026,2026-09-03,2026-08-08,ufa-eb-v4,2026-08-14,60,1906.3,56.3,1813.6,1998.9,70,-0.0489,0.5216,66,-0.4153,0.5339,67,-0.2509,0.7434,73,0.2709,0.5952,handler,0.8079,position,2,35.8,0,1,0,0,2,3,0,0,32,16,0,13,837,ufa-season,linked-ufa;attribute:thr;attribute:pos;attribute:off;attribute:def;history-prior:2-seasons;current-season-cumulative
385,Eric Sjostrom,973,esjostrom,2026,2026-09-03,2026-08-08,ufa-eb-v4,2026-08-14,60,1905.7,52.7,1818.9,1992.4,82,1.2322,0.7366,71,0.0849,0.9022,78,0.8292,0.8968,73,0.257,0.2589,handler,0.6863,ufa,6,121.8,7,29,2,15,213,227,19,16,2020,1319,177,1,11808,ufa-season,linked-ufa;attribute:thr;attribute:pos;attribute:off;attribute:def;history-prior:6-seasons;current-season-cumulative
386,Muhammad Awais,25903,mawais,2026,2026-09-03,2026-08-08,ufa-eb-v4,2026-08-14,60,1905.4,65.7,1797.2,2013.5,64,-0.5622,0.5317,75,0.4724,0.7069,71,0.1366,0.7584,77,0.7248,0.4954,hybrid,0.5133,ufa,0,0,7,0,4,2,58,59,2,1,181,448,65,24,6364,ufa-season,linked-ufa;attribute:thr;attribute:pos;attribute:off;attribute:def;role-average-prior;current-season-cumulative
387,Will Turner,26691,wturner,2026,2026-09-03,2026-08-08,ufa-eb-v4,2026-08-14,60,1904.8,69.3,1790.8,2018.8,66,-0.3527,0.6692,74,0.3641,0.8605,62,-0.7826,0.8241,69,-0.1143,0.8343,handler,0.6229,ufa,7,109.2,4,9,8,6,122,129,3,3,745,153,26,113,9131,ufa-season,linked-ufa;attribute:thr;attribute:pos;attribute:off;attribute:def;history-prior:7-seasons;current-season-cumulative
388,Charles Guay,14867,cguay,2026,2026-09-03,2026-08-08,ufa-eb-v4,2026-08-14,60,1903.7,65.0,1796.7,2010.6,64,-0.5922,0.6886,71,0.1471,0.8992,62,-0.7816,0.885,70,0.0428,0.8982,hybrid,0.7262,ufa,4,105.6,17,9,10,8,132,140,2,0,684,572,65,144,14986,ufa-season,linked-ufa;attribute:thr;attribute:pos;attribute:off;attribute:def;history-prior:4-seasons;current-season-cumulative
389,Xavier Schafer,8224,xschafer,2026,2026-09-03,2026-08-08,ufa-eb-v4,2026-08-14,60,1901.7,57.0,1808.0,1995.5,67,-0.2894,0.6291,69,-0.0871,0.6307,65,-0.4628,0.7532,62,-0.759,0.731,handler,0.5593,ufa,3,12.8,3,5,0,3,44,48,0,0,213,120,0,108,6525,ufa-season,linked-ufa;attribute:thr;attribute:pos;attribute:off;attribute:def;history-prior:3-seasons;current-season-cumulative
390,Milan Rivas,9657,mrivas,2026,2026-09-03,2026-08-08,ufa-eb-v4,2026-08-14,60,1901.3,53.9,1812.6,1989.9,60,-1.0405,0.8437,74,0.3594,0.8421,64,-0.5682,0.8193,75,0.4969,0.813,hybrid,0.4462,ufa,5,123.3,2,1,2,2,33,35,0,0,155,93,11,54,4892,ufa-season,linked-ufa;attribute:thr;attribute:pos;attribute:off;attribute:def;history-prior:5-seasons;current-season-cumulative
391,Grant Harris,19317,gharris,2026,2026-09-03,2026-08-08,ufa-eb-v4,2026-08-14,60,1900.7,56.3,1808.1,1993.3,66,-0.3955,0.6323,66,-0.3604,0.8197,61,-0.9273,0.7719,70,-0.0059,0.872,hybrid,0.6863,ufa,2,50.0,4,6,3,8,63,71,4,2,295,145,17,161,11427,ufa-season,linked-ufa;attribute:thr;attribute:pos;attribute:off;attribute:def;history-prior:2-seasons;current-season-cumulative
392,Adam McNichols,15043,amcnichol,2026,2026-09-03,2026-08-08,ufa-eb-v4,2026-08-14,60,1899.1,55.2,1808.3,1989.9,74,0.3502,0.7645,63,-0.6964,0.9279,63,-0.6811,0.9104,71,0.1474,0.4475,hybrid,0.8079,position,2,163.8,3,17,2,23,203,228,20,12,1567,735,151,6,11587,ufa-season,linked-ufa;attribute:thr;attribute:pos;attribute:off;attribute:def;history-prior:2-seasons;current-season-cumulative
393,Will Zamsky,19848,wzamsky,2026,2026-09-03,2026-08-08,ufa-eb-v4,2026-08-14,60,1898.3,58.1,1802.7,1993.9,72,0.2111,0.4028,64,-0.6187,0.5213,64,-0.6147,0.5598,63,-0.6633,0.4994,handler,0.4276,ufa,0,0,1,3,1,4,37,40,2,1,420,41,17,42,3644,ufa-season,linked-ufa;attribute:thr;attribute:pos;attribute:off;attribute:def;role-average-prior;current-season-cumulative
394,Aiden Lomen,15793,alomen,2026,2026-09-03,2026-08-08,ufa-eb-v4,2026-08-14,60,1898.1,57.3,1803.9,1992.4,78,0.8386,0.3646,55,-1.472,0.4718,61,-0.8645,0.609,66,-0.3526,0.396,hybrid,0.8958,position,1,3.0,1,1,1,7,14,19,5,3,238,230,27,7,1846,ufa-season,linked-ufa;attribute:thr;attribute:pos;attribute:off;attribute:def;history-prior:1-seasons;current-season-cumulative
395,John Wellers,13780,jwellers,2026,2026-09-03,2026-08-08,ufa-eb-v4,2026-08-14,60,1897.9,57.2,1803.8,1992.0,,,,,,,,,,,,,cutter,0.4894,prior-ufa,2,15.0,0,0,0,0,0,0,0,0,0,0,0,0,0,ufa-season,linked-ufa;history-prior:2-seasons;current-season-cumulative
396,Thomas Lalonde-Landry,13066,tlalondel,2026,2026-09-03,2026-08-08,ufa-eb-v4,2026-08-14,60,1895.6,62.3,1793.1,1998.2,67,-0.2865,0.6662,63,-0.7414,0.8786,62,-0.8456,0.8581,70,0.0427,0.9078,hybrid,0.7285,ufa,5,73.2,10,7,11,12,95,106,2,2,626,546,32,179,14964,ufa-season,linked-ufa;attribute:thr;attribute:pos;attribute:off;attribute:def;history-prior:5-seasons;current-season-cumulative
397,Kai Huang,26778,khuang1,2026,2026-09-03,2026-08-08,ufa-eb-v4,2026-08-14,60,1895.5,89.8,1747.7,2043.2,70,-0.0059,0.1007,68,-0.2125,0.2266,68,-0.2114,0.4648,71,0.0568,0.4482,cutter,0.8079,position,0,0,0,3,1,2,5,7,1,0,17,93,0,33,2059,ufa-season,linked-ufa;attribute:thr;attribute:pos;attribute:off;attribute:def;role-average-prior;current-season-cumulative
398,Matthew Nightingale,19962,mnighting,2026,2026-09-03,2026-08-08,ufa-eb-v4,2026-08-14,60,1895.4,57.4,1801.0,1989.8,,,,,,,,,,,,,cutter,0.8757,position,3,6.0,0,0,0,0,0,0,0,0,0,0,0,0,0,ufa-season,linked-ufa;history-prior:3-seasons;current-season-cumulative
399,Joe Cercello,13699,jcercello,2026,2026-09-03,2026-08-08,ufa-eb-v4,2026-08-14,60,1894.5,56.7,1801.3,1987.7,83,1.278,0.6777,59,-1.1096,0.8487,65,-0.4636,0.8686,66,-0.4413,0.6963,hybrid,0.6038,ufa,3,33.6,3,9,2,14,93,106,14,8,983,962,101,28,8625,ufa-season,linked-ufa;attribute:thr;attribute:pos;attribute:off;attribute:def;history-prior:3-seasons;current-season-cumulative
400,Dylan Nice,18717,dnice,2026,2026-09-03,2026-08-08,ufa-eb-v4,2026-08-14,60,1893.9,61.7,1792.4,1995.4,72,0.198,0.6328,61,-0.8975,0.8278,67,-0.2535,0.8235,59,-1.1297,0.6844,hybrid,0.577,ufa,3,8.5,4,6,0,13,97,109,5,2,700,1073,87,29,7630,ufa-season,linked-ufa;attribute:thr;attribute:pos;attribute:off;attribute:def;history-prior:3-seasons;current-season-cumulative
401,Eelavan Jeevarajah,56450,ejeevaraj,2026,2026-09-03,2026-08-08,ufa-eb-v4,2026-08-14,59,1891.2,74.2,1769.1,2013.4,74,0.3874,0.4076,65,-0.5313,0.5452,73,0.3387,0.5902,70,0.0024,0.4273,hybrid,0.3883,ufa,0,0,5,4,1,4,25,29,2,1,292,400,26,21,3069,ufa-season,linked-ufa;attribute:thr;attribute:pos;attribute:off;attribute:def;role-average-prior;current-season-cumulative
402,Shun Iwata,20898,siwata,2026,2026-09-03,2026-08-08,ufa-eb-v4,2026-08-14,59,1890.3,61.2,1789.6,1991.0,72,0.1642,0.4161,71,0.0917,0.5561,67,-0.3432,0.6008,69,-0.064,0.7176,handler,0.5876,ufa,0,0,2,4,0,2,40,43,2,1,317,227,3,118,8592,ufa-season,linked-ufa;attribute:thr;attribute:pos;attribute:off;attribute:def;role-average-prior;current-season-cumulative
403,Andrew Thai,308,athai,2026,2026-09-03,2026-08-08,ufa-eb-v4,2026-08-14,59,1889.9,54.4,1800.5,1979.3,64,-0.5526,0.5962,79,0.8646,0.7957,75,0.5258,0.8578,68,-0.1799,0.5839,hybrid,0.8079,position,4,5.1,12,6,3,1,87,89,1,1,310,1064,137,15,9773,ufa-season,linked-ufa;attribute:thr;attribute:pos;attribute:off;attribute:def;history-prior:4-seasons;current-season-cumulative
404,Tyler Husband,25035,thusband,2026,2026-09-03,2026-08-08,ufa-eb-v4,2026-08-14,59,1887.8,59.8,1789.4,1986.1,70,0.0179,0.1356,70,-0.048,0.2635,67,-0.3204,0.6082,69,-0.098,0.6073,cutter,0.4492,ufa,0,0,5,1,3,1,7,8,0,0,59,181,0,66,3963,ufa-season,linked-ufa;attribute:thr;attribute:pos;attribute:off;attribute:def;role-average-prior;current-season-cumulative
405,Ywan Cohonner,16978,ycohonner,2026,2026-09-03,2026-08-08,ufa-eb-v4,2026-08-14,59,1886.0,66.7,1776.3,1995.7,68,-0.1856,0.624,74,0.3745,0.8224,66,-0.3932,0.8302,66,-0.4232,0.7701,handler,0.577,ufa,5,42.2,3,5,2,5,124,129,1,1,1001,126,58,58,8666,ufa-season,linked-ufa;attribute:thr;attribute:pos;attribute:off;attribute:def;history-prior:5-seasons;current-season-cumulative
406,Bryan Downey,17087,bdowney,2026,2026-09-03,2026-08-08,ufa-eb-v4,2026-08-14,59,1884.8,57.5,1790.3,1979.3,,,,,,,,,,,,,hybrid,0.8309,position,3,55.5,0,0,0,0,0,0,0,0,0,0,0,0,0,ufa-season,linked-ufa;history-prior:3-seasons;current-season-cumulative
407,Kevin Quinlan,4593,kquinlan,2026,2026-09-03,2026-08-08,ufa-eb-v4,2026-08-14,59,1884.3,54.7,1794.4,1974.2,70,0.0121,0.7657,68,-0.2475,0.9245,71,0.1453,0.9149,67,-0.3111,0.6528,hybrid,0.7755,position,13,310.5,9,15,1,18,194,213,15,6,1218,1330,157,30,11797,ufa-season,linked-ufa;attribute:thr;attribute:pos;attribute:off;attribute:def;history-prior:13-seasons;current-season-cumulative
408,Matthew Gunter,21297,mgunter,2026,2026-09-03,2026-08-08,ufa-eb-v4,2026-08-14,59,1883.1,64.2,1777.5,1988.8,,,,,,,,,,,,,cutter,0.7755,position,0,0,0,0,0,0,0,0,0,0,0,0,0,0,0,ufa-season,linked-ufa;role-average-prior;current-season-cumulative
409,Kainoa Chun-Moy,8131,kchunmoy,2026,2026-09-03,2026-08-08,ufa-eb-v4,2026-08-14,59,1882.6,55.5,1791.2,1974.0,64,-0.5547,0.7233,74,0.4122,0.9118,69,-0.0614,0.8929,66,-0.352,0.7694,hybrid,0.5834,ufa,5,175.2,6,6,0,8,152,162,8,4,774,992,96,23,8741,ufa-season,linked-ufa;attribute:thr;attribute:pos;attribute:off;attribute:def;history-prior:5-seasons;current-season-cumulative
410,Mark Henke,18518,mhenke,2026,2026-09-03,2026-08-08,ufa-eb-v4,2026-08-14,59,1882.3,56.6,1789.3,1975.3,64,-0.6357,0.7084,75,0.4968,0.9305,79,0.8752,0.9298,83,1.32,0.8735,hybrid,0.7755,position,4,118.7,29,16,10,12,218,227,2,1,847,2050,190,76,16558,ufa-season,linked-ufa;attribute:thr;attribute:pos;attribute:off;attribute:def;history-prior:4-seasons;current-season-cumulative
411,Victor Curodeau,27875,vcurodeau,2026,2026-09-03,2026-08-08,ufa-eb-v4,2026-08-14,59,1880.4,102.9,1711.2,2049.6,71,0.0892,0.5087,73,0.3499,0.6825,64,-0.6098,0.7705,61,-0.8517,0.7531,hybrid,0.4754,ufa,1,30.0,1,3,0,1,21,22,1,1,154,236,15,60,4725,ufa-season,linked-ufa;attribute:thr;attribute:pos;attribute:off;attribute:def;history-prior:1-seasons;current-season-cumulative
412,Jared Scheinberg,10769,jscheinbe,2026,2026-09-03,2026-08-08,ufa-eb-v4,2026-08-14,59,1880.2,56.0,1788.0,1972.3,62,-0.783,0.6114,79,0.8699,0.8009,64,-0.5904,0.7124,65,-0.4571,0.7818,hybrid,0.6077,ufa,0,0,4,1,2,2,106,108,1,1,412,315,21,110,9146,ufa-season,linked-ufa;attribute:thr;attribute:pos;attribute:off;attribute:def;role-average-prior;current-season-cumulative
413,Raphaël Lalonde-Landry,21081,rlalondel,2026,2026-09-03,2026-08-08,ufa-eb-v4,2026-08-14,59,1879.6,64.9,1772.9,1986.4,59,-1.0867,0.6719,61,-0.8814,0.8841,59,-1.0535,0.8613,69,-0.0545,0.8965,hybrid,0.7001,ufa,4,76.5,5,3,10,14,102,114,3,2,317,587,31,157,13531,ufa-season,linked-ufa;attribute:thr;attribute:pos;attribute:off;attribute:def;history-prior:4-seasons;current-season-cumulative
414,Austin Hasbrook,12001,ahasbrook,2026,2026-09-03,2026-08-08,ufa-eb-v4,2026-08-14,59,1878.8,55.5,1787.5,1970.0,73,0.3476,0.1836,68,-0.1874,0.3362,66,-0.4085,0.4311,72,0.2104,0.5243,cutter,0.8309,position,0,0,1,3,5,2,12,13,4,4,196,36,2,44,4064,ufa-season,linked-ufa;attribute:thr;attribute:pos;attribute:off;attribute:def;role-average-prior;current-season-cumulative
415,Malachi Neil,19204,mneil,2026,2026-09-03,2026-08-08,ufa-eb-v4,2026-08-14,59,1877.5,58.6,1781.0,1973.9,69,-0.1021,0.4043,68,-0.1925,0.5488,63,-0.7454,0.7288,71,0.1005,0.5518,handler,0.8079,position,2,32.6,0,1,0,1,7,8,1,0,28,79,3,20,2517,ufa-season,linked-ufa;attribute:thr;attribute:pos;attribute:off;attribute:def;history-prior:2-seasons;current-season-cumulative
416,Connor Concannon,21901,cconcanno,2026,2026-09-03,2026-08-08,ufa-eb-v4,2026-08-14,59,1876.7,58.2,1781.0,1972.5,69,-0.0936,0.4972,52,-1.8365,0.7199,60,-1.0068,0.8476,64,-0.5757,0.7652,cutter,0.7755,position,1,45.5,5,1,7,4,10,13,0,0,50,217,2,110,7501,ufa-season,linked-ufa;attribute:thr;attribute:pos;attribute:off;attribute:def;history-prior:1-seasons;current-season-cumulative
417,Liam McKeown,10449,lmckeown,2026,2026-09-03,2026-08-08,ufa-eb-v4,2026-08-14,59,1876.0,67.9,1764.4,1987.7,70,-0.0201,0.6012,71,0.058,0.6798,66,-0.4249,0.6553,67,-0.253,0.6333,unknown,0.2364,ufa,3,50.5,0,0,0,0,4,4,0,0,26,52,1,7,592,ufa-season,linked-ufa;attribute:thr;attribute:pos;attribute:off;attribute:def;history-prior:3-seasons;current-season-cumulative
418,Owen Watt,5049,owatt,2026,2026-09-03,2026-08-08,ufa-eb-v4,2026-08-14,59,1874.3,55.8,1782.5,1966.2,70,0.0145,0.4743,58,-1.1923,0.6259,64,-0.6379,0.7061,68,-0.2308,0.2655,handler,0.4401,ufa,4,3.3,2,5,0,7,50,56,2,1,375,269,59,4,3343,ufa-season,linked-ufa;attribute:thr;attribute:pos;attribute:off;attribute:def;history-prior:4-seasons;current-season-cumulative
419,Kodi Smart,14611,ksmart,2026,2026-09-03,2026-08-08,ufa-eb-v4,2026-08-14,59,1874.2,66.0,1765.6,1982.7,64,-0.5502,0.6899,64,-0.5761,0.6897,67,-0.2534,0.6394,70,0.019,0.5931,handler,0.4811,ufa,2,4.0,1,6,1,9,67,76,0,0,434,208,17,60,5180,ufa-season,linked-ufa;attribute:thr;attribute:pos;attribute:off;attribute:def;history-prior:2-seasons;current-season-cumulative
420,Henry Everett,22448,heverett,2026,2026-09-03,2026-08-08,ufa-eb-v4,2026-08-14,59,1873.5,57.0,1779.8,1967.2,,,,,,,,,,,,,unknown,0.1061,usau-stats,1,9.0,0,0,0,0,0,0,0,0,0,0,0,0,0,ufa-season,linked-ufa;history-prior:1-seasons;current-season-cumulative
421,Ryan Flick,19542,rflick,2026,2026-09-03,2026-08-08,ufa-eb-v4,2026-08-14,59,1872.3,57.8,1777.3,1967.4,60,-1.0137,0.7693,78,0.8149,0.8854,70,-0.0464,0.7978,73,0.3497,0.4251,cutter,0.8309,position,2,117.5,2,4,2,3,97,101,0,0,567,37,34,19,4044,ufa-season,linked-ufa;attribute:thr;attribute:pos;attribute:off;attribute:def;history-prior:2-seasons;current-season-cumulative
422,David Berg,2310,dberg,2026,2026-09-03,2026-08-08,ufa-eb-v4,2026-08-14,59,1870.4,66.3,1761.4,1979.4,,,,,,,70,-0.0427,0.1199,70,-0.0479,0.1263,unknown,0.2229,ufa,1,0.1,0,0,0,0,0,0,0,0,0,0,0,5,189,ufa-season,linked-ufa;attribute:off;attribute:def;history-prior:1-seasons;current-season-cumulative
423,Brandon Adibe,20112,badibe,2026,2026-09-03,2026-08-08,ufa-eb-v4,2026-08-14,59,1870.3,64.6,1764.1,1976.5,,,,,,,,,,,,,cutter,0.7755,position,5,7.1,0,0,0,0,0,0,0,0,0,0,0,0,0,ufa-season,linked-ufa;history-prior:5-seasons;current-season-cumulative
424,Caoba Nichim-Luta,25802,cnichimlu,2026,2026-09-03,2026-08-08,ufa-eb-v4,2026-08-14,58,1869.9,76.9,1743.5,1996.4,,,,,,,,,,,,,hybrid,0.7755,position,1,0.0,0,0,0,0,0,0,0,0,0,0,0,0,0,ufa-season,linked-ufa;history-prior:1-seasons;current-season-cumulative
425,Lucius Christie,23322,lchristie,2026,2026-09-03,2026-08-08,ufa-eb-v4,2026-08-14,58,1869.8,59.6,1771.8,1967.8,70,0.0366,0.1664,71,0.0877,0.2266,65,-0.4519,0.5205,65,-0.5164,0.4691,hybrid,0.371,ufa,0,0,1,1,0,0,7,7,1,1,37,27,16,26,2106,ufa-season,linked-ufa;attribute:thr;attribute:pos;attribute:off;attribute:def;role-average-prior;current-season-cumulative
426,Noah Petersen,29719,npetersen,2026,2026-09-03,2026-08-08,ufa-eb-v4,2026-08-14,58,1869.8,57.7,1774.9,1964.7,69,-0.1037,0.4111,71,0.112,0.4403,66,-0.3987,0.6999,65,-0.4778,0.7497,hybrid,0.543,ufa,1,5.5,4,2,3,1,13,14,0,0,102,145,20,81,6664,ufa-season,linked-ufa;attribute:thr;attribute:pos;attribute:off;attribute:def;history-prior:1-seasons;current-season-cumulative
427,Lev Blumenfeld,23062,lblumenfe,2026,2026-09-03,2026-08-08,ufa-eb-v4,2026-08-14,58,1869.7,65.0,1762.8,1976.7,70,-0.0374,0.1871,69,-0.0971,0.3303,64,-0.5641,0.6269,66,-0.3552,0.6307,cutter,0.7755,position,0,0,2,0,3,1,10,12,0,0,52,199,0,72,4525,ufa-season,linked-ufa;attribute:thr;attribute:pos;attribute:off;attribute:def;role-average-prior;current-season-cumulative
428,Antoine Dubé,23774,adub,2026,2026-09-03,2026-08-08,ufa-eb-v4,2026-08-14,58,1868.5,70.9,1751.8,1985.1,67,-0.2703,0.6468,71,0.0641,0.8505,64,-0.5942,0.8687,70,0.0127,0.8846,hybrid,0.692,ufa,3,35.0,13,7,10,6,96,102,3,2,599,1004,57,125,12373,ufa-season,linked-ufa;attribute:thr;attribute:pos;attribute:off;attribute:def;history-prior:3-seasons;current-season-cumulative
429,Nate Long,6014,nlong,2026,2026-09-03,2026-08-08,ufa-eb-v4,2026-08-14,58,1868.4,54.6,1778.5,1958.2,78,0.7714,0.6511,67,-0.3087,0.8149,63,-0.6655,0.7238,72,0.218,0.4829,hybrid,0.4039,position,3,44.0,1,5,1,7,71,80,10,4,743,31,36,2,2563,ufa-season,linked-ufa;attribute:thr;attribute:pos;attribute:off;attribute:def;history-prior:3-seasons;current-season-cumulative
430,Wes Yan,22294,wyan,2026,2026-09-03,2026-08-08,ufa-eb-v4,2026-08-14,58,1867.3,62.2,1765.0,1969.6,69,-0.0783,0.1624,70,-0.0298,0.2986,72,0.1524,0.368,71,0.1449,0.3402,cutter,0.2914,ufa,0,0,3,0,1,1,9,10,0,0,22,184,0,21,1974,ufa-season,linked-ufa;attribute:thr;attribute:pos;attribute:off;attribute:def;role-average-prior;current-season-cumulative
431,David Snead,20477,dsnead,2026,2026-09-03,2026-08-08,ufa-eb-v4,2026-08-14,58,1867.0,60.4,1767.6,1966.4,71,0.145,0.6749,55,-1.4534,0.8555,62,-0.8454,0.8741,70,-0.0348,0.4614,hybrid,0.7755,position,1,0.0,12,11,4,19,124,149,14,8,799,1537,164,12,12422,ufa-season,linked-ufa;attribute:thr;attribute:pos;attribute:off;attribute:def;history-prior:1-seasons;current-season-cumulative
432,Lucas Storm,22830,lstorm,2026,2026-09-03,2026-08-08,ufa-eb-v4,2026-08-14,58,1867.0,58.4,1770.9,1963.0,70,-0.0387,0.6624,67,-0.2971,0.8589,67,-0.2969,0.9097,71,0.1478,0.6454,handler,0.8309,position,1,47.0,17,17,10,12,152,163,6,3,785,1943,195,43,13605,ufa-season,linked-ufa;attribute:thr;attribute:pos;attribute:off;attribute:def;history-prior:1-seasons;current-season-cumulative
433,Sharief Moghazy,5948,smoghazy,2026,2026-09-03,2026-08-08,ufa-eb-v4,2026-08-14,58,1866.6,59.3,1769.1,1964.1,,,,,,,,,,,,,hybrid,0.6232,prior-position,0,0,0,0,0,0,0,0,0,0,0,0,0,0,0,ufa-season,linked-ufa;role-average-prior;current-season-cumulative
434,Adrian Banerji,8855,abanerji,2026,2026-09-03,2026-08-08,ufa-eb-v4,2026-08-14,58,1865.9,64.3,1760.0,1971.7,70,-0.0123,0.5401,73,0.2844,0.6984,68,-0.1863,0.679,63,-0.6783,0.6414,handler,0.5593,ufa,0,0,0,5,0,3,81,86,4,2,631,118,26,82,6472,ufa-season,linked-ufa;attribute:thr;attribute:pos;attribute:off;attribute:def;role-average-prior;current-season-cumulative
435,Lochlan Margison,25109,lmargison,2026,2026-09-03,2026-08-08,ufa-eb-v4,2026-08-14,58,1865.1,61.0,1764.8,1965.3,70,0.0073,0.1375,70,0.0362,0.1475,69,-0.0819,0.2553,70,0.0275,0.3057,hybrid,0.2624,ufa,0,0,1,1,0,0,4,4,0,0,-2,33,1,13,1157,ufa-season,linked-ufa;attribute:thr;attribute:pos;attribute:off;attribute:def;role-average-prior;current-season-cumulative
436,Clint McSherry,6170,cmcsherry,2026,2026-09-03,2026-08-08,ufa-eb-v4,2026-08-14,58,1865.0,53.7,1776.7,1953.4,71,0.1219,0.6901,69,-0.1174,0.8614,68,-0.2071,0.8037,65,-0.4939,0.5907,handler,0.4782,ufa,7,95.7,1,8,0,9,127,139,11,4,843,216,55,21,4480,ufa-season,linked-ufa;attribute:thr;attribute:pos;attribute:off;attribute:def;history-prior:7-seasons;current-season-cumulative
437,Pieran Robert,55289,rpieran,2026,2026-09-03,2026-08-08,ufa-eb-v4,2026-08-14,58,1864.3,56.9,1770.6,1957.9,69,-0.0793,0.5809,68,-0.2279,0.8911,73,0.2974,0.9198,74,0.3681,0.8813,cutter,0.7755,position,2,42.2,50,11,18,14,135,147,2,1,747,2271,179,156,21559,ufa-season,linked-ufa;attribute:thr;attribute:pos;attribute:off;attribute:def;history-prior:2-seasons;current-season-cumulative
438,Jude Schmiesing,27192,jschmiesi,2026,2026-09-03,2026-08-08,ufa-eb-v4,2026-08-14,58,1864.0,63.1,1760.2,1967.8,69,-0.1467,0.2183,71,0.0815,0.2103,68,-0.2183,0.2849,65,-0.4751,0.3744,hybrid,0.2914,ufa,1,0.0,0,0,0,0,7,7,0,0,5,18,2,19,1135,ufa-season,linked-ufa;attribute:thr;attribute:pos;attribute:off;attribute:def;history-prior:1-seasons;current-season-cumulative
439,Ethan Wimmer,12146,ewimmer,2026,2026-09-03,2026-08-08,ufa-eb-v4,2026-08-14,58,1863.8,58.4,1767.8,1959.8,69,-0.0822,0.2301,68,-0.2175,0.2491,67,-0.2876,0.3918,69,-0.088,0.5171,hybrid,0.8309,position,1,3.5,1,0,1,0,3,4,0,0,-6,35,1,23,1728,ufa-season,linked-ufa;attribute:thr;attribute:pos;attribute:off;attribute:def;history-prior:1-seasons;current-season-cumulative
440,Spencer Hawkins,19394,shawkins,2026,2026-09-03,2026-08-08,ufa-eb-v4,2026-08-14,58,1863.6,62.6,1760.5,1966.6,70,0.0159,0.1068,70,0.0203,0.1071,68,-0.1794,0.308,69,-0.0605,0.3944,hybrid,0.8079,position,0,0,0,0,0,0,3,3,0,0,-10,19,1,20,1514,ufa-season,linked-ufa;attribute:thr;attribute:pos;attribute:off;attribute:def;role-average-prior;current-season-cumulative
441,Paul Hooley,13103,phooley,2026,2026-09-03,2026-08-08,ufa-eb-v4,2026-08-14,58,1862.7,63.9,1757.6,1967.9,65,-0.5405,0.5044,69,-0.1001,0.8087,58,-1.1556,0.7396,63,-0.696,0.8162,cutter,0.8079,position,4,50.0,2,1,5,5,59,63,1,0,261,198,12,111,8104,ufa-season,linked-ufa;attribute:thr;attribute:pos;attribute:off;attribute:def;history-prior:4-seasons;current-season-cumulative
442,Malachi Raymond,20277,mraymond,2026,2026-09-03,2026-08-08,ufa-eb-v4,2026-08-14,58,1861.7,61.4,1760.8,1962.6,70,0.0016,0.0439,70,0.0145,0.096,68,-0.238,0.4017,69,-0.0915,0.3981,cutter,0.3075,ufa,2,0.2,1,0,1,0,2,2,0,0,16,36,0,25,1723,ufa-season,linked-ufa;attribute:thr;attribute:pos;attribute:off;attribute:def;history-prior:2-seasons;current-season-cumulative
443,Alex Stevenson,6362,astevenso,2026,2026-09-03,2026-08-08,ufa-eb-v4,2026-08-14,58,1861.1,54.9,1770.8,1951.4,72,0.1666,0.4339,66,-0.4486,0.5742,63,-0.7238,0.5923,64,-0.6476,0.6425,handler,0.5333,ufa,0,0,1,2,4,6,40,46,4,2,370,-18,18,79,5505,ufa-season,linked-ufa;attribute:thr;attribute:pos;attribute:off;attribute:def;role-average-prior;current-season-cumulative
444,David Barram,15036,dbarram,2026,2026-09-03,2026-08-08,ufa-eb-v4,2026-08-14,58,1860.9,54.7,1771.0,1950.9,75,0.482,0.8003,69,-0.1444,0.9335,61,-0.8755,0.9211,72,0.1577,0.3059,handler,0.7262,ufa,2,322.5,1,19,3,24,352,374,26,19,3029,248,208,1,14661,ufa-season,linked-ufa;attribute:thr;attribute:pos;attribute:off;attribute:def;history-prior:2-seasons;current-season-cumulative
445,Logan Pruess,2091,lpruess,2026,2026-09-03,2026-08-08,ufa-eb-v4,2026-08-14,58,1859.8,54.6,1770.0,1949.6,70,0.0038,0.5522,69,-0.0846,0.7245,61,-0.851,0.7915,60,-1.0396,0.7734,handler,0.5133,ufa,8,57.1,1,3,2,3,34,37,1,1,283,186,21,68,5556,ufa-season,linked-ufa;attribute:thr;attribute:pos;attribute:off;attribute:def;history-prior:8-seasons;current-season-cumulative
446,David Perry,3820,dperry,2026,2026-09-03,2026-08-08,ufa-eb-v4,2026-08-14,58,1858.7,54.7,1768.8,1948.6,71,0.1277,0.4312,70,0.0421,0.4401,64,-0.5725,0.5347,61,-0.9191,0.676,hybrid,0.3567,ufa,2,11.0,1,1,0,0,8,8,0,0,115,39,4,34,2354,ufa-season,linked-ufa;attribute:thr;attribute:pos;attribute:off;attribute:def;history-prior:2-seasons;current-season-cumulative
447,Noah Wahl,18620,nwahl,2026,2026-09-03,2026-08-08,ufa-eb-v4,2026-08-14,58,1858.3,58.1,1762.8,1953.8,64,-0.5692,0.6426,72,0.2023,0.8234,65,-0.5387,0.8035,70,0.0005,0.4521,handler,0.3494,ufa,3,139.6,0,1,0,2,52,53,1,0,325,11,28,8,1867,ufa-season,linked-ufa;attribute:thr;attribute:pos;attribute:off;attribute:def;history-prior:3-seasons;current-season-cumulative
448,Curtis Watkins,25664,cwatkins,2026,2026-09-03,2026-08-08,ufa-eb-v4,2026-08-14,58,1858.2,72.1,1739.7,1976.8,,,,,,,,,,,,,cutter,0.4726,ufa,1,7.0,0,0,0,0,0,0,0,0,0,0,0,0,0,ufa-season,linked-ufa;history-prior:1-seasons;current-season-cumulative
449,Owen Stout,25358,ostout,2026,2026-09-03,2026-08-08,ufa-eb-v4,2026-08-14,58,1858.2,66.7,1748.5,1967.9,71,0.1475,0.3712,74,0.4205,0.6867,74,0.3934,0.6786,78,0.7759,0.7327,cutter,0.6135,ufa,0,0,15,9,6,2,50,52,2,2,297,777,17,117,9282,ufa-season,linked-ufa;attribute:thr;attribute:pos;attribute:off;attribute:def;role-average-prior;current-season-cumulative
450,Philippe Gagnon.,29544,pgagnon,2026,2026-09-03,2026-08-08,ufa-eb-v4,2026-08-14,58,1857.8,127.3,1648.4,2067.2,67,-0.3426,0.4785,70,-0.0474,0.4773,63,-0.6767,0.5874,66,-0.3797,0.703,hybrid,0.4018,ufa,1,6.0,1,1,4,1,16,17,0,0,66,126,7,44,3428,ufa-season,linked-ufa;attribute:thr;attribute:pos;attribute:off;attribute:def;history-prior:1-seasons;current-season-cumulative
451,Cam Copeland,18871,ccopeland,2026,2026-09-03,2026-08-08,ufa-eb-v4,2026-08-14,58,1856.7,59.1,1759.5,1954.0,71,0.0672,0.2059,70,0.0346,0.1872,69,-0.0872,0.211,70,-0.036,0.2432,hybrid,0.8309,position,2,1.5,0,1,0,0,5,5,0,0,57,3,1,7,449,ufa-season,linked-ufa;attribute:thr;attribute:pos;attribute:off;attribute:def;history-prior:2-seasons;current-season-cumulative
452,Hunter May,15383,hmay,2026,2026-09-03,2026-08-08,ufa-eb-v4,2026-08-14,58,1856.7,57.2,1762.6,1950.9,67,-0.2507,0.5096,61,-0.8537,0.7,63,-0.6873,0.8682,63,-0.6864,0.8122,handler,0.7755,position,1,9.5,17,7,9,8,58,64,2,1,182,1511,92,131,13672,ufa-season,linked-ufa;attribute:thr;attribute:pos;attribute:off;attribute:def;history-prior:1-seasons;current-season-cumulative
453,John Marsh,19411,jmarsh1,2026,2026-09-03,2026-08-08,ufa-eb-v4,2026-08-14,58,1855.4,58.2,1759.6,1951.2,62,-0.8369,0.7012,73,0.2931,0.9174,66,-0.4376,0.8827,67,-0.2527,0.6637,hybrid,0.682,ufa,1,28.5,11,9,0,15,250,264,3,1,1242,1052,165,10,13264,ufa-season,linked-ufa;attribute:thr;attribute:pos;attribute:off;attribute:def;history-prior:1-seasons;current-season-cumulative
454,Michael Dillard,1000,mdillard,2026,2026-09-03,2026-08-08,ufa-eb-v4,2026-08-14,58,1855.1,53.8,1766.5,1943.6,68,-0.2094,0.7245,71,0.0612,0.9091,62,-0.8027,0.9042,58,-1.228,0.7629,handler,0.7251,ufa,5,80.1,7,15,2,16,279,297,13,10,1922,1095,166,42,12983,ufa-season,linked-ufa;attribute:thr;attribute:pos;attribute:off;attribute:def;history-prior:5-seasons;current-season-cumulative
455,Ethan Sarles,23252,esarles,2026,2026-09-03,2026-08-08,ufa-eb-v4,2026-08-14,58,1853.2,66.7,1743.5,1962.9,73,0.2787,0.7107,66,-0.4133,0.8871,64,-0.6202,0.8707,62,-0.7782,0.7063,hybrid,0.6716,ufa,1,21.5,7,10,1,16,168,188,14,8,1326,1198,139,29,10064,ufa-season,linked-ufa;attribute:thr;attribute:pos;attribute:off;attribute:def;history-prior:1-seasons;current-season-cumulative
456,Zachary Burpee,19885,zburpee,2026,2026-09-03,2026-08-08,ufa-eb-v4,2026-08-14,58,1851.8,59.7,1753.5,1950.0,72,0.1668,0.5779,70,-0.047,0.7569,69,-0.0523,0.827,68,-0.2232,0.5954,hybrid,0.4754,ufa,4,37.5,4,3,1,3,38,40,3,2,284,347,51,24,4924,ufa-season,linked-ufa;attribute:thr;attribute:pos;attribute:off;attribute:def;history-prior:4-seasons;current-season-cumulative
457,Caleb Campbell,16448,ccampbell1,2026,2026-09-03,2026-08-08,ufa-eb-v4,2026-08-14,58,1851.5,58.2,1755.8,1947.2,65,-0.5366,0.5891,58,-1.164,0.8626,63,-0.7454,0.8012,75,0.4892,0.8601,cutter,0.6302,ufa,3,118.4,11,2,8,8,49,59,2,0,215,493,11,132,9052,ufa-season,linked-ufa;attribute:thr;attribute:pos;attribute:off;attribute:def;history-prior:3-seasons;current-season-cumulative
458,Leo Pierson,9751,lpierson,2026,2026-09-03,2026-08-08,ufa-eb-v4,2026-08-14,58,1851.2,56.5,1758.2,1944.2,70,0.0064,0.0423,70,0.0042,0.0591,69,-0.1019,0.2403,70,-0.041,0.2308,unknown,0.2364,ufa,4,0.5,0,0,0,0,1,1,0,0,25,15,0,8,442,ufa-season,linked-ufa;attribute:thr;attribute:pos;attribute:off;attribute:def;history-prior:4-seasons;current-season-cumulative
459,Raphael Salvas,14872,rsalvas,2026,2026-09-03,2026-08-08,ufa-eb-v4,2026-08-14,58,1850.4,64.0,1745.1,1955.7,63,-0.673,0.6813,59,-1.1079,0.6889,61,-0.9273,0.7393,60,-1.0271,0.8072,handler,0.8079,position,4,31.8,4,3,1,5,39,45,0,0,188,401,8,124,8779,ufa-season,linked-ufa;attribute:thr;attribute:pos;attribute:off;attribute:def;history-prior:4-seasons;current-season-cumulative
460,Quinn Buermeyer,5446,qbuermeye,2026,2026-09-03,2026-08-08,ufa-eb-v4,2026-08-14,58,1849.9,53.1,1762.5,1937.3,51,-1.9313,0.8466,69,-0.1029,0.9204,67,-0.3261,0.9249,75,0.4961,0.6297,cutter,0.7651,ufa,4,196.2,29,6,5,15,172,186,0,0,374,2424,231,16,16729,ufa-season,linked-ufa;attribute:thr;attribute:pos;attribute:off;attribute:def;history-prior:4-seasons;current-season-cumulative
461,Mace Chope,19344,mchope,2026,2026-09-03,2026-08-08,ufa-eb-v4,2026-08-14,58,1848.7,63.1,1744.9,1952.4,,,,,,,63,-0.6754,0.6975,69,-0.1018,0.6493,cutter,0.2833,ufa,2,14.0,0,0,0,0,0,0,0,0,0,43,0,19,830,ufa-season,linked-ufa;attribute:off;attribute:def;history-prior:2-seasons;current-season-cumulative
462,Mason Zetsch,8465,mzetsch,2026,2026-09-03,2026-08-08,ufa-eb-v4,2026-08-14,57,1847.4,55.8,1755.6,1939.1,71,0.1492,0.7299,48,-2.2198,0.8968,50,-1.994,0.8817,62,-0.849,0.7683,hybrid,0.7755,position,4,87.5,3,9,1,24,113,136,17,8,869,284,77,25,7047,ufa-season,linked-ufa;attribute:thr;attribute:pos;attribute:off;attribute:def;history-prior:4-seasons;current-season-cumulative
463,Jérémie Giard,21086,jgiard,2026,2026-09-03,2026-08-08,ufa-eb-v4,2026-08-14,57,1847.1,78.4,1718.2,1976.1,73,0.3156,0.441,70,-0.0175,0.5856,63,-0.6678,0.6654,67,-0.2512,0.7967,hybrid,0.5547,ufa,2,7.2,3,4,8,2,26,28,1,1,253,197,8,98,6989,ufa-season,linked-ufa;attribute:thr;attribute:pos;attribute:off;attribute:def;history-prior:2-seasons;current-season-cumulative
464,Gabe Schoepke,19369,gschoepke,2026,2026-09-03,2026-08-08,ufa-eb-v4,2026-08-14,57,1846.2,56.9,1752.6,1939.8,69,-0.1411,0.3624,69,-0.1231,0.4087,62,-0.7768,0.6327,66,-0.3681,0.789,hybrid,0.8309,position,2,8.2,2,0,3,0,6,6,0,0,12,113,5,57,3703,ufa-season,linked-ufa;attribute:thr;attribute:pos;attribute:off;attribute:def;history-prior:2-seasons;current-season-cumulative
465,Tyler McCarthy,20472,tmccarthy,2026,2026-09-03,2026-08-08,ufa-eb-v4,2026-08-14,57,1845.9,56.6,1752.9,1939.0,70,0.0195,0.418,68,-0.1691,0.414,69,-0.1058,0.3268,69,-0.099,0.4207,hybrid,0.8309,position,1,0.0,0,2,0,2,17,18,0,0,113,44,1,22,1580,ufa-season,linked-ufa;attribute:thr;attribute:pos;attribute:off;attribute:def;history-prior:1-seasons;current-season-cumulative
466,Steven Pearlman,4809,spearlman,2026,2026-09-03,2026-08-08,ufa-eb-v4,2026-08-14,57,1843.7,54.6,1753.9,1933.5,70,-0.0062,0.1007,70,-0.0408,0.2986,66,-0.3544,0.5504,63,-0.6712,0.4965,cutter,0.4245,ufa,0,0,1,1,0,1,10,10,0,0,-16,207,19,39,3797,ufa-season,linked-ufa;attribute:thr;attribute:pos;attribute:off;attribute:def;role-average-prior;current-season-cumulative
467,Anson Reppermund,3569,areppermu,2026,2026-09-03,2026-08-08,ufa-eb-v4,2026-08-14,57,1843.3,54.4,1753.8,1932.8,84,1.4261,0.7064,55,-1.4948,0.8808,64,-0.5892,0.8984,65,-0.5165,0.8678,hybrid,0.6906,ufa,10,111.8,9,12,10,14,73,84,12,7,729,964,68,113,9593,ufa-season,linked-ufa;attribute:thr;attribute:pos;attribute:off;attribute:def;history-prior:10-seasons;current-season-cumulative
468,Ryan Liao,18807,rliao,2026,2026-09-03,2026-08-08,ufa-eb-v4,2026-08-14,57,1842.5,59.5,1744.6,1940.4,,,,,,,,,,,,,unknown,0.1337,usau-stats,1,12.5,0,0,0,0,0,0,0,0,0,0,0,0,0,ufa-season,linked-ufa;history-prior:1-seasons;current-season-cumulative
469,Alex Warrington,19291,awarringt,2026,2026-09-03,2026-08-08,ufa-eb-v4,2026-08-14,57,1842.0,55.6,1750.4,1933.5,70,-0.0477,0.1619,66,-0.3794,0.4193,63,-0.7291,0.6087,60,-0.9659,0.6852,cutter,0.4551,ufa,3,8.2,2,0,2,1,8,9,0,0,-12,168,11,57,3322,ufa-season,linked-ufa;attribute:thr;attribute:pos;attribute:off;attribute:def;history-prior:3-seasons;current-season-cumulative
470,Drew Girard,21444,dgirard,2026,2026-09-03,2026-08-08,ufa-eb-v4,2026-08-14,57,1841.7,63.5,1737.2,1946.2,69,-0.0573,0.1624,70,-0.0335,0.2923,69,-0.11,0.4274,70,0.0047,0.2834,cutter,0.6383,position,0,0,2,0,1,1,9,10,0,0,33,124,14,14,2043,ufa-season,linked-ufa;attribute:thr;attribute:pos;attribute:off;attribute:def;role-average-prior;current-season-cumulative
471,Drew Rasmussen,58413,drasmusse,2026,2026-09-03,2026-08-08,ufa-eb-v4,2026-08-14,57,1840.2,74.8,1717.1,1963.3,70,-0.009,0.1356,71,0.1125,0.2635,65,-0.5327,0.5299,62,-0.811,0.7245,cutter,0.577,ufa,0,0,3,2,6,0,8,8,0,0,30,162,1,115,6753,ufa-season,linked-ufa;attribute:thr;attribute:pos;attribute:off;attribute:def;role-average-prior;current-season-cumulative
472,Jack Kempe,19343,jkempe1,2026,2026-09-03,2026-08-08,ufa-eb-v4,2026-08-14,57,1840.0,61.4,1739.0,1941.1,68,-0.2272,0.4704,71,0.0532,0.6128,62,-0.7727,0.6123,66,-0.3698,0.5527,handler,0.3345,ufa,2,39.2,0,0,0,1,17,19,1,1,113,-30,5,27,1612,ufa-season,linked-ufa;attribute:thr;attribute:pos;attribute:off;attribute:def;history-prior:2-seasons;current-season-cumulative
473,Bradley Seuntjens,981,bseuntjen,2026,2026-09-03,2026-08-08,ufa-eb-v4,2026-08-14,57,1838.7,54.1,1749.8,1927.7,61,-0.9409,0.6075,78,0.7927,0.7944,67,-0.3441,0.6941,62,-0.7523,0.8104,cutter,0.3849,ufa,10,80.1,4,1,0,0,15,15,0,0,14,72,1,45,3255,ufa-season,linked-ufa;attribute:thr;attribute:pos;attribute:off;attribute:def;history-prior:10-seasons;current-season-cumulative
474,Jonathan McGurrin,22318,jmcgurrin,2026,2026-09-03,2026-08-08,ufa-eb-v4,2026-08-14,57,1838.2,59.7,1740.0,1936.4,70,0.0383,0.4344,64,-0.5661,0.5893,67,-0.2638,0.6265,68,-0.2493,0.7652,hybrid,0.5638,ufa,0,0,5,3,3,5,31,34,1,1,187,367,7,103,6886,ufa-season,linked-ufa;attribute:thr;attribute:pos;attribute:off;attribute:def;role-average-prior;current-season-cumulative
475,Joe Leibforth,52761,jleibfort,2026,2026-09-03,2026-08-08,ufa-eb-v4,2026-08-14,57,1837.6,57.1,1743.6,1931.5,70,-0.0014,0.695,73,0.3351,0.7017,61,-0.9327,0.6934,63,-0.736,0.8969,hybrid,0.6526,ufa,3,27.1,3,2,3,0,30,30,0,0,236,179,2,154,10758,ufa-season,linked-ufa;attribute:thr;attribute:pos;attribute:off;attribute:def;history-prior:3-seasons;current-season-cumulative
476,Jordan Queckboerner,6564,jqueckboe,2026,2026-09-03,2026-08-08,ufa-eb-v4,2026-08-14,57,1834.8,56.8,1741.3,1928.3,69,-0.1071,0.5798,62,-0.7767,0.5861,63,-0.689,0.6837,81,1.0794,0.7775,hybrid,0.3114,ufa,5,33.6,1,0,3,1,1,1,0,0,5,21,1,25,1776,ufa-season,linked-ufa;attribute:thr;attribute:pos;attribute:off;attribute:def;history-prior:5-seasons;current-season-cumulative
477,Joel Close,20107,jclose,2026,2026-09-03,2026-08-08,ufa-eb-v4,2026-08-14,57,1833.0,59.0,1735.9,1930.1,67,-0.3169,0.5412,66,-0.3643,0.7375,64,-0.6417,0.7808,69,-0.1288,0.8079,cutter,0.5406,ufa,3,51.9,6,1,8,3,17,19,0,0,81,183,5,95,6910,ufa-season,linked-ufa;attribute:thr;attribute:pos;attribute:off;attribute:def;history-prior:3-seasons;current-season-cumulative
478,Grayson Rettberg,21608,grettberg,2026,2026-09-03,2026-08-08,ufa-eb-v4,2026-08-14,57,1832.5,56.4,1739.7,1925.2,71,0.0713,0.2754,70,0.0211,0.5727,72,0.1822,0.6375,,,,cutter,0.8079,position,2,7.5,5,3,0,2,23,24,1,1,152,273,37,0,2371,ufa-season,linked-ufa;attribute:thr;attribute:pos;attribute:off;history-prior:2-seasons;current-season-cumulative
479,Jack Wisner,22155,jwisner,2026,2026-09-03,2026-08-08,ufa-eb-v4,2026-08-14,57,1832.5,68.6,1719.7,1945.3,68,-0.1935,0.3478,64,-0.6402,0.6717,58,-1.2209,0.7945,53,-1.6527,0.8261,cutter,0.639,ufa,1,19.5,6,2,6,5,26,27,1,1,111,328,33,115,8834,ufa-season,linked-ufa;attribute:thr;attribute:pos;attribute:off;attribute:def;history-prior:1-seasons;current-season-cumulative
480,Jake Wahl,19342,jwahl,2026,2026-09-03,2026-08-08,ufa-eb-v4,2026-08-14,57,1832.1,57.1,1738.2,1926.0,67,-0.2597,0.6578,76,0.5747,0.8631,60,-1.0308,0.8525,69,-0.127,0.8497,hybrid,0.5978,ufa,3,143.5,4,3,3,2,56,58,1,0,392,223,5,121,8924,ufa-season,linked-ufa;attribute:thr;attribute:pos;attribute:off;attribute:def;history-prior:3-seasons;current-season-cumulative
481,Joshua Lightner,18210,jlightner,2026,2026-09-03,2026-08-08,ufa-eb-v4,2026-08-14,57,1831.7,58.7,1735.2,1928.2,75,0.513,0.5492,62,-0.8034,0.7126,68,-0.1509,0.7883,68,-0.1757,0.8042,hybrid,0.8488,position,0,0,7,8,2,9,52,61,7,2,410,281,0,135,8295,ufa-season,linked-ufa;attribute:thr;attribute:pos;attribute:off;attribute:def;role-average-prior;current-season-cumulative
482,Porter Oyler,17295,poyler,2026,2026-09-03,2026-08-08,ufa-eb-v4,2026-08-14,57,1828.0,55.1,1737.3,1918.7,,,,,,,,,,,,,unknown,0.1729,usau-stats,4,6.0,0,0,0,0,0,0,0,0,0,0,0,0,0,ufa-season,linked-ufa;history-prior:4-seasons;current-season-cumulative
483,George Gust,25073,ggust,2026,2026-09-03,2026-08-08,ufa-eb-v4,2026-08-14,57,1826.4,65.9,1718.0,1934.7,67,-0.3115,0.7495,77,0.7455,0.754,68,-0.2242,0.6936,75,0.4956,0.8558,hybrid,0.713,ufa,0,0,13,4,12,1,73,75,0,0,389,649,7,191,12254,ufa-season,linked-ufa;attribute:thr;attribute:pos;attribute:off;attribute:def;role-average-prior;current-season-cumulative
484,Sawyer Blair,19045,sblair,2026,2026-09-03,2026-08-08,ufa-eb-v4,2026-08-14,57,1826.2,61.9,1724.5,1928.0,72,0.1517,0.234,68,-0.2264,0.2989,62,-0.8143,0.6544,69,-0.0903,0.6633,hybrid,0.4308,ufa,0,0,0,1,1,2,9,11,2,0,78,59,0,60,4404,ufa-season,linked-ufa;attribute:thr;attribute:pos;attribute:off;attribute:def;role-average-prior;current-season-cumulative
485,John Laney,17619,jlaney1,2026,2026-09-03,2026-08-08,ufa-eb-v4,2026-08-14,57,1825.6,55.0,1735.1,1916.1,,,,,,,,,,,,,cutter,0.8309,position,2,0.0,0,0,0,0,0,0,0,0,0,0,0,0,0,ufa-season,linked-ufa;history-prior:2-seasons;current-season-cumulative
486,Emmanuel Bilolo,1107,ebilolo,2026,2026-09-03,2026-08-08,ufa-eb-v4,2026-08-14,56,1824.6,55.1,1734.0,1915.3,65,-0.4812,0.625,63,-0.729,0.8085,59,-1.1238,0.8306,59,-1.0583,0.6311,hybrid,0.4838,ufa,4,47.1,1,4,0,6,51,58,4,3,129,437,60,18,5189,ufa-season,linked-ufa;attribute:thr;attribute:pos;attribute:off;attribute:def;history-prior:4-seasons;current-season-cumulative
487,Kevin Nicholl,6400,knicholl,2026,2026-09-03,2026-08-08,ufa-eb-v4,2026-08-14,56,1824.2,56.4,1731.3,1917.0,62,-0.8034,0.7243,72,0.1626,0.723,63,-0.7017,0.7399,62,-0.7693,0.8042,hybrid,0.437,ufa,8,45.8,5,2,3,1,19,20,0,0,94,193,5,57,3578,ufa-season,linked-ufa;attribute:thr;attribute:pos;attribute:off;attribute:def;history-prior:8-seasons;current-season-cumulative
488,Isaac Fuzat,22511,ifuzat,2026,2026-09-03,2026-08-08,ufa-eb-v4,2026-08-14,56,1821.7,59.0,1724.7,1918.8,67,-0.2539,0.5533,69,-0.0811,0.734,62,-0.8078,0.7929,59,-1.1067,0.7342,hybrid,0.8079,position,0,0,9,5,1,5,64,68,2,1,387,533,62,75,9091,ufa-season,linked-ufa;attribute:thr;attribute:pos;attribute:off;attribute:def;role-average-prior;current-season-cumulative
489,Dane Miller,27177,dmiller4,2026,2026-09-03,2026-08-08,ufa-eb-v4,2026-08-14,56,1821.3,60.8,1721.4,1921.3,69,-0.0665,0.1425,69,-0.0589,0.2677,67,-0.2895,0.6169,75,0.4944,0.5948,cutter,0.4051,ufa,1,3.5,3,1,2,1,4,5,0,0,12,96,0,52,2855,ufa-season,linked-ufa;attribute:thr;attribute:pos;attribute:off;attribute:def;history-prior:1-seasons;current-season-cumulative
490,Jake Rubin-Miller,25705,jrubinmil,2026,2026-09-03,2026-08-08,ufa-eb-v4,2026-08-14,56,1821.2,58.7,1724.7,1917.7,68,-0.2417,0.6218,69,-0.1417,0.8154,62,-0.7734,0.7969,68,-0.2162,0.8721,hybrid,0.566,ufa,4,54.9,4,4,3,3,48,54,3,0,276,325,21,90,8760,ufa-season,linked-ufa;attribute:thr;attribute:pos;attribute:off;attribute:def;history-prior:4-seasons;current-season-cumulative
491,Louie Bertoncin,13228,lbertonci,2026,2026-09-03,2026-08-08,ufa-eb-v4,2026-08-14,56,1820.8,56.0,1728.6,1912.9,68,-0.1759,0.5157,61,-0.9355,0.6653,66,-0.3919,0.7231,70,-0.0399,0.7161,handler,0.8079,position,3,42.6,2,3,3,5,29,33,2,1,120,137,2,62,4611,ufa-season,linked-ufa;attribute:thr;attribute:pos;attribute:off;attribute:def;history-prior:3-seasons;current-season-cumulative
492,Noah Nicol,13513,nnicol,2026,2026-09-03,2026-08-08,ufa-eb-v4,2026-08-14,56,1819.3,59.2,1721.9,1916.7,72,0.1966,0.274,74,0.4046,0.543,69,-0.1292,0.544,,,,cutter,0.8079,position,4,15.2,1,1,0,0,14,14,1,1,138,22,13,0,883,ufa-season,linked-ufa;attribute:thr;attribute:pos;attribute:off;history-prior:4-seasons;current-season-cumulative
493,Jeff Maskalunas,9445,jmaskalun,2026,2026-09-03,2026-08-08,ufa-eb-v4,2026-08-14,56,1818.9,53.8,1730.3,1907.5,67,-0.314,0.602,71,0.0906,0.799,67,-0.2987,0.8001,69,-0.1461,0.7529,handler,0.7028,ufa,2,0.3,7,5,3,8,134,140,2,0,849,273,52,138,12016,ufa-season,linked-ufa;attribute:thr;attribute:pos;attribute:off;attribute:def;history-prior:2-seasons;current-season-cumulative
494,Mick Walter,13510,mwalter,2026,2026-09-03,2026-08-08,ufa-eb-v4,2026-08-14,56,1818.5,54.4,1729.1,1908.0,,,,,,,,,,,,,handler,0.6232,prior-position,8,61.9,0,0,0,0,0,0,0,0,0,0,0,0,0,ufa-season,linked-ufa;history-prior:8-seasons;current-season-cumulative
495,Erwan Pare,93057,epar,2026,2026-09-03,2026-08-08,ufa-eb-v4,2026-08-14,56,1817.7,83.7,1680.1,1955.4,79,0.8999,0.5869,53,-1.6955,0.7559,67,-0.3468,0.8045,68,-0.1984,0.6969,hybrid,0.6058,ufa,0,0,14,7,3,15,60,74,11,5,623,1088,72,58,8878,ufa-season,linked-ufa;attribute:thr;attribute:pos;attribute:off;attribute:def;role-average-prior;current-season-cumulative
496,Levi Stahl,23727,lstahl,2026,2026-09-03,2026-08-08,ufa-eb-v4,2026-08-14,56,1815.8,64.1,1710.3,1921.3,69,-0.063,0.3352,73,0.2764,0.5393,63,-0.6947,0.599,69,-0.0607,0.1875,cutter,0.3814,ufa,0,0,4,1,1,1,27,28,0,0,176,422,42,3,2763,ufa-season,linked-ufa;attribute:thr;attribute:pos;attribute:off;attribute:def;role-average-prior;current-season-cumulative
497,Wyatt Krisky,18316,wkrisky1,2026,2026-09-03,2026-08-08,ufa-eb-v4,2026-08-14,56,1813.4,58.1,1717.8,1909.1,69,-0.1261,0.3085,64,-0.6107,0.5075,64,-0.5634,0.5974,60,-1.0007,0.67,cutter,0.8309,position,1,7.5,1,0,2,3,13,17,0,0,68,182,9,66,4475,ufa-season,linked-ufa;attribute:thr;attribute:pos;attribute:off;attribute:def;history-prior:1-seasons;current-season-cumulative
498,Jack Havey,11267,jhavey,2026,2026-09-03,2026-08-08,ufa-eb-v4,2026-08-14,56,1811.7,56.2,1719.2,1904.2,65,-0.5413,0.8618,75,0.4664,0.8629,66,-0.3998,0.8877,64,-0.64,0.7975,hybrid,0.7755,position,5,222.7,5,2,0,2,53,56,0,0,303,532,73,49,7659,ufa-season,linked-ufa;attribute:thr;attribute:pos;attribute:off;attribute:def;history-prior:5-seasons;current-season-cumulative
499,Tynan Peterson,19816,tpeterson,2026,2026-09-03,2026-08-08,ufa-eb-v4,2026-08-14,56,1811.7,62.9,1708.2,1915.1,69,-0.1428,0.305,64,-0.6363,0.291,64,-0.5652,0.4242,65,-0.4585,0.512,hybrid,0.3269,ufa,1,1.0,0,0,0,4,6,10,0,0,60,16,4,26,1712,ufa-season,linked-ufa;attribute:thr;attribute:pos;attribute:off;attribute:def;history-prior:1-seasons;current-season-cumulative
500,Jonny Hoffman,18156,jhoffman,2026,2026-09-03,2026-08-08,ufa-eb-v4,2026-08-14,56,1809.6,57.3,1715.3,1903.8,,,,,,,,,,,,,hybrid,0.8488,position,4,19.2,0,0,0,0,0,0,0,0,0,0,0,0,0,ufa-season,linked-ufa;history-prior:4-seasons;current-season-cumulative
501,Timothy Mosher,15483,tmosher,2026,2026-09-03,2026-08-08,ufa-eb-v4,2026-08-14,56,1806.3,56.8,1712.8,1899.7,70,-0.0271,0.1376,70,0.0232,0.1379,64,-0.5569,0.491,69,-0.0747,0.496,hybrid,0.2538,ufa,2,2.0,0,0,1,0,2,2,0,0,12,0,0,12,1032,ufa-season,linked-ufa;attribute:thr;attribute:pos;attribute:off;attribute:def;history-prior:2-seasons;current-season-cumulative
502,Evan Sebastian,21672,esebastia,2026,2026-09-03,2026-08-08,ufa-eb-v4,2026-08-14,56,1804.9,60.7,1705.0,1904.8,70,-0.0019,0.0531,70,-0.0127,0.1712,67,-0.2597,0.4019,72,0.2343,0.3643,cutter,0.5599,position,1,4.0,0,0,0,0,1,1,0,0,-4,13,0,8,710,ufa-season,linked-ufa;attribute:thr;attribute:pos;attribute:off;attribute:def;history-prior:1-seasons;current-season-cumulative
503,Derik Knighton,23930,dknighton,2026,2026-09-03,2026-08-08,ufa-eb-v4,2026-08-14,56,1804.8,60.6,1705.1,1904.4,70,-0.0295,0.4902,69,-0.0533,0.6428,64,-0.6342,0.6355,67,-0.3084,0.8343,hybrid,0.6038,ufa,1,6.5,7,3,5,3,36,39,2,1,215,302,1,128,8953,ufa-season,linked-ufa;attribute:thr;attribute:pos;attribute:off;attribute:def;history-prior:1-seasons;current-season-cumulative
504,Jonas Golden,27026,jgolden,2026,2026-09-03,2026-08-08,ufa-eb-v4,2026-08-14,56,1803.5,58.6,1707.1,1899.9,70,-0.0139,0.0895,69,-0.0716,0.1935,67,-0.312,0.4095,68,-0.2222,0.4025,cutter,0.7755,position,1,0.0,0,0,0,1,5,6,1,0,16,50,0,27,1745,ufa-season,linked-ufa;attribute:thr;attribute:pos;attribute:off;attribute:def;history-prior:1-seasons;current-season-cumulative
505,Lawrence Uhl,27124,luhl,2026,2026-09-03,2026-08-08,ufa-eb-v4,2026-08-14,56,1803.2,92.4,1651.2,1955.2,70,-0.0013,0.0574,70,0.0222,0.1174,68,-0.1881,0.4005,70,0.0456,0.3568,cutter,0.7755,position,0,0,2,0,1,0,3,3,0,0,13,58,8,20,1915,ufa-season,linked-ufa;attribute:thr;attribute:pos;attribute:off;attribute:def;role-average-prior;current-season-cumulative
506,Dustin Damiano,5895,ddamiano,2026,2026-09-03,2026-08-08,ufa-eb-v4,2026-08-14,56,1802.9,56.2,1710.4,1895.4,65,-0.5361,0.6179,66,-0.4367,0.8016,60,-1.0148,0.7906,,,,handler,0.5002,ufa,5,33.3,4,1,1,9,114,121,3,1,818,271,84,0,5438,ufa-season,linked-ufa;attribute:thr;attribute:pos;attribute:off;history-prior:5-seasons;current-season-cumulative
507,Tyler Reinhardt,13303,treinhard,2026,2026-09-03,2026-08-08,ufa-eb-v4,2026-08-14,55,1801.6,55.9,1709.6,1893.6,63,-0.6534,0.734,73,0.2552,0.9268,54,-1.5555,0.8974,55,-1.4844,0.8231,hybrid,0.7755,position,4,170.2,1,10,0,12,219,235,10,6,1188,534,113,32,10191,ufa-season,linked-ufa;attribute:thr;attribute:pos;attribute:off;attribute:def;history-prior:4-seasons;current-season-cumulative
508,Ben Brink,21881,bbrink,2026,2026-09-03,2026-08-08,ufa-eb-v4,2026-08-14,55,1799.8,57.9,1704.6,1895.1,67,-0.2574,0.4785,65,-0.5321,0.4894,65,-0.5173,0.5621,68,-0.2226,0.6447,hybrid,0.4431,ufa,0,0,2,1,4,4,20,23,0,0,131,153,9,55,5214,ufa-season,linked-ufa;attribute:thr;attribute:pos;attribute:off;attribute:def;role-average-prior;current-season-cumulative
509,Walter Ellard,29118,wellard,2026,2026-09-03,2026-08-08,ufa-eb-v4,2026-08-14,55,1799.8,57.5,1705.2,1894.4,75,0.4702,0.5764,75,0.4708,0.7371,68,-0.2111,0.6276,73,0.3315,0.7822,hybrid,0.8309,position,1,0.8,0,7,8,3,72,75,5,3,547,251,5,115,7486,ufa-season,linked-ufa;attribute:thr;attribute:pos;attribute:off;attribute:def;history-prior:1-seasons;current-season-cumulative
510,Eamon Conneely,22328,econneely,2026,2026-09-03,2026-08-08,ufa-eb-v4,2026-08-14,55,1797.9,58.4,1701.8,1894.1,70,-0.0197,0.4312,72,0.2349,0.4476,73,0.2755,0.6771,78,0.7783,0.6765,hybrid,0.7755,position,0,0,7,1,4,0,18,19,0,0,46,250,0,68,4059,ufa-season,linked-ufa;attribute:thr;attribute:pos;attribute:off;attribute:def;role-average-prior;current-season-cumulative
511,Andrew Thoennes,20695,athoennes,2026,2026-09-03,2026-08-08,ufa-eb-v4,2026-08-14,55,1796.6,66.7,1687.0,1906.3,69,-0.0889,0.2222,69,-0.0528,0.2713,69,-0.1238,0.2218,70,-0.0405,0.1994,unknown,0.2495,ufa,0,0,0,0,0,1,9,10,0,0,57,9,3,8,684,ufa-season,linked-ufa;attribute:thr;attribute:pos;attribute:off;attribute:def;role-average-prior;current-season-cumulative
512,Nolan Stoppel,10893,nstoppel,2026,2026-09-03,2026-08-08,ufa-eb-v4,2026-08-14,55,1796.6,59.6,1698.5,1894.7,68,-0.214,0.6089,73,0.301,0.8111,70,0.0098,0.8542,69,-0.0813,0.4087,hybrid,0.7755,position,1,0.5,10,4,0,4,98,104,1,0,652,906,142,4,34832,ufa-season,linked-ufa;attribute:thr;attribute:pos;attribute:off;attribute:def;history-prior:1-seasons;current-season-cumulative
513,Andrew Muller,8200,amuller,2026,2026-09-03,2026-08-08,ufa-eb-v4,2026-08-14,55,1795.4,54.4,1705.9,1885.0,73,0.3111,0.4853,66,-0.4085,0.645,63,-0.6752,0.7735,62,-0.8299,0.8708,hybrid,0.8488,position,2,10.8,7,2,4,4,29,33,2,1,236,511,20,140,10666,ufa-season,linked-ufa;attribute:thr;attribute:pos;attribute:off;attribute:def;history-prior:2-seasons;current-season-cumulative
514,Luke Brennan,6958,lbrennan,2026,2026-09-03,2026-08-08,ufa-eb-v4,2026-08-14,55,1794.7,55.3,1703.7,1885.7,67,-0.3156,0.5824,67,-0.2975,0.7641,62,-0.8358,0.7156,67,-0.2563,0.6927,handler,0.557,ufa,2,13.1,2,4,2,8,97,104,2,1,647,145,25,82,8416,ufa-season,linked-ufa;attribute:thr;attribute:pos;attribute:off;attribute:def;history-prior:2-seasons;current-season-cumulative
515,Jean-Levy Champagne,4259,jchampagn,2026,2026-09-03,2026-08-08,ufa-eb-v4,2026-08-14,55,1793.2,61.8,1691.5,1894.8,,,,,,,,,,,,,handler,0.7755,position,5,4.2,0,0,0,0,0,0,0,0,0,0,0,0,0,ufa-season,linked-ufa;history-prior:5-seasons;current-season-cumulative
516,Matt Esser,3049,messer,2026,2026-09-03,2026-08-08,ufa-eb-v4,2026-08-14,55,1793.1,56.1,1700.9,1885.4,69,-0.1109,0.3191,69,-0.1005,0.4131,64,-0.6065,0.5231,65,-0.5419,0.5493,handler,0.3917,ufa,6,5.6,0,0,3,2,18,20,1,1,121,62,7,41,3472,ufa-season,linked-ufa;attribute:thr;attribute:pos;attribute:off;attribute:def;history-prior:6-seasons;current-season-cumulative
517,Noah Celuch,13591,nceluch,2026,2026-09-03,2026-08-08,ufa-eb-v4,2026-08-14,55,1790.7,59.3,1693.2,1888.2,63,-0.6737,0.682,68,-0.1612,0.877,62,-0.8293,0.8888,59,-1.1429,0.7957,handler,0.7539,ufa,4,83.4,6,9,5,13,170,183,5,2,882,432,99,136,13923,ufa-season,linked-ufa;attribute:thr;attribute:pos;attribute:off;attribute:def;history-prior:4-seasons;current-season-cumulative
518,Kaden Froebe,27285,kfroebe,2026,2026-09-03,2026-08-08,ufa-eb-v4,2026-08-14,55,1790.1,71.4,1672.7,1907.5,69,-0.1471,0.3563,71,0.0729,0.569,64,-0.6313,0.685,69,-0.0976,0.7593,cutter,0.5726,ufa,1,3.0,5,2,4,2,27,28,0,0,123,404,12,102,8841,ufa-season,linked-ufa;attribute:thr;attribute:pos;attribute:off;attribute:def;history-prior:1-seasons;current-season-cumulative
519,Adam Whitton,15202,awhitton,2026,2026-09-03,2026-08-08,ufa-eb-v4,2026-08-14,55,1789.8,58.1,1694.2,1885.4,,,,,,,,,,,,,handler,0.5539,position,1,12.0,0,0,0,0,0,0,0,0,0,0,0,0,0,ufa-season,linked-ufa;history-prior:1-seasons;current-season-cumulative
520,Isaiah Mason,19119,imason,2026,2026-09-03,2026-08-08,ufa-eb-v4,2026-08-14,55,1789.5,59.3,1691.9,1887.0,70,0.0206,0.0739,70,0.0137,0.0954,69,-0.0838,0.3369,72,0.2096,0.4182,hybrid,0.8079,position,0,0,2,1,0,0,2,2,0,0,24,34,1,22,1261,ufa-season,linked-ufa;attribute:thr;attribute:pos;attribute:off;attribute:def;role-average-prior;current-season-cumulative
521,Timothy Elliott,17256,telliott,2026,2026-09-03,2026-08-08,ufa-eb-v4,2026-08-14,55,1788.9,58.1,1693.3,1884.4,65,-0.5036,0.7469,72,0.2015,0.9599,70,0.0255,0.9339,68,-0.209,0.4097,hybrid,0.8079,position,2,176.2,10,23,2,34,496,530,10,5,3408,1949,257,1,17158,ufa-season,linked-ufa;attribute:thr;attribute:pos;attribute:off;attribute:def;history-prior:2-seasons;current-season-cumulative
522,Everest Shapiro,14385,eshapiro,2026,2026-09-03,2026-08-08,ufa-eb-v4,2026-08-14,55,1787.9,57.3,1693.6,1882.2,69,-0.0568,0.8008,68,-0.1753,0.7877,71,0.0932,0.8266,73,0.3401,0.6656,handler,0.3153,ufa,4,158.7,0,0,2,0,9,9,0,0,27,11,0,27,2167,ufa-season,linked-ufa;attribute:thr;attribute:pos;attribute:off;attribute:def;history-prior:4-seasons;current-season-cumulative
523,Seiji Koenigsberg,15047,skoenigsb,2026,2026-09-03,2026-08-08,ufa-eb-v4,2026-08-14,55,1787.3,55.6,1695.8,1878.7,68,-0.152,0.305,70,-0.0325,0.2989,67,-0.2501,0.395,67,-0.3028,0.371,hybrid,0.3075,ufa,0,0,1,0,0,1,10,11,0,0,39,19,8,17,1665,ufa-season,linked-ufa;attribute:thr;attribute:pos;attribute:off;attribute:def;role-average-prior;current-season-cumulative
524,Ethan Murray,88703,emurray,2026,2026-09-03,2026-08-08,ufa-eb-v4,2026-08-14,55,1787.1,89.0,1640.7,1933.5,70,-0.0172,0.2857,67,-0.3257,0.5611,66,-0.444,0.6706,71,0.0554,0.7048,cutter,0.5704,ufa,0,0,5,0,4,4,27,31,2,0,150,386,18,95,9116,ufa-season,linked-ufa;attribute:thr;attribute:pos;attribute:off;attribute:def;role-average-prior;current-season-cumulative
525,Thomas Riedl,24019,triedl,2026,2026-09-03,2026-08-08,ufa-eb-v4,2026-08-14,55,1785.0,77.6,1657.4,1912.7,69,-0.0669,0.305,72,0.1683,0.3118,66,-0.4428,0.5566,62,-0.8152,0.6672,hybrid,0.464,ufa,0,0,1,0,0,0,11,11,0,0,47,132,8,63,4863,ufa-season,linked-ufa;attribute:thr;attribute:pos;attribute:off;attribute:def;role-average-prior;current-season-cumulative
526,Melvyn Brichet,23758,mbrichet,2026,2026-09-03,2026-08-08,ufa-eb-v4,2026-08-14,55,1782.9,70.7,1666.6,1899.2,68,-0.1749,0.5962,71,0.1289,0.7873,64,-0.5801,0.7636,70,-0.0193,0.808,hybrid,0.7755,position,2,24.4,6,7,7,4,65,69,1,0,402,516,18,98,7996,ufa-season,linked-ufa;attribute:thr;attribute:pos;attribute:off;attribute:def;history-prior:2-seasons;current-season-cumulative
527,Caleb Dixon,5665,cdixon,2026,2026-09-03,2026-08-08,ufa-eb-v4,2026-08-14,55,1781.7,55.9,1689.8,1873.6,66,-0.4312,0.635,66,-0.3629,0.8159,55,-1.5233,0.7739,70,-0.0348,0.3642,handler,0.3917,ufa,2,75.9,2,1,1,9,82,91,3,3,601,101,39,9,3321,ufa-season,linked-ufa;attribute:thr;attribute:pos;attribute:off;attribute:def;history-prior:2-seasons;current-season-cumulative
528,Samuel Ingham,21475,singham,2026,2026-09-03,2026-08-08,ufa-eb-v4,2026-08-14,55,1781.4,58.2,1685.7,1877.2,64,-0.6046,0.8065,73,0.3249,0.8105,62,-0.7615,0.8282,76,0.6473,0.8239,hybrid,0.5477,ufa,1,67.5,5,1,8,1,36,37,0,0,113,393,13,90,7357,ufa-season,linked-ufa;attribute:thr;attribute:pos;attribute:off;attribute:def;history-prior:1-seasons;current-season-cumulative
529,Trip Crowley,15560,tcrowley,2026,2026-09-03,2026-08-08,ufa-eb-v4,2026-08-14,55,1779.7,55.5,1688.4,1870.9,72,0.226,0.5268,67,-0.2567,0.7163,67,-0.3261,0.8319,71,0.0905,0.8709,hybrid,0.7155,ufa,4,18.4,11,5,10,4,37,41,2,2,308,631,20,180,12270,ufa-season,linked-ufa;attribute:thr;attribute:pos;attribute:off;attribute:def;history-prior:4-seasons;current-season-cumulative
530,Kaiden Thiers,21786,kthiers,2026,2026-09-03,2026-08-08,ufa-eb-v4,2026-08-14,54,1778.6,65.0,1671.7,1885.6,,,,,,,,,,,,,cutter,0.7755,position,0,0,0,0,0,0,0,0,0,0,0,0,0,0,0,ufa-season,linked-ufa;role-average-prior;current-season-cumulative
531,Elijah Salmon,23885,esalmon,2026,2026-09-03,2026-08-08,ufa-eb-v4,2026-08-14,54,1778.3,60.5,1678.8,1877.8,63,-0.6877,0.5176,70,-0.0426,0.5243,64,-0.5828,0.629,63,-0.6836,0.6698,handler,0.8079,position,3,22.1,3,0,1,0,15,16,0,0,47,52,3,63,4209,ufa-season,linked-ufa;attribute:thr;attribute:pos;attribute:off;attribute:def;history-prior:3-seasons;current-season-cumulative
532,Brian Gfroerer,11119,bgfroerer,2026,2026-09-03,2026-08-08,ufa-eb-v4,2026-08-14,54,1776.1,57.0,1682.4,1869.9,63,-0.6961,0.7055,65,-0.4916,0.9104,63,-0.6914,0.9142,70,0.0474,0.6092,hybrid,0.6761,ufa,6,132.3,7,9,1,14,137,153,8,4,454,1177,163,8,12272,ufa-season,linked-ufa;attribute:thr;attribute:pos;attribute:off;attribute:def;history-prior:6-seasons;current-season-cumulative
533,Jacob Artz,45016,jartz,2026,2026-09-03,2026-08-08,ufa-eb-v4,2026-08-14,54,1773.2,55.1,1682.5,1863.8,67,-0.322,0.6937,72,0.2372,0.888,58,-1.1602,0.879,55,-1.487,0.8099,handler,0.7529,ufa,1,60.0,4,11,2,12,233,243,9,7,1639,585,95,139,13812,ufa-season,linked-ufa;attribute:thr;attribute:pos;attribute:off;attribute:def;history-prior:1-seasons;current-season-cumulative
534,Noah Pollack,21580,npollack,2026,2026-09-03,2026-08-08,ufa-eb-v4,2026-08-14,54,1772.9,62.2,1670.7,1875.2,,,,,,,,,,,,,hybrid,0.7755,position,1,7.5,0,0,0,0,0,0,0,0,0,0,0,0,0,ufa-season,linked-ufa;history-prior:1-seasons;current-season-cumulative
535,Brock Thibodeaux,14816,bthibodea,2026,2026-09-03,2026-08-08,ufa-eb-v4,2026-08-14,54,1771.8,58.0,1676.3,1867.2,68,-0.2454,0.5456,62,-0.7977,0.7186,57,-1.2971,0.8079,60,-0.9844,0.7694,hybrid,0.7755,position,1,4.5,5,2,3,7,51,59,3,1,297,491,61,73,9051,ufa-season,linked-ufa;attribute:thr;attribute:pos;attribute:off;attribute:def;history-prior:1-seasons;current-season-cumulative
536,Nathanaël Le Marois,27863,nlemarois,2026,2026-09-03,2026-08-08,ufa-eb-v4,2026-08-14,54,1770.6,98.8,1608.1,1933.2,70,-0.0403,0.6008,70,0.021,0.7725,67,-0.3237,0.8028,68,-0.1966,0.5541,handler,0.6097,ufa,0,0,5,6,2,7,122,130,5,4,920,351,88,44,8584,ufa-season,linked-ufa;attribute:thr;attribute:pos;attribute:off;attribute:def;role-average-prior;current-season-cumulative
537,Trevor Polisuk-Balfour,12348,tpolisukb,2026,2026-09-03,2026-08-08,ufa-eb-v4,2026-08-14,54,1769.3,58.2,1673.5,1865.1,,,,,,,,,,,,,handler,0.7755,position,3,25.4,0,0,0,0,0,0,0,0,0,0,0,0,0,ufa-season,linked-ufa;history-prior:3-seasons;current-season-cumulative
538,Seth Faris,13377,sfaris,2026,2026-09-03,2026-08-08,ufa-eb-v4,2026-08-14,54,1767.5,56.2,1675.1,1860.0,91,2.0647,0.756,60,-0.9701,0.9093,69,-0.1359,0.9217,78,0.823,0.768,cutter,0.4039,position,4,57.3,13,30,5,23,163,190,35,22,2036,1933,239,2,15472,ufa-season,linked-ufa;attribute:thr;attribute:pos;attribute:off;attribute:def;history-prior:4-seasons;current-season-cumulative
539,Ian Decker,17909,idecker,2026,2026-09-03,2026-08-08,ufa-eb-v4,2026-08-14,54,1766.4,61.7,1664.9,1867.9,65,-0.4602,0.4935,60,-1.0258,0.8151,65,-0.4734,0.8173,71,0.0556,0.3282,cutter,0.6077,ufa,0,0,13,5,4,15,93,107,2,1,413,1346,124,7,9517,ufa-season,linked-ufa;attribute:thr;attribute:pos;attribute:off;attribute:def;role-average-prior;current-season-cumulative
540,Alexander Kirages,22207,akirages,2026,2026-09-03,2026-08-08,ufa-eb-v4,2026-08-14,54,1765.2,59.7,1667.0,1863.4,71,0.1286,0.557,59,-1.0983,0.7306,67,-0.277,0.7338,63,-0.7236,0.6413,hybrid,0.5333,ufa,0,0,5,8,1,11,63,71,1,0,575,625,47,50,5587,ufa-season,linked-ufa;attribute:thr;attribute:pos;attribute:off;attribute:def;role-average-prior;current-season-cumulative
541,Oliver Cunningham,18968,ocunningh,2026,2026-09-03,2026-08-08,ufa-eb-v4,2026-08-14,54,1763.5,58.3,1667.6,1859.5,70,-0.0094,0.0746,69,-0.1134,0.1728,66,-0.4114,0.4781,62,-0.7625,0.6375,cutter,0.7755,position,0,0,3,0,0,1,4,4,0,0,7,111,1,75,5042,ufa-season,linked-ufa;attribute:thr;attribute:pos;attribute:off;attribute:def;role-average-prior;current-season-cumulative
542,Karl Staber,1925,kstaber,2026,2026-09-03,2026-08-08,ufa-eb-v4,2026-08-14,54,1763.3,59.3,1665.7,1860.8,,,,,,,,,,,,,handler,0.8079,position,2,0.1,0,0,0,0,0,0,0,0,0,0,0,0,0,ufa-season,linked-ufa;history-prior:2-seasons;current-season-cumulative
543,Ken Adams,15354,kadams,2026,2026-09-03,2026-08-08,ufa-eb-v4,2026-08-14,54,1761.1,60.2,1662.1,1860.2,66,-0.3997,0.5827,66,-0.3661,0.5773,66,-0.4225,0.5803,69,-0.0703,0.4069,hybrid,0.7755,position,3,25.0,0,0,0,1,9,10,0,0,57,160,6,11,1196,ufa-season,linked-ufa;attribute:thr;attribute:pos;attribute:off;attribute:def;history-prior:3-seasons;current-season-cumulative
544,Brendan Bogel,15754,bbogel,2026,2026-09-03,2026-08-08,ufa-eb-v4,2026-08-14,53,1756.3,58.8,1659.6,1853.1,70,-0.0273,0.0746,69,-0.0683,0.1475,71,0.1285,0.2945,70,0.0455,0.0901,cutter,0.2581,ufa,0,0,1,0,1,1,3,4,0,0,2,72,10,3,820,ufa-season,linked-ufa;attribute:thr;attribute:pos;attribute:off;attribute:def;role-average-prior;current-season-cumulative
545,Jesse Thornton,12525,jthornton,2026,2026-09-03,2026-08-08,ufa-eb-v4,2026-08-14,53,1756.1,58.1,1660.5,1851.7,67,-0.3166,0.5974,64,-0.6025,0.7669,58,-1.1762,0.7764,62,-0.7515,0.5917,handler,0.5958,ufa,0,0,4,1,2,12,109,124,6,2,816,144,70,55,7676,ufa-season,linked-ufa;attribute:thr;attribute:pos;attribute:off;attribute:def;role-average-prior;current-season-cumulative
546,Ian Dietrich,9767,idietrich,2026,2026-09-03,2026-08-08,ufa-eb-v4,2026-08-14,53,1754.6,54.5,1664.9,1844.3,69,-0.115,0.4213,60,-1.0241,0.7336,61,-0.8685,0.7041,56,-1.4111,0.7255,cutter,0.8309,position,5,12.8,1,4,1,8,47,57,2,1,285,353,27,88,7253,ufa-season,linked-ufa;attribute:thr;attribute:pos;attribute:off;attribute:def;history-prior:5-seasons;current-season-cumulative
547,Jordan Salazar,20996,jsalazar,2026,2026-09-03,2026-08-08,ufa-eb-v4,2026-08-14,53,1751.0,60.3,1651.8,1850.3,68,-0.2013,0.7768,74,0.3644,0.783,62,-0.8261,0.829,64,-0.6289,0.7807,hybrid,0.3745,ufa,3,75.2,1,2,2,0,11,12,0,0,74,131,9,34,2458,ufa-season,linked-ufa;attribute:thr;attribute:pos;attribute:off;attribute:def;history-prior:3-seasons;current-season-cumulative
548,Connor Ughetta,5699,cughetta,2026,2026-09-03,2026-08-08,ufa-eb-v4,2026-08-14,53,1746.4,54.9,1656.2,1836.7,65,-0.5437,0.714,55,-1.5056,0.8997,53,-1.7357,0.905,55,-1.467,0.8704,handler,0.7738,ufa,5,171.4,4,11,9,27,181,209,8,4,1311,878,78,179,16194,ufa-season,linked-ufa;attribute:thr;attribute:pos;attribute:off;attribute:def;history-prior:5-seasons;current-season-cumulative
549,Nicholas DiGiorgio,11313,ndigiorgi,2026,2026-09-03,2026-08-08,ufa-eb-v4,2026-08-14,53,1745.1,54.5,1655.5,1834.7,75,0.4642,0.7134,70,-0.0364,0.9048,64,-0.573,0.9295,65,-0.5451,0.7301,hybrid,0.8488,position,6,107.8,22,14,4,9,125,135,12,9,898,1222,228,17,15801,ufa-season,linked-ufa;attribute:thr;attribute:pos;attribute:off;attribute:def;history-prior:6-seasons;current-season-cumulative
550,Adrian Cisneros,12886,acisneros,2026,2026-09-03,2026-08-08,ufa-eb-v4,2026-08-14,53,1744.2,57.9,1648.9,1839.5,68,-0.2444,0.3415,67,-0.324,0.363,61,-0.914,0.7031,62,-0.8059,0.6696,hybrid,0.3192,ufa,1,12.0,0,0,1,0,1,1,0,0,6,28,0,28,1960,ufa-season,linked-ufa;attribute:thr;attribute:pos;attribute:off;attribute:def;history-prior:1-seasons;current-season-cumulative
551,Caiden Burt,18580,cburt,2026,2026-09-03,2026-08-08,ufa-eb-v4,2026-08-14,53,1743.8,61.2,1643.1,1844.5,61,-0.8836,0.5659,72,0.2288,0.769,56,-1.359,0.8341,56,-1.4166,0.866,cutter,0.6806,ufa,3,40.0,5,0,6,1,37,39,0,0,28,404,14,160,10314,ufa-season,linked-ufa;attribute:thr;attribute:pos;attribute:off;attribute:def;history-prior:3-seasons;current-season-cumulative
552,John Mattes,10885,jmattes,2026,2026-09-03,2026-08-08,ufa-eb-v4,2026-08-14,53,1743.7,56.8,1650.3,1837.1,,,,,,,,,,,,,hybrid,0.8079,position,0,0,0,0,0,0,0,0,0,0,0,0,0,0,0,ufa-season,linked-ufa;role-average-prior;current-season-cumulative
553,Nicholas Betsch,8555,nbetsch,2026,2026-09-03,2026-08-08,ufa-eb-v4,2026-08-14,53,1740.3,53.8,1651.8,1828.9,65,-0.5289,0.6972,61,-0.8768,0.8171,66,-0.4093,0.808,72,0.2331,0.7395,cutter,0.3114,ufa,5,194.2,2,1,1,2,10,12,0,0,-3,111,2,24,1909,ufa-season,linked-ufa;attribute:thr;attribute:pos;attribute:off;attribute:def;history-prior:5-seasons;current-season-cumulative
554,Mark Baldauf,8767,mbaldauf,2026,2026-09-03,2026-08-08,ufa-eb-v4,2026-08-14,53,1740.0,54.2,1650.8,1829.2,62,-0.8018,0.7103,67,-0.3283,0.9058,55,-1.4624,0.8987,63,-0.6695,0.78,hybrid,0.6097,ufa,3,206.2,4,3,3,13,132,147,3,2,731,616,111,21,9341,ufa-season,linked-ufa;attribute:thr;attribute:pos;attribute:off;attribute:def;history-prior:3-seasons;current-season-cumulative
555,Nick Banks,10690,nbanks,2026,2026-09-03,2026-08-08,ufa-eb-v4,2026-08-14,53,1740.0,55.2,1649.2,1830.9,67,-0.2567,0.5648,57,-1.2521,0.7364,60,-0.9708,0.725,57,-1.309,0.7471,hybrid,0.8079,position,0,0,1,4,0,12,64,75,1,0,485,145,33,89,7700,ufa-season,linked-ufa;attribute:thr;attribute:pos;attribute:off;attribute:def;role-average-prior;current-season-cumulative
556,Cole Petsche,8651,cpetsche,2026,2026-09-03,2026-08-08,ufa-eb-v4,2026-08-14,53,1739.9,58.4,1643.8,1835.9,69,-0.088,0.6934,55,-1.5423,0.8705,54,-1.5746,0.8411,65,-0.4896,0.7753,hybrid,0.7755,position,0,0,5,13,8,27,151,176,16,7,958,676,88,88,11225,ufa-season,linked-ufa;attribute:thr;attribute:pos;attribute:off;attribute:def;role-average-prior;current-season-cumulative
557,Spencer Land,16973,sland,2026,2026-09-03,2026-08-08,ufa-eb-v4,2026-08-14,53,1739.5,59.5,1641.6,1837.5,72,0.1675,0.1926,70,-0.0153,0.2337,68,-0.18,0.4437,71,0.1494,0.4445,hybrid,0.2538,ufa,1,6.5,0,1,0,0,2,2,1,1,33,22,0,12,676,ufa-season,linked-ufa;attribute:thr;attribute:pos;attribute:off;attribute:def;history-prior:1-seasons;current-season-cumulative
558,Jack Joshi,18614,jjoshi,2026,2026-09-03,2026-08-08,ufa-eb-v4,2026-08-14,53,1739.1,61.5,1638.0,1840.3,69,-0.0645,0.4178,61,-0.8621,0.7417,71,0.0538,0.8414,70,-0.0466,0.2923,cutter,0.8079,position,0,0,19,9,2,11,59,65,3,2,204,1829,155,5,10716,ufa-season,linked-ufa;attribute:thr;attribute:pos;attribute:off;attribute:def;role-average-prior;current-season-cumulative
559,Conner Blalack,22375,cblalack,2026,2026-09-03,2026-08-08,ufa-eb-v4,2026-08-14,53,1736.8,59.4,1639.1,1834.5,68,-0.2205,0.531,68,-0.224,0.6938,64,-0.6402,0.6864,67,-0.3427,0.743,handler,0.7297,position,2,3.8,4,3,5,7,69,76,5,1,274,112,14,131,9911,ufa-season,linked-ufa;attribute:thr;attribute:pos;attribute:off;attribute:def;history-prior:2-seasons;current-season-cumulative
560,Antonio Rueda,16797,arueda,2026,2026-09-03,2026-08-08,ufa-eb-v4,2026-08-14,53,1736.4,56.7,1643.1,1829.7,57,-1.3369,0.6515,73,0.2714,0.8598,62,-0.7511,0.8442,69,-0.1227,0.6795,hybrid,0.353,ufa,3,251.4,4,1,1,3,51,53,1,0,60,287,34,3,2711,ufa-season,linked-ufa;attribute:thr;attribute:pos;attribute:off;attribute:def;history-prior:3-seasons;current-season-cumulative
561,Ian Falck,17955,ifalck,2026,2026-09-03,2026-08-08,ufa-eb-v4,2026-08-14,52,1733.9,55.7,1642.2,1825.5,69,-0.1038,0.4322,60,-1.0346,0.5457,63,-0.703,0.5451,67,-0.2592,0.63,hybrid,0.8633,position,2,17.4,0,0,1,2,10,15,3,0,69,29,3,41,3189,ufa-season,linked-ufa;attribute:thr;attribute:pos;attribute:off;attribute:def;history-prior:2-seasons;current-season-cumulative
562,Ibrahim El-sayed,11118,ielsayed,2026,2026-09-03,2026-08-08,ufa-eb-v4,2026-08-14,52,1733.7,56.9,1640.1,1827.3,69,-0.104,0.2222,68,-0.2292,0.2923,69,-0.0539,0.2238,71,0.0811,0.142,unknown,0.2364,ufa,0,0,1,0,0,2,8,10,0,0,49,95,4,4,628,ufa-season,linked-ufa;attribute:thr;attribute:pos;attribute:off;attribute:def;role-average-prior;current-season-cumulative
563,Ethan Campion,21517,ecampion,2026,2026-09-03,2026-08-08,ufa-eb-v4,2026-08-14,52,1730.3,71.2,1613.2,1847.3,70,-0.0086,0.0429,69,-0.0683,0.1475,63,-0.7213,0.5274,67,-0.2594,0.5756,cutter,0.4401,ufa,0,0,1,0,3,1,3,4,0,0,-6,56,9,54,3978,ufa-season,linked-ufa;attribute:thr;attribute:pos;attribute:off;attribute:def;role-average-prior;current-season-cumulative
564,Will McDonald,12565,wmcdonald,2026,2026-09-03,2026-08-08,ufa-eb-v4,2026-08-14,52,1727.2,55.7,1635.5,1818.8,,,,,,,,,,,,,cutter,0.8079,position,2,1.0,0,0,0,0,0,0,0,0,0,0,0,0,0,ufa-season,linked-ufa;history-prior:2-seasons;current-season-cumulative
565,Ben Baird,21074,bbaird,2026,2026-09-03,2026-08-08,ufa-eb-v4,2026-08-14,52,1726.1,58.7,1629.5,1822.7,,,,,,,,,,,,,handler,0.7755,position,0,0,0,0,0,0,0,0,0,0,0,0,0,0,0,ufa-season,linked-ufa;role-average-prior;current-season-cumulative
566,Ryan Ward,16296,rward1,2026,2026-09-03,2026-08-08,ufa-eb-v4,2026-08-14,52,1725.0,55.2,1634.2,1815.8,70,0.0308,0.5202,64,-0.5844,0.8069,62,-0.7563,0.8374,62,-0.8048,0.6246,cutter,0.8079,position,0,0,8,9,4,12,91,101,7,3,535,876,126,54,12052,ufa-season,linked-ufa;attribute:thr;attribute:pos;attribute:off;attribute:def;role-average-prior;current-season-cumulative
567,Chris Wilson,14109,cwilson,2026,2026-09-03,2026-08-08,ufa-eb-v4,2026-08-14,52,1723.1,57.7,1628.1,1818.1,54,-1.5569,0.8301,65,-0.4979,0.8243,53,-1.7079,0.8364,60,-0.9687,0.8589,hybrid,0.6476,ufa,1,33.5,1,1,6,8,84,89,0,0,216,423,37,116,10442,ufa-season,linked-ufa;attribute:thr;attribute:pos;attribute:off;attribute:def;history-prior:1-seasons;current-season-cumulative
568,Matthew Imm,20443,mimm,2026,2026-09-03,2026-08-08,ufa-eb-v4,2026-08-14,52,1721.9,60.2,1622.9,1820.9,70,-0.0087,0.0574,70,0.0199,0.1071,68,-0.1622,0.2622,69,-0.1201,0.2602,cutter,0.4039,position,0,0,0,0,0,0,3,3,0,0,10,24,0,14,982,ufa-season,linked-ufa;attribute:thr;attribute:pos;attribute:off;attribute:def;role-average-prior;current-season-cumulative
569,Rui Carvalho,21055,rcarvalho,2026,2026-09-03,2026-08-08,ufa-eb-v4,2026-08-14,52,1721.4,78.4,1592.4,1850.3,72,0.2371,0.5351,71,0.077,0.5379,60,-1.0018,0.7352,63,-0.6765,0.7014,hybrid,0.275,ufa,4,27.2,0,0,0,0,2,2,0,0,16,17,0,17,1313,ufa-season,linked-ufa;attribute:thr;attribute:pos;attribute:off;attribute:def;history-prior:4-seasons;current-season-cumulative
570,Ryan Wolfe,2436,rwolfe,2026,2026-09-03,2026-08-08,ufa-eb-v4,2026-08-14,52,1719.7,54.3,1630.3,1809.0,73,0.3304,0.5776,62,-0.7741,0.8416,61,-0.8649,0.8389,55,-1.537,0.8596,cutter,0.8079,position,2,37.9,6,9,3,10,83,93,6,4,518,729,44,166,13006,ufa-season,linked-ufa;attribute:thr;attribute:pos;attribute:off;attribute:def;history-prior:2-seasons;current-season-cumulative
571,Andres Rodriguez,22496,arodrigue,2026,2026-09-03,2026-08-08,ufa-eb-v4,2026-08-14,52,1717.1,66.7,1607.4,1826.8,67,-0.2979,0.6927,67,-0.2695,0.6957,71,0.0972,0.7217,76,0.5932,0.7084,hybrid,0.2792,ufa,3,44.5,1,1,1,1,11,12,0,0,86,118,0,18,999,ufa-season,linked-ufa;attribute:thr;attribute:pos;attribute:off;attribute:def;history-prior:3-seasons;current-season-cumulative
572,Owen Woodward,24729,owoodward,2026,2026-09-03,2026-08-08,ufa-eb-v4,2026-08-14,52,1713.5,63.3,1609.5,1817.6,72,0.1852,0.301,69,-0.1071,0.456,67,-0.3303,0.5442,66,-0.404,0.6146,hybrid,0.3192,ufa,1,11.0,0,2,0,1,8,9,1,0,-6,62,1,27,1479,ufa-season,linked-ufa;attribute:thr;attribute:pos;attribute:off;attribute:def;history-prior:1-seasons;current-season-cumulative
573,Mark Mendelevitz,7863,mmendelev,2026,2026-09-03,2026-08-08,ufa-eb-v4,2026-08-14,52,1711.8,54.7,1621.9,1801.7,69,-0.096,0.69,48,-2.2213,0.8583,49,-2.1241,0.8118,65,-0.5312,0.6549,handler,0.7755,position,4,93.7,0,7,3,20,106,137,10,4,1029,-124,53,42,5973,ufa-season,linked-ufa;attribute:thr;attribute:pos;attribute:off;attribute:def;history-prior:4-seasons;current-season-cumulative
574,Brandon Lin,8597,blin,2026,2026-09-03,2026-08-08,ufa-eb-v4,2026-08-14,51,1710.3,54.9,1620.0,1800.6,61,-0.8631,0.6721,62,-0.7823,0.6901,59,-1.083,0.812,61,-0.9469,0.791,hybrid,0.8079,position,2,9.4,10,2,3,5,38,42,0,0,62,573,51,96,9545,ufa-season,linked-ufa;attribute:thr;attribute:pos;attribute:off;attribute:def;history-prior:2-seasons;current-season-cumulative
575,Victor Sauvé,26641,vsauv,2026,2026-09-03,2026-08-08,ufa-eb-v4,2026-08-14,51,1710.3,81.5,1576.2,1844.5,68,-0.2031,0.3607,67,-0.2515,0.6944,76,0.6198,0.7759,67,-0.3394,0.5298,cutter,0.4697,ufa,1,12.5,14,5,0,3,34,39,1,1,146,889,60,13,4932,ufa-season,linked-ufa;attribute:thr;attribute:pos;attribute:off;attribute:def;history-prior:1-seasons;current-season-cumulative
576,Harrison Tucker,18512,htucker,2026,2026-09-03,2026-08-08,ufa-eb-v4,2026-08-14,51,1709.1,58.7,1612.6,1805.6,62,-0.8002,0.7104,64,-0.5524,0.7223,61,-0.8917,0.8239,75,0.4963,0.8011,hybrid,0.8633,position,1,32.5,3,2,5,4,26,29,0,0,51,336,1,88,6639,ufa-season,linked-ufa;attribute:thr;attribute:pos;attribute:off;attribute:def;history-prior:1-seasons;current-season-cumulative
577,Erik Aadalen,15408,eaadalen,2026,2026-09-03,2026-08-08,ufa-eb-v4,2026-08-14,51,1708.1,57.7,1613.3,1803.0,67,-0.3231,0.5426,63,-0.6781,0.6968,62,-0.8223,0.6982,72,0.2096,0.7683,handler,0.6654,ufa,0,0,0,2,11,10,80,89,3,1,493,120,13,151,11381,ufa-season,linked-ufa;attribute:thr;attribute:pos;attribute:off;attribute:def;role-average-prior;current-season-cumulative
578,Porter Stobbe,22876,pstobbe,2026,2026-09-03,2026-08-08,ufa-eb-v4,2026-08-14,51,1705.7,58.5,1609.5,1801.9,78,0.8042,0.4473,51,-1.8555,0.661,63,-0.7143,0.7587,71,0.097,0.4625,cutter,0.7755,position,1,44.0,0,0,1,2,1,3,0,0,2,8,0,9,807,ufa-season,linked-ufa;attribute:thr;attribute:pos;attribute:off;attribute:def;history-prior:1-seasons;current-season-cumulative
579,Jeremy Harris,18978,jharris,2026,2026-09-03,2026-08-08,ufa-eb-v4,2026-08-14,51,1701.4,60.5,1601.8,1800.9,70,0.0468,0.0801,70,0.015,0.0978,71,0.0844,0.2516,70,0.0246,0.1533,handler,0.8079,position,0,0,1,1,0,0,3,3,0,0,44,137,5,6,824,ufa-season,linked-ufa;attribute:thr;attribute:pos;attribute:off;attribute:def;role-average-prior;current-season-cumulative
580,Toya Chukwumerije,14520,tchukwume,2026,2026-09-03,2026-08-08,ufa-eb-v4,2026-08-14,51,1700.8,58.8,1604.0,1797.7,67,-0.3459,0.4006,66,-0.4247,0.432,60,-0.953,0.7451,66,-0.3955,0.6934,hybrid,0.8309,position,3,7.8,3,0,2,3,9,9,0,0,22,137,32,6,2676,ufa-season,linked-ufa;attribute:thr;attribute:pos;attribute:off;attribute:def;history-prior:3-seasons;current-season-cumulative
581,Nathaniel Austin,9682,naustin,2026,2026-09-03,2026-08-08,ufa-eb-v4,2026-08-14,51,1699.8,58.8,1603.2,1796.5,75,0.5011,0.5729,62,-0.808,0.5882,67,-0.299,0.7997,71,0.1086,0.75,hybrid,0.3951,ufa,3,23.6,2,3,5,2,8,10,0,0,65,91,0,49,3129,ufa-season,linked-ufa;attribute:thr;attribute:pos;attribute:off;attribute:def;history-prior:3-seasons;current-season-cumulative
582,Kyle Conniff,18031,kconniff,2026,2026-09-03,2026-08-08,ufa-eb-v4,2026-08-14,51,1699.2,61.9,1597.5,1801.0,70,-0.0228,0.2351,73,0.2825,0.4213,71,0.0958,0.7019,69,-0.0709,0.7089,cutter,0.8079,position,2,0.4,10,3,4,0,16,16,0,0,56,331,0,108,7000,ufa-season,linked-ufa;attribute:thr;attribute:pos;attribute:off;attribute:def;history-prior:2-seasons;current-season-cumulative
583,David Cox,56105,dcox1,2026,2026-09-03,2026-08-08,ufa-eb-v4,2026-08-14,51,1699.1,63.4,1594.7,1803.4,73,0.2656,0.5102,66,-0.3862,0.7837,63,-0.699,0.8184,78,0.7537,0.6056,cutter,0.7755,position,1,68.0,6,3,3,1,17,18,1,0,79,181,9,47,3301,ufa-season,linked-ufa;attribute:thr;attribute:pos;attribute:off;attribute:def;history-prior:1-seasons;current-season-cumulative
584,Noah Furrh,16064,nfurrh,2026,2026-09-03,2026-08-08,ufa-eb-v4,2026-08-14,51,1696.8,61.9,1595.1,1798.6,61,-0.9333,0.5278,67,-0.2837,0.8016,55,-1.5005,0.8563,66,-0.4046,0.8051,cutter,0.7374,ufa,1,4.0,6,4,16,9,87,96,0,0,-87,1127,100,119,14192,ufa-season,linked-ufa;attribute:thr;attribute:pos;attribute:off;attribute:def;history-prior:1-seasons;current-season-cumulative
585,Ilya Yudkovich,10851,iyudkovic,2026,2026-09-03,2026-08-08,ufa-eb-v4,2026-08-14,51,1696.6,53.6,1608.5,1784.8,,,,,,,,,,,,,handler,0.8309,position,2,6.5,0,0,0,0,0,0,0,0,0,0,0,0,0,ufa-season,linked-ufa;history-prior:2-seasons;current-season-cumulative
586,Steven Kelly,15422,skelly,2026,2026-09-03,2026-08-08,ufa-eb-v4,2026-08-14,51,1695.1,59.2,1597.7,1792.5,66,-0.4158,0.6394,64,-0.5688,0.8503,55,-1.4831,0.8833,57,-1.3392,0.8977,hybrid,0.7396,ufa,3,50.2,8,10,3,8,78,86,1,0,385,634,49,172,13585,ufa-season,linked-ufa;attribute:thr;attribute:pos;attribute:off;attribute:def;history-prior:3-seasons;current-season-cumulative
587,Benen Shea,18973,bshea,2026,2026-09-03,2026-08-08,ufa-eb-v4,2026-08-14,51,1694.2,60.2,1595.2,1793.2,64,-0.5639,0.537,64,-0.6242,0.8454,71,0.051,0.8856,62,-0.8389,0.6527,cutter,0.7704,ufa,1,1.2,32,8,5,15,112,126,4,0,156,2432,200,53,16166,ufa-season,linked-ufa;attribute:thr;attribute:pos;attribute:off;attribute:def;history-prior:1-seasons;current-season-cumulative
588,Evan Bembenista,55519,ebembenis,2026,2026-09-03,2026-08-08,ufa-eb-v4,2026-08-14,51,1691.1,57.1,1597.2,1785.0,68,-0.2386,0.6665,58,-1.2208,0.8618,64,-0.6168,0.8904,77,0.7216,0.8528,hybrid,0.7155,ufa,2,41.0,11,5,10,16,97,109,6,2,395,890,60,140,14121,ufa-season,linked-ufa;attribute:thr;attribute:pos;attribute:off;attribute:def;history-prior:2-seasons;current-season-cumulative
589,Joshua Saad,20874,jsaad,2026,2026-09-03,2026-08-08,ufa-eb-v4,2026-08-14,51,1691.0,60.2,1592.0,1790.1,66,-0.4425,0.3821,61,-0.9026,0.5785,61,-0.9283,0.5746,67,-0.2914,0.5032,cutter,0.5539,position,0,0,2,0,0,7,30,35,0,0,103,168,19,34,4143,ufa-season,linked-ufa;attribute:thr;attribute:pos;attribute:off;attribute:def;role-average-prior;current-season-cumulative
590,Isaac Hsu,17022,ihsu,2026,2026-09-03,2026-08-08,ufa-eb-v4,2026-08-14,50,1686.2,57.3,1591.8,1780.5,69,-0.0837,0.4263,71,0.076,0.4156,63,-0.6667,0.6897,68,-0.2192,0.7106,hybrid,0.4051,ufa,3,13.6,3,2,2,0,5,5,0,0,38,77,0,52,3225,ufa-season,linked-ufa;attribute:thr;attribute:pos;attribute:off;attribute:def;history-prior:3-seasons;current-season-cumulative
591,Timothy Friesen,21075,tfriesen,2026,2026-09-03,2026-08-08,ufa-eb-v4,2026-08-14,50,1683.8,61.8,1582.1,1785.4,66,-0.3672,0.3744,65,-0.5034,0.364,68,-0.1664,0.2867,71,0.0937,0.2373,hybrid,0.2581,ufa,0,0,1,0,2,3,11,15,0,0,38,68,5,8,759,ufa-season,linked-ufa;attribute:thr;attribute:pos;attribute:off;attribute:def;role-average-prior;current-season-cumulative
592,Jacob Hoffman,3553,jhoffman1,2026,2026-09-03,2026-08-08,ufa-eb-v4,2026-08-14,50,1682.2,55.7,1590.6,1773.7,70,0.0016,0.1753,70,0.0421,0.3801,68,-0.194,0.3893,68,-0.1858,0.433,cutter,0.7755,position,0,0,1,1,1,1,14,15,1,1,84,188,4,30,2744,ufa-season,linked-ufa;attribute:thr;attribute:pos;attribute:off;attribute:def;role-average-prior;current-season-cumulative
593,Camden Mah,21910,cmah,2026,2026-09-03,2026-08-08,ufa-eb-v4,2026-08-14,50,1679.2,58.7,1582.6,1775.7,61,-0.8987,0.6848,53,-1.6671,0.8992,56,-1.382,0.8825,65,-0.4926,0.7422,hybrid,0.733,ufa,1,0.2,9,8,6,33,198,232,3,2,953,1088,153,62,13533,ufa-season,linked-ufa;attribute:thr;attribute:pos;attribute:off;attribute:def;history-prior:1-seasons;current-season-cumulative
594,Brent Moore,49449,bmoore1,2026,2026-09-03,2026-08-08,ufa-eb-v4,2026-08-14,50,1678.5,54.4,1589.0,1767.9,69,-0.0686,0.604,52,-1.7905,0.7861,54,-1.5625,0.8573,63,-0.7265,0.7933,hybrid,0.6135,ufa,1,18.0,7,4,4,14,62,71,6,1,323,796,83,51,9331,ufa-season,linked-ufa;attribute:thr;attribute:pos;attribute:off;attribute:def;history-prior:1-seasons;current-season-cumulative
595,Trey Wong,5952,twong,2026,2026-09-03,2026-08-08,ufa-eb-v4,2026-08-14,50,1677.2,59.3,1579.6,1774.8,,,,,,,,,,,,,handler,0.3408,prior-position,0,0,0,0,0,0,0,0,0,0,0,0,0,0,0,ufa-season,linked-ufa;role-average-prior;current-season-cumulative
596,Chris Roach,10887,croach,2026,2026-09-03,2026-08-08,ufa-eb-v4,2026-08-14,50,1677.0,54.8,1586.9,1767.1,72,0.1914,0.2234,57,-1.2558,0.4315,63,-0.7474,0.6162,64,-0.6435,0.7113,cutter,0.3745,ufa,4,14.3,1,0,0,2,1,4,1,0,13,107,1,42,3142,ufa-season,linked-ufa;attribute:thr;attribute:pos;attribute:off;attribute:def;history-prior:4-seasons;current-season-cumulative
597,Malachi Marshall,16439,mmarshall,2026,2026-09-03,2026-08-08,ufa-eb-v4,2026-08-14,50,1674.8,56.4,1582.1,1767.5,65,-0.5334,0.6814,67,-0.3012,0.9144,53,-1.6689,0.8766,66,-0.4442,0.7285,cutter,0.7755,position,4,71.5,3,6,3,20,207,226,7,4,1387,-40,143,25,11360,ufa-season,linked-ufa;attribute:thr;attribute:pos;attribute:off;attribute:def;history-prior:4-seasons;current-season-cumulative
598,Nathan Ploeger,15701,nploeger,2026,2026-09-03,2026-08-08,ufa-eb-v4,2026-08-14,50,1673.8,58.0,1578.4,1769.2,,,,,,,64,-0.6265,0.8148,57,-1.2713,0.6933,hybrid,0.8079,position,4,58.5,0,0,0,0,0,0,0,0,0,0,0,10,484,ufa-season,linked-ufa;attribute:off;attribute:def;history-prior:4-seasons;current-season-cumulative
599,Michael Bruggeman,19868,mbruggema,2026,2026-09-03,2026-08-08,ufa-eb-v4,2026-08-14,50,1670.1,56.7,1576.8,1763.4,70,0.0052,0.1039,70,0.0218,0.113,70,0.0125,0.2081,69,-0.0554,0.1869,handler,0.5539,position,0,0,0,1,0,0,4,4,0,0,26,58,0,10,673,ufa-season,linked-ufa;attribute:thr;attribute:pos;attribute:off;attribute:def;role-average-prior;current-season-cumulative
600,Braden Distel,20872,bdistel,2026,2026-09-03,2026-08-08,ufa-eb-v4,2026-08-14,50,1669.2,57.3,1574.9,1763.6,72,0.211,0.6362,66,-0.3822,0.8366,57,-1.3105,0.9131,57,-1.2824,0.8052,hybrid,0.9042,position,1,39.0,21,9,4,7,76,83,3,3,445,1281,169,51,13874,ufa-season,linked-ufa;attribute:thr;attribute:pos;attribute:off;attribute:def;history-prior:1-seasons;current-season-cumulative
601,Koven Card,22911,kcard,2026,2026-09-03,2026-08-08,ufa-eb-v4,2026-08-14,50,1668.2,63.4,1563.8,1772.5,70,-0.0068,0.0451,70,0.011,0.0851,69,-0.0649,0.1575,69,-0.0793,0.1875,unknown,0.2408,ufa,0,0,0,0,1,0,2,2,0,0,-4,34,1,8,683,ufa-season,linked-ufa;attribute:thr;attribute:pos;attribute:off;attribute:def;role-average-prior;current-season-cumulative
602,Brendan Gessner,17643,bgessner,2026,2026-09-03,2026-08-08,ufa-eb-v4,2026-08-14,49,1665.9,56.6,1572.8,1759.1,60,-1.0086,0.658,75,0.512,0.8711,62,-0.8264,0.8952,59,-1.1354,0.7354,hybrid,0.7755,position,3,126.5,10,2,1,3,62,66,1,0,158,826,98,37,8381,ufa-season,linked-ufa;attribute:thr;attribute:pos;attribute:off;attribute:def;history-prior:3-seasons;current-season-cumulative
603,Jedi Casas,23747,jcasas,2026,2026-09-03,2026-08-08,ufa-eb-v4,2026-08-14,49,1665.5,58.5,1569.3,1761.8,68,-0.1654,0.3415,68,-0.237,0.3477,64,-0.5692,0.5452,68,-0.1604,0.3734,hybrid,0.353,ufa,0,0,0,1,0,2,12,13,0,0,63,88,22,15,2774,ufa-season,linked-ufa;attribute:thr;attribute:pos;attribute:off;attribute:def;role-average-prior;current-season-cumulative
604,Henry Wang,27120,hwang,2026,2026-09-03,2026-08-08,ufa-eb-v4,2026-08-14,49,1660.0,69.7,1545.4,1774.6,,,,,,,,,,,,,unknown,0.0,none,0,0,0,0,0,0,0,0,0,0,0,0,0,0,0,ufa-season,linked-ufa;role-average-prior;current-season-cumulative
605,Theo Kim,17255,tkim,2026,2026-09-03,2026-08-08,ufa-eb-v4,2026-08-14,49,1654.5,58.8,1557.9,1751.2,69,-0.1459,0.2314,69,-0.1315,0.4162,64,-0.6137,0.5976,62,-0.7962,0.7117,cutter,0.566,ufa,0,0,6,1,3,2,14,16,0,0,35,205,8,103,7612,ufa-season,linked-ufa;attribute:thr;attribute:pos;attribute:off;attribute:def;role-average-prior;current-season-cumulative
606,Warner Brockman,55923,wbrockman,2026,2026-09-03,2026-08-08,ufa-eb-v4,2026-08-14,49,1651.8,62.6,1548.8,1754.9,69,-0.0688,0.3237,70,-0.011,0.3303,68,-0.2229,0.4234,70,0.04,0.327,hybrid,0.3035,ufa,0,0,3,0,0,1,11,12,0,0,92,96,11,13,1693,ufa-season,linked-ufa;attribute:thr;attribute:pos;attribute:off;attribute:def;role-average-prior;current-season-cumulative
607,Decker Padgett,22005,dpadgett,2026,2026-09-03,2026-08-08,ufa-eb-v4,2026-08-14,49,1648.4,59.2,1551.0,1745.7,,,,,,,,,,,,,cutter,0.6366,position,0,0,0,0,0,0,0,0,0,0,0,0,0,0,0,ufa-season,linked-ufa;role-average-prior;current-season-cumulative
608,Connor Garrison,23587,cgarrison,2026,2026-09-03,2026-08-08,ufa-eb-v4,2026-08-14,49,1646.2,61.2,1545.5,1746.9,58,-1.1609,0.6718,67,-0.2858,0.8875,54,-1.6071,0.8901,64,-0.5888,0.574,handler,0.5539,position,1,3.5,6,3,2,20,280,297,1,0,1222,880,199,22,15261,ufa-season,linked-ufa;attribute:thr;attribute:pos;attribute:off;attribute:def;history-prior:1-seasons;current-season-cumulative
609,Greg Martin,12212,gmartin,2026,2026-09-03,2026-08-08,ufa-eb-v4,2026-08-14,48,1643.3,57.4,1548.9,1737.7,,,,,,,,,,,,,cutter,0.4149,ufa,8,87.6,0,0,0,0,0,0,0,0,0,0,0,0,0,ufa-season,linked-ufa;history-prior:8-seasons;current-season-cumulative
610,Gregory Moreno,22794,gmoreno,2026,2026-09-03,2026-08-08,ufa-eb-v4,2026-08-14,48,1642.6,62.6,1539.5,1745.6,67,-0.3009,0.8084,57,-1.304,0.8056,56,-1.3523,0.8111,61,-0.87,0.8884,hybrid,0.6266,ufa,2,82.8,4,3,9,5,19,23,0,0,147,294,1,140,9294,ufa-season,linked-ufa;attribute:thr;attribute:pos;attribute:off;attribute:def;history-prior:2-seasons;current-season-cumulative
611,Nicholas Dahms,18869,ndahms,2026,2026-09-03,2026-08-08,ufa-eb-v4,2026-08-14,48,1642.1,55.8,1550.3,1733.9,63,-0.6526,0.6068,67,-0.2828,0.8009,61,-0.9184,0.8552,58,-1.1526,0.8969,hybrid,0.7499,ufa,2,25.0,8,4,4,7,69,76,2,1,293,554,50,181,13747,ufa-season,linked-ufa;attribute:thr;attribute:pos;attribute:off;attribute:def;history-prior:2-seasons;current-season-cumulative
612,Ben Powlay,27713,bpowlay,2026,2026-09-03,2026-08-08,ufa-eb-v4,2026-08-14,48,1640.1,78.0,1511.8,1768.4,73,0.2564,0.4355,65,-0.4738,0.5159,64,-0.6019,0.6325,66,-0.4387,0.5394,unknown,0.2495,ufa,1,26.5,0,0,0,0,1,1,0,0,0,1,0,11,571,ufa-season,linked-ufa;attribute:thr;attribute:pos;attribute:off;attribute:def;history-prior:1-seasons;current-season-cumulative
613,Isaac Baker,24645,ibaker,2026,2026-09-03,2026-08-08,ufa-eb-v4,2026-08-14,48,1637.5,63.7,1532.7,1742.4,72,0.2177,0.3161,64,-0.6032,0.4388,63,-0.6663,0.6394,62,-0.7618,0.7031,hybrid,0.5081,ufa,0,0,2,3,1,5,17,18,1,1,110,184,16,71,5627,ufa-season,linked-ufa;attribute:thr;attribute:pos;attribute:off;attribute:def;role-average-prior;current-season-cumulative
614,Logan Call,15929,lcall,2026,2026-09-03,2026-08-08,ufa-eb-v4,2026-08-14,48,1637.4,56.3,1544.7,1730.0,69,-0.1176,0.3528,66,-0.3688,0.6709,59,-1.095,0.7719,58,-1.181,0.8061,cutter,0.6154,ufa,3,12.9,8,1,3,4,32,35,1,0,182,397,27,108,8459,ufa-season,linked-ufa;attribute:thr;attribute:pos;attribute:off;attribute:def;history-prior:3-seasons;current-season-cumulative
615,Scott Olinger,2121,solinger,2026,2026-09-03,2026-08-08,ufa-eb-v4,2026-08-14,48,1627.2,73.7,1506.0,1748.4,,,,,,,69,-0.0586,0.1603,70,-0.0135,0.1206,unknown,0.2229,ufa,0,0,0,0,1,0,0,0,0,0,0,0,0,5,164,ufa-season,linked-ufa;attribute:off;attribute:def;role-average-prior;current-season-cumulative
616,Joseph Cubitt,5711,jcubitt,2026,2026-09-03,2026-08-08,ufa-eb-v4,2026-08-14,48,1623.5,56.7,1530.3,1716.7,,,,,,,,,,,,,hybrid,0.6059,prior-position,5,388.6,0,0,0,0,0,0,0,0,0,0,0,0,0,ufa-season,linked-ufa;history-prior:5-seasons;current-season-cumulative
617,Merick Moar,25623,mmoar,2026,2026-09-03,2026-08-08,ufa-eb-v4,2026-08-14,48,1623.3,79.7,1492.2,1754.3,,,,,,,,,,,,,unknown,0.1242,prior-usau-stats,0,0,0,0,0,0,0,0,0,0,0,0,0,0,0,ufa-season,linked-ufa;role-average-prior;current-season-cumulative
618,Theo Schaid Hefley,24003,tschaidhe,2026,2026-09-03,2026-08-08,ufa-eb-v4,2026-08-14,48,1622.7,68.1,1510.7,1734.7,67,-0.2547,0.4552,72,0.1629,0.5893,65,-0.505,0.5931,65,-0.4975,0.6199,hybrid,0.3849,ufa,1,7.0,4,2,1,2,29,31,1,0,120,104,10,36,3346,ufa-season,linked-ufa;attribute:thr;attribute:pos;attribute:off;attribute:def;history-prior:1-seasons;current-season-cumulative
619,Jonah Rominski,26047,jrominski,2026,2026-09-03,2026-08-08,ufa-eb-v4,2026-08-14,48,1622.1,64.0,1516.7,1727.4,71,0.1298,0.2572,69,-0.1206,0.3962,69,-0.0943,0.607,74,0.3596,0.7034,handler,0.7297,position,0,0,12,4,8,3,16,18,1,1,127,278,5,111,8072,ufa-season,linked-ufa;attribute:thr;attribute:pos;attribute:off;attribute:def;role-average-prior;current-season-cumulative
620,Joe Molder,19241,jmolder,2026,2026-09-03,2026-08-08,ufa-eb-v4,2026-08-14,47,1617.9,58.4,1521.8,1714.1,,,,,,,,,,,,,cutter,0.8079,position,3,7.8,0,0,0,0,0,0,0,0,0,0,0,0,0,ufa-season,linked-ufa;history-prior:3-seasons;current-season-cumulative
621,Owen Heh,20710,oheh,2026,2026-09-03,2026-08-08,ufa-eb-v4,2026-08-14,47,1617.4,59.9,1518.9,1715.9,70,-0.0149,0.177,71,0.0848,0.1948,68,-0.2202,0.2349,67,-0.3069,0.3185,unknown,0.2495,ufa,1,4.5,0,0,0,0,3,3,0,0,26,-2,1,10,940,ufa-season,linked-ufa;attribute:thr;attribute:pos;attribute:off;attribute:def;history-prior:1-seasons;current-season-cumulative
622,Austin Gould,29509,agould,2026,2026-09-03,2026-08-08,ufa-eb-v4,2026-08-14,47,1614.5,77.2,1487.4,1741.5,74,0.4315,0.6822,65,-0.4953,0.866,63,-0.6797,0.8429,65,-0.5436,0.7821,hybrid,0.7755,position,0,0,6,13,4,15,159,174,11,8,1495,646,88,97,13144,ufa-season,linked-ufa;attribute:thr;attribute:pos;attribute:off;attribute:def;role-average-prior;current-season-cumulative
623,Donte Buckingham,20625,dbuckingh,2026,2026-09-03,2026-08-08,ufa-eb-v4,2026-08-14,47,1609.6,64.6,1503.3,1715.8,68,-0.2448,0.4785,70,-0.039,0.4925,65,-0.4916,0.5773,69,-0.0894,0.7708,hybrid,0.5593,ufa,0,0,4,2,4,2,21,23,0,0,104,226,1,107,7911,ufa-season,linked-ufa;attribute:thr;attribute:pos;attribute:off;attribute:def;role-average-prior;current-season-cumulative
624,Adam Park,15953,apark,2026,2026-09-03,2026-08-08,ufa-eb-v4,2026-08-14,47,1607.4,55.9,1515.4,1699.3,66,-0.3722,0.5963,55,-1.4611,0.7751,55,-1.5271,0.7528,67,-0.2943,0.4553,handler,0.5234,ufa,0,0,0,7,1,18,109,131,3,2,863,197,69,24,5725,ufa-season,linked-ufa;attribute:thr;attribute:pos;attribute:off;attribute:def;role-average-prior;current-season-cumulative
625,Nathan Gonder,26006,ngonder,2026,2026-09-03,2026-08-08,ufa-eb-v4,2026-08-14,47,1605.8,64.1,1500.3,1711.3,70,0.0082,0.0746,70,0.0357,0.1475,68,-0.1856,0.3353,67,-0.2921,0.3512,cutter,0.2995,ufa,0,0,1,0,1,0,4,4,0,0,34,73,0,23,1381,ufa-season,linked-ufa;attribute:thr;attribute:pos;attribute:off;attribute:def;role-average-prior;current-season-cumulative
626,Alex Van Der Geest,20879,avanderge,2026,2026-09-03,2026-08-08,ufa-eb-v4,2026-08-14,47,1603.2,61.3,1502.4,1704.0,67,-0.3172,0.3719,60,-1.0464,0.6925,55,-1.4628,0.7897,57,-1.3119,0.7459,cutter,0.8079,position,0,0,7,2,2,10,46,55,1,1,186,665,60,109,11364,ufa-season,linked-ufa;attribute:thr;attribute:pos;attribute:off;attribute:def;role-average-prior;current-season-cumulative
627,Michael Cote,24539,mcote,2026,2026-09-03,2026-08-08,ufa-eb-v4,2026-08-14,46,1597.4,60.2,1498.4,1696.5,67,-0.2746,0.2768,71,0.1253,0.5701,57,-1.3452,0.723,67,-0.3052,0.7316,cutter,0.6097,ufa,0,0,6,0,8,2,30,31,1,0,66,284,29,103,9636,ufa-season,linked-ufa;attribute:thr;attribute:pos;attribute:off;attribute:def;role-average-prior;current-season-cumulative
628,Spencer Whitcomb,55908,swhitcomb,2026,2026-09-03,2026-08-08,ufa-eb-v4,2026-08-14,46,1588.5,60.6,1488.8,1688.1,72,0.1816,0.2543,68,-0.1739,0.53,58,-1.1953,0.7123,65,-0.5411,0.6701,cutter,0.7755,position,1,0.2,5,4,2,3,24,25,2,2,196,553,37,74,6929,ufa-season,linked-ufa;attribute:thr;attribute:pos;attribute:off;attribute:def;history-prior:1-seasons;current-season-cumulative
629,Tyler Mackey,18295,tmackey,2026,2026-09-03,2026-08-08,ufa-eb-v4,2026-08-14,46,1584.1,55.8,1492.2,1675.9,74,0.4079,0.6709,66,-0.4223,0.8429,61,-0.9145,0.8095,59,-1.0672,0.7481,handler,0.5065,position,1,0.0,5,16,1,16,187,201,14,9,1650,714,63,128,11859,ufa-season,linked-ufa;attribute:thr;attribute:pos;attribute:off;attribute:def;history-prior:1-seasons;current-season-cumulative
630,Joseph Sunukjian,25515,jsunukjia,2026,2026-09-03,2026-08-08,ufa-eb-v4,2026-08-14,46,1577.9,68.4,1465.4,1690.4,64,-0.5729,0.5087,62,-0.8451,0.6628,61,-0.9429,0.6497,59,-1.091,0.6755,hybrid,0.4893,ufa,0,0,0,0,1,7,44,52,1,0,150,319,21,59,5426,ufa-season,linked-ufa;attribute:thr;attribute:pos;attribute:off;attribute:def;role-average-prior;current-season-cumulative
631,Thomas Meyer,59319,tmeyer1,2026,2026-09-03,2026-08-08,ufa-eb-v4,2026-08-14,46,1576.8,62.8,1473.5,1680.1,66,-0.3742,0.4312,73,0.3226,0.4228,68,-0.2157,0.3559,69,-0.0605,0.1812,hybrid,0.2708,ufa,0,0,1,0,1,0,19,19,0,0,94,94,11,5,973,ufa-season,linked-ufa;attribute:thr;attribute:pos;attribute:off;attribute:def;role-average-prior;current-season-cumulative
632,Oakley Armstrong,20999,oarmstron,2026,2026-09-03,2026-08-08,ufa-eb-v4,2026-08-14,45,1573.8,59.7,1475.6,1672.1,69,-0.0759,0.4358,64,-0.575,0.4533,63,-0.6526,0.7107,71,0.1107,0.6621,handler,0.8757,position,4,16.3,1,0,0,2,9,11,0,0,93,29,0,16,1173,ufa-season,linked-ufa;attribute:thr;attribute:pos;attribute:off;attribute:def;history-prior:4-seasons;current-season-cumulative
633,Hobbs McAllister,21977,hmcallist,2026,2026-09-03,2026-08-08,ufa-eb-v4,2026-08-14,45,1572.3,58.8,1475.5,1669.1,70,-0.0199,0.1214,68,-0.1539,0.2204,67,-0.2607,0.3578,71,0.0999,0.2641,handler,0.8633,position,0,0,0,0,0,2,7,9,1,0,-27,77,7,12,1591,ufa-season,linked-ufa;attribute:thr;attribute:pos;attribute:off;attribute:def;role-average-prior;current-season-cumulative
634,Max Junga,22172,mjunga,2026,2026-09-03,2026-08-08,ufa-eb-v4,2026-08-14,45,1566.8,75.2,1443.1,1690.4,80,0.9583,0.3634,63,-0.7001,0.4787,67,-0.2841,0.5894,71,0.0953,0.7796,hybrid,0.7755,position,1,4.0,3,3,3,4,16,18,3,2,194,249,1,86,5342,ufa-season,linked-ufa;attribute:thr;attribute:pos;attribute:off;attribute:def;history-prior:1-seasons;current-season-cumulative
635,Jared Waite,27303,jwaite,2026,2026-09-03,2026-08-08,ufa-eb-v4,2026-08-14,45,1563.3,67.0,1453.1,1673.5,69,-0.0617,0.1376,70,0.0336,0.1379,66,-0.4054,0.4405,70,-0.0078,0.433,hybrid,0.2995,ufa,0,0,0,0,0,0,4,4,0,0,0,33,0,23,1627,ufa-season,linked-ufa;attribute:thr;attribute:pos;attribute:off;attribute:def;role-average-prior;current-season-cumulative
636,Stephen Jones,29098,sjones1,2026,2026-09-03,2026-08-08,ufa-eb-v4,2026-08-14,45,1562.4,72.9,1442.6,1682.3,71,0.1055,0.3266,70,0.0465,0.3442,74,0.4041,0.5391,70,0.0388,0.0698,handler,0.3382,ufa,0,0,0,3,0,1,16,17,0,0,139,106,32,1,2013,ufa-season,linked-ufa;attribute:thr;attribute:pos;attribute:off;attribute:def;role-average-prior;current-season-cumulative
637,Elliot Rivera,21407,erivera1,2026,2026-09-03,2026-08-08,ufa-eb-v4,2026-08-14,44,1550.4,57.3,1456.2,1644.6,69,-0.0741,0.153,69,-0.0843,0.2105,66,-0.3851,0.283,68,-0.1616,0.3267,unknown,0.2451,ufa,2,2.5,0,0,1,1,3,4,0,0,12,-8,3,7,579,ufa-season,linked-ufa;attribute:thr;attribute:pos;attribute:off;attribute:def;history-prior:2-seasons;current-season-cumulative
638,Phillip Samuels,18985,psamuels,2026,2026-09-03,2026-08-08,ufa-eb-v4,2026-08-14,44,1542.1,62.1,1440.0,1644.2,68,-0.1852,0.4139,58,-1.2231,0.5647,59,-1.0833,0.7275,64,-0.5938,0.7378,hybrid,0.7755,position,0,0,6,3,6,7,25,30,2,1,95,326,31,78,7218,ufa-season,linked-ufa;attribute:thr;attribute:pos;attribute:off;attribute:def;role-average-prior;current-season-cumulative
639,Malte Spanuth,29119,mspanuth,2026,2026-09-03,2026-08-08,ufa-eb-v4,2026-08-14,44,1536.7,124.1,1332.6,1740.8,65,-0.4826,0.4312,71,0.0856,0.4545,67,-0.2896,0.6503,71,0.0682,0.6651,hybrid,0.7755,position,0,0,6,0,2,1,19,19,0,0,50,176,0,63,4470,ufa-season,linked-ufa;attribute:thr;attribute:pos;attribute:off;attribute:def;role-average-prior;current-season-cumulative
640,Jacob Cowan,156142,jcowan,2026,2026-09-03,2026-08-08,ufa-eb-v4,2026-08-14,44,1530.7,102.9,1361.5,1700.0,74,0.3573,0.7097,73,0.3199,0.9144,89,1.8653,0.9201,71,0.1243,0.6954,hybrid,0.7469,ufa,1,48.0,32,26,4,12,197,208,11,8,1398,2373,207,21,13280,ufa-season,linked-ufa;attribute:thr;attribute:pos;attribute:off;attribute:def;history-prior:1-seasons;current-season-cumulative
641,Jason Zeidman,17023,jzeidman,2026,2026-09-03,2026-08-08,ufa-eb-v4,2026-08-14,43,1509.2,58.0,1413.9,1604.6,66,-0.3557,0.5268,63,-0.7447,0.6092,56,-1.4185,0.6679,67,-0.3283,0.5711,unknown,0.2451,ufa,1,32.0,0,0,0,1,6,8,0,0,59,50,6,4,752,ufa-season,linked-ufa;attribute:thr;attribute:pos;attribute:off;attribute:def;history-prior:1-seasons;current-season-cumulative
642,Nayland Stuart,20795,nstuart1,2026,2026-09-03,2026-08-08,ufa-eb-v4,2026-08-14,41,1483.0,73.4,1362.3,1603.8,69,-0.0564,0.7074,42,-2.8076,0.8702,51,-1.9051,0.8818,73,0.3205,0.5557,handler,0.6776,ufa,1,16.5,1,10,7,37,205,248,18,9,1790,113,161,11,12070,ufa-season,linked-ufa;attribute:thr;attribute:pos;attribute:off;attribute:def;history-prior:1-seasons;current-season-cumulative
643,Stephen Abel,24884,sabel,2026,2026-09-03,2026-08-08,ufa-eb-v4,2026-08-14,41,1480.4,61.0,1380.0,1580.8,70,-0.0221,0.0801,70,0.015,0.0978,69,-0.0964,0.198,69,-0.106,0.2181,handler,0.8633,position,0,0,0,0,0,0,3,3,0,0,6,14,1,12,762,ufa-season,linked-ufa;attribute:thr;attribute:pos;attribute:off;attribute:def;role-average-prior;current-season-cumulative
644,Nick Mahan,9011,nmahan,2026,2026-09-03,2026-08-08,ufa-eb-v4,2026-08-14,41,1480.1,70.5,1364.1,1596.0,68,-0.1852,0.3103,70,-0.0335,0.5101,65,-0.4525,0.6655,70,0.0277,0.7067,cutter,0.5593,ufa,3,1.7,6,2,4,2,21,23,0,0,81,217,17,91,7529,ufa-season,linked-ufa;attribute:thr;attribute:pos;attribute:off;attribute:def;history-prior:3-seasons;current-season-cumulative
645,Andrew Gardner,18320,agardner,2026,2026-09-03,2026-08-08,ufa-eb-v4,2026-08-14,40,1454.4,67.1,1344.0,1564.8,,,,,,,70,-0.0289,0.1117,70,-0.0221,0.0848,unknown,0.2047,ufa,6,0.0,0,0,0,0,0,0,0,0,0,0,0,1,66,ufa-season,linked-ufa;attribute:off;attribute:def;history-prior:6-seasons;current-season-cumulative
646,Liam Becker,29116,lbecker,2026,2026-09-03,2026-08-08,ufa-eb-v4,2026-08-14,40,1445.9,72.6,1326.5,1565.3,71,0.112,0.4694,63,-0.7283,0.6203,63,-0.7316,0.7187,62,-0.816,0.5327,handler,0.6331,position,0,0,8,4,2,7,52,57,3,1,424,383,51,43,5103,ufa-season,linked-ufa;attribute:thr;attribute:pos;attribute:off;attribute:def;role-average-prior;current-season-cumulative
647,Evan Perry,26017,eperry,2026,2026-09-03,2026-08-08,ufa-eb-v4,2026-08-14,40,1441.9,64.5,1335.9,1547.9,77,0.6828,0.6507,49,-2.0635,0.8183,56,-1.3739,0.8514,59,-1.0693,0.8325,hybrid,0.8757,position,0,0,8,12,5,22,93,111,17,10,665,875,82,134,13965,ufa-season,linked-ufa;attribute:thr;attribute:pos;attribute:off;attribute:def;role-average-prior;current-season-cumulative
648,Aiden Hsu,29265,ahsu,2026,2026-09-03,2026-08-08,ufa-eb-v4,2026-08-14,38,1415.8,69.9,1300.9,1530.8,71,0.1169,0.3828,64,-0.5755,0.6927,65,-0.4992,0.7948,67,-0.3282,0.6028,cutter,0.6247,ufa,0,0,13,2,6,7,47,53,3,2,334,877,89,51,8763,ufa-season,linked-ufa;attribute:thr;attribute:pos;attribute:off;attribute:def;role-average-prior;current-season-cumulative
649,Miguel Sotomayor,17252,msotomayo,2026,2026-09-03,2026-08-08,ufa-eb-v4,2026-08-14,37,1391.2,68.4,1278.7,1503.7,67,-0.3268,0.3161,70,-0.0258,0.4092,61,-0.8675,0.5306,63,-0.6715,0.5311,hybrid,0.378,ufa,0,0,1,0,0,1,16,18,1,0,6,43,13,31,3415,ufa-season,linked-ufa;attribute:thr;attribute:pos;attribute:off;attribute:def;role-average-prior;current-season-cumulative
650,Brycen Williams,16459,bwilliams1,2026,2026-09-03,2026-08-08,ufa-eb-v4,2026-08-14,37,1391.1,78.4,1262.2,1520.1,73,0.3338,0.6751,66,-0.4331,0.8774,58,-1.1713,0.9056,70,0.0047,0.7514,hybrid,0.6947,ufa,1,36.5,17,10,8,13,131,139,7,6,1135,1510,171,13,12820,ufa-season,linked-ufa;attribute:thr;attribute:pos;attribute:off;attribute:def;history-prior:1-seasons;current-season-cumulative
651,Josef Sears,21531,jsears,2026,2026-09-03,2026-08-08,ufa-eb-v4,2026-08-14,34,1319.7,66.3,1210.7,1428.7,70,-0.0131,0.0531,67,-0.2523,0.184,69,-0.1444,0.2746,70,-0.0213,0.1058,cutter,0.7755,position,0,0,0,0,0,3,5,5,0,0,-22,58,9,3,703,ufa-season,linked-ufa;attribute:thr;attribute:pos;attribute:off;attribute:def;role-average-prior;current-season-cumulative
652,William Wallace,26956,wwallace,2026,2026-09-03,2026-08-08,ufa-eb-v4,2026-08-14,34,1316.3,71.4,1198.9,1433.7,70,-0.0347,0.0909,69,-0.1417,0.1756,61,-0.8792,0.6711,61,-0.9456,0.6914,cutter,0.5309,ufa,0,0,2,0,2,1,4,5,0,0,1,59,0,96,5793,ufa-season,linked-ufa;attribute:thr;attribute:pos;attribute:off;attribute:def;role-average-prior;current-season-cumulative
653,David Frongillo,16516,dfrongill,2026,2026-09-03,2026-08-08,ufa-eb-v4,2026-08-14,31,1253.1,65.1,1145.9,1360.2,65,-0.4735,0.5835,57,-1.2856,0.5799,61,-0.8546,0.6184,65,-0.469,0.5098,handler,0.4276,ufa,1,1.0,0,4,0,8,39,49,0,0,225,59,24,35,3873,ufa-season,linked-ufa;attribute:thr;attribute:pos;attribute:off;attribute:def;history-prior:1-seasons;current-season-cumulative
654,Ben Harris,64773,bharris,2026,2026-09-03,2026-08-08,ufa-eb-v4,2026-08-14,30,1217.5,78.4,1088.6,1346.5,69,-0.1167,0.4425,67,-0.2867,0.6661,63,-0.7285,0.805,62,-0.8018,0.6651,cutter,0.6591,ufa,0,0,10,6,2,5,43,46,0,0,198,731,88,72,9068,ufa-season,linked-ufa;attribute:thr;attribute:pos;attribute:off;attribute:def;role-average-prior;current-season-cumulative
655,James Shorey,20473,jshorey,2026,2026-09-03,2026-08-08,ufa-eb-v4,2026-08-14,29,1209.5,86.1,1067.8,1351.2,72,0.246,0.676,57,-1.2987,0.8537,53,-1.7217,0.9091,61,-0.9496,0.7066,hybrid,0.7054,ufa,1,27.5,7,11,2,17,113,125,13,8,691,933,165,27,12529,ufa-season,linked-ufa;attribute:thr;attribute:pos;attribute:off;attribute:def;history-prior:1-seasons;current-season-cumulative
656,Sebastian,150387,sebastian,2026,2026-09-03,2026-08-08,ufa-eb-v4,2026-08-14,25,1106.0,109.6,925.8,1286.2,80,0.988,0.6217,63,-0.6517,0.7994,65,-0.4844,0.8318,70,-0.026,0.4259,hybrid,0.5978,ufa,0,0,12,11,2,10,90,98,10,9,867,1037,115,11,9178,ufa-season,linked-ufa;attribute:thr;attribute:pos;attribute:off;attribute:def;role-average-prior;current-season-cumulative
657,Marcus Fredrickson,59256,mfredrick1,2026,2026-09-03,2026-08-08,ufa-eb-v4,2026-08-14,23,1056.3,64.9,949.6,1163.1,70,-0.0035,0.0283,70,-0.0193,0.0312,68,-0.1965,0.2913,70,0.0133,0.2686,handler,0.8309,position,0,0,0,0,0,1,0,1,0,0,0,25,3,14,1270,ufa-season,linked-ufa;attribute:thr;attribute:pos;attribute:off;attribute:def;role-average-prior;current-season-cumulative
658,Corbin Mills,127983,cmills,2026,2026-09-03,2026-08-08,ufa-eb-v4,2026-08-14,22,1034.6,102.9,865.4,1203.9,66,-0.3502,0.5508,65,-0.4956,0.7143,57,-1.309,0.7255,69,-0.1421,0.5168,handler,0.5028,ufa,0,0,1,4,1,8,82,94,3,0,468,152,50,35,5345,ufa-season,linked-ufa;attribute:thr;attribute:pos;attribute:off;attribute:def;role-average-prior;current-season-cumulative
659,BEN GREENBERG,46116,bgreenber,2026,2026-09-03,2026-08-08,ufa-eb-v4,2026-08-14,19,973.7,91.5,823.2,1124.3,77,0.6757,0.4921,64,-0.609,0.6248,68,-0.2245,0.5435,70,-0.0139,0.6595,handler,0.371,ufa,1,36.0,0,1,1,4,21,26,5,2,319,82,1,41,2865,ufa-season,linked-ufa;attribute:thr;attribute:pos;attribute:off;attribute:def;history-prior:1-seasons;current-season-cumulative
