rank,club,club_key,division,elo,roster_size,season,roster_event,roster_event_date
1,Revolver,revolver,club-men,2375.3,25,2026,2026 U.S. Open International Club Championships (ICC),2026-07-31
2,Rhino Slam!,rhino slam!,club-men,2288.8,23,2026,2026 U.S. Open International Club Championships (ICC),2026-07-31
3,Chicago Machine,chicago machine,club-men,2282.3,26,2026,2026 U.S. Open International Club Championships (ICC),2026-07-31
4,PoNY,pony,club-men,2280.7,26,2026,2026 U.S. Open International Club Championships (ICC),2026-07-31
5,DiG,dig,club-men,2263.6,23,2026,2026 U.S. Open International Club Championships (ICC),2026-07-31
6,Truck Stop,truck stop,club-men,2225.1,23,2026,2026 U.S. Open International Club Championships (ICC),2026-07-31
7,Sockeye,sockeye,club-men,2201.9,26,2026,2026 U.S. Open International Club Championships (ICC),2026-07-31
8,Ring of Fire,ring of fire,club-men,2163.0,22,2026,2026 U.S. Open International Club Championships (ICC),2026-07-31
9,Sub Zero,sub zero,club-men,2162.8,26,2026,2026 U.S. Open International Club Championships (ICC),2026-07-31
10,Johnny Bravo,johnny bravo,club-men,2139.3,26,2026,2026 U.S. Open International Club Championships (ICC),2026-07-31
11,GOAT,goat,club-men,2120.9,25,2026,2026 Select Flight Invite East,2026-07-25
12,Philadelphia Pacmen,philadelphia pacmen,club-men,2092.7,24,2026,2026 Pro Elite Challenge East,2026-06-27
13,Chain Lightning,chain lightning,club-men,2077.3,19,2026,2026 Pro Elite Challenge East,2026-06-27
14,Furious George,furious george,club-men,2048.5,25,2026,2026 Pro Elite Challenge West,2026-07-11
15,Magnitude (Quake)-Senior,magnitude (quake)-senior,club-men,2001.9,20,2026,Boston Invite 2026,2026-07-11
16,Raleigh-Durham United,raleigh-durham united,club-men,1994.6,26,2026,2026 Pro Elite Challenge East,2026-06-27
17,Doublewide,doublewide,club-men,1992.3,21,2026,2026 Pro Elite Challenge East,2026-06-27
18,Mad Men,mad men,club-men,1989.3,25,2026,Lehigh Valley Invite 2026,2026-08-01
19,Red Tide,red tide,club-men,1984.7,26,2026,Boston Invite 2026,2026-07-11
20,Dark Star,dark star,club-men,1983.1,22,2026,2026 Select Flight Invite - West,2026-07-25
21,Mephisto,mephisto,club-men,1980.4,22,2026,2026 Pro Elite Challenge West,2026-07-11
22,Blueprint,blueprint,club-men,1970.1,26,2026,2026 Select Flight Invite East,2026-07-25
23,Haymaker,haymaker,club-men,1957.8,25,2026,Lehigh Valley Invite 2026,2026-08-01
24,Sprout,sprout,club-men,1934.7,22,2026,Boston Invite 2026,2026-07-11
25,Vault,vault,club-men,1918.1,26,2026,2026 Pro Elite Challenge East,2026-06-27
26,SoCal Condors,socal condors,club-men,1901.0,22,2026,2026 Pro Elite Challenge West,2026-07-11
27,Nighthawk,nighthawk,club-men,1898.8,20,2026,2026 Select Flight Invite East,2026-07-25
28,Oak Grove Boys,oak grove boys,club-men,1892.4,26,2026,Lehigh Valley Invite 2026,2026-08-01
29,Florida Untied,florida untied,club-men,1870.6,26,2026,2026 Select Flight Invite East,2026-07-25
30,SOUF,souf,club-men,1870.6,24,2026,2026 Select Flight Invite - West,2026-07-25
31,Pittsburgh Temper,pittsburgh temper,club-men,1864.4,23,2026,2026 Select Flight Invite East,2026-07-25
32,Trident,trident,club-men,1856.0,21,2026,2026 Select Flight Invite - West,2026-07-25
33,Flying Dutchmen,flying dutchmen,club-men,1846.0,26,2026,2026 Select Flight Invite East,2026-07-25
34,Phoenix,phoenix,club-men,1838.2,21,2026,2026 Pro Elite Challenge East,2026-06-27
35,Colt,colt,club-men,1835.7,26,2026,2026 Select Flight Invite East,2026-07-25
36,baNC,banc,club-men,1834.8,25,2026,2026 Pro Elite Challenge East,2026-06-27
37,Wavestorms,wavestorms,club-men,1833.1,24,2026,2026 Select Flight Invite - West,2026-07-25
38,Wretched Refuse,wretched refuse,club-men,1820.1,25,2026,2nd Annual Deseret Invite,2026-07-11
39,Tanasi,tanasi,club-men,1816.9,25,2026,2026 Select Flight Invite East,2026-07-25
40,Warao,warao,club-men,1816.1,23,2026,2026 U.S. Open International Club Championships (ICC),2026-07-31
41,Mallard,mallard,club-men,1810.8,26,2026,2026 Select Flight Invite East,2026-07-25
42,Kansas City Smokestack,kansas city smokestack,club-men,1795.1,26,2026,Heavyweights 2026,2026-07-11
43,H.I.P,h.i.p,club-men,1790.9,16,2026,PB&J 2026,2026-08-01
44,Alamode,alamode,club-men,1787.3,24,2026,Heavyweights 2026,2026-07-11
45,Red Circus,red circus,club-men,1787.0,17,2026,Boston Invite 2026,2026-07-11
46,General Strike,general strike,club-men,1786.7,16,2026,2026 Select Flight Invite East,2026-07-25
47,Switchback,switchback,club-men,1782.9,17,2026,2026 Select Flight Invite - West,2026-07-25
48,Grudge,grudge,club-men,1780.1,22,2026,Eugene Summer Solstice 2026,2026-06-27
49,Portland TremOR,portland tremor,club-men,1778.9,24,2026,Eugene Summer Solstice 2026,2026-06-27
50,WOMP,womp,club-men,1776.8,23,2026,Filling the Void 2026,2026-07-18
51,ELDL,eldl,club-men,1767.1,26,2026,2026 Select Flight Invite East,2026-07-25
52,Mint,mint,club-men,1759.5,16,2026,2026 Select Flight Invite East,2026-07-25
53,ZOO,zoo,club-men,1756.8,20,2026,PB&J 2026,2026-08-01
54,Iditarod,iditarod,club-men,1756.8,23,2026,Boston Invite 2026,2026-07-11
55,Lounar,lounar,club-men,1754.5,24,2026,2026 Select Flight Invite East,2026-07-25
56,ISO Atmo,iso atmo,club-men,1753.7,25,2026,2026 Select Flight Invite - West,2026-07-25
57,Zoboomafoo,zoboomafoo,club-men,1752.6,26,2026,Heavyweights 2026,2026-07-11
58,Fungi,fungi,club-men,1750.6,26,2026,2026 Pro Elite Challenge West,2026-07-11
59,Zodiac,zodiac,club-men,1749.4,17,2026,Lehigh Valley Invite 2026,2026-08-01
60,Texas BBQ,texas bbq,club-men,1744.6,22,2026,Riverside Classic 2026,2026-07-11
61,Garden State Ultimate,garden state ultimate,club-men,1739.1,26,2026,Lehigh Valley Invite 2026,2026-08-01
62,(washed),(washed),club-men,1738.8,20,2026,Colorado Summer Solstice 2026 Part 1,2026-06-13
63,Lantern,lantern,club-men,1736.9,23,2026,Boston Invite 2026,2026-07-11
64,I-69,i-69,club-men,1730.6,20,2026,2026 Select Flight Invite East,2026-07-25
65,Fuse,fuse,club-men,1723.7,24,2026,Heavyweights 2026,2026-07-11
66,UPDOG,updog,club-men,1721.3,23,2026,Lehigh Valley Invite 2026,2026-08-01
67,PowderHogs,powderhogs,club-men,1715.7,24,2026,2nd Annual Deseret Invite,2026-07-11
68,OAT,oat,club-men,1715.0,26,2026,2026 Select Flight Invite - West,2026-07-25
69,Triumph,triumph,club-men,1710.2,26,2026,Lehigh Valley Invite 2026,2026-08-01
70,BUDA U20B,buda u20b,club-men,1703.1,22,2026,Boston Invite 2026,2026-07-11
71,Ascension,ascension,club-men,1703.0,18,2026,Boston Invite 2026,2026-07-11
72,EVOLUTION,evolution,club-men,1702.6,24,2026,2026 U.S. Open International Club Championships (ICC),2026-07-31
73,Rumspringa,rumspringa,club-men,1700.2,21,2026,Lehigh Valley Invite 2026,2026-08-01
74,DAPPER,dapper,club-men,1697.7,26,2026,Boston Invite 2026,2026-07-11
75,CITYWIDE Special,citywide special,club-men,1697.1,23,2026,Lehigh Valley Invite 2026,2026-08-01
76,Knights of Ni,knights of ni,club-men,1693.1,21,2026,Heavyweights 2026,2026-07-11
77,Riverside,riverside,club-men,1686.8,26,2026,Riverside Classic 2026,2026-07-11
78,Shade,shade,club-men,1681.8,26,2026,Boston Invite 2026,2026-07-11
79,Sawtooth,sawtooth,club-men,1681.3,21,2026,2nd Annual Deseret Invite,2026-07-11
80,Big Wrench,big wrench,club-men,1677.6,26,2026,Boston Invite 2026,2026-07-11
81,Club M - Manic,club m - manic,club-men,1671.2,19,2026,Lehigh Valley Invite 2026,2026-08-01
82,Tugboat,tugboat,club-men,1667.5,26,2026,Colorado Summer Solstice 2026 Part 1,2026-06-13
83,Atlanta Arson,atlanta arson,club-men,1661.0,22,2026,Filling the Void 2026,2026-07-18
84,Endgame,endgame,club-men,1660.2,17,2026,Heavyweights 2026,2026-07-11
85,Colorado Cutthroat U-20 Boys,colorado cutthroat u-20 boys,club-men,1656.7,25,2026,Colorado Summer Solstice 2026 Part 1,2026-06-13
86,BAG,bag,club-men,1656.2,26,2026,Boston Invite 2026,2026-07-11
87,Blackfish,blackfish,club-men,1645.7,17,2026,2026 Select Flight Invite - West,2026-07-25
88,Magma Bears,magma bears,club-men,1640.6,26,2026,Boston Invite 2026,2026-07-11
89,John Doe,john doe,club-men,1639.8,26,2026,Lehigh Valley Invite 2026,2026-08-01
90,MOB Ultimate,mob ultimate,club-men,1639.1,25,2026,Lehigh Valley Invite 2026,2026-08-01
91,Black Lung,black lung,club-men,1638.5,23,2026,Filling the Void 2026,2026-07-18
92,Pittsburgh Stealers,pittsburgh stealers,club-men,1635.9,22,2026,Witching Hour 2026,2026-06-27
93,Minnesota Superior U20B,minnesota superior u20b,club-men,1635.1,24,2026,Heavyweights 2026,2026-07-11
94,X Wives-A,x wives-a,club-men,1634.0,17,2026,2nd Annual Deseret Invite,2026-07-11
95,Crypt,crypt,club-men,1628.6,26,2026,Lehigh Valley Invite 2026,2026-08-01
96,Gummy Bear Hitmen,gummy bear hitmen,club-men,1624.4,26,2026,Lehigh Valley Invite 2026,2026-08-01
97,Swordfish,swordfish,club-men,1620.5,26,2026,2026 Select Flight Invite - West,2026-07-25
98,EtobiCoke,etobicoke,club-men,1619.9,23,2026,Lehigh Valley Invite 2026,2026-08-01
99,Sebastopol Orchard,sebastopol orchard,club-men,1619.7,21,2026,Summer Bash 2026,2026-06-27
100,Roundhouse,roundhouse,club-men,1617.8,26,2026,Heavyweights 2026,2026-07-11
101,Rebels,rebels,club-men,1612.2,25,2026,Lehigh Valley Invite 2026,2026-08-01
102,Atlanta Outlaws,atlanta outlaws,club-men,1611.8,25,2026,Filling the Void 2026,2026-07-18
103,DeMo,demo,club-men,1610.7,22,2026,Heavyweights 2026,2026-07-11
104,Gang Of Disc,gang of disc,club-men,1605.3,21,2026,RagnaRock 2026,2026-07-11
105,Texas Tea-A,texas tea-a,club-men,1603.5,23,2026,PB&J 2026,2026-08-01
106,Lil’ Huckers,lil’ huckers,club-men,1598.4,26,2026,2026 Select Flight Invite - West,2026-07-25
107,Forest City,forest city,club-men,1597.4,25,2026,Lehigh Valley Invite 2026,2026-08-01
108,NOx,nox,club-men,1595.6,23,2026,Texas 2 Finger 2026,2026-06-27
109,Skeleton Squad,skeleton squad,club-men,1595.4,25,2026,Boston Invite 2026,2026-07-11
110,Dynasty,dynasty,club-men,1589.3,25,2026,Heavyweights 2026,2026-07-11
111,Cookie Mon$terz,cookie mon$terz,club-men,1587.3,17,2026,RagnaRock 2026,2026-07-11
112,Psychedelic,psychedelic,club-men,1584.8,24,2026,Filling the Void 2026,2026-07-18
113,Colonels,colonels,club-men,1577.4,26,2026,Heavyweights 2026,2026-07-11
114,Dreadnought,dreadnought,club-men,1577.1,26,2026,Heavyweights 2026,2026-07-11
115,BANG,bang,club-men,1564.1,18,2026,2026 Antlerlock,2026-06-27
116,Odyssey,odyssey,club-men,1563.9,25,2026,Boston Invite 2026,2026-07-11
117,DAP LAB,dap lab,club-men,1556.7,15,2026,Flickel City Classic,2026-07-11
118,Romulus,romulus,club-men,1555.5,26,2026,Club Terminus 2026,2026-06-27
119,Junco,junco,club-men,1555.2,20,2026,2026 Select Flight Invite - West,2026-07-25
120,Delirium,delirium,club-men,1555.1,18,2026,Club Terminus 2026,2026-06-27
121,Battleship,battleship,club-men,1552.8,18,2026,Heatstroke,2026-06-06
122,Queen City Kings,queen city kings,club-men,1552.3,26,2026,Filling the Void 2026,2026-07-18
123,Space Cowboys,space cowboys,club-men,1541.0,26,2026,Filling the Void 2026,2026-07-18
124,Rice Box,rice box,club-men,1537.5,23,2026,PB&J 2026,2026-08-01
125,Cozy Boys,cozy boys,club-men,1537.0,22,2026,Riverside Classic 2026,2026-07-11
126,Seven Gills,seven gills,club-men,1532.4,21,2026,Eugene Summer Solstice 2026,2026-06-27
127,Utah Swarm U20 Boys,utah swarm u20 boys,club-men,1532.1,14,2026,2nd Annual Deseret Invite,2026-07-11
128,Cache Valley High Ground,cache valley high ground,club-men,1529.1,10,2026,2026 Select Flight Invite - West,2026-07-25
129,ATLiens,atliens,club-men,1524.9,18,2026,Club Terminus 2026,2026-06-27
130,Alibi,alibi,club-men,1520.7,22,2026,Lehigh Valley Invite 2026,2026-08-01
131,Alliance,alliance,club-men,1518.9,23,2026,Club Terminus 2026,2026-06-27
132,Resurgam Ultimate,resurgam ultimate,club-men,1513.6,25,2026,Boston Invite 2026,2026-07-11
133,ODOT,odot,club-men,1513.2,10,2026,Eugene Summer Solstice 2026,2026-06-27
134,Scythe,scythe,club-men,1507.1,18,2026,Heavyweights 2026,2026-07-11
135,Lil Heroes,lil heroes,club-men,1506.2,26,2026,Riverside Classic 2026,2026-07-11
136,Firefall,firefall,club-men,1505.9,24,2026,Summer Bash 2026,2026-06-27
137,OPE,ope,club-men,1505.3,23,2026,Heavyweights 2026,2026-07-11
138,ElecTriCity,electricity,club-men,1503.7,15,2026,Filling the Void 2026,2026-07-18
139,M.Y.T.H.O.S.,m.y.t.h.o.s.,club-men,1502.2,23,2026,Heavyweights 2026,2026-07-11
140,The Incline,the incline,club-men,1500.9,15,2026,Texas 2 Finger 2026,2026-06-27
141,Beef Depot,beef depot,club-men,1499.7,23,2026,Lehigh Valley Invite 2026,2026-08-01
142,El Niño,el niño,club-men,1497.0,20,2026,Witching Hour 2026,2026-06-27
143,Battery,battery,club-men,1495.8,26,2026,Summer Bash 2026,2026-06-27
144,Harvest Moon,harvest moon,club-men,1495.4,24,2026,Club Terminus 2026,2026-06-27
145,Hazard,hazard,club-men,1494.7,21,2026,Lehigh Valley Invite 2026,2026-08-01
146,UpRoar,uproar,club-men,1491.7,21,2026,Heavyweights 2026,2026-07-11
147,Charleston Heat Stroke,charleston heat stroke,club-men,1491.4,21,2026,Filling the Void 2026,2026-07-18
148,Connecticut 9 to 5,connecticut 9 to 5,club-men,1486.8,18,2026,2026 Antlerlock,2026-06-27
149,Winc City Fog,winc city fog,club-men,1478.2,25,2026,Lehigh Valley Invite 2026,2026-08-01
150,Nomads,nomads,club-men,1473.8,14,2026,Colorado Summer Solstice 2026 Part 1,2026-06-13
151,Texas Duffy,texas duffy,club-men,1469.9,22,2026,PB&J 2026,2026-08-01
152,Rawhide,rawhide,club-men,1467.1,18,2026,Texas 2 Finger 2026,2026-06-27
153,Dub Club,dub club,club-men,1466.3,25,2026,Lehigh Valley Invite 2026,2026-08-01
154,Make it Rain,make it rain,club-men,1465.9,16,2026,Eugene Summer Solstice 2026,2026-06-27
155,Green Mountain Boys,green mountain boys,club-men,1458.2,10,2026,2026 Antlerlock,2026-06-27
156,Arizona Frisbee Club,arizona frisbee club,club-men,1449.8,10,2026,Colorado Summer Solstice 2026 Part 1,2026-06-13
157,Buoyancy,buoyancy,club-men,1446.8,17,2026,Colorado Summer Solstice 2026 Part 1,2026-06-13
158,L.U.T $ack,l.u.t $ack,club-men,1445.9,14,2026,Witching Hour 2026,2026-06-27
159,Inferno Ultimate,inferno ultimate,club-men,1440.2,11,2026,Lehigh Valley Invite 2026,2026-08-01
160,Heartbreak,heartbreak,club-men,1436.8,25,2026,Eugene Summer Solstice 2026,2026-06-27
161,Red Lotus,red lotus,club-men,1435.7,22,2026,Colorado Summer Solstice 2026 Part 1,2026-06-13
162,Nocturnal,nocturnal,club-men,1434.9,21,2026,RagnaRock 2026,2026-07-11
163,New Jersey Gemini,new jersey gemini,club-men,1433.7,26,2026,Lehigh Valley Invite 2026,2026-08-01
164,Gambit,gambit,club-men,1432.4,21,2026,Filling the Void 2026,2026-07-18
165,Rubicon Rapids,rubicon rapids,club-men,1430.4,25,2026,Heavyweights 2026,2026-07-11
166,Wave,wave,club-men,1427.5,25,2026,Mixed Easterns 2026,2026-06-06
167,Give Me Death,give me death,club-men,1426.5,26,2026,Witching Hour 2026,2026-06-27
168,EZ,ez,club-men,1424.6,21,2026,Lehigh Valley Invite 2026,2026-08-01
169,F-Words,f-words,club-men,1419.3,19,2026,Colorado Summer Solstice 2026 Part 1,2026-06-13
170,NC Brickhouse-Upper,nc brickhouse-upper,club-men,1416.2,25,2026,Filling the Void 2026,2026-07-18
171,Enigma,enigma,club-men,1415.8,21,2026,SCINNY 2026,2026-06-20
172,STL Moonar,stl moonar,club-men,1414.2,25,2026,Heavyweights 2026,2026-07-11
173,Timber,timber,club-men,1411.2,21,2026,Heavyweights 2026,2026-07-11
174,Colorado Cutthroat U-17 Boys,colorado cutthroat u-17 boys,club-men,1404.6,24,2026,Cutthroat Club Round Robin 2026,2026-05-30
175,Digit,digit,club-men,1404.2,16,2026,Summer Bash 2026,2026-06-27
176,Minnesota Superior U17B,minnesota superior u17b,club-men,1401.0,24,2026,Heavyweights 2026,2026-07-11
177,Friendly Fire-C,friendly fire-c,club-men,1399.4,19,2026,Texas 2 Finger 2026,2026-06-27
178,Shift,shift,club-men,1398.5,26,2026,Heavyweights 2026,2026-07-11
179,Buffalo Frostbite,buffalo frostbite,club-men,1395.8,25,2026,Flickel City Classic,2026-07-11
180,Mischief,mischief,club-men,1378.8,23,2026,2026 Select Flight Invite East,2026-07-25
181,Barefoot,barefoot,club-men,1372.9,11,2026,Heatstroke,2026-06-06
182,Tennessee Folklore,tennessee folklore,club-men,1371.7,17,2026,Filling the Void 2026,2026-07-18
183,San Antonio Warhawks,san antonio warhawks,club-men,1368.6,21,2026,PB&J 2026,2026-08-01
184,Smogborn,smogborn,club-men,1362.7,18,2026,Flickel City Classic,2026-07-11
185,BUDA Regional Select,buda regional select,club-men,1352.7,21,2026,Boston Invite 2026,2026-07-11
186,Oregon Trainwreck,oregon trainwreck,club-men,1339.7,21,2026,Eugene Summer Solstice 2026,2026-06-27
187,MBTA,mbta,club-men,1335.3,26,2026,Boston Invite 2026,2026-07-11
188,Motive,motive,club-men,1325.5,22,2026,Lehigh Valley Invite 2026,2026-08-01
189,Hydra,hydra,club-men,1325.4,16,2026,Filling the Void 2026,2026-07-18
190,Savannah Wild,savannah wild,club-men,1325.1,20,2026,Filling the Void 2026,2026-07-18
191,Southern Hospitality,southern hospitality,club-men,1324.5,19,2026,RagnaRock 2026,2026-07-11
192,Red Dawn,red dawn,club-men,1316.3,19,2026,Summer Bash 2026,2026-06-27
193,Long Island Riff Raff,long island riff raff,club-men,1305.5,22,2026,Lehigh Valley Invite 2026,2026-08-01
194,On Ramp,on ramp,club-men,1302.7,19,2026,Heavyweights 2026,2026-07-11
195,Forge,forge,club-men,1301.8,23,2026,PB&J 2026,2026-08-01
196,Bodega Cats,bodega cats,club-men,1301.2,17,2026,Lehigh Valley Invite 2026,2026-08-01
197,Maumee Boys,maumee boys,club-men,1297.7,21,2026,Heavyweights 2026,2026-07-11
198,Conspiracy Theory,conspiracy theory,club-men,1294.6,24,2026,Heavyweights 2026,2026-07-11
199,Journeymen,journeymen,club-men,1285.2,17,2026,Summer Bash 2026,2026-06-27
200,Burning River,burning river,club-men,1278.7,23,2026,Heavyweights 2026,2026-07-11
201,Anchor,anchor,club-men,1277.6,16,2026,Summer Bash 2026,2026-06-27
202,Black Gold,black gold,club-men,1258.1,17,2026,PB&J 2026,2026-08-01
203,Spring Break '93,spring break '93,club-men,1255.9,17,2026,2026 Antlerlock,2026-06-27
204,Supercell,supercell,club-men,1254.1,13,2026,RagnaRock 2026,2026-07-11
205,Players Into Serious Sports,players into serious sports,club-men,1225.1,21,2026,Club Terminus 2026,2026-06-27
206,Chemical X,chemical x,club-men,1217.7,14,2026,Lehigh Valley Invite 2026,2026-08-01
207,Colorado Cutthroat U-20 Boys TWO,colorado cutthroat u-20 boys two,club-men,1213.1,26,2026,Colorado Summer Solstice 2026 Part 1,2026-06-13
208,Sky-90,sky-90,club-men,1190.8,13,2026,Eugene Summer Solstice 2026,2026-06-27
209,Deaf Fruit,deaf fruit,club-men,1143.1,15,2026,PB&J 2026,2026-08-01
210,Frostchomp,frostchomp,club-men,1135.2,11,2026,Flickel City Classic,2026-07-11
211,Apollo,apollo,club-men,1132.3,13,2026,RagnaRock 2026,2026-07-11
212,Flux,flux,club-men,1114.4,13,2026,Witching Hour 2026,2026-06-27
213,Mayhem-Dev,mayhem-dev,club-men,1103.0,12,2026,SCINNY 2026,2026-06-20
1,XIST,xist (mixed),club-mixed,2298.3,26,2026,2026 U.S. Open International Club Championships (ICC),2026-07-31
2,Hybrid,hybrid (mixed),club-mixed,2267.1,26,2026,2026 U.S. Open International Club Championships (ICC),2026-07-31
3,shame.,shame. (mixed),club-mixed,2168.1,26,2026,2026 U.S. Open International Club Championships (ICC),2026-07-31
4,Slow,slow (mixed),club-mixed,2166.1,25,2026,2026 U.S. Open International Club Championships (ICC),2026-07-31
5,Union,union (mixed),club-mixed,2087.6,25,2026,2026 Select Flight Invite East,2026-07-25
6,Toro,toro (mixed),club-mixed,2085.0,25,2026,2026 U.S. Open International Club Championships (ICC),2026-07-31
7,Polar Bears,polar bears (mixed),club-mixed,2077.8,26,2026,2026 Pro Elite Challenge West,2026-07-11
8,Austin Disco Club,austin disco club (mixed),club-mixed,2075.4,26,2026,2026 U.S. Open International Club Championships (ICC),2026-07-31
9,AMP,amp (mixed),club-mixed,2061.8,25,2026,2026 Pro Elite Challenge East,2026-06-27
10,BFG,bfg (mixed),club-mixed,2056.4,26,2026,2026 Pro Elite Challenge West,2026-07-11
11,Tower,tower (mixed),club-mixed,2054.7,24,2026,2026 Pro Elite Challenge West,2026-07-11
12,Drag'n Thrust,drag'n thrust (mixed),club-mixed,2047.9,25,2026,2026 U.S. Open International Club Championships (ICC),2026-07-31
13,California Burrito,california burrito (mixed),club-mixed,2043.5,20,2026,2026 Select Flight Invite - West,2026-07-25
14,Rally,rally (mixed),club-mixed,2040.4,25,2026,2026 U.S. Open International Club Championships (ICC),2026-07-31
15,Sprocket,sprocket (mixed),club-mixed,2034.0,26,2026,2026 U.S. Open International Club Championships (ICC),2026-07-31
16,Lotus,lotus (mixed),club-mixed,2029.7,24,2026,2026 Pro Elite Challenge West,2026-07-11
17,Mischief,mischief (mixed),club-mixed,2000.8,26,2026,2026 Pro Elite Challenge West,2026-07-11
18,Odyssée-Senior,odyssée-senior (mixed),club-mixed,1982.6,24,2026,Boston Invite 2026,2026-07-11
19,Seattle Mixtape,seattle mixtape (mixed),club-mixed,1981.5,26,2026,2026 U.S. Open International Club Championships (ICC),2026-07-31
20,Big Rig,big rig (mixed),club-mixed,1939.3,23,2026,2026 Select Flight Invite East,2026-07-25
21,Oregon Scorch,oregon scorch (mixed),club-mixed,1935.7,26,2026,2026 Pro Elite Challenge West,2026-07-11
22,Grand Army,grand army (mixed),club-mixed,1929.6,26,2026,Boston Invite 2026,2026-07-11
23,Wild Card,wild card (mixed),club-mixed,1928.4,26,2026,2026 Select Flight Invite East,2026-07-25
24,Sego,sego (mixed),club-mixed,1920.8,26,2026,2026 Pro Elite Challenge West,2026-07-11
25,Pittsburgh Port Authority,pittsburgh port authority (mixed),club-mixed,1913.5,26,2026,2026 Select Flight Invite East,2026-07-25
26,Roma Ultima,roma ultima (mixed),club-mixed,1897.5,22,2026,Filling the Void 2026,2026-07-18
27,Mile High Trash,mile high trash (mixed),club-mixed,1889.2,21,2026,2026 Pro Elite Challenge West,2026-07-11
28,Space Force,space force (mixed),club-mixed,1885.4,22,2026,2026 U.S. Open International Club Championships (ICC),2026-07-31
29,Good Company,good company (mixed),club-mixed,1883.3,22,2026,Shake The Dust,2026-06-06
30,'Shine,'shine (mixed),club-mixed,1878.0,22,2026,2026 Select Flight Invite East,2026-07-25
31,Royals,royals (mixed),club-mixed,1874.1,18,2026,Eugene Summer Solstice 2026,2026-06-27
32,Spice,spice (mixed),club-mixed,1870.1,26,2026,2026 Select Flight Invite East,2026-07-25
33,The Buoy Association,the buoy association (mixed),club-mixed,1864.3,23,2026,2026 Antlerlock,2026-06-27
34,Asheville Parliament,asheville parliament (mixed),club-mixed,1856.9,23,2026,2026 Select Flight Invite East,2026-07-25
35,Brunch Club,brunch club (mixed),club-mixed,1840.9,20,2026,Seven Cities Showdown 2026,2026-06-20
36,Murmur,murmur (mixed),club-mixed,1838.6,26,2026,Filling the Void 2026,2026-07-18
37,Spoke,spoke (mixed),club-mixed,1834.2,20,2026,2026 Pro Elite Challenge West,2026-07-11
38,Spectre,spectre (mixed),club-mixed,1832.8,21,2026,Heavyweights 2026,2026-07-11
39,FlyTrap,flytrap (mixed),club-mixed,1831.5,24,2026,2026 Select Flight Invite East,2026-07-25
40,Darkwing,darkwing (mixed),club-mixed,1825.7,23,2026,Boston Invite 2026,2026-07-11
41,Moontower,moontower (mixed),club-mixed,1825.4,24,2026,2026 Select Flight Invite - West,2026-07-25
42,Flight Club,flight club (mixed),club-mixed,1815.3,25,2026,2026 Select Flight Invite - West,2026-07-25
43,Donuts,donuts (mixed),club-mixed,1810.0,26,2026,2026 Select Flight Invite - West,2026-07-25
44,Townies,townies (mixed),club-mixed,1802.8,24,2026,Lehigh Valley Invite 2026,2026-08-01
45,MOONDOG,moondog (mixed),club-mixed,1799.8,24,2026,Colorado Summer Solstice 2026 Part 2,2026-06-20
46,Landsharks,landsharks (mixed),club-mixed,1798.3,25,2026,Revolution 2026,2026-07-11
47,Minnesota Star Power,minnesota star power (mixed),club-mixed,1794.5,23,2026,2026 Select Flight Invite East,2026-07-25
48,Conspiracy,conspiracy (mixed),club-mixed,1792.3,21,2026,2026 Pro Elite Challenge East,2026-06-27
49,Zero Strategy,zero strategy (mixed),club-mixed,1790.8,26,2026,Boston Invite 2026,2026-07-11
50,Bird,bird (mixed),club-mixed,1790.4,25,2026,Heavyweights 2026,2026-07-11
51,Twist,twist (mixed),club-mixed,1790.0,23,2026,Lehigh Valley Invite 2026,2026-08-01
52,Bar None,bar none (mixed),club-mixed,1789.6,24,2026,Glazed Daze 2026,2026-06-27
53,Zero Turn Lawnmower,zero turn lawnmower (mixed),club-mixed,1788.8,24,2026,2026 Select Flight Invite East,2026-07-25
54,Amber,amber (mixed),club-mixed,1781.1,25,2026,RagnaRock 2026,2026-07-11
55,LIT Ultimate,lit ultimate (mixed),club-mixed,1778.6,24,2026,2026 Select Flight Invite - West,2026-07-25
56,Bench,bench (mixed),club-mixed,1778.2,22,2026,Heavyweights 2026,2026-07-11
57,Classy,classy (mixed),club-mixed,1775.4,25,2026,2026 Select Flight Invite - West,2026-07-25
58,Funk,funk (mixed),club-mixed,1774.7,24,2026,Lehigh Valley Invite 2026,2026-08-01
59,Lawless,lawless (mixed),club-mixed,1769.2,25,2026,2026 Pro Elite Challenge West,2026-07-11
60,BW Ultimate,bw ultimate (mixed),club-mixed,1766.9,23,2026,2026 Select Flight Invite - West,2026-07-25
61,Revival,revival (mixed),club-mixed,1765.4,24,2026,Lehigh Valley Invite 2026,2026-08-01
62,RAMP,ramp (mixed),club-mixed,1755.8,26,2026,2026 Select Flight Invite East,2026-07-25
63,HVAC,hvac (mixed),club-mixed,1752.0,25,2026,Lehigh Valley Invite 2026,2026-08-01
64,Anthem,anthem (mixed),club-mixed,1751.4,23,2026,2026 Select Flight Invite East,2026-07-25
65,Catalyst,catalyst (mixed),club-mixed,1749.7,25,2026,Filling the Void 2026,2026-07-18
66,BUMS,bums (mixed),club-mixed,1748.2,20,2026,RagnaRock 2026,2026-07-11
67,Garbage Plates,garbage plates (mixed),club-mixed,1743.8,22,2026,Boston Invite 2026,2026-07-11
68,Steamboat,steamboat (mixed),club-mixed,1743.0,21,2026,2026 Select Flight Invite East,2026-07-25
69,Impact,impact (mixed),club-mixed,1737.9,26,2026,RagnaRock 2026,2026-07-11
70,Lights Out,lights out (mixed),club-mixed,1730.7,26,2026,2026 Select Flight Invite - West,2026-07-25
71,Delabear,delabear (mixed),club-mixed,1729.3,26,2026,PADA Flagship Tournament 2026,2026-06-20
72,Jughandle,jughandle (mixed),club-mixed,1726.6,23,2026,Boston Invite 2026,2026-07-11
73,Dispatch,dispatch (mixed),club-mixed,1722.7,22,2026,Heavyweights 2026,2026-07-11
74,Quahogs,quahogs (mixed),club-mixed,1720.5,26,2026,Boston Invite 2026,2026-07-11
75,CLX,clx (mixed),club-mixed,1716.9,22,2026,2026 Select Flight Invite East,2026-07-25
76,Gene Parmesan,gene parmesan (mixed),club-mixed,1709.0,20,2026,2026 Wisconsin Swiss,2026-06-20
77,Akron Nimb,akron nimb (mixed),club-mixed,1707.6,17,2026,Motown Throwdown 2026,2026-06-27
78,Obscure,obscure (mixed),club-mixed,1706.1,26,2026,Boston Invite 2026,2026-07-11
79,Sailboat,sailboat (mixed),club-mixed,1705.9,21,2026,Motown Throwdown 2026,2026-06-27
80,MN Superior,mn superior (mixed),club-mixed,1705.8,25,2026,Cheep Thrills 2026,2026-07-18
81,Pushovers,pushovers (mixed),club-mixed,1700.5,26,2026,Cheep Thrills 2026,2026-07-18
82,Viking Blood,viking blood (mixed),club-mixed,1699.1,14,2026,Eugene Summer Solstice 2026,2026-06-27
83,Fatal Attraction,fatal attraction (mixed),club-mixed,1698.8,25,2026,2026 Select Flight Invite East,2026-07-25
84,Green Chiles,green chiles (mixed),club-mixed,1695.4,25,2026,Colorado Summer Solstice 2026 Part 2,2026-06-20
85,Porch Bears,porch bears (mixed),club-mixed,1689.9,15,2026,Eugene Summer Solstice 2026,2026-06-27
86,Octonauts,octonauts (mixed),club-mixed,1686.8,26,2026,June Bloom 2026,2026-06-20
87,Cupcakes,cupcakes (mixed),club-mixed,1685.8,22,2026,2026 Pro Elite Challenge East,2026-06-27
88,American Barbecue,american barbecue (mixed),club-mixed,1685.5,25,2026,2026 Select Flight Invite - West,2026-07-25
89,Hive,hive (mixed),club-mixed,1677.2,26,2026,Revolution 2026,2026-07-11
90,Heat Wave,heat wave (mixed),club-mixed,1673.4,23,2026,Heat Up 2026,2026-07-18
91,Northern Comfort,northern comfort (mixed),club-mixed,1667.8,25,2026,Heavyweights 2026,2026-07-11
92,Voltaje U.C,voltaje u.c (mixed),club-mixed,1666.4,23,2026,2026 U.S. Open International Club Championships (ICC),2026-07-31
93,Shipwreck,shipwreck (mixed),club-mixed,1662.3,26,2026,June Bloom 2026,2026-06-20
94,Madison United Mixed Ultimate,madison united mixed ultimate (mixed),club-mixed,1662.1,25,2026,Bid in the Bend 2026,2026-08-01
95,Molasses Disaster,molasses disaster (mixed),club-mixed,1661.4,30,2026,Mixed Easterns 2026,2026-06-06
96,Bullet Train,bullet train (mixed),club-mixed,1659.9,21,2026,2026 Select Flight Invite - West,2026-07-25
97,Buffalo Lake Effect,buffalo lake effect (mixed),club-mixed,1655.6,25,2026,Boston Invite 2026,2026-07-11
98,Ant Madness,ant madness (mixed),club-mixed,1648.9,25,2026,Lehigh Valley Invite 2026,2026-08-01
99,Malice in Wonderland,malice in wonderland (mixed),club-mixed,1648.7,22,2026,Filling the Void 2026,2026-07-18
100,Lampshade,lampshade (mixed),club-mixed,1645.6,25,2026,Boston Invite 2026,2026-07-11
101,Indiana Pterodactyl Attack (IPA),indiana pterodactyl attack (ipa) (mixed),club-mixed,1645.1,21,2026,Motown Throwdown 2026,2026-06-27
102,Pegasus,pegasus (mixed),club-mixed,1643.5,25,2026,2026 Select Flight Invite - West,2026-07-25
103,Mango,mango (mixed),club-mixed,1642.9,26,2026,Revolution 2026,2026-07-11
104,Harfang ultimate,harfang ultimate (mixed),club-mixed,1641.4,12,2026,2026 Vermont Invite,2026-06-20
105,Prion,prion (mixed),club-mixed,1638.9,26,2026,Heavyweights 2026,2026-07-11
106,Chicago Parlay,chicago parlay (mixed),club-mixed,1636.5,25,2026,2026 Select Flight Invite East,2026-07-25
107,Legion,legion (mixed),club-mixed,1632.3,24,2026,Seven Cities Showdown 2026,2026-06-20
108,MCO,mco (mixed),club-mixed,1629.4,18,2026,Seven Cities Showdown 2026,2026-06-20
109,Queen City Gambit,queen city gambit (mixed),club-mixed,1621.2,20,2026,Heavyweights 2026,2026-07-11
110,Robot,robot (mixed),club-mixed,1620.6,22,2026,Revolution 2026,2026-07-11
111,Stackcats,stackcats (mixed),club-mixed,1620.5,26,2026,Bid in the Bend 2026,2026-08-01
112,Space Ghosts,space ghosts (mixed),club-mixed,1616.5,23,2026,2026 Select Flight Invite - West,2026-07-25
113,Armory,armory (mixed),club-mixed,1616.0,20,2026,RagnaRock 2026,2026-07-11
114,Toast!,toast! (mixed),club-mixed,1614.0,23,2026,Bid in the Bend 2026,2026-08-01
115,PS,ps (mixed),club-mixed,1613.1,25,2026,Lehigh Valley Invite 2026,2026-08-01
116,Taproot,taproot (mixed),club-mixed,1609.9,22,2026,2026 Antlerlock,2026-06-27
117,NY Swipes,ny swipes (mixed),club-mixed,1608.6,23,2026,Lehigh Valley Invite 2026,2026-08-01
118,Axolotls,axolotls (mixed),club-mixed,1599.5,23,2026,Lehigh Valley Invite 2026,2026-08-01
119,Sin Nombre,sin nombre (mixed),club-mixed,1596.3,25,2026,Revolution 2026,2026-07-11
120,Rainbow,rainbow (mixed),club-mixed,1593.7,23,2026,2026 Antlerlock,2026-06-27
121,League of Shadows,league of shadows (mixed),club-mixed,1589.4,26,2026,Boston Invite 2026,2026-07-11
122,Karma,karma (mixed),club-mixed,1581.6,23,2026,Colorado Summer Solstice 2026 Part 2,2026-06-20
123,Sugar High,sugar high (mixed),club-mixed,1580.5,22,2026,RagnaRock 2026,2026-07-11
124,Farm Show,farm show (mixed),club-mixed,1579.3,26,2026,Lehigh Valley Invite 2026,2026-08-01
125,T Party,t party (mixed),club-mixed,1577.8,21,2026,Boston Invite 2026,2026-07-11
126,solAR,solar (mixed),club-mixed,1571.5,26,2026,RagnaRock 2026,2026-07-11
127,Utah Sundrift,utah sundrift (mixed),club-mixed,1571.5,16,2026,Colorado Summer Solstice 2026 Part 2,2026-06-20
128,Cowpoke,cowpoke (mixed),club-mixed,1571.4,22,2026,Colorado Summer Solstice 2026 Part 2,2026-06-20
129,Family Style,family style (mixed),club-mixed,1563.8,20,2026,Revolution 2026,2026-07-11
130,Duck Parade,duck parade (mixed),club-mixed,1554.1,25,2026,Bid in the Bend 2026,2026-08-01
131,Blue Ridge Sasquatch,blue ridge sasquatch (mixed),club-mixed,1551.3,21,2026,Filling the Void 2026,2026-07-18
132,ConSTLation,constlation (mixed),club-mixed,1548.3,24,2026,Heavyweights 2026,2026-07-11
133,Aged Cheddar,aged cheddar (mixed),club-mixed,1544.7,23,2026,2026 Antlerlock,2026-06-27
134,Madison MUFAbots U20X,madison mufabots u20x (mixed),club-mixed,1541.6,25,2026,2026 Wisconsin Swiss,2026-06-20
135,Choco Ghost House,choco ghost house (mixed),club-mixed,1535.9,21,2026,Eugene Summer Solstice 2026,2026-06-27
136,Heavy Flow,heavy flow (mixed),club-mixed,1535.7,24,2026,PADA Flagship Tournament 2026,2026-06-20
137,Tempo,tempo (mixed),club-mixed,1532.4,22,2026,Club Terminus 2026,2026-06-27
138,Crucible,crucible (mixed),club-mixed,1530.4,26,2026,Bid in the Bend 2026,2026-08-01
139,MoonPi,moonpi (mixed),club-mixed,1528.6,21,2026,RagnaRock 2026,2026-07-11
140,Skooks,skooks (mixed),club-mixed,1528.0,15,2026,Lehigh Valley Invite 2026,2026-08-01
141,Drip,drip (mixed),club-mixed,1524.9,23,2026,Eugene Summer Solstice 2026,2026-06-27
142,Mad Udderburn,mad udderburn (mixed),club-mixed,1523.9,25,2026,Heavyweights 2026,2026-07-11
143,B-Unit,b-unit (mixed),club-mixed,1520.7,23,2026,Club Terminus 2026,2026-06-27
144,BOP,bop (mixed),club-mixed,1518.7,14,2026,Heat Up 2026,2026-07-18
145,Phlagstaff Ultimate,phlagstaff ultimate (mixed),club-mixed,1514.8,21,2026,June Bloom 2026,2026-06-20
146,Philadelphia Forge,philadelphia forge (mixed),club-mixed,1511.2,15,2026,PADA Flagship Tournament 2026,2026-06-20
147,Frostbite,frostbite (mixed),club-mixed,1509.6,26,2026,Heavyweights 2026,2026-07-11
148,FLI,fli (mixed),club-mixed,1506.9,22,2026,Lehigh Valley Invite 2026,2026-08-01
149,Magnanimouse,magnanimouse (mixed),club-mixed,1506.3,26,2026,Filling the Void 2026,2026-07-18
150,Boomtown Pandas,boomtown pandas (mixed),club-mixed,1501.6,26,2026,Heavyweights 2026,2026-07-11
151,Brooklyn Hive,brooklyn hive (mixed),club-mixed,1501.6,23,2026,Lehigh Valley Invite 2026,2026-08-01
152,S.O.S,s.o.s (mixed),club-mixed,1498.9,10,2026,Filling the Void 2026,2026-07-18
153,The Force,the force (mixed),club-mixed,1498.9,26,2026,Cheep Thrills 2026,2026-07-18
154,Mousetrap,mousetrap (mixed),club-mixed,1498.2,25,2026,Heavyweights 2026,2026-07-11
155,Limbo,limbo (mixed),club-mixed,1498.1,24,2026,Cheep Thrills 2026,2026-07-18
156,Equinox,equinox (mixed),club-mixed,1489.8,15,2026,2026 Antlerlock,2026-06-27
157,Beached Whales,beached whales (mixed),club-mixed,1488.5,27,2026,Mixed Easterns 2026,2026-06-06
158,Mashed,mashed (mixed),club-mixed,1487.9,24,2026,Lehigh Valley Invite 2026,2026-08-01
159,Jabba,jabba (mixed),club-mixed,1486.8,26,2026,Bid in the Bend 2026,2026-08-01
160,Jumbo Slice,jumbo slice (mixed),club-mixed,1486.8,24,2026,Lehigh Valley Invite 2026,2026-08-01
161,Lightning,lightning (mixed),club-mixed,1486.4,21,2026,Motown Throwdown 2026,2026-06-27
162,Grit City,grit city (mixed),club-mixed,1485.1,22,2026,Revolution 2026,2026-07-11
163,Dreamcatcher,dreamcatcher (mixed),club-mixed,1480.9,11,2026,Tulsa Summer Solstice 2026,2026-06-20
164,Young and the Restless,young and the restless (mixed),club-mixed,1478.6,20,2026,Boston Invite 2026,2026-07-11
165,Thunderpants the Magic Dragon,thunderpants the magic dragon (mixed),club-mixed,1476.0,24,2026,Bid in the Bend 2026,2026-08-01
166,Risky Business,risky business (mixed),club-mixed,1471.3,26,2026,RagnaRock 2026,2026-07-11
167,"All Jeeps, All Night. -A","all jeeps, all night. -a (mixed)",club-mixed,1470.8,25,2026,Colorado Summer Solstice 2026 Part 2,2026-06-20
168,Birds of Paradise,birds of paradise (mixed),club-mixed,1462.1,23,2026,Revolution 2026,2026-07-11
169,Skyhawks,skyhawks (mixed),club-mixed,1462.0,25,2026,Bid in the Bend 2026,2026-08-01
170,Goose Run,goose run (mixed),club-mixed,1457.9,26,2026,Eugene Summer Solstice 2026,2026-06-27
171,UFO Ultimate,ufo ultimate (mixed),club-mixed,1455.6,19,2026,Flickel City Classic,2026-07-11
172,Obelisk,obelisk (mixed),club-mixed,1453.2,24,2026,Seven Cities Showdown 2026,2026-06-20
173,Igneous Ultimate,igneous ultimate (mixed),club-mixed,1449.2,19,2026,Eugene Summer Solstice 2026,2026-06-27
174,Spoiler Alert,spoiler alert (mixed),club-mixed,1447.2,21,2026,Revolution 2026,2026-07-11
175,Scarecrow,scarecrow (mixed),club-mixed,1446.6,25,2026,Boston Invite 2026,2026-07-11
176,QCO,qco (mixed),club-mixed,1445.1,22,2026,RagnaRock 2026,2026-07-11
177,Columbus Chaos,columbus chaos (mixed),club-mixed,1440.3,22,2026,Glazed Daze 2026,2026-06-27
178,Melt,melt (mixed),club-mixed,1437.0,23,2026,Cheep Thrills 2026,2026-07-18
179,The Strangers,the strangers (mixed),club-mixed,1437.0,25,2026,Colorado Summer Solstice 2026 Part 2,2026-06-20
180,VU,vu (mixed),club-mixed,1435.1,26,2026,Revolution 2026,2026-07-11
181,Goose Chase,goose chase (mixed),club-mixed,1433.4,25,2026,Revolution 2026,2026-07-11
182,Rampage,rampage (mixed),club-mixed,1432.5,25,2026,Filling the Void 2026,2026-07-18
183,Philly Twist,philly twist (mixed),club-mixed,1431.3,15,2026,Lehigh Valley Invite 2026,2026-08-01
184,Pier Pressure,pier pressure (mixed),club-mixed,1428.8,26,2026,Seven Cities Showdown 2026,2026-06-20
185,Y'all,y'all (mixed),club-mixed,1425.8,22,2026,Lunar Landing,2026-06-20
186,ELevate,elevate (mixed),club-mixed,1425.6,26,2026,Bid in the Bend 2026,2026-08-01
187,JAWN,jawn (mixed),club-mixed,1423.2,25,2026,PADA Flagship Tournament 2026,2026-06-20
188,Squid Inc.,squid inc. (mixed),club-mixed,1420.1,19,2026,Heat Up 2026,2026-07-18
189,Erosion,erosion (mixed),club-mixed,1415.1,23,2026,Bay Area Ultimate Classic 2026,2026-06-20
190,UV Rays,uv rays (mixed),club-mixed,1410.1,18,2026,2026 Antlerlock,2026-06-27
191,STL CELESTIAL,stl celestial (mixed),club-mixed,1404.4,22,2026,Bid in the Bend 2026,2026-08-01
192,District Cocktails,district cocktails (mixed),club-mixed,1399.2,22,2026,Seven Cities Showdown 2026,2026-06-20
193,Lemonade Ultimate,lemonade ultimate (mixed),club-mixed,1397.2,26,2026,Cheep Thrills 2026,2026-07-18
194,Cutthroat,cutthroat (mixed),club-mixed,1388.9,25,2026,Eugene Summer Solstice 2026,2026-06-27
195,Bald Eagles,bald eagles (mixed),club-mixed,1382.6,16,2026,RagnaRock 2026,2026-07-11
196,Great Minnesota Get Together,great minnesota get together (mixed),club-mixed,1363.6,25,2026,Cheep Thrills 2026,2026-07-18
197,Pixel,pixel (mixed),club-mixed,1357.9,19,2026,Bid in the Bend 2026,2026-08-01
198,Mastodon,mastodon (mixed),club-mixed,1354.5,21,2026,Heavyweights 2026,2026-07-11
199,Buffalo Brain Freeze,buffalo brain freeze (mixed),club-mixed,1352.0,25,2026,Flickel City Classic,2026-07-11
200,Verdant,verdant (mixed),club-mixed,1328.8,20,2026,Filling the Void 2026,2026-07-18
201,The Midwest Goodbye,the midwest goodbye (mixed),club-mixed,1323.1,22,2026,Cheep Thrills 2026,2026-07-18
202,Fault Line,fault line (mixed),club-mixed,1313.3,24,2026,Colorado Summer Solstice 2026 Part 2,2026-06-20
203,Columbus Cohesion,columbus cohesion (mixed),club-mixed,1295.3,17,2026,Bid in the Bend 2026,2026-08-01
204,Moonlight Ultimate,moonlight ultimate (mixed),club-mixed,1292.8,23,2026,Revolution 2026,2026-07-11
205,Arms Race,arms race (mixed),club-mixed,1284.7,20,2026,Heavyweights 2026,2026-07-11
206,Voltage,voltage (mixed),club-mixed,1272.8,21,2026,PADA Flagship Tournament 2026,2026-06-20
207,Sugar Shack,sugar shack (mixed),club-mixed,1271.3,21,2026,2026 Antlerlock,2026-06-27
208,flATLine,flatline (mixed),club-mixed,1263.4,11,2026,Club Terminus 2026,2026-06-27
209,Domino Effect,domino effect (mixed),club-mixed,1249.1,24,2026,Boston Invite 2026,2026-07-11
210,Compost Plates,compost plates (mixed),club-mixed,1247.0,23,2026,Flickel City Classic,2026-07-11
211,Hartford Current,hartford current (mixed),club-mixed,1236.6,15,2026,Mixed Easterns 2026,2026-06-06
212,New South Soul,new south soul (mixed),club-mixed,1235.4,19,2026,RagnaRock 2026,2026-07-11
213,SkyLab,skylab (mixed),club-mixed,1215.6,24,2026,Eugene Summer Solstice 2026,2026-06-27
214,Lake Superior Disc,lake superior disc (mixed),club-mixed,1193.3,22,2026,Cheep Thrills 2026,2026-07-18
215,Takeout,takeout (mixed),club-mixed,1193.3,23,2026,Revolution 2026,2026-07-11
216,Geri-Mander,geri-mander (mixed),club-mixed,1126.0,18,2026,Cheep Thrills 2026,2026-07-18
1,Fury,fury (women's),club-women,2371.7,25,2026,2026 U.S. Open International Club Championships (ICC),2026-07-31
2,Scandal,scandal (women's),club-women,2312.0,26,2026,2026 U.S. Open International Club Championships (ICC),2026-07-31
3,Brute Squad,brute squad (women's),club-women,2281.9,22,2026,2026 U.S. Open International Club Championships (ICC),2026-07-31
4,Molly Brown,molly brown (women's),club-women,2182.4,26,2026,2026 U.S. Open International Club Championships (ICC),2026-07-31
5,6ixers,6ixers (women's),club-women,2111.0,22,2026,2026 U.S. Open International Club Championships (ICC),2026-07-31
6,BENT,bent (women's),club-women,2104.9,23,2026,2026 U.S. Open International Club Championships (ICC),2026-07-31
7,Seattle Riot,seattle riot (women's),club-women,2102.2,26,2026,2026 U.S. Open International Club Championships (ICC),2026-07-31
8,Flipside,flipside (women's),club-women,2027.3,21,2026,2026 U.S. Open International Club Championships (ICC),2026-07-31
9,Nightlock,nightlock (women's),club-women,2027.0,24,2026,2026 U.S. Open International Club Championships (ICC),2026-07-31
10,Schwa,schwa (women's),club-women,2005.4,26,2026,2026 U.S. Open International Club Championships (ICC),2026-07-31
11,Dimes,dimes (women's),club-women,1993.0,25,2026,2026 Select Flight Invite East,2026-07-25
12,Parcha,parcha (women's),club-women,1970.8,23,2026,2026 Pro Elite Challenge East,2026-06-27
13,LOL,lol (women's),club-women,1967.4,26,2026,2026 Select Flight Invite - West,2026-07-25
14,Flight,flight (women's),club-women,1955.4,25,2026,Swamp Seasonal Invite 2026,2026-07-11
15,Iris,iris (women's),club-women,1941.3,23,2026,2026 U.S. Open International Club Championships (ICC),2026-07-31
16,Pop,pop (women's),club-women,1912.8,22,2026,Swamp Seasonal Invite 2026,2026-07-11
17,Phoenix,phoenix (women's),club-women,1900.2,24,2026,Swamp Seasonal Invite 2026,2026-07-11
18,Nemesis,nemesis (women's),club-women,1889.8,22,2026,2026 Select Flight Invite East,2026-07-25
19,Heist,heist (women's),club-women,1889.2,23,2026,2026 Select Flight Invite East,2026-07-25
20,Starling,starling (women's),club-women,1883.9,24,2026,2026 Select Flight Invite East,2026-07-25
21,Traffic,traffic (women's),club-women,1872.0,22,2026,2026 Pro Elite Challenge West,2026-07-11
22,Colorado Kelp,colorado kelp (women's),club-women,1859.1,23,2026,2026 U.S. Open International Club Championships (ICC),2026-07-31
23,Stella,stella (women's),club-women,1854.6,20,2026,Lehigh Valley Invite 2026,2026-08-01
24,plek,plek (women's),club-women,1852.8,20,2026,Colorado Summer Solstice 2026 Part 2,2026-06-20
25,Vengeance,vengeance (women's),club-women,1852.4,21,2026,2026 Select Flight Invite East,2026-07-25
26,Takedown,takedown (women's),club-women,1829.5,19,2026,Scuffletown Throwdown 2026,2026-06-13
27,Grit,grit (women's),club-women,1811.0,25,2026,2026 Pro Elite Challenge East,2026-06-27
28,San Antonio Problems,san antonio problems (women's),club-women,1807.9,18,2026,Heavyweights 2026,2026-07-11
29,Stellar,stellar (women's),club-women,1799.8,19,2026,2026 Select Flight Invite East,2026-07-25
30,Omega Continuum,omega continuum (women's),club-women,1797.7,10,2026,SCINNY 2026,2026-06-20
31,Siege,siege (women's),club-women,1762.6,25,2026,2026 Select Flight Invite East,2026-07-25
32,Wildfire,wildfire (women's),club-women,1759.7,17,2026,2026 Select Flight Invite - West,2026-07-25
33,Agency,agency (women's),club-women,1753.5,25,2026,2026 Select Flight Invite East,2026-07-25
34,Wicked,wicked (women's),club-women,1747.6,22,2026,2026 Select Flight Invite East,2026-07-25
35,Pizza Rat,pizza rat (women's),club-women,1743.3,21,2026,2026 Select Flight Invite East,2026-07-25
36,Dark Sky,dark sky (women's),club-women,1743.1,15,2026,2026 Select Flight Invite - West,2026-07-25
37,Ozone,ozone (women's),club-women,1742.2,21,2026,2026 Pro Elite Challenge East,2026-06-27
38,Magma,magma (women's),club-women,1726.6,23,2026,2026 Select Flight Invite East,2026-07-25
39,Zephyr,zephyr (women's),club-women,1705.9,26,2026,Lehigh Valley Invite 2026,2026-08-01
40,River Monsters,river monsters (women's),club-women,1697.9,17,2026,Heavyweights 2026,2026-07-11
41,Calypso,calypso (women's),club-women,1692.4,20,2026,Lehigh Valley Invite 2026,2026-08-01
42,Valley Ultimate,valley ultimate (women's),club-women,1689.0,20,2026,Boston Invite 2026,2026-07-11
43,Brooklyn Book Club,brooklyn book club (women's),club-women,1685.4,22,2026,2026 Select Flight Invite East,2026-07-25
44,FAB,fab (women's),club-women,1684.4,21,2026,2026 Select Flight Invite - West,2026-07-25
45,Vice,vice (women's),club-women,1682.9,23,2026,Lehigh Valley Invite 2026,2026-08-01
46,Gila Monster,gila monster (women's),club-women,1679.2,14,2026,Colorado Summer Solstice 2026 Part 2,2026-06-20
47,Indy Rogue,indy rogue (women's),club-women,1669.3,21,2026,2026 Select Flight Invite East,2026-07-25
48,Dolly For President,dolly for president (women's),club-women,1665.2,26,2026,2026 Pro Elite Challenge East,2026-06-27
49,Oregon Downpour,oregon downpour (women's),club-women,1663.2,15,2026,Eugene Summer Solstice 2026,2026-06-27
50,Seven Devils,seven devils (women's),club-women,1660.6,17,2026,Eugene Summer Solstice 2026,2026-06-27
51,Shiver,shiver (women's),club-women,1647.1,20,2026,2026 Select Flight Invite East,2026-07-25
52,Wave,wave (women's),club-women,1639.8,26,2026,Lehigh Valley Invite 2026,2026-08-01
53,Trainwreck,trainwreck (women's),club-women,1639.5,15,2026,Heavyweights 2026,2026-07-11
54,Rampage,rampage (women's),club-women,1626.3,17,2026,2026 Select Flight Invite - West,2026-07-25
55,Virginia Rebellion,virginia rebellion (women's),club-women,1600.4,21,2026,Scuffletown Throwdown 2026,2026-06-13
56,Solstice,solstice (women's),club-women,1598.3,24,2026,Heavyweights 2026,2026-07-11
57,Void Cat Rewind,void cat rewind (women's),club-women,1595.5,24,2026,2026 Select Flight Invite - West,2026-07-25
58,Colorado Cutthroat U-20 Girls,colorado cutthroat u-20 girls (women's),club-women,1584.8,21,2026,Colorado Summer Solstice 2026 Part 2,2026-06-20
59,Scuffletownies,scuffletownies (women's),club-women,1583.8,22,2026,Scuffletown Throwdown 2026,2026-06-13
60,C’ville Sirens,c’ville sirens (women's),club-women,1575.9,15,2026,Scuffletown Throwdown 2026,2026-06-13
61,Pine Baroness,pine baroness (women's),club-women,1569.4,26,2026,Lehigh Valley Invite 2026,2026-08-01
62,Minnesota Superior U20G,minnesota superior u20g (women's),club-women,1566.2,17,2026,Heavyweights 2026,2026-07-11
63,CHAOS,chaos (women's),club-women,1565.7,20,2026,Club Terminus 2026,2026-06-27
64,California Current,california current (women's),club-women,1565.4,13,2026,Summer Bash 2026,2026-06-27
65,Dish,dish (women's),club-women,1556.0,24,2026,Heavyweights 2026,2026-07-11
66,Sureshot,sureshot (women's),club-women,1550.8,17,2026,2026 Select Flight Invite East,2026-07-25
67,Dissent,dissent (women's),club-women,1539.6,22,2026,Lehigh Valley Invite 2026,2026-08-01
68,Haboob,haboob (women's),club-women,1539.1,13,2026,2026 Select Flight Invite - West,2026-07-25
69,Crush City,crush city (women's),club-women,1538.9,15,2026,Heavyweights 2026,2026-07-11
70,Sacramento Delta,sacramento delta (women's),club-women,1538.8,21,2026,2026 Select Flight Invite - West,2026-07-25
71,Warhawks,warhawks (women's),club-women,1536.4,16,2026,Scuffletown Throwdown 2026,2026-06-13
72,Medusa,medusa (women's),club-women,1533.8,21,2026,Heavyweights 2026,2026-07-11
73,Incline,incline (women's),club-women,1516.4,20,2026,Lehigh Valley Invite 2026,2026-08-01
74,Seattle Soul,seattle soul (women's),club-women,1510.9,22,2026,Eugene Summer Solstice 2026,2026-06-27
75,Compact Disc,compact disc (women's),club-women,1501.8,20,2026,Heavyweights 2026,2026-07-11
76,Portland Rain Check,portland rain check (women's),club-women,1484.1,19,2026,Eugene Summer Solstice 2026,2026-06-27
77,Lake Erie Walleye,lake erie walleye (women's),club-women,1458.0,20,2026,2026 Select Flight Invite East,2026-07-25
78,Frosted,frosted (women's),club-women,1453.7,17,2026,Heavyweights 2026,2026-07-11
79,Versa,versa (women's),club-women,1453.5,23,2026,Lehigh Valley Invite 2026,2026-08-01
80,COSMOS,cosmos (women's),club-women,1445.7,18,2026,Colorado Summer Solstice 2026 Part 2,2026-06-20
81,BUDA U20G,buda u20g (women's),club-women,1441.3,22,2026,Boston Invite 2026,2026-07-11
82,Minnesota Superior U17G,minnesota superior u17g (women's),club-women,1427.1,25,2026,Heavyweights 2026,2026-07-11
83,cATLanta,catlanta (women's),club-women,1413.7,12,2026,Club Terminus 2026,2026-06-27
84,Syrup!,syrup! (women's),club-women,1395.6,12,2026,Lehigh Valley Invite 2026,2026-08-01
85,Just Add Water,just add water (women's),club-women,1395.1,16,2026,Summer Bash 2026,2026-06-27
86,Frolic,frolic (women's),club-women,1378.4,21,2026,Boston Invite 2026,2026-07-11
87,Central Wisconsin Phoenix,central wisconsin phoenix (women's),club-women,1367.9,12,2026,Heavyweights 2026,2026-07-11
88,Goat Farm,goat farm (women's),club-women,1340.9,23,2026,Club Terminus 2026,2026-06-27
89,Tempo,tempo (women's),club-women,1319.5,18,2026,2026 Select Flight Invite - West,2026-07-25
90,SMISKI,smiski (women's),club-women,1304.0,14,2026,Lehigh Valley Invite 2026,2026-08-01
91,Ultraviolet,ultraviolet (women's),club-women,1267.9,18,2026,2026 Select Flight Invite - West,2026-07-25
92,Virginia Valkyrie,virginia valkyrie (women's),club-women,1252.5,16,2026,Scuffletown Throwdown 2026,2026-06-13
93,Lakeshore Drive,lakeshore drive (women's),club-women,1222.4,22,2026,Heavyweights 2026,2026-07-11
1,Oregon (Ego),oregon (ego),college,2130.9,26,2026,2026 D-I College Championships,2026-05-22
2,Massachusetts (Zoodisc),massachusetts (zoodisc),college,2117.4,25,2026,2026 D-I College Championships,2026-05-22
3,Carleton College (CUT),carleton college (cut),college,2110.3,31,2026,2026 D-I College Championships,2026-05-22
4,Colorado (Mamabird),colorado (mamabird),college,2046.1,33,2026,2026 D-I College Championships,2026-05-22
5,Middlebury (Pranksters),middlebury (pranksters),college,1983.2,24,2026,UMass Invite 2026,2026-02-28
6,Cal Poly-SLO (SLOCORE),cal poly-slo (slocore),college,1971.2,25,2026,2026 D-I College Championships,2026-05-22
7,North Carolina (Darkside),north carolina (darkside),college,1957.2,27,2026,2026 D-I College Championships,2026-05-22
8,Oregon State (Beavers),oregon state (beavers),college,1954.7,28,2026,2026 D-I College Championships,2026-05-22
9,Pittsburgh (En Sabah Nur),pittsburgh (en sabah nur),college,1944.5,27,2026,2026 D-I College Championships,2026-05-22
10,California-Santa Cruz (Slugs),california-santa cruz (slugs),college,1873.9,25,2026,2026 D-I College Championships,2026-05-22
11,Washington (Sundodgers),washington (sundodgers),college,1866.8,30,2026,2026 D-I College Championships,2026-05-22
12,Davenport (Panthers),davenport (panthers),college,1861.0,20,2026,Great Lakes D-I College Men's Regionals,2026-04-25
13,Penn State (Spank),penn state (spank),college,1855.4,27,2026,2026 D-I College Championships,2026-05-22
14,Brown (Brownian Motion),brown (brownian motion),college,1854.4,24,2026,2026 D-I College Championships,2026-05-22
15,Western Washington (DIRT),western washington (dirt),college,1839.0,23,2026,2026 D-I College Championships,2026-05-22
16,Carleton College-CHOP (Carleton House of Pancakes),carleton college-chop (carleton house of pancakes),college,1833.5,26,2026,Atlantic Coast Open 2026,2026-03-21
17,Georgia Tech (Tribe),georgia tech (tribe),college,1831.1,25,2026,2026 D-I College Championships,2026-05-22
18,Maryland (Maryland Ultimate),maryland (maryland ultimate),college,1825.3,32,2026,2026 D-I College Championships,2026-05-22
19,Texas (TUFF),texas (tuff),college,1824.6,29,2026,2026 D-I College Championships,2026-05-22
20,Michigan (MagnUM),michigan (magnum),college,1822.7,28,2026,2026 D-I College Championships,2026-05-22
21,Utah (Zion Curtain),utah (zion curtain),college,1807.9,26,2026,2026 D-I College Championships,2026-05-22
22,Minnesota (Minnesota A),minnesota (minnesota a),college,1801.5,25,2026,North Central D-I College Men's Regionals,2026-04-25
23,Wisconsin (Hodags),wisconsin (hodags),college,1792.4,26,2026,North Central D-I College Men's Regionals,2026-04-25
24,Vermont (Chill),vermont (chill),college,1783.9,28,2026,New England D-I College Men's Regionals,2026-05-02
25,North Carolina-Wilmington (Seamen),north carolina-wilmington (seamen),college,1773.7,25,2026,Atlantic Coast D-I College Men's Regionals,2026-05-02
26,Victoria (Vikes),victoria (vikes),college,1772.9,26,2026,Northwest D-I College Men's Regionals,2026-05-02
27,Ottawa (Gee-Gees),ottawa (gee-gees),college,1770.3,24,2026,Metro East D-I College Men's Regionals,2026-04-25
28,British Columbia (Thunderbirds),british columbia (thunderbirds),college,1762.7,25,2026,Northwest D-I College Men's Regionals,2026-05-02
29,Illinois (Rise),illinois (rise),college,1749.0,27,2026,Great Lakes D-I College Men's Regionals,2026-04-25
30,Lewis & Clark (Bacchus ),lewis & clark (bacchus ),college,1747.0,23,2026,Stanford Invite 2026,2026-03-14
31,Chicago (Fission),chicago (fission),college,1737.2,31,2026,Great Lakes D-I College Men's Regionals,2026-04-25
32,Elon (Big Fat Bomb),elon (big fat bomb),college,1736.5,24,2026,Easterns Qualifier 2026,2026-02-21
33,Oklahoma Christian (Eagles),oklahoma christian (eagles),college,1736.4,22,2026,Snow Melt 2026,2026-02-28
34,Williams (WUFO),williams (wufo),college,1732.4,34,2026,The Grand Northeast Kickoff,2026-03-07
35,Virginia (Night Train),virginia (night train),college,1726.1,26,2026,Atlantic Coast D-I College Men's Regionals,2026-05-02
36,McGill (MUT),mcgill (mut),college,1725.8,23,2026,2026 D-I College Championships,2026-05-22
37,UCLA (Smaug),ucla (smaug),college,1725.5,24,2026,Southwest D-I College Men's Regionals,2026-04-25
38,Tufts (Elephant Men),tufts (elephant men),college,1722.7,24,2026,New England D-I College Men's Regionals,2026-05-02
39,Brigham Young (CHI),brigham young (chi),college,1710.4,24,2026,Northwest Challenge-Men,2026-03-06
40,Claremont (Braineaters),claremont (braineaters),college,1697.1,27,2026,Southwest Showdown 2026,2026-03-07
41,Emory (Emory Juice),emory (emory juice),college,1690.0,28,2026,Southeast D-I College Men's Regionals,2026-04-25
42,Utah Valley (Utah Valley Ultimate),utah valley (utah valley ultimate),college,1689.1,25,2026,Northwest D-I College Men's Regionals,2026-05-02
43,California (Ursa Major),california (ursa major),college,1685.3,20,2026,Southwest D-I College Men's Regionals,2026-04-25
44,St Olaf (Berzerkers),st olaf (berzerkers),college,1681.4,29,2026,Huck Finn 2026,2026-03-27
45,Virginia Tech (Burn),virginia tech (burn),college,1680.8,31,2026,Atlantic Coast D-I College Men's Regionals,2026-05-02
46,Ohio State (Leadbelly),ohio state (leadbelly),college,1678.2,27,2026,Ohio Valley D-I College Men's Regionals,2026-05-02
47,Tennessee (Tennessee),tennessee (tennessee),college,1666.8,26,2026,Southeast D-I College Men's Regionals,2026-04-25
48,Franciscan (Fatal),franciscan (fatal),college,1666.8,21,2026,Needle in a Ho-Stack 2026,2026-03-28
49,Colorado Mines (Entropy),colorado mines (entropy),college,1664.7,24,2026,Snow Melt 2026,2026-02-28
50,Colorado State (Hibida),colorado state (hibida),college,1660.8,25,2026,South Central D-I College Men's Regionals,2026-04-25
51,California-San Diego (Air Squids),california-san diego (air squids),college,1657.3,25,2026,Southwest D-I College Men's Regionals,2026-04-25
52,Northeastern (Huskies),northeastern (huskies),college,1654.1,26,2026,New England D-I College Men's Regionals,2026-05-02
53,Georgetown (Justice),georgetown (justice),college,1653.2,35,2026,Atlantic Coast D-I College Men's Regionals,2026-05-02
54,Tulane (Tucks),tulane (tucks),college,1643.5,32,2026,Southeast D-I College Men's Regionals,2026-04-25
55,Temple (Alert),temple (alert),college,1639.8,29,2026,Ohio Valley D-I College Men's Regionals,2026-05-02
56,William & Mary (Merry Men),william & mary (merry men),college,1636.8,30,2026,Atlantic Coast D-I College Men's Regionals,2026-05-02
57,Stanford (Stanford Men's Ultimate Team),stanford (stanford men's ultimate team),college,1635.3,23,2026,Southwest D-I College Men's Regionals,2026-04-25
58,Iowa State (ISUC),iowa state (isuc),college,1629.3,27,2026,North Central D-I College Men's Regionals,2026-04-25
59,Purdue (Undue Ultimate),purdue (undue ultimate),college,1625.9,27,2026,Great Lakes D-I College Men's Regionals,2026-04-25
60,Cincinnati (Bearcats),cincinnati (bearcats),college,1619.8,22,2026,Ohio Valley D-I College Men's Regionals,2026-05-02
61,SUNY-Binghamton (SUNY-Binghamton),suny-binghamton (suny-binghamton),college,1619.3,23,2026,Metro East D-I College Men's Regionals,2026-04-25
62,Syracuse (Doom),syracuse (doom),college,1616.9,24,2026,Metro East D-I College Men's Regionals,2026-04-25
63,Macalester (Flat Earth),macalester (flat earth),college,1614.7,23,2026,Old Capitol Open 2026,2026-03-28
64,Kenyon (SERF),kenyon (serf),college,1611.3,23,2026,Corny Classic College 2026,2026-03-28
65,California-Santa Barbara (Black Tide),california-santa barbara (black tide),college,1610.9,26,2026,Southwest D-I College Men's Regionals,2026-04-25
66,Washington University (Contra),washington university (contra),college,1609.8,23,2026,South Central D-I College Men's Regionals,2026-04-25
67,Yale (Süperfly),yale (süperfly),college,1606.7,27,2026,2026 D-I College Championships,2026-05-22
68,Bowdoin (Clown),bowdoin (clown),college,1603.3,16,2026,UMass Invite 2026,2026-02-28
69,Ithaca (Nawshus Ultimate),ithaca (nawshus ultimate),college,1598.2,22,2026,East Coast Invite 2026,2026-03-28
70,North Carolina State (NC State Alpha),north carolina state (nc state alpha),college,1597.8,31,2026,Atlantic Coast D-I College Men's Regionals,2026-05-02
71,Notre Dame (Papal Rage),notre dame (papal rage),college,1597.6,26,2026,Great Lakes D-I College Men's Regionals,2026-04-25
72,Michigan State (ARC),michigan state (arc),college,1596.9,27,2026,Great Lakes D-I College Men's Regionals,2026-04-25
73,Alabama-Huntsville (Nightmares),alabama-huntsville (nightmares),college,1594.8,20,2026,Southeast D-I College Men's Regionals,2026-04-25
74,Utah State (Scotsmen),utah state (scotsmen),college,1586.1,19,2026,Northwest D-I College Men's Regionals,2026-05-02
75,Cornell (Buds),cornell (buds),college,1582.1,25,2026,Metro East D-I College Men's Regionals,2026-04-25
76,Hillsdale (Chargers),hillsdale (chargers),college,1580.2,14,2026,Grand Rapids Invite 2026,2026-03-14
77,Ave Maria (Gyrenes),ave maria (gyrenes),college,1576.6,24,2026,Tally Classic XX,2026-03-14
78,Berry (Bucks),berry (bucks),college,1575.5,24,2026,Florida Warm Up 2026,2026-01-30
79,Richmond (Spidermonkeys),richmond (spidermonkeys),college,1575.2,35,2026,Atlantic Coast Open 2026,2026-03-21
80,Colorado College (Wasabi),colorado college (wasabi),college,1574.8,27,2026,Centex 2026,2026-03-13
81,Kentucky (KULT),kentucky (kult),college,1572.0,22,2026,Great Lakes D-I College Men's Regionals,2026-04-25
82,Carnegie Mellon (Mr. Yuk),carnegie mellon (mr. yuk),college,1564.3,25,2026,Ohio Valley D-I College Men's Regionals,2026-05-02
83,Simon Fraser (SFU Red Leafs),simon fraser (sfu red leafs),college,1563.1,26,2026,Cascadia D-I Men's Conferences,2026-04-11
84,SUNY-Buffalo (Green Eggs and Ham),suny-buffalo (green eggs and ham),college,1556.5,25,2026,Metro East D-I College Men's Regionals,2026-04-25
85,Whitman (Whitman Sweets),whitman (whitman sweets),college,1554.9,22,2026,Stanford Invite 2026,2026-03-14
86,Boston College (Eagles),boston college (eagles),college,1553.5,23,2026,New England D-I College Men's Regionals,2026-05-02
87,Florida (Florida),florida (florida),college,1553.3,28,2026,Southeast D-I College Men's Regionals,2026-04-25
88,Marquette (Birdhouse),marquette (birdhouse),college,1550.0,24,2026,North Central D-I College Men's Regionals,2026-04-25
89,West Chester (West Chester),west chester (west chester),college,1549.5,26,2026,Ohio Valley D-I College Men's Regionals,2026-05-02
90,Alabama (Yellow Hammer),alabama (yellow hammer),college,1540.7,27,2026,Southeast D-I College Men's Regionals,2026-04-25
91,Florida State (DUF),florida state (duf),college,1535.4,23,2026,Southeast D-I College Men's Regionals,2026-04-25
92,SUNY-Cortland  (Team Rocket),suny-cortland (team rocket),college,1535.1,18,2026,Northeast Classic 2026,2026-03-28
93,Rhode Island (RIUT),rhode island (riut),college,1531.4,19,2026,New England D-I College Men's Regionals,2026-05-02
94,Colorado-B (CUCU),colorado-b (cucu),college,1531.0,25,2026,South Central D-I College Men's Regionals,2026-04-25
95,Rochester (Piggies),rochester (piggies),college,1528.6,23,2026,East Coast Invite 2026,2026-03-28
96,Truman State (JujiTSU),truman state (jujitsu),college,1527.2,17,2026,Rockford Meltdown 26,2026-03-21
97,Wisconsin-Eau Claire (EauZone),wisconsin-eau claire (eauzone),college,1527.1,20,2026,Old Capitol Open 2026,2026-03-28
98,Northwestern (Lake Effect),northwestern (lake effect),college,1523.4,26,2026,Great Lakes D-I College Men's Regionals,2026-04-25
99,Butler (Butler Big Dog),butler (butler big dog),college,1519.6,14,2026,Butler Spring Fling 2026,2026-03-21
100,Washington-B (Washington B),washington-b (washington b),college,1518.7,20,2026,Cascadia D-I Men's Conferences,2026-04-11
101,Southern Illinois-Edwardsville (SIEGE),southern illinois-edwardsville (siege),college,1518.5,17,2026,Great Lakes D-I College Men's Regionals,2026-04-25
102,Appalachian State (Nomads),appalachian state (nomads),college,1517.8,27,2026,Atlantic Coast D-I College Men's Regionals,2026-05-02
103,North Carolina-Charlotte (Charlotte Skyrise),north carolina-charlotte (charlotte skyrise),college,1516.8,23,2026,Atlantic Coast D-I College Men's Regionals,2026-05-02
104,Texas A&M (Dozen),texas a&m (dozen),college,1516.6,27,2026,South Central D-I College Men's Regionals,2026-04-25
105,North Carolina-B (BatCH),north carolina-b (batch),college,1515.9,27,2026,Atlantic Coast D-I College Men's Regionals,2026-05-02
106,George Mason (Meteors),george mason (meteors),college,1514.6,23,2026,Atlantic Coast D-I College Men's Regionals,2026-05-02
107,Kansas (Horrorzontals),kansas (horrorzontals),college,1514.3,27,2026,South Central D-I College Men's Regionals,2026-04-25
108,Georgia State (Underground),georgia state (underground),college,1513.1,29,2026,Southeast D-I College Men's Regionals,2026-04-25
109,East Carolina (Irates),east carolina (irates),college,1510.6,20,2026,Atlantic Coast D-I College Men's Regionals,2026-05-02
110,Haverford (Big Donkey Ultimate),haverford (big donkey ultimate),college,1509.6,24,2026,East Coast Invite 2026,2026-03-28
111,James Madison (Hellfish),james madison (hellfish),college,1509.4,25,2026,Atlantic Coast D-I College Men's Regionals,2026-05-02
112,North Carolina-Asheville (Mudpuppy),north carolina-asheville (mudpuppy),college,1508.1,15,2026,Carolina Kickoff 2026,2026-01-30
113,Dartmouth (Pain Train),dartmouth (pain train),college,1503.6,25,2026,New England D-I College Men's Regionals,2026-05-02
114,Iowa (IHUC),iowa (ihuc),college,1500.4,22,2026,North Central D-I College Men's Regionals,2026-04-25
115,Johns Hopkins (Dangerzone),johns hopkins (dangerzone),college,1500.0,26,2026,Atlantic Coast D-I College Men's Regionals,2026-05-02
116,British Columbia -B (B-Birds),british columbia -b (b-birds),college,1496.3,30,2026,Northwest D-I College Men's Regionals,2026-05-02
117,Delaware (Sideshow),delaware (sideshow),college,1495.2,24,2026,Atlantic Coast D-I College Men's Regionals,2026-05-02
118,Portland (Uprise),portland (uprise),college,1488.7,17,2026,PLU Mens+BBQ 2026,2026-02-21
119,Mississippi State (Dark Horse),mississippi state (dark horse),college,1487.8,36,2026,Southeast D-I College Men's Regionals,2026-04-25
120,Missouri (Missouri),missouri (missouri),college,1485.3,28,2026,South Central D-I College Men's Regionals,2026-04-25
121,Arizona State (Prime),arizona state (prime),college,1483.1,26,2026,Southwest D-I College Men's Regionals,2026-04-25
122,Pennsylvania (Void),pennsylvania (void),college,1479.5,23,2026,Ohio Valley D-I College Men's Regionals,2026-05-02
123,Parkland - PLU Alumni,parkland - plu alumni,college,1476.3,10,2026,PLU Mens+BBQ 2026,2026-02-21
124,LSU (Purple Haze),lsu (purple haze),college,1476.2,23,2026,Gulf Coast D-I Men's Conferences,2026-04-11
125,Princeton (Clockwork),princeton (clockwork),college,1476.1,29,2026,Metro East D-I College Men's Regionals,2026-04-25
126,Vermont-B (Chill Dev),vermont-b (chill dev),college,1474.6,26,2026,New England D-I College Men's Regionals,2026-05-02
127,Davidson (DUFF),davidson (duff),college,1466.2,33,2026,Atlantic Coast Open 2026,2026-03-21
128,California-Irvine (Nightlife),california-irvine (nightlife),college,1465.3,22,2026,Southwest D-I College Men's Regionals,2026-04-25
129,Cedarville (Swarm),cedarville (swarm),college,1463.7,24,2026,Grand Rapids Invite 2026,2026-03-14
130,Georgia (Jojah),georgia (jojah),college,1462.5,24,2026,Southeast D-I College Men's Regionals,2026-04-25
131,San Diego State (Federales ),san diego state (federales ),college,1460.7,23,2026,Southwest D-I College Men's Regionals,2026-04-25
132,Oregon -B (Bucks),oregon -b (bucks),college,1460.0,20,2026,Cascadia D-I Men's Conferences,2026-04-11
133,Montana State (Rum Runners),montana state (rum runners),college,1453.3,18,2026,Northwest D-I College Men's Regionals,2026-05-02
134,Northern Iowa (AmmUNItion),northern iowa (ammunition),college,1453.0,19,2026,North Central D-I College Men's Regionals,2026-04-25
135,Brandeis (TRON),brandeis (tron),college,1452.6,23,2026,The Grand Northeast Kickoff,2026-03-07
136,Colby (CDC (Men's)),colby (cdc (men's)),college,1452.6,27,2026,New England Open (men),2026-03-21
137,Grand Canyon (Lopes),grand canyon (lopes),college,1450.6,22,2026,Southwest D-I College Men's Regionals,2026-04-25
138,Winona State (Experience),winona state (experience),college,1445.1,12,2026,Old Capitol Open 2026,2026-03-28
139,Ohio (Trout),ohio (trout),college,1439.3,25,2026,Ohio Valley D-I College Men's Regionals,2026-05-02
140,Massachusetts -B (Umass Amherst Developmental),massachusetts -b (umass amherst developmental),college,1434.8,30,2026,New England D-I College Men's Regionals,2026-05-02
141,Boston University (Boston University),boston university (boston university),college,1432.7,27,2026,New England D-I College Men's Regionals,2026-05-02
142,Amherst (Army of Darkness),amherst (army of darkness),college,1431.7,29,2026,Northeast Classic 2026,2026-03-28
143,Oregon State-B (Oregon State B),oregon state-b (oregon state b),college,1428.7,22,2026,Cascadia D-I Men's Conferences,2026-04-11
144,Brigham Young-B (CHI B),brigham young-b (chi b),college,1428.1,18,2026,Big Sky D-I Men's Conferences,2026-04-11
145,Santa Clara-B (SCRATCH),santa clara-b (scratch),college,1427.4,26,2026,Stanford Open 2026,2026-02-07
146,Baylor (Stonewall),baylor (stonewall),college,1426.4,18,2026,South Central D-I College Men's Regionals,2026-04-25
147,Santa Clara (SCAB),santa clara (scab),college,1425.1,30,2026,Stanford Invite 2026,2026-03-14
148,Wisconsin-Milwaukee (Black Cat),wisconsin-milwaukee (black cat),college,1424.9,21,2026,North Central D-I College Men's Regionals,2026-04-25
149,Connecticut (UConn Huskies),connecticut (uconn huskies),college,1420.6,24,2026,Metro East D-I College Men's Regionals,2026-04-25
150,Lehigh (Lehigh ),lehigh (lehigh ),college,1418.6,24,2026,Ohio Valley D-I College Men's Regionals,2026-05-02
151,Denver (Sourdough),denver (sourdough),college,1418.1,29,2026,South Central D-I College Men's Regionals,2026-04-25
152,Michigan Tech (DiscoTech),michigan tech (discotech),college,1417.4,24,2026,Old Capitol Open 2026,2026-03-28
153,George Washington (George Washington Men’s Club Ultimate),george washington (george washington men’s club ultimate),college,1417.1,20,2026,Colonial D-I Men's Conferences,2026-04-18
154,Rutgers (Machine),rutgers (machine),college,1415.8,30,2026,Metro East D-I College Men's Regionals,2026-04-25
155,Union (Tennessee) (Union Jaxx),union (tennessee) (union jaxx),college,1412.8,21,2026,Huck Finn 2026,2026-03-27
156,Central Connecticut State (Yetis),central connecticut state (yetis),college,1409.0,14,2026,Northeast Classic 2026,2026-03-28
157,Pennsylvania Western (Haggis),pennsylvania western (haggis),college,1407.5,10,2026,Jersey Devil 2026,2026-03-21
158,Liberty (Flames),liberty (flames),college,1407.2,22,2026,Virginia D-I Men's Conferences,2026-04-11
159,Indiana (HoosierMama?s),indiana (hoosiermama?s),college,1407.1,28,2026,Great Lakes D-I College Men's Regionals,2026-04-25
160,Texas-San Antonio (Siesta),texas-san antonio (siesta),college,1407.1,22,2026,South Central D-I College Men's Regionals,2026-04-25
161,Asbury (Asbury Ultimate),asbury (asbury ultimate),college,1403.7,14,2026,Needle in a Ho-Stack 2026,2026-03-28
162,Case Western Reserve (Fighting Gobies[A]),case western reserve (fighting gobies[a]),college,1401.4,27,2026,Ohio Valley D-I College Men's Regionals,2026-05-02
163,Maine (Snositi),maine (snositi),college,1399.8,16,2026,Greater New England D-I Men's Conferences,2026-04-11
164,Grand Valley (Lakers),grand valley (lakers),college,1396.0,16,2026,Great Lakes D-I College Men's Regionals,2026-04-25
165,Michigan-B (Michigan-B),michigan-b (michigan-b),college,1395.2,31,2026,Great Lakes D-I College Men's Regionals,2026-04-25
166,Lewis & Clark-B (BBacchus),lewis & clark-b (bbacchus),college,1393.2,24,2026,PLU Mens+BBQ 2026,2026-02-21
167,Chico State (Chico State),chico state (chico state),college,1392.7,18,2026,Southwest D-I College Men's Regionals,2026-04-25
168,Skidmore (Wombats),skidmore (wombats),college,1389.8,23,2026,Northeast Classic 2026,2026-03-28
169,Clemson (Joint Chiefs of Waft),clemson (joint chiefs of waft),college,1389.8,28,2026,Carolina D-I Men's Conferences,2026-04-11
170,Minnesota-B (Minnesota B),minnesota-b (minnesota b),college,1387.2,22,2026,North Central D-I College Men's Regionals,2026-04-25
171,Duke (Brimstone),duke (brimstone),college,1384.6,32,2026,Carolina D-I Men's Conferences,2026-04-11
172,St John's (Minnesota) (BAM),st john's (minnesota) (bam),college,1384.0,15,2026,Old Capitol Open 2026,2026-03-28
173,Cal Poly-SLO-B (SLOB),cal poly-slo-b (slob),college,1382.8,29,2026,Southwest D-I College Men's Regionals,2026-04-25
174,Embry-Riddle (Dirty Birds),embry-riddle (dirty birds),college,1382.0,16,2026,Needle in a Ho-Stack 2026,2026-03-28
175,Vassar (Swinging Monks),vassar (swinging monks),college,1379.6,22,2026,Northeast Classic 2026,2026-03-28
176,Auburn (Aetos),auburn (aetos),college,1374.8,18,2026,Southeast D-I College Men's Regionals,2026-04-25
177,Nebraska (Cornfed Ultimate),nebraska (cornfed ultimate),college,1372.3,21,2026,North Central D-I College Men's Regionals,2026-04-25
178,Louisville (LUCKY),louisville (lucky),college,1369.5,11,2026,Corny Classic College 2026,2026-03-28
179,RIT (RIT Spudheds),rit (rit spudheds),college,1368.1,33,2026,Metro East D-I College Men's Regionals,2026-04-25
180,Illinois State (Gnomes),illinois state (gnomes),college,1365.8,24,2026,Illinois D-I Men's Conferences,2026-04-11
181,Toronto (TULA),toronto (tula),college,1364.0,19,2026,Western NY D-I Men's Conferences,2026-04-11
182,Southern California (USC Lockdown),southern california (usc lockdown),college,1363.3,16,2026,Southwest D-I College Men's Regionals,2026-04-25
183,Harding (Harding Apocalypse),harding (harding apocalypse),college,1361.9,18,2026,Centex 2026,2026-03-13
184,Puget Sound (Postmen),puget sound (postmen),college,1361.7,18,2026,Snow Melt 2026,2026-02-28
185,Penn State-B (LoveTap),penn state-b (lovetap),college,1360.9,18,2026,Northeast Classic 2026,2026-03-28
186,Arkansas (Ludicrous Speed ),arkansas (ludicrous speed ),college,1351.8,16,2026,South Central D-I College Men's Regionals,2026-04-25
187,Tennessee-Chattanooga (Swamp Donkeys),tennessee-chattanooga (swamp donkeys),college,1349.9,29,2026,Southeast D-I College Men's Regionals,2026-04-25
188,Illinois-B (Boomland),illinois-b (boomland),college,1348.4,23,2026,Great Lakes D-I College Men's Regionals,2026-04-25
189,Drexel (Spitfire),drexel (spitfire),college,1347.4,26,2026,Ohio Valley D-I College Men's Regionals,2026-05-02
190,Villanova (Main Line Ultimate),villanova (main line ultimate),college,1346.7,22,2026,Ohio Valley D-I College Men's Regionals,2026-05-02
191,Georgia Southern (Eagles),georgia southern (eagles),college,1346.7,22,2026,Southeast D-I College Men's Regionals,2026-04-25
192,Grinnell (Grinnellephants),grinnell (grinnellephants),college,1346.0,19,2026,Old Capitol Open 2026,2026-03-28
193,San Jose State (Spartans),san jose state (spartans),college,1345.9,21,2026,NorCal D-I Men's Conferences,2026-04-11
194,UCLA-B (UCLA Smoke),ucla-b (ucla smoke),college,1343.0,27,2026,Southwest D-I College Men's Regionals,2026-04-25
195,South Carolina (Gamecock Ultimate),south carolina (gamecock ultimate),college,1339.9,26,2026,Carolina D-I Men's Conferences,2026-04-11
196,Georgia Tech-B (Tribe),georgia tech-b (tribe),college,1336.8,31,2026,Southeast D-I College Men's Regionals,2026-04-25
197,North Texas (UNT),north texas (unt),college,1335.4,16,2026,South Central D-I College Men's Regionals,2026-04-25
198,Gonzaga (GURU ),gonzaga (guru ),college,1332.8,30,2026,Swing By Spring,2026-03-28
199,Minnesota-Duluth (Northern Lights),minnesota-duluth (northern lights),college,1332.0,27,2026,Old Capitol Open 2026,2026-03-28
200,American (Stall 11),american (stall 11),college,1331.8,22,2026,Colonial D-I Men's Conferences,2026-04-18
201,Akron (GoonSquad),akron (goonsquad),college,1330.9,25,2026,Ohio Valley D-I College Men's Regionals,2026-05-02
202,Texas-Dallas (Woof),texas-dallas (woof),college,1329.9,26,2026,South Central D-I College Men's Regionals,2026-04-25
203,Miami (Florida) (UMiami Vice),miami (florida) (umiami vice),college,1328.5,21,2026,Southeast D-I College Men's Regionals,2026-04-25
204,Western Carolina (Western Carolina Catamounts),western carolina (western carolina catamounts),college,1325.1,14,2026,Atlantic Coast Open 2026,2026-03-21
205,Stevens Tech (Stevens Tech),stevens tech (stevens tech),college,1322.4,21,2026,Northeast Classic 2026,2026-03-28
206,NYU (New York University ),nyu (new york university ),college,1312.8,22,2026,Metro East D-I College Men's Regionals,2026-04-25
207,West Virginia (WV Wild),west virginia (wv wild),college,1312.8,17,2026,Ohio Valley D-I College Men's Regionals,2026-05-02
208,Occidental (Detox),occidental (detox),college,1310.4,19,2026,Snow Melt 2026,2026-02-28
209,Washington-C (UW C),washington-c (uw c),college,1310.1,17,2026,Cascadia D-I Men's Conferences,2026-04-11
210,Columbia (Uptown Local),columbia (uptown local),college,1307.8,24,2026,Metro East D-I College Men's Regionals,2026-04-25
211,California-Santa Cruz-B (UCSC B (Ooze)),california-santa cruz-b (ucsc b (ooze)),college,1303.5,23,2026,Silicon Valley Rally 2026,2026-03-07
212,Clark (Woo Town Killer Bees ),clark (woo town killer bees ),college,1303.2,14,2026,New England Open (men),2026-03-21
213,Harvard (Red Line),harvard (red line),college,1298.9,19,2026,New England D-I College Men's Regionals,2026-05-02
214,Central Michigan (Chippewas),central michigan (chippewas),college,1297.7,12,2026,Corny Classic College 2026,2026-03-28
215,Vanderbilt (Armada),vanderbilt (armada),college,1295.1,26,2026,Gulf Coast D-I Men's Conferences,2026-04-11
216,South Florida (Scallywags),south florida (scallywags),college,1291.3,23,2026,Florida D-I Men's Conferences,2026-04-11
217,DePaul (DUC),depaul (duc),college,1290.8,20,2026,Illinois D-I Men's Conferences,2026-04-11
218,Trinity (Turbulence),trinity (turbulence),college,1290.8,25,2026,Centex 2026,2026-03-13
219,Miami (Ohio) (Miami Boogiemen),miami (ohio) (miami boogiemen),college,1288.6,28,2026,Ohio D-I Men's Conferences,2026-04-11
220,MIT (Grim Beaver),mit (grim beaver),college,1288.3,20,2026,New England D-I College Men's Regionals,2026-05-02
221,Tufts-B (Tufts B),tufts-b (tufts b),college,1284.5,27,2026,New England D-I College Men's Regionals,2026-05-02
222,Boston University-B (Boston University B),boston university-b (boston university b),college,1282.1,11,2026,New England Open (men),2026-03-21
223,Ave Maria-B (Ave Maria B Team),ave maria-b (ave maria b team),college,1279.1,22,2026,Florida Warm Up 2026-Weekend 2,2026-02-14
224,Xavier (B.L.O.B.),xavier (b.l.o.b.),college,1278.6,17,2026,Corny Classic College 2026,2026-03-28
225,North Carolina State-B (SixPack),north carolina state-b (sixpack),college,1277.4,21,2026,Needle in a Ho-Stack 2026,2026-03-28
226,Rowan (Ruf Riders),rowan (ruf riders),college,1276.8,20,2026,Metro East D-I College Men's Regionals,2026-04-25
227,Rensselaer Polytech (Trudge),rensselaer polytech (trudge),college,1274.4,22,2026,Northeast Classic 2026,2026-03-28
228,Bates (Orange Whip),bates (orange whip),college,1271.2,22,2026,Ocean State Invite 26',2026-03-28
229,Georgia College (Disconnected),georgia college (disconnected),college,1270.8,22,2026,Southerns 2026,2026-03-28
230,Texas State (Texas State Buckets),texas state (texas state buckets),college,1270.5,22,2026,South Central D-I College Men's Regionals,2026-04-25
231,Willamette (Asylum),willamette (asylum),college,1269.4,11,2026,PLU Mens+BBQ 2026,2026-02-21
232,Alabama-Birmingham (Inferno),alabama-birmingham (inferno),college,1261.1,21,2026,Gulf Coast D-I Men's Conferences,2026-04-11
233,Kennesaw State (Parliament),kennesaw state (parliament),college,1257.1,24,2026,Southern Appalachian D-I Men's Conferences,2026-04-11
234,Mississippi State-B (Trenches ),mississippi state-b (trenches ),college,1256.5,14,2026,Golden Triangle Invitational 2026,2026-02-07
235,SUNY-Geneseo (Snail),suny-geneseo (snail),college,1255.4,26,2026,Northeast Classic 2026,2026-03-28
236,California-Santa Barbara-B (Black Out),california-santa barbara-b (black out),college,1254.5,18,2026,Southwest Showdown 2026,2026-03-07
237,Central Florida (Dogs of War),central florida (dogs of war),college,1254.0,17,2026,Florida D-I Men's Conferences,2026-04-11
238,Worcester Polytech (Whisper),worcester polytech (whisper),college,1250.9,19,2026,Ocean State Invite 26',2026-03-28
239,Dayton (FLUD),dayton (flud),college,1249.2,36,2026,Ohio D-I Men's Conferences,2026-04-11
240,Sam Houston (Prison Break),sam houston (prison break),college,1247.2,13,2026,Huckfest 2026,2026-03-28
241,Swarthmore (Earthworms),swarthmore (earthworms),college,1247.1,25,2026,Jersey Devil 2026,2026-03-21
242,Virginia Commonwealth (Biscuit Villains),virginia commonwealth (biscuit villains),college,1247.0,21,2026,Virginia D-I Men's Conferences,2026-04-11
243,Montana (Smokejump),montana (smokejump),college,1246.6,11,2026,Northwest D-I College Men's Regionals,2026-05-02
244,Stonehill (Stonehill College Men's Ultimate),stonehill (stonehill college men's ultimate),college,1246.4,17,2026,New England Open (men),2026-03-21
245,Wisconsin-Platteville (Udderburn),wisconsin-platteville (udderburn),college,1243.7,16,2026,Old Capitol Open 2026,2026-03-28
246,Minnesota-C (Minnesota C),minnesota-c (minnesota c),college,1239.9,18,2026,Old Capitol Open 2026,2026-03-28
247,Pittsburgh-B (University of Pittsburgh- B),pittsburgh-b (university of pittsburgh- b),college,1238.6,33,2026,Ohio Valley D-I College Men's Regionals,2026-05-02
248,Charleston (Palmetto Bums),charleston (palmetto bums),college,1233.9,24,2026,Carolina D-I Men's Conferences,2026-04-11
249,Valparaiso (Vult),valparaiso (vult),college,1229.9,12,2026,Corny Classic College 2026,2026-03-28
250,Michigan State-B (Riot Control),michigan state-b (riot control),college,1229.4,20,2026,Great Lakes D-I College Men's Regionals,2026-04-25
251,Wright State (Airstrike),wright state (airstrike),college,1229.4,16,2026,The DUDE (Dayton Ultimate Disc Experience),2026-02-28
252,Connecticut College (Deimos),connecticut college (deimos),college,1228.4,20,2026,Northeast Classic 2026,2026-03-28
253,Cal Poly-Pomona (Cow Ultimate),cal poly-pomona (cow ultimate),college,1225.9,20,2026,SoCal D-I Men's Conferences,2026-04-18
254,Wisconsin-La Crosse (BadLUC),wisconsin-la crosse (badluc),college,1225.3,23,2026,North Central D-I College Men's Regionals,2026-04-25
255,Northeastern-B (Beastern),northeastern-b (beastern),college,1222.0,24,2026,New England D-I College Men's Regionals,2026-05-02
256,Air Force (Afterburn),air force (afterburn),college,1218.9,21,2026,Centex 2026,2026-03-13
257,California-B (Ursa Minor),california-b (ursa minor),college,1217.6,18,2026,Southwest D-I College Men's Regionals,2026-04-25
258,Bradley (Angry Otters),bradley (angry otters),college,1215.6,10,2026,Corny Classic College 2026,2026-03-28
259,Seattle (Throbots),seattle (throbots),college,1214.2,8,2026,PLU Mens+BBQ 2026,2026-02-21
260,Grace (Lancer Ultimate),grace (lancer ultimate),college,1213.8,18,2026,Corny Classic College 2026,2026-03-28
261,California-Davis (Davis Dogs),california-davis (davis dogs),college,1212.4,23,2026,NorCal D-I Men's Conferences,2026-04-11
262,St Thomas (Purple Reign),st thomas (purple reign),college,1211.7,32,2026,Rockford Meltdown 26,2026-03-21
263,Dickinson (Dumptrucks),dickinson (dumptrucks),college,1210.7,26,2026,Northeast Classic 2026,2026-03-28
264,Florida-B (Florida B),florida-b (florida b),college,1208.7,26,2026,Florida D-I Men's Conferences,2026-04-11
265,Purdue-B (CTRL-Z),purdue-b (ctrl-z),college,1208.6,28,2026,Great Lakes D-I College Men's Regionals,2026-04-25
266,Colorado Mesa (Colorado Mesa Mavericks),colorado mesa (colorado mesa mavericks),college,1207.2,15,2026,Snow Melt 2026,2026-02-28
267,Carleton University (Ravens),carleton university (ravens),college,1206.1,10,2026,Western NY D-I Men's Conferences,2026-04-11
268,Missouri S&T (Miner Threat),missouri s&t (miner threat),college,1203.6,14,2026,Huck Finn 2026,2026-03-27
269,Whitworth (Bangarang),whitworth (bangarang),college,1198.6,12,2026,Swing By Spring,2026-03-28
270,Eastern Michigan (Fighting Hellfish),eastern michigan (fighting hellfish),college,1196.1,10,2026,Grand Rapids Invite 2026,2026-03-14
271,William & Mary-B (Seahorse),william & mary-b (seahorse),college,1193.0,24,2026,FishBowl 2026,2026-02-28
272,Northern Arizona (El Ponderoso),northern arizona (el ponderoso),college,1190.2,13,2026,Desert D-I Men's Conferences,2026-04-11
273,Washington State (Air Raid),washington state (air raid),college,1189.9,15,2026,Swing By Spring,2026-03-28
274,Wisconsin-B (Fauxdags),wisconsin-b (fauxdags),college,1189.2,28,2026,North Central D-I College Men's Regionals,2026-04-25
275,Florida State-B (DUF Eyyy),florida state-b (duf eyyy),college,1188.5,12,2026,Florida Warm Up 2026-Weekend 2,2026-02-14
276,Arizona (Sunburn),arizona (sunburn),college,1188.1,18,2026,Desert D-I Men's Conferences,2026-04-11
277,Wisconsin-Stevens Point (Homegrown),wisconsin-stevens point (homegrown),college,1186.8,16,2026,Old Capitol Open 2026,2026-03-28
278,Brown-B (Brown - B),brown-b (brown - b),college,1185.1,16,2026,Ocean State Invite 26',2026-03-28
279,Kansas State (Wizards),kansas state (wizards),college,1183.8,11,2026,Ozarks D-I Men's Conferences,2026-04-11
280,SUNY-Albany (SCAM),suny-albany (scam),college,1183.5,24,2026,Metro East D-I College Men's Regionals,2026-04-25
281,South Carolina-B (South Carolina),south carolina-b (south carolina),college,1181.2,13,2026,Needle in a Ho-Stack 2026,2026-03-28
282,Connecticut-B (Grind),connecticut-b (grind),college,1180.6,15,2026,Northeast Classic 2026,2026-03-28
283,Loyola Marymount (Lions),loyola marymount (lions),college,1179.3,17,2026,SoCal D-I Men's Conferences,2026-04-18
284,Kent State (Klockwork),kent state (klockwork),college,1178.4,17,2026,Ohio D-I Men's Conferences,2026-04-11
285,Cal Poly-Humboldt (Humboldt Buds),cal poly-humboldt (humboldt buds),college,1176.7,19,2026,Silicon Valley Rally 2026,2026-03-07
286,Grove City (Grove City Doomsday),grove city (grove city doomsday),college,1175.6,11,2026,Huckin' in the Hills XII,2026-02-21
287,"Wake Forest (Well Oiled Machine, Baby)","wake forest (well oiled machine, baby)",college,1172.4,13,2026,Needle in a Ho-Stack 2026,2026-03-28
288,Delaware-B (Sideshow),delaware-b (sideshow),college,1169.6,13,2026,First State Invite 2026,2026-03-07
289,Reed (Hoot),reed (hoot),college,1169.0,16,2026,PLU Mens+BBQ 2026,2026-02-21
290,Vermont-C (Chill B),vermont-c (chill b),college,1167.6,10,2026,Northeast Classic 2026,2026-03-28
291,East Tennessee State (Dry Bones),east tennessee state (dry bones),college,1166.3,17,2026,Southern Appalachian D-I Men's Conferences,2026-04-11
292,Colorado State-B (Bibida),colorado state-b (bibida),college,1165.6,20,2026,Rocky Mountain D-I Men's Conferences,2026-04-11
293,Cincinnati -B (Bearcats B),cincinnati -b (bearcats b),college,1164.5,25,2026,Spring Spook 2026,2026-03-07
294,Benedictine College (Flying Monks),benedictine college (flying monks),college,1163.6,12,2026,Old Capitol Open 2026,2026-03-28
295,Wheaton (Illinois) (Mastodon),wheaton (illinois) (mastodon),college,1163.1,10,2026,Corny Classic College 2026,2026-03-28
296,Virginia Tech-B (Virginia Tech B),virginia tech-b (virginia tech b),college,1162.3,25,2026,Atlantic Coast Open 2026,2026-03-21
297,Carleton College-C (Karls),carleton college-c (karls),college,1157.8,25,2026,Midwest Throwdown 2026,2026-02-28
298,James Madison-B (Smellfish),james madison-b (smellfish),college,1152.8,21,2026,FishBowl 2026,2026-02-28
299,Towson (Pandamonium),towson (pandamonium),college,1151.5,19,2026,Colonial D-I Men's Conferences,2026-04-18
300,Army (Army-West Point),army (army-west point),college,1149.6,16,2026,Jersey Devil 2026,2026-03-21
301,Tarleton State (Texan Ultimate),tarleton state (texan ultimate),college,1144.9,15,2026,Huckfest 2026,2026-03-28
302,Ball State (Wizardz),ball state (wizardz),college,1138.3,19,2026,Corny Classic College 2026,2026-03-28
303,Western New England (Golden Bears),western new england (golden bears),college,1134.8,15,2026,Ocean State Invite 26',2026-03-28
304,Case Western Reserve-B (Fighting Gobies),case western reserve-b (fighting gobies),college,1132.9,22,2026,The DUDE (Dayton Ultimate Disc Experience),2026-02-28
305,Denver-B (Sourdough B Team),denver-b (sourdough b team),college,1129.9,14,2026,New Year Fest 2026,2026-01-24
306,Tennessee Tech (Tech Talons),tennessee tech (tech talons),college,1128.7,11,2026,Southern Appalachian D-I Men's Conferences,2026-04-11
307,Saint Louis (Archangel),saint louis (archangel),college,1128.7,19,2026,Ozarks D-I Men's Conferences,2026-04-11
308,College of New Jersey (Revolution),college of new jersey (revolution),college,1127.4,19,2026,First State Invite 2026,2026-03-07
309,Maryland-Baltimore County (Booya),maryland-baltimore county (booya),college,1122.9,21,2026,Colonial D-I Men's Conferences,2026-04-18
310,Georgia-B (Chillydawgs),georgia-b (chillydawgs),college,1118.3,28,2026,Southern Appalachian D-I Men's Conferences,2026-04-11
311,Illinois-Chicago (Juice ),illinois-chicago (juice ),college,1114.8,10,2026,Illinois D-I Men's Conferences,2026-04-11
312,Minnesota State-Mankato (Blue Skunks ),minnesota state-mankato (blue skunks ),college,1112.6,14,2026,Western North Central D-I Men's Conferences,2026-04-11
313,Texas Tech (Tumbleweed),texas tech (tumbleweed),college,1109.4,16,2026,Centex 2026,2026-03-13
314,Pacific Lutheran (Reign Men),pacific lutheran (reign men),college,1107.5,14,2026,Swing By Spring,2026-03-28
315,Oklahoma State (Ultimato),oklahoma state (ultimato),college,1106.2,10,2026,South Central D-I College Men's Regionals,2026-04-25
316,Hofstra (Flying Dutchmen),hofstra (flying dutchmen),college,1100.7,26,2026,Metro East D-I College Men's Regionals,2026-04-25
317,Toledo (Savage),toledo (savage),college,1098.7,10,2026,Ohio D-I Men's Conferences,2026-04-11
318,John Brown (Ironfist),john brown (ironfist),college,1098.7,10,2026,Dust Bowl 2026,2026-02-21
319,Rice (Cloud 9),rice (cloud 9),college,1097.0,12,2026,Centex 2026,2026-03-13
320,Lehigh-B (Lehigh-B),lehigh-b (lehigh-b),college,1095.9,16,2026,Northeast Classic 2026,2026-03-28
321,Salisbury (Buzz),salisbury (buzz),college,1095.7,12,2026,Jersey Devil 2026,2026-03-21
322,California-San Diego-B (Air Squids LITE ),california-san diego-b (air squids lite ),college,1095.6,25,2026,Southwest Showdown 2026,2026-03-07
323,Oklahoma (Apes of Wrath),oklahoma (apes of wrath),college,1091.5,13,2026,Huckfest 2026,2026-03-28
324,West Chester-B (West Chester B),west chester-b (west chester b),college,1085.0,24,2026,Northeast Classic 2026,2026-03-28
325,Illinois-C (Cornland),illinois-c (cornland),college,1083.5,15,2026,Corny Classic College 2026,2026-03-28
326,Jacksonville State (Firebird ),jacksonville state (firebird ),college,1080.7,16,2026,Gulf Coast D-I Men's Conferences,2026-04-11
327,Loyola-Chicago (Darkwing),loyola-chicago (darkwing),college,1076.9,24,2026,Illinois D-I Men's Conferences,2026-04-11
328,Marquette-B (Birdfeeder),marquette-b (birdfeeder),college,1076.5,22,2026,Old Capitol Open 2026,2026-03-28
329,Florida Polytechnic (Florida Poly Ultimate),florida polytechnic (florida poly ultimate),college,1072.9,13,2026,Florida Warm Up 2026-Weekend 2,2026-02-14
330,Rose-Hulman (Elephantitis),rose-hulman (elephantitis),college,1072.7,19,2026,Corny Classic College 2026,2026-03-28
331,New Hampshire (New Hampshire Ultimate Team),new hampshire (new hampshire ultimate team),college,1072.2,22,2026,Greater New England D-I Men's Conferences,2026-04-11
332,Wisconsin-Whitewater (Sub*Par),wisconsin-whitewater (sub*par),college,1071.9,19,2026,Lake Superior D-I Men's Conferences,2026-04-11
333,Dayton-B (UD FLUD B),dayton-b (ud flud b),college,1071.8,14,2026,Spring Spook 2026,2026-03-07
334,George Washington-B (George Washington Men’s Club Ultimate B),george washington-b (george washington men’s club ultimate b),college,1069.8,13,2026,Needle in a Ho-Stack 2026,2026-03-28
335,Portland State (Juicy),portland state (juicy),college,1066.3,14,2026,Cascadia D-I Men's Conferences,2026-04-11
336,Dartmouth-B (Discomfort Trolley),dartmouth-b (discomfort trolley),college,1061.0,10,2026,Jersey Devil 2026,2026-03-21
337,Cornell-B (Cornell-B (Shake)),cornell-b (cornell-b (shake)),college,1052.4,15,2026,Jersey Devil 2026,2026-03-21
338,Utah-B (Shower Curtain Ultimate),utah-b (shower curtain ultimate),college,1051.8,15,2026,Big Sky D-I Men's Conferences,2026-04-11
339,Colorado Mines-B (Orediggers),colorado mines-b (orediggers),college,1051.2,18,2026,Snow Melt 2026,2026-02-28
340,North Florida (Category 5),north florida (category 5),college,1049.5,21,2026,Florida D-I Men's Conferences,2026-04-11
341,Maryland-B (Astro Quakers),maryland-b (astro quakers),college,1047.9,19,2026,FishBowl 2026,2026-02-28
342,SUNY-Stony Brook (Panic),suny-stony brook (panic),college,1038.8,19,2026,Metro NY D-I Men's Conferences,2026-04-11
343,SUNY-Binghamton-B (SUNY-Binghamton B),suny-binghamton-b (suny-binghamton b),college,1037.7,33,2026,Jersey Devil 2026,2026-03-21
344,Boise State (Mamu Zaldi),boise state (mamu zaldi),college,1035.5,13,2026,Swing By Spring,2026-03-28
345,Siena (Siena Saints),siena (siena saints),college,1026.3,14,2026,Northeast Classic 2026,2026-03-28
346,Knox (River Rats),knox (river rats),college,1025.7,15,2026,Corny Classic College 2026,2026-03-28
347,Iowa State-B (BSUC),iowa state-b (bsuc),college,1017.3,19,2026,Old Capitol Open 2026,2026-03-28
348,Cal Poly-SLO-C (SLOC),cal poly-slo-c (sloc),college,1012.0,18,2026,Presidents' Day Qualifiers (men),2026-01-31
349,Colorado-C (Rooster Tussle),colorado-c (rooster tussle),college,1012.0,16,2026,Rocky Mountain D-I Men's Conferences,2026-04-11
350,Nevada-Reno (Elevation Ultimate),nevada-reno (elevation ultimate),college,1011.4,19,2026,NorCal D-I Men's Conferences,2026-04-11
351,Luther (LUFDA),luther (lufda),college,1011.4,20,2026,Atlantic Coast Open 2026,2026-03-21
352,Northeastern-C (Salty C Dogs),northeastern-c (salty c dogs),college,1011.3,10,2026,Northeast Classic 2026,2026-03-28
353,Harvard-B (BRed Line),harvard-b (bred line),college,1010.0,11,2026,New England Open (men),2026-03-21
354,SUNY-Buffalo-B (Buffalo Grinch),suny-buffalo-b (buffalo grinch),college,994.9,23,2026,Metro East D-I College Men's Regionals,2026-04-25
355,North Carolina-Charlotte-B (Underground),north carolina-charlotte-b (underground),college,992.2,8,2026,Needle in a Ho-Stack 2026,2026-03-28
356,Wentworth (Concrete Jungle),wentworth (concrete jungle),college,989.7,18,2026,Ocean State Invite 26',2026-03-28
357,New Mexico (Fusion),new mexico (fusion),college,988.7,12,2026,Desert D-I Men's Conferences,2026-04-11
358,Idaho (Graffiti),idaho (graffiti),college,988.4,11,2026,Big Sky D-I Men's Conferences,2026-04-11
359,Dallas (Vortex),dallas (vortex),college,983.8,19,2026,Huckfest 2026,2026-03-28
360,California-Davis-B (Beagles),california-davis-b (beagles),college,982.8,16,2026,Stanford Open 2026,2026-02-07
361,Florida Tech (F-IT),florida tech (f-it),college,981.6,13,2026,Florida Warm Up 2026-Weekend 2,2026-02-14
362,High Point (High Point University Bagheera),high point (high point university bagheera),college,976.3,21,2026,Needle in a Ho-Stack 2026,2026-03-28
363,Washington University-B (Contraband),washington university-b (contraband),college,976.2,22,2026,Ozarks D-I Men's Conferences,2026-04-11
364,Purdue-C (CTRL X),purdue-c (ctrl x),college,972.3,16,2026,Corny Classic College 2026,2026-03-28
365,Texas-B (Graze),texas-b (graze),college,970.9,14,2026,South Texas D-I Men's Conferences,2026-04-11
366,South Florida-B (Scourge),south florida-b (scourge),college,964.1,10,2026,Florida D-I Men's Conferences,2026-04-11
367,Carnegie Mellon-B (Poison Control),carnegie mellon-b (poison control),college,959.7,10,2026,Huckin' in the Hills XII,2026-02-21
368,Notre Dame-B (Opus D's),notre dame-b (opus d's),college,959.6,10,2026,Corny Classic College 2026,2026-03-28
369,Northwestern-B (Blizzard),northwestern-b (blizzard),college,959.4,9,2026,Grand Rapids Invite 2026,2026-03-14
370,Middlebury-B (Branksters),middlebury-b (branksters),college,955.8,10,2026,UMass Invite 2026,2026-02-28
371,Providence (PC Ulty),providence (pc ulty),college,928.4,20,2026,New England Open (men),2026-03-21
372,Iowa-B (Iowa-B (HUCititis)),iowa-b (iowa-b (hucititis)),college,928.1,16,2026,Old Capitol Open 2026,2026-03-28
373,Cal State-Long Beach (Pyramid Scheme),cal state-long beach (pyramid scheme),college,924.5,14,2026,SoCal D-I Men's Conferences,2026-04-18
374,Grinnell-B (Gphants),grinnell-b (gphants),college,921.1,10,2026,Old Capitol Open 2026,2026-03-28
375,Cleveland State (Cleveland State Vikings),cleveland state (cleveland state vikings),college,908.5,13,2026,Ohio D-I Men's Conferences,2026-04-11
376,Coastal Carolina (Coastal Carolina Ultimate Frisbee),coastal carolina (coastal carolina ultimate frisbee),college,902.2,10,2026,Southerns 2026,2026-03-28
377,Fairfield (Fairfield Stags),fairfield (fairfield stags),college,900.6,12,2026,Northeast Classic 2026,2026-03-28
378,Central Washington (CWU Ultimate),central washington (cwu ultimate),college,898.1,10,2026,Swing By Spring,2026-03-28
379,Massachusetts-Lowell (Riverhawks),massachusetts-lowell (riverhawks),college,887.2,15,2026,Metro Boston D-I Men's Conferences,2026-04-11
380,New Jersey Tech (Highlanders),new jersey tech (highlanders),college,885.8,13,2026,Metro NY D-I Men's Conferences,2026-04-11
381,San Diego State-B (Bomberos),san diego state-b (bomberos),college,883.8,11,2026,Southwest Showdown 2026,2026-03-07
382,North Park (Vikings),north park (vikings),college,814.1,11,2026,Rockford Meltdown 26,2026-03-21
383,Wisconsin-Milwaukee-B (BLACKOUT),wisconsin-milwaukee-b (blackout),college,812.8,10,2026,Grand Rapids Invite 2026,2026-03-14
1,Middlebury (Pranksters),middlebury (pranksters),college-d3,1967.7,26,2026,2026 D-III College Championships,2026-05-16
2,Davenport (Panthers),davenport (panthers),college-d3,1861.0,20,2026,Eastern Great Lakes D-III Men's Conferences,2026-04-11
3,Carleton College-CHOP (Carleton House of Pancakes),carleton college-chop (carleton house of pancakes),college-d3,1836.3,25,2026,2026 D-III College Championships,2026-05-16
4,Elon (Big Fat Bomb),elon (big fat bomb),college-d3,1749.5,22,2026,2026 D-III College Championships,2026-05-16
5,Oklahoma Christian (Eagles),oklahoma christian (eagles),college-d3,1736.4,22,2026,2026 D-III College Championships,2026-05-16
6,Williams (WUFO),williams (wufo),college-d3,1732.4,34,2026,2026 D-III College Championships,2026-05-16
7,Lewis & Clark (Bacchus ),lewis & clark (bacchus ),college-d3,1717.9,28,2026,2026 D-III College Championships,2026-05-16
8,Claremont (Braineaters),claremont (braineaters),college-d3,1700.3,26,2026,2026 D-III College Championships,2026-05-16
9,St Olaf (Berzerkers),st olaf (berzerkers),college-d3,1681.4,29,2026,2026 D-III College Championships,2026-05-16
10,Franciscan (Fatal),franciscan (fatal),college-d3,1661.0,22,2026,2026 D-III College Championships,2026-05-16
11,Colorado Mines (Entropy),colorado mines (entropy),college-d3,1656.9,24,2026,2026 D-III College Championships,2026-05-16
12,Macalester (Flat Earth),macalester (flat earth),college-d3,1617.8,21,2026,2026 D-III College Championships,2026-05-16
13,Kenyon (SERF),kenyon (serf),college-d3,1611.3,23,2026,Ohio Valley D-III College Men's Regionals,2026-04-25
14,Ave Maria (Gyrenes),ave maria (gyrenes),college-d3,1605.6,20,2026,Southeast D-III Men's Conferences,2026-04-25
15,Ithaca (Nawshus Ultimate),ithaca (nawshus ultimate),college-d3,1597.3,22,2026,Metro East D-III College Men's Regionals,2026-04-25
16,Berry (Bucks),berry (bucks),college-d3,1584.2,21,2026,2026 D-III College Championships,2026-05-16
17,Bowdoin (Clown),bowdoin (clown),college-d3,1579.2,23,2026,2026 D-III College Championships,2026-05-16
18,Richmond (Spidermonkeys),richmond (spidermonkeys),college-d3,1576.8,37,2026,Atlantic Coast D-III Men's Conferences,2026-04-11
19,Whitman (Whitman Sweets),whitman (whitman sweets),college-d3,1569.9,20,2026,2026 D-III College Championships,2026-05-16
20,Colorado College (Wasabi),colorado college (wasabi),college-d3,1566.2,31,2026,South Central D-III College Men's Regionals,2026-04-25
21,Hillsdale (Chargers),hillsdale (chargers),college-d3,1557.4,18,2026,2026 D-III College Championships,2026-05-16
22,Oberlin (Flying Horsecows),oberlin (flying horsecows),college-d3,1557.2,25,2026,Ohio Valley D-III College Men's Regionals,2026-04-25
23,SUNY-Cortland  (Team Rocket),suny-cortland (team rocket),college-d3,1532.2,19,2026,Metro East D-III College Men's Regionals,2026-04-25
24,Haverford (Big Donkey Ultimate),haverford (big donkey ultimate),college-d3,1531.5,28,2026,Ohio Valley D-III College Men's Regionals,2026-04-25
25,Truman State (JujiTSU),truman state (jujitsu),college-d3,1527.2,17,2026,South Central D-III College Men's Regionals,2026-04-25
26,Wisconsin-Eau Claire (EauZone),wisconsin-eau claire (eauzone),college-d3,1527.1,20,2026,North Central D-III College Men's Regionals,2026-04-25
27,North Carolina-Asheville (Mudpuppy),north carolina-asheville (mudpuppy),college-d3,1513.3,17,2026,Atlantic Coast D-III Men's Conferences,2026-04-11
28,Butler (Butler Big Dog),butler (butler big dog),college-d3,1496.2,22,2026,Great Lakes D-III College Men's Regionals,2026-05-02
29,Wesleyan (Nietzsch Factor),wesleyan (nietzsch factor),college-d3,1491.1,33,2026,Metro East D-III College Men's Regionals,2026-04-25
30,Roger Williams (RWU Mens Ultimate),roger williams (rwu mens ultimate),college-d3,1485.1,13,2026,New England D-III College Men's Regionals,2026-05-02
31,Portland (Uprise),portland (uprise),college-d3,1479.7,18,2026,Northwest D-III Men's Conferences,2026-04-11
32,Rochester (Piggies),rochester (piggies),college-d3,1478.6,24,2026,2026 D-III College Championships,2026-05-16
33,Davidson (DUFF),davidson (duff),college-d3,1466.2,33,2026,Atlantic Coast D-III Men's Conferences,2026-04-11
34,Cedarville (Swarm),cedarville (swarm),college-d3,1457.5,25,2026,Ohio Valley D-III College Men's Regionals,2026-04-25
35,Colby (CDC (Men's)),colby (cdc (men's)),college-d3,1452.6,27,2026,New England D-III College Men's Regionals,2026-05-02
36,Brandeis (TRON),brandeis (tron),college-d3,1448.9,26,2026,New England D-III College Men's Regionals,2026-05-02
37,Winona State (Experience),winona state (experience),college-d3,1437.9,14,2026,North Central D-III College Men's Regionals,2026-04-25
38,Santa Clara (SCAB),santa clara (scab),college-d3,1435.5,25,2026,Southwest D-III Men's Conferences,2026-04-11
39,Amherst (Army of Darkness),amherst (army of darkness),college-d3,1428.6,30,2026,New England D-III College Men's Regionals,2026-05-02
40,Michigan Tech (DiscoTech),michigan tech (discotech),college-d3,1413.5,35,2026,North Central D-III College Men's Regionals,2026-04-25
41,Union (Tennessee) (Union Jaxx),union (tennessee) (union jaxx),college-d3,1412.8,21,2026,Southeast D-III Men's Conferences,2026-04-25
42,Asbury (Asbury Ultimate),asbury (asbury ultimate),college-d3,1405.8,20,2026,Great Lakes D-III College Men's Regionals,2026-05-02
43,Central Connecticut State (Yetis),central connecticut state (yetis),college-d3,1394.3,13,2026,Metro East D-III College Men's Regionals,2026-04-25
44,St John's (Minnesota) (BAM),st john's (minnesota) (bam),college-d3,1384.0,15,2026,Western North Central D-III Men's Conferences,2026-04-11
45,Embry-Riddle (Dirty Birds),embry-riddle (dirty birds),college-d3,1382.0,16,2026,Southeast D-III Men's Conferences,2026-04-25
46,Vassar (Swinging Monks),vassar (swinging monks),college-d3,1379.6,22,2026,Metro East D-III College Men's Regionals,2026-04-25
47,Skidmore (Wombats),skidmore (wombats),college-d3,1368.0,33,2026,Metro East D-III College Men's Regionals,2026-04-25
48,Grinnell (Grinnellephants),grinnell (grinnellephants),college-d3,1367.4,20,2026,North Central D-III College Men's Regionals,2026-04-25
49,Hamilton (Hot Saucers),hamilton (hot saucers),college-d3,1358.9,17,2026,Metro East D-III College Men's Regionals,2026-04-25
50,Harding (Harding Apocalypse),harding (harding apocalypse),college-d3,1355.2,19,2026,South Central D-III College Men's Regionals,2026-04-25
51,Puget Sound (Postmen),puget sound (postmen),college-d3,1352.5,24,2026,Northwest D-III Men's Conferences,2026-04-11
52,Minnesota-Duluth (Northern Lights),minnesota-duluth (northern lights),college-d3,1348.4,30,2026,North Central D-III College Men's Regionals,2026-04-25
53,Bryant (Bryant Craze),bryant (bryant craze),college-d3,1347.6,13,2026,New England D-III College Men's Regionals,2026-05-02
54,Christopher Newport (Skymaul),christopher newport (skymaul),college-d3,1347.5,23,2026,Atlantic Coast D-III Men's Conferences,2026-04-11
55,Scranton (Electric City Scranton Ultimate),scranton (electric city scranton ultimate),college-d3,1346.9,18,2026,Ohio Valley D-III College Men's Regionals,2026-04-25
56,Gonzaga (GURU ),gonzaga (guru ),college-d3,1332.8,30,2026,Northwest D-III Men's Conferences,2026-04-11
57,Occidental (Detox),occidental (detox),college-d3,1326.7,25,2026,Southwest D-III Men's Conferences,2026-04-11
58,Stevens Tech (Stevens Tech),stevens tech (stevens tech),college-d3,1315.8,22,2026,Metro East D-III College Men's Regionals,2026-04-25
59,Xavier (B.L.O.B.),xavier (b.l.o.b.),college-d3,1312.5,24,2026,Ohio Valley D-III College Men's Regionals,2026-04-25
60,Messiah (Falcons),messiah (falcons),college-d3,1301.8,19,2026,West Penn D-III Men's Conferences,2026-04-11
61,Grove City (Grove City Doomsday),grove city (grove city doomsday),college-d3,1291.5,17,2026,Ohio Valley D-III College Men's Regionals,2026-04-25
62,Trinity (Turbulence),trinity (turbulence),college-d3,1290.8,25,2026,South Central D-III College Men's Regionals,2026-04-25
63,Bates (Orange Whip),bates (orange whip),college-d3,1278.5,26,2026,New England D-III College Men's Regionals,2026-05-02
64,Wisconsin-Platteville (Udderburn),wisconsin-platteville (udderburn),college-d3,1271.0,20,2026,North Central D-III College Men's Regionals,2026-04-25
65,Georgia College (Disconnected),georgia college (disconnected),college-d3,1270.8,22,2026,Southeast D-III Men's Conferences,2026-04-25
66,Worcester Polytech (Whisper),worcester polytech (whisper),college-d3,1262.0,26,2026,South New England D-III Men's Conferences,2026-04-11
67,SUNY-Geneseo (Snail),suny-geneseo (snail),college-d3,1255.4,26,2026,Metro East D-III College Men's Regionals,2026-04-25
68,Ave Maria-B (Ave Maria B Team),ave maria-b (ave maria b team),college-d3,1255.0,22,2026,Southeast D-III Men's Conferences,2026-04-25
69,Rensselaer Polytech (Trudge),rensselaer polytech (trudge),college-d3,1251.2,30,2026,Metro East D-III College Men's Regionals,2026-04-25
70,Swarthmore (Earthworms),swarthmore (earthworms),college-d3,1247.1,25,2026,Ohio Valley D-III College Men's Regionals,2026-04-25
71,Colgate (Jabberwock),colgate (jabberwock),college-d3,1242.5,27,2026,Western NY D-III Men's Conferences,2026-04-11
72,Bradley (Angry Otters),bradley (angry otters),college-d3,1233.0,11,2026,Illinois D-III Men's Conferences,2026-04-18
73,Valparaiso (Vult),valparaiso (vult),college-d3,1230.0,14,2026,Great Lakes D-III College Men's Regionals,2026-05-02
74,Connecticut College (Deimos),connecticut college (deimos),college-d3,1228.4,20,2026,Metro East D-III College Men's Regionals,2026-04-25
75,Wright State (Airstrike),wright state (airstrike),college-d3,1227.3,17,2026,Ohio D-III Men's Conferences,2026-04-11
76,Air Force (Afterburn),air force (afterburn),college-d3,1218.9,21,2026,South Central D-III College Men's Regionals,2026-04-25
77,Missouri S&T (Miner Threat),missouri s&t (miner threat),college-d3,1218.4,16,2026,South Central D-III College Men's Regionals,2026-04-25
78,Grace (Lancer Ultimate),grace (lancer ultimate),college-d3,1213.8,18,2026,Great Lakes D-III College Men's Regionals,2026-05-02
79,Calvin (Calvin Knights),calvin (calvin knights),college-d3,1212.7,15,2026,Great Lakes D-III College Men's Regionals,2026-05-02
80,St Thomas (Purple Reign),st thomas (purple reign),college-d3,1211.7,32,2026,Western North Central D-III Men's Conferences,2026-04-11
81,Dickinson (Dumptrucks),dickinson (dumptrucks),college-d3,1210.7,26,2026,Ohio Valley D-III College Men's Regionals,2026-04-25
82,Colorado Mesa (Colorado Mesa Mavericks),colorado mesa (colorado mesa mavericks),college-d3,1207.2,15,2026,South Central D-III College Men's Regionals,2026-04-25
83,Whitworth (Bangarang),whitworth (bangarang),college-d3,1198.6,12,2026,Northwest D-III Men's Conferences,2026-04-11
84,San Diego (Flat Tax Ballers),san diego (flat tax ballers),college-d3,1197.0,25,2026,Southwest D-III Men's Conferences,2026-04-11
85,Bethel (Bethel Ultimate),bethel (bethel ultimate),college-d3,1195.6,21,2026,Western North Central D-III Men's Conferences,2026-04-11
86,William & Mary-B (Seahorse),william & mary-b (seahorse),college-d3,1185.3,26,2026,Atlantic Coast D-III Men's Conferences,2026-04-11
87,Wisconsin-Stevens Point (Homegrown),wisconsin-stevens point (homegrown),college-d3,1180.4,17,2026,Lake Superior D-III Men's Conferences,2026-04-11
88,Reed (Hoot),reed (hoot),college-d3,1176.1,17,2026,Northwest D-III Men's Conferences,2026-04-11
89,Navy (Poseidon),navy (poseidon),college-d3,1175.3,15,2026,Atlantic Coast D-III Men's Conferences,2026-04-11
90,Benedictine College (Flying Monks),benedictine college (flying monks),college-d3,1163.6,12,2026,Ozarks D-III Men's Conferences,2026-04-11
91,Army (Army-West Point),army (army-west point),college-d3,1149.6,16,2026,Metro East D-III College Men's Regionals,2026-04-25
92,Penn State-Behrend (JustDisc League),penn state-behrend (justdisc league),college-d3,1147.7,10,2026,West Penn D-III Men's Conferences,2026-04-11
93,Carleton College-C (Karls),carleton college-c (karls),college-d3,1145.4,33,2026,North Central D-III College Men's Regionals,2026-04-25
94,Rice (Cloud 9),rice (cloud 9),college-d3,1143.1,16,2026,Texas D-III Men's Conferences,2026-04-11
95,Bentley (Icehouse),bentley (icehouse),college-d3,1139.0,33,2026,New England D-III College Men's Regionals,2026-05-02
96,Western New England (Golden Bears),western new england (golden bears),college-d3,1134.8,15,2026,New England D-III College Men's Regionals,2026-05-02
97,John Brown (Ironfist),john brown (ironfist),college-d3,1101.6,11,2026,Ozarks D-III Men's Conferences,2026-04-11
98,Salisbury (Buzz),salisbury (buzz),college-d3,1095.7,12,2026,Atlantic Coast D-III Men's Conferences,2026-04-11
99,Rose-Hulman (Elephantitis),rose-hulman (elephantitis),college-d3,1072.7,19,2026,Eastern Great Lakes D-III Men's Conferences,2026-04-11
100,Holy Cross (Purple Heys),holy cross (purple heys),college-d3,1071.0,23,2026,South New England D-III Men's Conferences,2026-04-11
101,Slippery Rock (SRU Lions),slippery rock (sru lions),college-d3,1068.8,19,2026,West Penn D-III Men's Conferences,2026-04-11
102,Dartmouth-B (Discomfort Trolley),dartmouth-b (discomfort trolley),college-d3,1061.0,10,2026,North New England D-III Men's Conferences,2026-04-11
103,Mary Washington (Mother of George),mary washington (mother of george),college-d3,1045.1,21,2026,D-III River City Showdown,2026-02-20
104,Pacific Lutheran (Reign Men),pacific lutheran (reign men),college-d3,1041.1,10,2026,Northwest D-III Men's Conferences,2026-04-11
105,Wentworth (Concrete Jungle),wentworth (concrete jungle),college-d3,1039.7,29,2026,New England D-III College Men's Regionals,2026-05-02
106,Union (New York) (Electric City Plastic),union (new york) (electric city plastic),college-d3,1027.0,13,2026,Hudson Valley D-III Men's Conferences,2026-04-18
107,Knox (River Rats),knox (river rats),college-d3,1025.7,15,2026,Illinois D-III Men's Conferences,2026-04-18
108,Luther (LUFDA),luther (lufda),college-d3,1011.4,20,2026,Western North Central D-III Men's Conferences,2026-04-11
109,Northern Michigan (Riptide),northern michigan (riptide),college-d3,1006.0,14,2026,Lake Superior D-III Men's Conferences,2026-04-11
110,Creighton (Colossus),creighton (colossus),college-d3,1002.5,11,2026,Western North Central D-III Men's Conferences,2026-04-11
111,Middlebury-B (Branksters),middlebury-b (branksters),college-d3,997.2,14,2026,North New England D-III Men's Conferences,2026-04-11
112,SUNY-Oneonta (SOFA (A)),suny-oneonta (sofa (a)),college-d3,991.2,20,2026,Western NY D-III Men's Conferences,2026-04-11
113,Dallas (Vortex),dallas (vortex),college-d3,983.8,19,2026,Texas D-III Men's Conferences,2026-04-11
114,Florida Tech (F-IT),florida tech (f-it),college-d3,981.6,13,2026,Southeast D-III Men's Conferences,2026-04-25
115,Kalamazoo (Ultimate Buzz),kalamazoo (ultimate buzz),college-d3,977.8,10,2026,Eastern Great Lakes D-III Men's Conferences,2026-04-11
116,High Point (High Point University Bagheera),high point (high point university bagheera),college-d3,976.3,21,2026,Atlantic Coast D-III Men's Conferences,2026-04-11
117,New Haven (Chargers),new haven (chargers),college-d3,961.8,16,2026,Metro East D-III College Men's Regionals,2026-04-25
118,Providence (PC Ulty),providence (pc ulty),college-d3,941.6,25,2026,South New England D-III Men's Conferences,2026-04-11
119,Fairfield (Fairfield Stags),fairfield (fairfield stags),college-d3,915.7,17,2026,Hudson Valley D-III Men's Conferences,2026-04-18
120,Shippensburg (Scapegoats),shippensburg (scapegoats),college-d3,893.3,10,2026,West Penn D-III Men's Conferences,2026-04-11
121,North Park (Vikings),north park (vikings),college-d3,822.8,12,2026,Illinois D-III Men's Conferences,2026-04-18
