ufa_player_id,norm_name,club,n_evidence,evidence
aambrose,austin ambrose,,2,city:indianapolis jersey:46
aarnstein,atkin arnstein,,3,city:colorado jersey:3 years:2
aarsenaul,andre arsenault,,2,city:montreal years:4
aarsenaul1,alec arsenault,,3,city:ottawa jersey:22 years:6
aatkins,alex atkins,,3,city:colorado jersey:0 years:5
aaucoin,arthur aucoin,,3,city:new york jersey:22 years:1
abacon,aaron bacon,,2,city:cincinnati years:1
abanerji,adrian banerji,,1,jersey:38
abarcio,aaron barcio,,3,city:austin;houston jersey:3 years:3
abarden,austin barden,,2,city:seattle years:2
abarnhart,andy barnhart,,3,city:nashville jersey:42 years:3
abartenst,austin bartenstein,,2,jersey:27 years:2
abelfiore,alexander belfiore,,2,city:seattle jersey:26
abell,aaron bell,,1,city:new york
abenton,alec benton,,3,city:san diego jersey:32;7 years:3
aberry,andrew berry,,2,jersey:9 years:2
abertoia,alex bertoia,,2,jersey:15 years:2
abonelli,austin bonelli,,2,city:philadelphia years:1
abonnell,aage bonnell,,3,city:seattle jersey:6 years:1
abordelon,andre bordelon,,2,jersey:12 years:1
abostian,adam bostian,,3,city:charlotte jersey:73 years:1
abronstei,adam bronstein,,2,city:seattle years:1
abrown1,adam brown,,1,years:1
abrown2,alon brown,,1,city:new york
abullock,alex bullock,,2,jersey:11 years:1
aburgess,adam burgess,,3,city:atlanta;pittsburgh jersey:10 years:3
abushek,anthony bushek,,1,years:1
abuss,aaron buss,,3,city:pittsburgh jersey:31 years:2
acaldwell,andrell caldwell,,2,jersey:41 years:1
acameron,alex cameron,,2,city:ottawa jersey:86
acarleton,andrew carleton,,3,city:jacksonville jersey:99 years:1
acarne,arthur carne,,2,city:madison years:1
acarr,adam carr,,1,years:2
acarroll,andrew carroll,,3,city:toronto jersey:3 years:5
achampe,alex champe,,3,city:chicago jersey:22 years:2
achoi,adam choi,,3,city:seattle jersey:23 years:1
acisneros,adrian cisneros,,2,jersey:88 years:2
acoble,aaron coble,,2,city:san diego years:2
acoppola,anthony coppola,,1,years:1
acorey,andy corey,,3,city:ottawa jersey:13 years:1
acorley,aaron corley,,1,years:1
acurry,aidan curry,,2,jersey:71 years:3
adavis,aubrey davis,,3,city:austin jersey:13 years:3
adavis2,antoine davis,,3,city:atlanta;new york;san francisco jersey:23;80;81 years:10
adavis5,abbie davis,,2,jersey:14 years:1
adelreal,aaron del real,,1,years:4
adixon,allysha dixon,,1,years:1
adowney,aidan downey,,2,city:atlanta years:4
adrews,adam drews,,3,city:madison jersey:1 years:4
adriehuys,anil driehuys,,2,jersey:16 years:2
adrlicawa,alex drlica-wagner,,3,city:chicago jersey:4 years:3
adrum,alex drum,,2,jersey:11 years:3
adub,antoine dube,,3,city:montreal jersey:26 years:4
aduffel,alex duffel,,2,city:seattle years:3
aengel,austin engel,,2,jersey:5 years:2
aevangeli,alex evangelides,,2,city:san francisco years:2
aeverts,andrew everts,,2,jersey:24 years:1
afall,alexandre fall,,1,years:6
afegert,ames fegert,,2,city:houston years:1
afelser,adlai felser,,2,city:seattle years:1
afelt,aleksei felt,,2,jersey:1 years:1
aforsberg,alex forsberg,,3,city:salt lake jersey:25 years:4
afrank,aiden frank,,2,jersey:79 years:1
agailits,andre gailits,,3,city:vancouver jersey:6 years:2
againes,alton gaines,,1,years:2
againes1,austin gaines,,1,years:2
agambert,abe gambert,,3,city:dallas jersey:15 years:1
agardner,andrew gardner,,3,city:pittsburgh jersey:44 years:4
ageisel,andrew geisel,,1,years:1
agenest,antoine genest,,3,city:montreal jersey:17 years:4
aghitterm,avi ghitterman,,1,years:1
agilson,alex gilson,,2,jersey:14 years:2
agolay,adrian golay,,1,years:1
agoldberg,adam goldberg,,1,years:1
agoldstei,andrew goldstein,,2,jersey:35 years:1
agordon,archer gordon,,2,jersey:23 years:2
agould,austin gould,,2,jersey:28 years:1
agrande,alex grande,,2,city:san francisco years:1
agrigolet,anthony grigoletti,,2,jersey:92 years:1
agrintsva,alex grintsvayg,,1,city:philadelphia
agrossber,adam grossberg,,3,city:philadelphia jersey:42 years:2
agruninge,andrew gruninger,,3,city:charlotte jersey:28 years:2
agruntz,alan gruntz,,2,city:pittsburgh jersey:37
agutowsky,anthony gutowsky,,3,city:madison jersey:6 years:4
ahagen,andrew hagen,,2,city:san francisco years:3
ahall,aidan hall,,1,years:2
ahamilton,alex hamilton,,2,jersey:99 years:3
ahartzog,axel hartzog,,1,years:1
ahasbrook,austin hasbrook,,3,city:seattle jersey:77 years:1
ahaviland,andrew haviland,,3,city:philadelphia jersey:72 years:1
ahayter,aidan hayter,,2,city:ottawa years:1
ahenderso,alex henderson,,3,city:indianapolis jersey:0 years:2
ahill1,ashton hill,,2,jersey:5 years:1
ahoffman,ashton hoffman,,1,years:2
ahom,aaron hom,,3,city:oakland jersey:27 years:1
ahsu,aiden hsu,,1,years:1
ahuels,alan huels,,1,years:1
ahumbert,aj humbert,,3,city:indianapolis jersey:18 years:1
aindhupur,anish indhupuru,,2,jersey:21 years:3
aisik,alexander isik,,3,city:new york jersey:15 years:2
ajemal,adam jemal,,3,city:seattle jersey:15 years:1
ajirele1,anthony jirele,,1,years:2
ajohnson,avery johnson,,3,city:madison jersey:21 years:7
ajoye,ashlin joye,,3,city:san francisco jersey:27 years:3
ajuengst,anders juengst,,3,city:raleigh jersey:16 years:4
akaghazwa,amir kaghazwala,,3,city:oregon jersey:5 years:1
akahn,anthony kahn,,3,city:pittsburgh jersey:21 years:1
akapiamba,alex kapiamba,,2,jersey:23 years:2
akapinos,alex kapinos,,2,city:boston jersey:84
akelly,austin kelly,,3,city:oregon;portland jersey:26 years:4
aking,adrian king,,3,city:chicago jersey:73 years:1
akirages,alexander kirages,,2,city:pittsburgh years:1
akoffarnu,austin koffarnus,,2,jersey:47 years:2
akohl,andrew kohl,,1,years:3
akolick,alan kolick,,2,jersey:99 years:3
akramer,andrew kramer,,1,years:1
alai,allen lai,,2,jersey:68 years:2
alandis,aiden landis,,2,city:pittsburgh years:3
alangley,aaron langley,,2,jersey:19 years:1
alantz,asher lantz,,3,city:chicago;seattle jersey:96 years:4
alapikas,adam lapikas,,1,years:1
alaviolet,allan laviolette,,3,city:atlanta;raleigh jersey:10;11;26 years:9
alearned,aylen learned,,3,city:colorado jersey:1;66 years:2
alenon,aly lenon,,3,city:seattle jersey:4 years:1
alepagnol,antoine lepagnol,,2,city:montreal years:2
alewis,ashton lewis,,2,city:dallas years:2
alien,austin lien,,2,jersey:14 years:4
alomen,aiden lomen,,1,years:2
alord,andrew lord,,3,city:dallas jersey:40 years:1
alowy,alex lowy,,1,jersey:30
alynch,andrew lynch,,3,city:seattle jersey:24 years:2
amagee,aidan magee,,3,city:philadelphia jersey:41 years:1
amaloney,andrew maloney,,3,city:dallas jersey:10 years:1
amanganel,andrew manganelli,,1,jersey:75
amathena,alec mathena,,2,jersey:12 years:2
amax,alexander max,,2,jersey:16 years:1
amcadams,aaron mcadams,,1,years:1
amcclure,alex mcclure,,2,city:indianapolis years:1
amckelvey,andrew mckelvey,,3,city:raleigh jersey:30;31 years:9
amclean,anthony mclean,,2,jersey:32 years:4
amcnichol,adam mcnichols,,2,jersey:34 years:3
amcrae,andrew mcrae,point break,1,years:1
amerriman,aj merriman,,1,years:7
ameshnick,andrew meshnick,,2,city:madison years:6
amichel,allan michel,,3,city:philadelphia jersey:23 years:7
amiller,andrew miller,xavier (b.l.o.b.),1,city:cincinnati
amisthos,andrew misthos,,1,years:1
amonescal,anthony monescalchi,,2,city:rochester years:1
amullen,alex mullen,,3,city:pittsburgh jersey:54 years:3
amuller,andrew muller,,3,city:colorado jersey:32 years:3
amuraoka,akifumi muraoka,,3,city:toronto jersey:1;3 years:1
andovu,allan ndovu,,1,jersey:1
anitikman,ari nitikman,,3,city:vancouver jersey:4 years:2
anord,alex nord,,1,years:1
anorton,alec norton,,1,years:1
anovak,adam novak,,2,city:philadelphia years:1
aodonnell,adam odonnell,,3,city:ottawa;toronto jersey:61 years:5
aolcese,angelo olcese,,3,city:new york jersey:22 years:4
aolsen,anders olsen,,3,city:atlanta;boston jersey:16 years:6
aolson,axel olson,,3,city:seattle jersey:29 years:1
aorme,anton orme,,3,city:oakland jersey:75 years:1
aouchterl,andrew ouchterlony,,2,jersey:43 years:6
apadula,andrew padula,,2,jersey:7;9 years:4
apaicely,adam paicely,,3,city:nashville jersey:20 years:1
apark,adam park,,2,jersey:12 years:1
apaulus,ashton paulus,,3,city:oakland jersey:13 years:1
apestritt,angelo pestritto,,2,jersey:41 years:1
apien,alex pien,,2,jersey:4 years:2
apillsbur,andrew pillsbury,,2,city:boston years:1
apiper,alex piper,,2,city:colorado years:2
aprato,anthony prato,,3,city:philadelphia jersey:11 years:1
araslan,adnan raslan,,2,jersey:55 years:4
araty,adam raty,,2,jersey:76 years:3
arees,adam rees,,2,city:oakland years:2
areppermu,anson reppermund,,3,city:madison;pittsburgh jersey:27;6 years:9
areyes,alejandro reyes,,2,city:san diego jersey:2
ariegel,austin riegel,,2,jersey:9 years:3
arobb,alistair robb,,3,city:vancouver jersey:3 years:1
aroberts,aaron roberts,,1,years:1
aroca,andrew roca,,1,years:1
arodrigue,andres rodriguez,,1,years:4
aroney,andrew roney,,3,city:tampa bay jersey:3 years:5
aroot,aldous root,,3,city:seattle jersey:98 years:2
arosentha,aaron rosenthal,,2,jersey:1 years:4
arousseau,antoine rousseau,,3,city:montreal jersey:38 years:5
aroy,andrew roy,,2,jersey:32 years:6
arudy,aiden rudy,,2,jersey:45 years:2
arueda,antonio rueda,,1,years:4
arussell,adam russell,,2,city:charlotte years:2
asammons,andy sammons,,3,city:san diego jersey:34 years:1
ascarth,alan scarth,,2,jersey:35 years:1
aschwartz,andrew schwartz,youngbloods,1,city:new york
aschwartz1,aaron schwartz,,3,city:indianapolis jersey:5 years:4
aschwiete,aaron schwieterman,,2,jersey:54 years:2
asehgal,araav sehgal,,3,city:toronto jersey:77 years:3
aseibert,andrew seibert,,3,city:philadelphia jersey:87 years:1
ashi,aaron shi,,2,jersey:2 years:2
ashklar,abe shklar,,2,city:san diego years:1
asimmons,alex simmons,,1,years:1
asimon,adam simon,,3,city:seattle jersey:10 years:5
asjogren,andrew sjogren,,2,city:chicago years:8
asmith,andy smith,,2,jersey:0 years:2
astautber,adam stautberg,,2,jersey:20 years:1
astevenso,alex stevenson,,1,years:1
asurmani,alec surmani,,3,city:san francisco jersey:77 years:3
atang,andrew tang,,1,years:1
atatum,alex tatum,,3,city:colorado jersey:99 years:1
ataylor,austin taylor,,3,city:atlanta jersey:2 years:8
ataylor1,alexander taylor,,1,years:1
ataylor2,avi taylor,,3,city:oregon jersey:0 years:2
athai,andrew thai,,2,city:atlanta years:5
athoennes,andrew thoennes,,1,years:1
aturcotte,adam turcotte,,3,city:toronto jersey:92 years:5
aturner,adam turner,,3,city:cincinnati jersey:41 years:1
avanbruss,avery van brussel,,2,jersey:34 years:2
avandeber,andrew vande berg,,2,jersey:73 years:5
avanderge,alex van der geest,,2,jersey:17 years:1
avickroy,alex vickroy,,2,city:charlotte years:1
avinson,adam vinson,,2,jersey:13 years:4
avlahos,alex vlahos,,2,city:toronto years:2
awadaga,andrew wadaga,,1,years:1
awalch,andrew walch,,3,city:austin jersey:12 years:4
awalker,austin walker,,3,city:austin jersey:29 years:1
awarringt,alex warrington,,3,city:pittsburgh jersey:99 years:4
awatson,aaron watson,,3,city:pittsburgh jersey:59 years:1
awatts,andrew watts,,2,city:toronto years:2
aweaver,aaron weaver,,2,jersey:18 years:3
aweaver1,aaron weaver,,3,city:indianapolis jersey:31 years:1
aweitzman,ari weitzman,,1,years:1
awhitton,adam whitton,,2,jersey:89;99 years:2
awilcox,xander wilcox,,2,jersey:35 years:3
awilkes,andrew wilkes,,3,city:new york jersey:2 years:1
awilsonho,alec wilson holliday,,2,jersey:10 years:4
awolf,aaron wolf,,2,city:seattle years:2
awulkan,adam wulkan,,3,city:oakland jersey:3 years:2
ayearwood,adrian yearwood,,3,city:toronto jersey:81 years:4
ayu,andy yu,,1,years:1
ayuan,albert yuan,,3,city:boston jersey:32 years:3
ayurchak,andrew yurchak,,2,city:pittsburgh years:1
azalk,alexi zalk,,3,city:new york jersey:22 years:1
badams,brawley adams,,2,jersey:27 years:1
badams1,brendan adams,,2,city:austin;houston years:3
badibe,brandon adibe,,3,city:ottawa jersey:0;12 years:4
ballahdad,bram allahdadi,,3,city:oregon jersey:33 years:1
banderson,brett anderson,,3,city:vancouver jersey:88 years:2
battal,benjamin attal,,3,city:pittsburgh jersey:19 years:3
bawerbuch,brendan awerbuch,,3,city:new york jersey:1 years:3
bbaird,ben baird,,3,city:madison jersey:26 years:1
bbaker,brian baker,,3,city:vancouver jersey:51 years:2
bbeers,brandon beers,,2,city:atlanta years:1
bbergmeie,bret bergmeier,,2,jersey:0 years:6
bblatz,ben blatz,,1,years:1
bbogel,brendan bogel,,2,city:seattle jersey:95
bbrink,ben brink,,3,city:chicago jersey:30 years:1
bbush,bryan bush,,2,jersey:3 years:1
bcameron,cameron beck,,2,city:san francisco years:1
bcanoniza,brandon canonizado,,2,city:san francisco years:1
bcarleton,bryce carleton,,3,city:jacksonville jersey:13 years:1
bclark1,ben clark,,2,city:san diego years:1
bcoffey,bret coffey,,1,years:1
bconklin,bryan conklin,,2,jersey:13 years:1
bdameron,ben dameron,,2,city:new york years:2
bdean,bryant dean,,3,city:philadelphia jersey:13 years:2
bdemers,bruno-pier demers,,1,years:1
bdieter,ben dieter,,3,city:raleigh jersey:6 years:4
bdistel,braden distel,,2,jersey:72 years:2
bdobson,brody dobson,,1,years:1
bdowney,bryan downey,,2,jersey:36 years:4
bdunbar,bryan dunbar,,2,jersey:44 years:1
bdunn,brice dunn,,3,city:philadelphia jersey:33;6 years:3
beberhard,braden eberhard,,2,city:boston;salt lake years:4
begger,brett egger,,1,city:jacksonville
bellis,brad ellis,,1,years:1
beto,benjamin eto,,3,city:san diego jersey:10 years:1
beverhart,bill everhart,,3,city:madison jersey:6 years:3
bfein,brandon fein,,3,city:oakland jersey:42;8 years:6
bfeldman,ben feldman,,2,jersey:2 years:4
bfeng,ben feng,,2,jersey:7 years:3
bfield,ben field,,1,jersey:9
bfleming,bradley fleming,,3,city:atlanta jersey:34 years:5
bgee,brayden gee,,3,city:vancouver jersey:6 years:2
bgeorge,brent george,,2,jersey:3 years:3
bgessner,brendan gessner,,2,jersey:24 years:4
bgfroerer,brian gfroerer,,3,city:austin;houston jersey:25 years:3
bgramann,brett gramann,,3,city:austin jersey:18 years:3
bgreenber,ben greenberg,,1,years:1
bhannah,blake hannah,,2,city:atlanta years:1
bhard,brenton hard,,3,city:chicago;new york jersey:45 years:1
bharris,ben harris,,1,jersey:7
bhart,brian hart,,3,city:madison jersey:13 years:4
bhawkinso,beau hawkinson,,2,jersey:19 years:1
bhidaka,brett hidaka,,2,jersey:25 years:2
bhoward,brian howard,,3,city:montreal jersey:41 years:1
bhulsmeye,brett hulsmeyer,,3,city:atlanta jersey:6 years:7
bjager,brian jager,,1,jersey:41
bjansen,ben jansen,,3,city:cincinnati jersey:54 years:2
bjensen,brock jensen,,1,years:1
bjordan,brandon jordan,,2,jersey:15 years:1
bjordan1,blake jordan,,1,jersey:23
bjoseph,becker joseph,,2,city:philadelphia years:1
bkahler,brandon kahler,,1,years:1
bkatz1,ben katz,,1,years:1
bkeith,brendan keith,,2,jersey:1 years:1
bkennis,bradley kennis,,3,city:indianapolis jersey:31 years:2
bkeren,benjy keren,,3,city:madison jersey:8 years:6
bkibler,brian kibler,,2,city:rochester years:2
bkittredg,beau kittredge,,3,city:new york;san francisco jersey:50 years:6
bklar,ben klar,,2,city:toronto years:1
bkolinek,brett kolinek,,2,city:chicago years:1
bkrapfl,blake krapfl,,2,jersey:1;51 years:5
bkrumpelm,ben krumpelman,,1,years:1
bkuo,bryan kuo,,3,city:toronto jersey:26 years:1
blabertea,bailey laberteaux,,2,city:raleigh years:1
blafferty,brandon lafferty,,1,years:1
blamberty,brandon lamberty,,3,city:philadelphia jersey:3 years:7
blang,barrs lang,,2,city:san francisco years:2
blaursen,bjarne laursen,,1,years:1
blewis,ben lewis,,3,city:austin;houston jersey:17;7 years:10
bley,bobby ley,,3,city:atlanta;raleigh;tampa bay jersey:9 years:6
bli,brandon li,,3,city:seattle jersey:88 years:4
blimoges,basile limoges,,3,city:montreal jersey:82 years:2
blin,brandon lin,,3,city:houston jersey:31 years:3
bliu,byron liu,,3,city:atlanta;san francisco jersey:21;8 years:4
bliu1,bob liu,,2,city:chicago;raleigh years:4
bliumay,benjamin liu-may,,3,city:portland jersey:2 years:1
blo,brent lo,,3,city:boston;seattle jersey:11 years:2
blohre,ben lohre,,2,jersey:42 years:2
blozinski,bryce lozinski,,3,city:san diego jersey:5 years:7
bmadden,bob madden,,3,city:san francisco jersey:27 years:2
bmagerr,brian magerr,,2,jersey:5 years:5
bmainwari,billy mainwaring,,2,jersey:26 years:1
bmalecek,brandon malecek,,3,city:dallas jersey:0;13 years:7
bmarshall,brian marshall,,2,jersey:22 years:2
bmathie,becker mathie,,2,jersey:30 years:2
bmatis,brandon matis,,2,jersey:42;61 years:10
bmatzuka,brett matzuka,,3,city:chicago;raleigh jersey:45 years:8
bmccann,brendan mccann,,3,city:boston jersey:13 years:9
bmclaughl,brian mclaughlin,,2,city:new york years:1
bmiller,ben miller,,1,years:1
bmoore1,brent moore,,2,jersey:13 years:2
bmorrison,brayden morrison,,2,jersey:0;14 years:2
bmoyer,bobby moyer,,1,jersey:40
bnelson,ben nelson,,3,city:new york jersey:68 years:1
bnguyen,bryan nguyen,,2,jersey:12 years:2
boort,benjamin oort,,2,jersey:9 years:1
bparris,benjamin parris,,1,years:1
bpastor,brandon pastor,,3,city:philadelphia jersey:1 years:7
bpatterso,bobby patterson,,3,city:tampa bay jersey:2 years:3
bpavelka,ben pavelka,,1,years:1
bpetersen,brett petersen,,3,city:san francisco jersey:10 years:4
bpowlay,ben powlay,,1,years:1
bpreiss,benjamin preiss,,3,city:chicago jersey:13;44 years:4
bpries,ben pries,,3,city:toronto jersey:16 years:2
brathunde,brian rathunde,,2,city:chicago years:3
brehmann,ben rehmann,,2,city:chicago years:1
bring,bryce ring,,3,city:ottawa jersey:19 years:4
broberts,bailey roberts,,1,years:1
brobinson,braedan robinson,,2,city:ottawa years:1
brobinson1,brett robinson,,2,jersey:20 years:2
brogers,ben rogers,,1,years:1
bsadok,benjamin sadok,,3,city:boston jersey:3 years:2
bsansbury,bryan sansbury,,3,city:atlanta jersey:12 years:2
bschoenro,brian schoenrock,,2,jersey:16 years:4
bschwalm,brendan schwalm,,1,years:1
bsessums,beckett sessums,,2,jersey:45 years:2
bseuntjen,bradley seuntjens,,3,city:atlanta jersey:4 years:11
bsever,ben sever,,2,jersey:24 years:2
bseverson,brandon severson,,3,city:san diego jersey:80 years:4
bshea,benen shea,,2,jersey:1 years:2
bsimmonds,ben simmonds,,3,city:ottawa jersey:71 years:1
bsmith,brodie smith,,2,jersey:21 years:3
bsnell,ben snell,,3,city:raleigh;seattle jersey:77 years:6
bsokolows,benjamin sokolowsky,,3,city:new york jersey:24 years:3
bspielman,benjamin spielman,,2,city:new york years:1
bstout,brian stout,,3,city:oregon;portland jersey:34 years:2
bsullivan,brett sullivan,,1,years:3
btaitt,brandon taitt,,2,city:madison years:1
bthibodea,brock thibodeaux,,2,city:houston years:2
bthoennes,ben thoennes,,2,jersey:2;4 years:4
bthomas,brandon thomas,,1,years:2
bthomsen,benj thomsen,,1,years:1
btrantina,blake trantina,,1,years:1
btseytlin,benjamin tseytlin,,2,city:boston jersey:22
bvanderbu,blake vanderbush,,2,city:indianapolis years:2
bvandeuse,brandon van deusen,,2,jersey:99 years:6
bventresc,benjamin ventresca,,1,years:1
bventura,brian ventura,,3,city:indianapolis jersey:40 years:2
bvohnoutk,bryan vohnoutka,,2,jersey:3 years:10
bwachob,bennett wachob,,2,jersey:2 years:2
bwaldron,blake waldron,,2,jersey:4 years:3
bwallace,brooks wallace,,3,city:new york jersey:39 years:3
bwalsh,bryan walsh,,3,city:cincinnati jersey:7;77 years:4
bweinstei,ben weinstein,,2,jersey:8 years:1
bwilliams1,brycen williams,,1,jersey:3
bwong,brendan wong,,3,city:vancouver jersey:98 years:1
bwu,bailey wu,,3,city:seattle jersey:28;7;8 years:3
bwyer,brian wyer,,2,city:boston years:2
byue,bryan yue,,2,city:toronto years:3
bzid,brian zid,,2,city:san diego years:2
canderson,connor anderson,,2,jersey:33 years:1
canderson1,craig anderson,,1,years:1
carmstron,connor armstrong,,2,city:toronto years:2
carmstron1,carson armstrong,,2,city:austin years:1
casselin,charles asselin,,2,city:montreal years:1
catack,corbin atack,,2,city:seattle jersey:44
cauman,christopher auman,,1,years:2
cbailey,cam bailey,,2,city:seattle years:4
cbaker,cullen baker,,3,city:chicago;houston jersey:88 years:3
cbariteau,charles bariteau,,3,city:montreal jersey:11 years:1
cbarnes,cade barnes,,2,jersey:0 years:1
cbarrera,camilo barrera,,1,years:1
cbartoli,chris bartoli,,3,city:boston jersey:80 years:4
cbauman,conor bauman,,2,jersey:44 years:5
cbeaurega,colin beauregard,,1,years:3
cbellando,cam bellando,,2,jersey:21 years:6
cbelus,christian belus,,2,jersey:32 years:3
cbenafrad,charlie benforado,,2,city:madison years:1
cbenforad,charlie benforado,,2,city:madison years:1
cbennett,corey bennett,,2,city:tampa bay years:2
cbergeron,colum bergeron,,1,years:1
cbernard,christopher bernard,,2,jersey:12 years:2
cberry,colin berry,,2,jersey:13 years:6
cblalack,conner blalack,,3,city:indianapolis jersey:0 years:3
cbosworth,callahan bosworth,,2,jersey:13 years:2
cboxley,christian boxley,,3,city:dc jersey:2;31 years:5
cboydflie,chander boyd-fliegel,,2,jersey:15 years:1
cboyle,connor boyle,,2,city:philadelphia years:2
cbrenenbo,chris brenenborg,,3,city:pittsburgh jersey:2 years:1
cbrock,cameron brock,,3,city:indianapolis jersey:3 years:7
cbrooks,chris brooks,,3,city:austin jersey:16 years:1
cbrotman,cooper brotman,,2,city:ottawa years:2
cbrown,chackgarin brown,,2,city:seattle years:1
cbrown1,calvin brown,,3,city:new york jersey:81 years:4
cbubernak,chris bubernak,,2,city:seattle years:2
cburt,caiden burt,,3,city:houston jersey:11;14 years:4
ccamp,colin camp,,3,city:madison jersey:32 years:5
ccampbell,curtis campbell,,3,city:ottawa;toronto jersey:22 years:2
ccampbell1,caleb campbell,,3,city:seattle jersey:69 years:4
ccannon,charles cannon,,1,years:2
ccarey,clayton carey,,1,years:1
cchamberl,carson chamberlain,,2,jersey:12;21 years:4
cchang,chip chang,,2,jersey:40 years:1
ccoates,cody coates,,3,city:tampa bay jersey:85 years:2
ccofer,clark cofer,,2,city:new york years:2
ccolicchi,cj colicchio,,2,city:philadelphia;pittsburgh;raleigh years:6
cconcanno,connor concannon,,3,city:indianapolis jersey:5 years:2
ccopeland,cam copeland,,3,city:atlanta;chicago jersey:79 years:3
ccopler,colin copler,,2,jersey:25 years:1
ccoulbury,calvin coulbury,,3,city:montreal jersey:37 years:3
ccox,craig cox,,1,jersey:84
ccoyne,cullen coyne,,2,city:san francisco years:1
ccunningh,chase cunningham,,3,city:austin jersey:20;4 years:5
ccurran,cody curran,,3,city:indianapolis jersey:18 years:2
cdavisbra,cole davis-brand,,3,city:boston jersey:22 years:6
cdegnan,casey degnan,,2,city:chicago years:1
cdeluna,connor deluna,,2,city:austin;dallas years:6
cdenecour,caleb denecour,,3,city:austin jersey:49 years:2
cdixon,caleb dixon,,3,city:houston jersey:77 years:2
cdowd,connor dowd,,1,years:1
cellis,chris ellis,,2,jersey:32 years:3
cenright,caleb enright,,1,years:1
ceustis,cole eustis,,3,city:portland jersey:7 years:4
cfarina,chris farina,,3,city:san jose jersey:0 years:2
cferguson1,caleb ferguson,,2,jersey:21 years:2
cfortin,connor fortin,,2,city:boston;rochester years:4
cfoster,christian foster,,3,city:boston;seattle jersey:11 years:4
cfox,cody fox,,1,years:2
cfremeau,colin fremeau,,2,jersey:27 years:1
cfriedes,cole friedes,,2,jersey:25 years:2
cfroats,craig froats,,2,city:ottawa jersey:77
cfroats1,colin froats,,3,city:ottawa jersey:21 years:5
cgaeta,christian gaeta,,3,city:atlanta jersey:26 years:4
cgall,collin gall,,3,city:san diego jersey:27 years:4
cgallaghe,chris gallagher,,1,city:cincinnati
cgarrison,connor garrison,,2,jersey:76 years:2
cgeppert,cullen geppert,,3,city:chicago jersey:18 years:2
cgerber,chad gerber,,2,jersey:87 years:1
cgibson,chris gibson,,3,city:tampa bay jersey:30 years:3
cginet,chris ginet,,3,city:indianapolis jersey:51 years:2
cgraber,chris graber,,3,city:pittsburgh jersey:23;55 years:7
cgrandon,colin grandon,,3,city:madison jersey:76 years:5
cgrant,colin grant,,2,jersey:13 years:1
cgreen,cory green,,1,years:1
cgreen1,colin green,,2,city:ottawa years:1
cguay,charles guay,,3,city:montreal jersey:11 years:5
cguidry,cameron guidry,,2,city:dallas jersey:8
chaley,connor haley,,2,city:cincinnati years:1
chammond,chase hammond,,3,city:nashville jersey:5 years:3
chardesty,corey hardesty,,3,city:indianapolis jersey:60 years:5
charris,cameron harris,,3,city:toronto jersey:91 years:6
charrity,charles harrity,,3,city:philadelphia jersey:9 years:1
chawkins,carter hawkins,,2,jersey:39 years:4
chendriks,charles-david hendriks,,1,years:1
chinde,colin hinde,,1,city:detroit
chines,cedar hines,,3,city:seattle jersey:32 years:2
chogg,casey hogg,,3,city:dallas jersey:20 years:4
chollo,carter hollo,,3,city:austin jersey:13;14 years:1
chsu,cheryl hsu,,2,jersey:24 years:1
chyzer,cole hyzer,,3,city:indianapolis jersey:13 years:3
cikeda,casey ikeda,,3,city:san francisco jersey:18 years:1
cjensen,cole jensen,,2,jersey:1 years:3
cjohnson2,carl johnson,,3,city:pittsburgh;tampa bay jersey:87 years:4
cjohnston,cody johnston,,3,city:colorado jersey:27 years:1
cjurek,cole jurek,,2,jersey:13 years:8
ckennedy,cameron kennedy,,3,city:ottawa jersey:91 years:2
ckerns,couper kerns,,1,years:2
ckirkland,cody kirkland,,3,city:san diego jersey:22 years:4
ckline,conor kline,,2,jersey:11 years:2
cknarr,cj knarr,,3,city:indianapolis jersey:18 years:1
cknox,cameron knox,,1,jersey:45
ckochenas,colin kochenash,,2,jersey:34 years:2
ckocher,chris kocher,,3,city:new york jersey:31 years:3
ckosednar,chris kosednar,,2,city:san francisco years:1
clacy,cameron lacy,,2,jersey:28 years:4
clankford,carter lankford,,2,jersey:24 years:2
clarberg,chris larberg,,3,city:dallas jersey:17;4 years:5
clarocque,chris larocque,,2,jersey:10;18 years:4
clemay,casey lemay,,1,years:1
clukas,connor lukas,,2,jersey:17 years:2
cmah,camden mah,,1,years:2
cmarty,chase marty,,3,city:madison jersey:42 years:3
cmasino,colin masino,,3,city:philadelphia jersey:26 years:4
cmathieu,christian mathieu,,3,city:montreal jersey:22 years:2
cmazur,chris mazur,,3,city:new york jersey:39;6 years:5
cmccall,corey mccall,,2,city:jacksonville years:1
cmccausla,chad mccausland,,1,city:ottawa
cmcgowan,craig mcgowan,,2,jersey:15 years:1
cmchale,connor mchale,,3,city:toronto jersey:88 years:1
cmcinnis,cody mcinnis,,2,city:boston years:1
cmcsherry,clint mcsherry,,3,city:raleigh jersey:71 years:9
cmercer,charlie mercer,,2,city:seattle years:1
cmiddleto,carter middleton,,2,city:rochester years:1
cmika,corey mika,,2,city:austin years:2
cmiller,clay miller,,3,city:san francisco jersey:11 years:3
cmiller1,christopher miller,,3,city:indianapolis jersey:41 years:1
cmills,corbin mills,,1,jersey:54
cmires,cole mires,,2,city:oakland years:1
cmorgenst,carl morgenstern,,3,city:pittsburgh jersey:13 years:2
cmuniz,charlie muniz,,3,city:raleigh jersey:2 years:4
cnelson,christopher nelson,,1,years:1
cnewby,caeden newby,,2,city:oregon years:2
cnewell,connor newell,,3,city:pittsburgh jersey:26 years:5
cnguyen,conrad nguyen,,2,jersey:76 years:2
cnichimlu,caoba nichim-luta,,2,jersey:1 years:1
cobrien,cj obrien,,3,city:chicago jersey:84 years:4
cobrien1,christopher obrien,,2,jersey:47 years:2
colsen,christian olsen,,3,city:atlanta jersey:24;8 years:7
colson,connor olson,,3,city:colorado;dallas jersey:22;23 years:5
cosborn,cole osborn,,1,years:1
cpanarell,charlie panarella,,3,city:new york jersey:30 years:1
cparker,christian parker,,2,city:dallas years:1
cpartlow,clayton partlow,,2,jersey:29 years:2
cpederson,curtis pederson,,1,years:1
cpetsche,cole petsche,,2,jersey:0 years:1
cpitts,christian pitts,,2,city:pittsburgh years:1
cpoeppelm,craig poeppelman,,1,city:chicago
cqiu,cecil qiu,,1,years:1
craasch,cullen raasch,,1,years:1
crae,carter rae,,3,city:indianapolis;nashville jersey:13 years:7
crasmusse,cassidy rasmussen,,3,city:san francisco jersey:9 years:4
crassel,collin rassel,,3,city:indianapolis jersey:27 years:1
crawlins,chase rawlins,,3,city:philadelphia jersey:85 years:3
creiff,charlie reiff,,2,jersey:33 years:1
cringwood,colin ringwood,,3,city:indianapolis jersey:12 years:7
croach,chris roach,,2,city:seattle years:5
crobertso,charles robertson,,1,years:1
cross,connor ross,,1,years:1
crussell,connor russell,,3,city:new york;raleigh jersey:52 years:5
csackmann,christopher sackmann,,3,city:austin jersey:7 years:1
cschelitz,clay schelitzche,,1,city:madison
cschloer,conrad schloer,,3,city:new york jersey:47 years:1
cschulze,chris schulze,,1,years:1
cschuweil,charlie schuweiler,,2,jersey:5;55 years:3
cseamon,caleb seamon,,2,jersey:47 years:1
cshugarma,casey shugarman,,2,city:san diego years:1
csigerud,caden sigerud,,2,jersey:81 years:2
csimpson,christian simpson,,2,jersey:21 years:1
csmith2,chase smith,,2,jersey:38 years:2
csnook,cameron snook,,3,city:nashville jersey:28 years:2
cspicer,cody spicer,,3,city:colorado jersey:34 years:2
cstanish,caleb stanish,,2,jersey:61 years:4
cstartzel,casey startzell,,3,city:philadelphia jersey:22 years:2
csteiner,colton steiner,,3,city:indianapolis jersey:11 years:5
cstenseth,cole stenseth,,3,city:salt lake jersey:9 years:2
cstewart,craig stewart,,2,city:nashville jersey:23
cstewart1,clara stewart,,2,jersey:73 years:1
cstillwel,conner stillwell,,3,city:portland jersey:6 years:4
csullivan,cole sullivan,,2,jersey:14 years:3
csunde,colin sunde,,3,city:boston;madison;san diego jersey:34;41 years:4
ctabor,conor tabor,,3,city:colorado jersey:0;25 years:3
ctaleghan,cameron taleghani,,1,years:1
ctappero,coleman tappero,,3,city:atlanta jersey:21 years:2
ctexeira,caleb texeira,,1,years:1
cthornton,casey thornton,,3,city:philadelphia jersey:18 years:4
ctipping,connor tipping,,3,city:pittsburgh jersey:22 years:2
ctolbert,corey tolbert,,3,city:houston jersey:5 years:2
ctoriello,cy toriello,,2,jersey:11 years:3
ctornaben,cal tornabene,,3,city:chicago jersey:21 years:5
ctrisolin,calvin trisolini,,3,city:philadelphia jersey:33 years:1
cughetta,connor ughetta,,2,jersey:12 years:3
cvargas,carlos vargas,,3,city:austin jersey:6 years:2
cvaughn,casey vaughn,,3,city:philadelphia jersey:96 years:1
cvukovic,charlie vukovic,,2,jersey:13;31 years:5
cwagner,charlie wagner,,3,city:oregon jersey:33 years:1
cwallin,cole wallin,,1,years:1
cwalls,chris walls,,2,jersey:36 years:1
cwalsh,chris walsh,,2,jersey:9 years:4
cwang,clark wang,,3,city:san diego jersey:23 years:4
cwatkins,curtis watkins,,1,years:1
cwatson,channing watson,,3,city:detroit jersey:28 years:3
cweinberg,charles weinberg,,3,city:philadelphia jersey:18;6;8 years:6
cwhite,cade white,,3,city:austin;madison jersey:14 years:3
cwhite1,colin white,,3,city:philadelphia jersey:3 years:3
cwilder,carson wilder,,3,city:austin jersey:1;25;9 years:5
cwilen,chris wilen,,2,city:madison years:5
cwilson,chris wilson,,2,jersey:22 years:2
cwolle,carlos wolle,,2,jersey:55 years:3
cwoodfin,christian woodfin,,2,jersey:32 years:1
cwu,casey wu,,3,city:san diego jersey:29 years:7
cyen,chip yen,,1,years:1
cyip,clement yip,,1,years:2
cyorgason,chad yorgason,,3,city:salt lake jersey:6 years:4
cyoungblo,chris youngblood,,3,city:atlanta jersey:55 years:1
cyu,charles yu,,1,city:dc
dabram,david abram,,1,jersey:1
dalexande,derek alexander,,2,jersey:9 years:3
dasemota,devon asemota,,2,jersey:4 years:1
dbaer,david baer,,3,city:philadelphia jersey:20 years:2
dbaird,dustin baird,,1,city:indianapolis
dbaker1,dylan baker,,2,city:seattle years:1
dbarram,david barram,,2,jersey:3 years:2
dbates,daniel bates,,2,jersey:27 years:1
dbauman,daniel bauman,,3,city:colorado jersey:55 years:1
dbaumgart,dan baumgartner,,2,jersey:12 years:4
dbecker,dustin becker,,1,years:1
dbellinge,dan bellinger,,2,jersey:22;5 years:3
dbellissi,daniel bellissimo,,2,jersey:5 years:2
dbenvenut,dan benvenuti,,1,city:ottawa
dberendes,david berendes,,3,city:atlanta jersey:21 years:1
dberg,david berg,,3,city:philadelphia;pittsburgh jersey:21 years:3
dbest,dylan best,,3,city:pittsburgh jersey:15 years:3
dbloodgoo,david bloodgood,,2,jersey:30 years:7
dboyea,david boyea,,1,years:1
dboylanko,david boylan-kolchin,,1,years:3
dbraden,david braden,,2,jersey:3 years:2
dbrandolp,david brandolph,,2,city:philadelphia years:1
dbrooks,david brooks,,1,years:1
dbruer,dillon bruer,,2,jersey:44 years:3
dbrunker,daniel brunker,,3,city:colorado jersey:26 years:3
dbuckingh,donte buckingham,,3,city:madison jersey:0 years:1
dbullock,dean bullock,,1,years:1
dburns,dylan burns,,2,jersey:99 years:3
dbuwalda,daniel buwalda,,1,years:1
dcasio,dennis casio,,2,city:seattle years:3
dcavalero,dominic cavalero,,2,city:seattle years:1
dchandler,drew chandler,,3,city:raleigh jersey:20 years:1
dchapman,drew chapman,,2,jersey:0 years:1
dchen,dongyang chen,,3,city:seattle jersey:13 years:2
dchen1,dafeng chen,,2,city:detroit years:2
dchickeri,daniel chickering,,3,city:seattle jersey:35 years:1
dchiodi,dominic chiodi,,2,city:seattle years:1
dclyburn,dexter clyburn,,2,jersey:12;14 years:4
dcolic,david colic,,2,city:ottawa years:3
dcooke,dillon cooke,,2,city:boston years:1
dcox,devin cox,,3,city:atlanta jersey:42 years:4
dcox1,david cox,,3,city:indianapolis jersey:31 years:2
dcranston,david cranston,,1,years:5
dculver,dean culver,,2,jersey:17 years:1
dcunningh,dan cunningham,,3,city:indianapolis jersey:32;6 years:3
ddamiano,dustin damiano,,3,city:philadelphia jersey:0 years:5
ddanks,david danks,,1,years:1
ddeclerck,dylan declerck,,2,jersey:54 years:9
ddemarre,daan de marree,,3,city:chicago jersey:27 years:2
ddremann,dex dremann,,3,city:chicago jersey:16 years:1
ddunbar,dana dunbar,,1,city:seattle
ddyer,darren dyer,,1,years:1
delder,dylan elder,,3,city:cincinnati jersey:89 years:1
demmons,daniel emmons,,3,city:dallas jersey:18 years:3
deppstein,daniel eppstein,,1,years:1
dfan,derek fan,,2,city:austin years:1
dferraro,david ferraro,,1,years:3
dferriter,daniel ferriter,,1,years:2
dfitzgera,duncan fitzgerald,,3,city:austin jersey:88 years:5
dflock,david flock,,3,city:san diego jersey:27 years:1
dfoster,devin foster,,2,city:philadelphia years:2
dfreechil,dylan freechild,,2,jersey:10 years:2
dfrongill,david frongillo,,2,jersey:5 years:2
dgarlock,daniel garlock,,3,city:madison jersey:32 years:4
dgirard,drew girard,,2,city:pittsburgh years:1
dgranholm,dana granholm,,3,city:indianapolis jersey:33 years:1
dgraves,darin graves,,1,years:1
dhammer,david hammer,,3,city:dallas jersey:87 years:2
dhampson,david hampson,,3,city:philadelphia jersey:79 years:2
dhappe,drew happe,,2,jersey:43 years:3
dhawkins,dylan hawkins,,2,jersey:6 years:5
dhenken,dustin henken,,2,city:philadelphia jersey:24
dhochhalt,david hochhalter,,2,jersey:45 years:2
dhortemil,david hortemiller,,3,city:indianapolis jersey:9 years:2
dhunt,danny hunt,,1,years:1
dinnis,david innis,,2,jersey:11 years:4
djanssen,david janssen,,3,city:ottawa jersey:8 years:2
djeng,dyllon jeng,,2,jersey:24 years:1
djensen,david jensen,,2,jersey:74 years:1
djoens,dillon joens,,1,years:1
djohnson,delrico johnson,,3,city:dc jersey:4 years:3
dkarlinsk,danny karlinsky,,3,city:seattle jersey:23 years:2
dkervick,declan kervick,,3,city:boston jersey:82 years:4
dkirkman,dutch kirkman,,2,jersey:82 years:2
dknighton,derik knighton,,3,city:salt lake jersey:32 years:2
dkrug,danny krug,,1,years:1
dlafrance,dan lafrance,,3,city:toronto jersey:86 years:1
dlarberg,dillon larberg,,2,jersey:11 years:3
dlathammc,dylan latham mcgraw,,1,years:1
dlevorsen,drew levorsen,,3,city:chicago jersey:37 years:1
dlinn,duncan linn,,3,city:seattle jersey:28 years:2
dlopezesc,dante lopez-escarez,,3,city:seattle jersey:3 years:1
dloughnan,drew loughnane,,3,city:philadelphia jersey:33 years:2
dmaclaine,dennis maclaine,,1,years:1
dmah,daniel mah,,2,jersey:24 years:1
dmccune,dan mccune,,3,city:rochester jersey:8 years:2
dmeinecke,david meinecke,,3,city:madison jersey:10 years:3
dmeyer,dayne meyer,,3,city:pittsburgh jersey:3 years:1
dmiddlebr,dodger middlebrook,,2,jersey:22 years:1
dmiller2,dax miller,,1,city:toronto
dmiller3,declan miller,,3,city:seattle jersey:22 years:2
dmiller4,dane miller,,3,city:salt lake jersey:96 years:2
dmontoya,daniel montoya,,1,jersey:70
dmossman,davis mossman,,1,years:1
dmourad,derek mourad,,3,city:seattle jersey:19;51 years:5
dmurphy,donovan murphy,,2,city:tampa bay years:1
dnaruo,daniel naruo,,2,jersey:25 years:3
dnester,david nester,,3,city:madison jersey:11 years:5
dnice,dylan nice,,3,city:chicago;oakland jersey:7 years:3
dnichols,dan nichols,,3,city:pittsburgh jersey:49 years:4
dolsen,dane olsen,,1,city:chicago
don,danny on,,3,city:atlanta;nashville jersey:10 years:2
dpadgett,decker padgett,,2,city:austin years:1
dperry,david perry,,3,city:philadelphia jersey:32 years:4
dpetsinis,david petsinis,,3,city:toronto jersey:16 years:2
dphillips,darren phillips,,2,city:dallas years:3
dpicone,david picone,,2,jersey:5 years:1
dpoindext,daniel poindexter,,2,city:austin jersey:15
dpower,dylan power,,3,city:chicago;madison jersey:71 years:4
dpryke,daniel pryke,,3,city:san diego jersey:23 years:1
draskin,dox raskin,,1,years:1
drasmusse,drew rasmussen,,2,jersey:78 years:1
drichards,doug richardson,,3,city:austin jersey:34 years:4
drichards1,david richardson,ring of fire,3,city:raleigh jersey:84 years:4
drichmond,dave richmond,,1,years:1
dritthale,daniel ritthaler,,2,jersey:7 years:4
drobinson,donald robinson,,1,jersey:0
drobinson1,daniel robinson,,1,years:1
drogers,devon rogers,,3,city:atlanta jersey:33 years:3
droman,doug roman,,3,city:philadelphia jersey:6 years:1
drooffene,dustin rooffener,,2,jersey:0 years:4
dschleich,david schleicher,,2,city:madison years:2
dschmitt,danny schmitt,,2,city:raleigh years:1
dschnaudi,drew schnaudigel,,3,city:new york jersey:25 years:2
dsealand,david sealand,,3,city:portland jersey:29 years:1
dselwyn,daniel selwyn,,2,jersey:94 years:2
dshields,david shields,,3,city:dc jersey:36 years:3
dshirley,david shirley,,1,years:4
dshultz,darren shultz,,2,jersey:13 years:1
dslade,david slade,,2,jersey:0 years:1
dsmith,dalton smith,,3,city:chicago;dallas;houston jersey:13 years:7
dsnead,david snead,,2,jersey:11 years:2
dsnoke,david snoke,,3,city:raleigh jersey:18 years:3
dsperling,daniel sperling,,3,city:atlanta jersey:0 years:4
dstaples,desmond staples,,3,city:ottawa jersey:23 years:1
dstupar,dean stupar,,3,city:tampa bay jersey:43 years:2
dsullivan,dustin sullivan,,3,city:philadelphia jersey:93 years:3
dsurrell,doc surrell,,1,years:1
dsuvorov,dmitry suvorov,,3,city:philadelphia jersey:12;6 years:6
dtarasi,dennis tarasi,,3,city:raleigh jersey:11 years:1
dterry,devon terry,,2,jersey:4 years:1
dtranquil,dillon tranquillo,,2,city:pittsburgh years:3
dtravagli,dustin travaglini,,2,jersey:15 years:6
dtrett,david trett,,3,city:nashville jersey:7 years:1
dtriplett,donovan triplett,,3,city:indianapolis jersey:44 years:4
dtunnell,dylan tunnell,,3,city:atlanta jersey:78 years:3
dturcotte,dan turcotte,,1,jersey:73
dvatz,david vatz,,3,city:pittsburgh jersey:4 years:5
dviggiani,daniel viggiani,,2,jersey:29 years:2
dvilleneu,dylan villeneuve,,1,jersey:6
dwarner,dane warner,,3,city:madison jersey:6 years:5
dwelchman,dylan welchman,,3,city:charlotte jersey:6 years:2
dwelkener,daniel welkener,,3,city:austin;dallas jersey:12 years:5
dwenzel,david wenzel,,2,jersey:87 years:2
dwhite,daniel white,,2,jersey:28 years:1
dwhited,dillon whited,,3,city:oakland jersey:8 years:2
dwhitehea,davis whitehead,,2,city:boston;madison years:3
dwilliams,devon williams,,3,city:san francisco jersey:7 years:2
dwinter,daniel winter,,1,years:3
dwitte,david witte,,3,city:tampa bay jersey:0 years:2
dwong,daniel wong,,3,city:toronto jersey:24 years:1
dwoods,david woods,,3,city:chicago jersey:77 years:7
dwu,darren wu,,1,years:1
dyan,derek yan,,2,city:new york years:1
dzeringue,dylan zeringue,,3,city:houston jersey:16 years:1
dzhou,david zhou,,3,city:seattle jersey:2 years:3
dzhu,daniel zhu,,2,jersey:27 years:2
dzickus,david zickus,,1,years:1
dzimmerma,david zimmerman,,2,jersey:20 years:2
dzoldan,david zoldan,,2,jersey:26 years:1
eaadalen,erik aadalen,,3,city:seattle jersey:7 years:1
ealexande,eric alexander,,1,city:madison
ebartlett,emma bartlett,,2,jersey:38 years:1
ebaughman,ethan baughman,,1,years:1
ebeardsle,ethan beardsley,,3,city:pittsburgh jersey:28 years:2
ebeidlers,ezra beidler-shenk,,2,city:philadelphia years:1
ebembenis,evan bembenista,,2,jersey:35 years:3
ebemis,eliot bemis,,3,city:new york jersey:19;64 years:4
ebequette,eileen bequette,,2,jersey:97 years:1
ebilolo,emmanuel bilolo,,3,city:austin;dallas jersey:4;5 years:4
eblais,eric blais,,3,city:madison jersey:99 years:3
eblanchar,eric blanchard,,2,city:toronto years:1
eblaszkew,etienne blaszkewycz,,2,jersey:84 years:1
ebloodwor,ethan bloodworth,,3,city:raleigh jersey:10;87 years:5
eboecking,evan boecking,,3,city:atlanta jersey:85 years:2
ebolthous,ethan bolthouse,,3,city:raleigh jersey:19 years:1
ebonnet,elliot bonnet,,2,jersey:22 years:1
eboucher,evan boucher,,2,city:san francisco years:1
ebrinkman,eric brinkman,,3,city:cincinnati jersey:34 years:1
ebrodbeck,eric brodbeck,,3,city:austin jersey:6 years:7
ebrown,erica brown,,2,city:philadelphia jersey:32
ebrydon,evan brydon,,2,jersey:85 years:2
eburns,ethan burns,,2,jersey:59 years:1
ecaldwell,evan caldwell,,1,years:2
ecampion,ethan campion,,3,city:pittsburgh jersey:23 years:1
ecarter,eric carter,,2,city:austin;dallas years:3
eceballos,esteban ceballos,,1,years:2
echartock,elliott chartock,,3,city:new york jersey:10 years:2
econneely,eamon conneely,,1,years:1
econverse,eric converse,,1,years:1
ecrosbyle,eric crosby lehmann,,2,jersey:7 years:2
edavis,elliot davis,,2,jersey:32 years:1
edeeds,elliot deeds,,2,jersey:10 years:2
ediamond,elijah diamond,,3,city:seattle jersey:49 years:1
eding,eastelle ding,,2,jersey:19 years:1
edion,eric dion,,2,city:montreal years:1
edowns,ethan downs,,2,jersey:13 years:1
eerickson,elliott erickson,,3,city:atlanta jersey:5 years:1
eeve,elliott eve,,3,city:san diego jersey:24 years:1
efalat,ethan falat,,3,city:san jose jersey:31 years:5
efortin,ethan fortin,,3,city:boston;philadelphia jersey:28;8 years:8
efox,ed fox,,2,city:charlotte years:2
egrady,elijah grady,,2,jersey:35 years:1
egrass,everett grass,,1,years:1
egreenwoo,eric greenwood,,2,city:san francisco years:3
egriffin,elias griffin,,3,city:new york jersey:34 years:2
eguo,edward guo,,3,city:vancouver jersey:97 years:4
ehare,elliot hare,,3,city:pittsburgh jersey:18 years:2
ehawkins,elliot hawkins,,3,city:colorado jersey:23;47 years:3
eheloir,eliott heloir,,3,city:montreal jersey:35 years:3
eholmgren,ethan holmgren,,3,city:philadelphia jersey:36 years:4
ehotaling,erik hotaling,,2,city:colorado years:2
ehowey,evan howey,,3,city:raleigh jersey:11;17 years:5
ehubbard,eric hubbard,,2,jersey:33 years:3
ehuber,elijah huber,,1,years:1
ehughes,evan hughes,,1,years:1
ehunter,erik hunter,,3,city:ottawa;vancouver jersey:17 years:2
ehurd,eric hurd,,1,jersey:36
ehytonen,eric hytonen,,2,city:san diego years:2
ejaime,elijah jaime,,2,jersey:55 years:7
ejanin,eli janin,,3,city:portland;san francisco jersey:24 years:2
ejeevaraj,eelavan jeevarajah,,3,city:toronto jersey:23 years:1
ejoyce,eoin joyce,,2,jersey:99 years:1
ekameri,emmanuel kameri,,3,city:dallas jersey:60 years:1
ekarson,evan karson,,3,city:philadelphia jersey:64 years:1
eklein,evan klein,,3,city:seattle jersey:22 years:2
elamborn,elliott lamborn,,2,city:philadelphia years:1
elheureux,eugene lheureux,,2,jersey:89 years:6
eli,ethan li,,3,city:san diego jersey:13 years:5
elieman,ethan lieman,,3,city:new york jersey:14 years:2
elim1,einer lim,,1,city:vancouver
elindberg,erik lindberg,,2,jersey:0 years:1
elissner,eric lissner,,2,jersey:43 years:5
elong,elijah long,,3,city:raleigh jersey:11;45 years:6
elu,eric lu,,3,city:philadelphia jersey:64 years:2
emack,eddie mack,,2,city:cincinnati jersey:3
emagsig,evan magsig,,3,city:oakland jersey:32 years:5
emalone,eliav malone,,3,city:boston jersey:99 years:1
emawby,elliot mawby,,2,city:madison years:1
emeer,everitt meer,,2,city:pittsburgh years:1
eminer,eric miner,,3,city:dc jersey:17 years:2
emock,eli mock,,3,city:indianapolis jersey:21 years:1
emoore,elliott moore,,2,city:austin;new york years:9
emotycka,eli motycka,,2,jersey:65 years:3
emurray,ethan murray,,2,city:seattle jersey:31
enardelli,eric nardelli,,3,city:philadelphia jersey:99 years:10
enewhouse,ellis newhouse,,2,jersey:95 years:1
eniedzwie,ethan niedzwiedz,,2,jersey:56 years:2
enorton,eliana norton,,2,jersey:87 years:1
eode,ethan ode,,2,jersey:44 years:1
eolsen,erik olsen,,1,years:1
epadget,evan padget,,3,city:new york jersey:13 years:1
epar,erwan pare,,1,years:1
eparizot,evan parizot,,2,jersey:42 years:1
epark,eli park,,3,city:toronto jersey:63 years:1
epeck,ethan peck,,3,city:philadelphia jersey:24 years:4
eperry,evan perry,,2,jersey:9 years:1
epigeon,ethan pigeon,,3,city:philadelphia jersey:11 years:1
epiorier,emma piorier,,2,jersey:53 years:1
epollack,ethan pollack,,3,city:austin jersey:19 years:4
epriest,evan priest,,1,years:1
erasmusse,ethan rasmussen,,2,jersey:17;6 years:4
erivera,elliot rivera,,1,years:1
erivera1,elliot rivera,,1,years:2
erosenber,elliott rosenberg,,2,city:boston years:2
erudder,elliott rudder,,2,city:houston years:1
esakach,elliot sakach,,3,city:houston jersey:27 years:2
esalmon,elijah salmon,,2,jersey:70;8 years:4
esarles,ethan sarles,,3,city:philadelphia jersey:91 years:2
esaunders,everett saunders,,1,years:1
esebastia,evan sebastian,,3,city:chicago jersey:15 years:2
eshapiro,everest shapiro,,3,city:new york jersey:23 years:4
esjostrom,eric sjostrom,,3,city:atlanta;madison jersey:5 years:7
eswiatek,evan swiatek,,3,city:austin jersey:5 years:5
etaylor,eric taylor,,3,city:raleigh jersey:15 years:4
ethoreson,ezra thoreson,,2,city:colorado years:1
etrotter,elliot trotter,,3,city:vancouver jersey:0;77 years:2
eun,edmund un,,2,city:toronto jersey:10
evaldes,evan valdes,,2,jersey:3 years:1
ewarner,elliot warner,,3,city:san diego jersey:1 years:3
ewarner1,emmett warner,,2,jersey:16;18 years:3
ewilliams,eric williams,,2,jersey:2 years:1
ewimmer,ethan wimmer,,2,city:salt lake years:2
ewitmer,eric witmer,,3,city:philadelphia jersey:13 years:6
ewright,eric wright,,1,years:1
eyoon,eric yoon,,2,city:rochester years:1
eyoung,emmett young,,2,city:boston years:1
ezhuang,eric zhuang,,2,city:toronto years:1
fbreton,francis breton,,3,city:montreal jersey:0 years:1
fchialvo,federico chialvo,,1,years:2
fdaigle,felix-antoine daigle,,3,city:montreal jersey:49 years:2
fdelgado,felipe delgado,,2,jersey:27 years:2
ffarah,frederick farah,,2,jersey:73 years:5
fhare,fletcher hare,,3,city:atlanta jersey:16 years:4
fharris,frank harris,,2,jersey:55 years:1
fheacock,ford heacock,,3,city:nashville jersey:44 years:1
fhotte,francois-xavier hotte,,2,jersey:8 years:2
flam,fred lam,,3,city:vancouver jersey:23 years:3
fleonard,felix leonard,,3,city:montreal jersey:19 years:3
fmarceau,felix marceau,,1,city:montreal
fmartel,francis martel,,3,city:montreal jersey:44 years:1
fmogollon,francisco mogollon,,1,city:vancouver
fmoren,felix moren,,3,city:portland jersey:1;5;7 years:3
fpronove,felix pronove,,3,city:colorado jersey:4 years:4
frobinson,franklyn robinson,,1,jersey:25
frogers,ferdia rogers,,2,city:austin years:1
frusso,francesco russo,,1,years:1
fstrasser,frank strasser,,3,city:nashville jersey:33 years:2
ftherouxj,felix theroux-joncas,,1,city:montreal
fvallee,francis vallee,,2,jersey:95 years:3
fweng,frank weng,,3,city:new york jersey:0 years:2
fwooten,frank wooten,,3,city:atlanta jersey:12 years:2
gabrahams,gavin abrahamsson,,3,city:boston;philadelphia jersey:37 years:4
gaponte,gyorgy aponte,,2,city:vancouver years:1
gbabbitt,gavin babbitt,,3,city:austin jersey:73 years:5
gbevan,geoff bevan,,3,city:montreal;ottawa;toronto jersey:10;9 years:6
gbinkley,griffin binkley,,2,jersey:36 years:1
gboyd,grant boyd,,2,jersey:91 years:2
gbraun,garrett braun,,2,jersey:15 years:3
gcardosa,georgia cardosa,,1,jersey:71
gcastano,gustavo castano,,2,jersey:1 years:1
gchatha,gagan chatha,,3,city:vancouver jersey:10 years:4
gchizmadi,gerald chizmadia,,1,years:1
gcole,grant cole,,3,city:portland jersey:22 years:1
gdixon,gary dixon,,2,city:new york years:2
gellis,greg ellis,,3,city:ottawa;toronto jersey:30 years:3
gfranke,grant franke,jughandle,1,years:1
ggarbern,greg garbern,,1,city:seattle
ggeib,garrett geib,,1,years:1
ggrant,gary grant,,2,jersey:25 years:1
ggust,george gust,,2,city:austin years:1
ghable,garrett hable,,2,jersey:88 years:2
ghaflin,gustav haflin,,3,city:boston jersey:34 years:6
ghage,gabriel hage,,1,years:1
gharris,grant harris,,3,city:chicago;seattle jersey:28;63 years:3
ghazlewoo,graham hazlewood,,3,city:austin jersey:62 years:1
ghusak,greg husak,,2,jersey:83 years:2
gknobel,garrett knobel,,3,city:tampa bay jersey:91 years:1
glampron,george lampron,,2,city:dallas years:1
glarson,gordon larson,,1,years:5
gleahy,gavin leahy,,3,city:seattle jersey:50 years:3
gledonne,gary ledonne,,2,city:chicago years:1
glindsley,grant lindsley,,3,city:new york;san francisco jersey:26 years:4
gmartin,greg martin,,2,city:philadelphia years:7
gmartin1,garrett martin,,3,city:seattle jersey:12 years:6
gmay,gavin may,,3,city:new york jersey:0 years:5
gmaynard,grant maynard,,1,years:3
gmckee,griffin mckee,,3,city:toronto jersey:97 years:1
gmiller,griffin miller,,2,city:dallas years:5
gmitchell,grant mitchell,,1,years:1
gmohler,greg mohler,,3,city:philadelphia jersey:13 years:2
gmonfette,gabriel monfette,,3,city:montreal jersey:21 years:6
gmoore,greg moore,,3,city:vancouver jersey:13 years:2
gmoreno,gregory moreno,,2,jersey:6 years:3
gnakano,genichi nakano,,2,city:oregon years:1
gpangburn,grayson pangburn,,2,jersey:12 years:5
gpoole,glenn poole,,3,city:dc;madison jersey:15;20 years:4
gpowell,geoff powell,,2,city:toronto jersey:21
grettberg,grayson rettberg,,3,city:salt lake jersey:99 years:3
grichman,grady richman,,3,city:atlanta jersey:0 years:1
gsanner,grayson sanner,,2,jersey:7 years:6
gsanti,garrett santi,,2,jersey:66 years:3
gschoepke,gabe schoepke,,3,city:chicago jersey:1 years:3
gschumach,gina schumacher,,2,city:san francisco years:1
gschwartz,gabriel schwartz-ketchner,,2,jersey:49 years:1
gserednes,geoff serednesky,,3,city:chicago jersey:11 years:1
gsing,gavin sing,,2,city:seattle years:1
gstrouse,greg strouse,,2,city:philadelphia years:2
gtaylor,gabe taylor,,1,years:1
gtse,georgia tse,,1,years:1
gturner,graham turner,,2,jersey:2 years:1
gvoelling,george voellinger,,2,city:salt lake years:1
gvordick,gabe vordick,,3,city:madison jersey:85 years:3
gwaldron,grant waldron,,2,city:nashville years:1
gwatkins,grady watkins,,1,years:2
gwhitting,graham whittington,,1,city:charlotte
gwysen,glenn wysen,,2,jersey:11 years:2
gyas,griffin yas,,2,jersey:4 years:1
gzukowski,grant zukowski,,1,city:chicago
haustinkn,hayden austin-knab,,3,city:atlanta jersey:17 years:7
hbabcock,henry babcock,,2,city:boston years:2
hcannon,harris cannon,,1,years:1
hcarnegie,husayn carnegie,,2,city:seattle years:2
hcogswell,hudson cogswell,,1,years:1
hcookson,holden cookson,,1,years:1
hcorbett,hunter corbett,,3,city:san francisco jersey:17 years:4
hcutts,hunter cutts,,3,city:atlanta jersey:40 years:1
heverett,henry everett,,3,city:pittsburgh jersey:8 years:2
hfuruta,henry furuta,,2,city:dallas years:3
hgarcia,henry garcia,,2,city:oakland years:1
hgarvey,harper garvey,,2,city:new york years:3
hgoldenbe,henry goldenberg,,3,city:chicago;madison jersey:4 years:6
hhavlin,hank havlin,,2,city:indianapolis years:1
hing,henry ing,,2,city:pittsburgh years:1
hknapp,hugh knapp,,1,years:1
hkonker,henry konker,,1,years:1
hlang,hunter lang,,2,city:boston years:1
hlatson,hunter latson,,2,city:chicago years:2
hmay,hunter may,,3,city:colorado jersey:10 years:2
hmcallist,hobbs mcallister,,1,years:1
hmcnamara,harry mcnamara,,3,city:pittsburgh jersey:41 years:1
hmehta,himalaya mehta,,3,city:philadelphia jersey:9 years:2
hnorris,harry norris,,2,city:toronto years:2
hordonez,hector ordonez,,1,years:1
hpare,hugo pare,,2,city:montreal years:1
hpark,harry park,,3,city:pittsburgh jersey:11 years:1
hparks,houston parks,,3,city:dc jersey:4 years:3
hphan,henry phan,,3,city:seattle jersey:7 years:3
hrasmusse,hans rasmussen,,2,city:indianapolis jersey:14
hrodrigue,henry rodriguez,,1,jersey:42
hschneide,henry schneider,,3,city:seattle jersey:4 years:1
hschwarze,harrison schwarzer,,1,city:ottawa
hstone,hayden stone,,3,city:austin;montreal jersey:14 years:3
hstuck,hudson stuck,,2,jersey:77 years:3
htaylor,hunter taylor,,3,city:raleigh jersey:2 years:4
htreegoob,harrison treegoob,,1,city:philadelphia
htucker,harrison tucker,,3,city:austin jersey:24 years:2
hwachob,hayden wachob,,2,jersey:18 years:1
hwang,henry wang,,2,city:houston years:1
hwasnick,hamilton wasnick,,2,jersey:26 years:1
hwayte,henry wayte,,2,jersey:31 years:1
iandreknu,ian andre-knudsen,,1,years:1
ibaker,isaac baker,,2,city:houston years:1
ibarry,ian barry,,2,jersey:83 years:1
ibryant,isaiah bryant,,3,city:new york jersey:9 years:3
ichang,itay chang,,2,jersey:5 years:2
ichiles,ian chiles,,1,years:1
icollins,ian collins,,2,city:cincinnati jersey:10
iconley,isaac conley,,1,years:1
idave,ishaan dave,,2,city:atlanta years:1
idavis,isaac davis,,2,city:seattle years:1
idecker,ian decker,,1,years:1
idietrich,ian dietrich,,3,city:philadelphia jersey:35 years:6
idipace,ian dipace,,2,city:rochester years:1
ielmi,ikran elmi,,2,jersey:0 years:1
ielsayed,ibrahim el-sayed,,2,city:houston years:1
iengler,ian engler,,2,city:boston;pittsburgh years:3
ifalck,ian falck,,3,city:chicago jersey:8;80 years:3
ifuzat,isaac fuzat,,2,city:houston years:1
iguerin,ian guerin,,2,city:new york years:2
ihernande,isaiah hernandez,,1,years:1
ihsu,isaac hsu,,2,jersey:3 years:3
ijeffries,isaac jeffries,,3,city:cincinnati jersey:46 years:2
ikassim,ismail kassim,,2,city:houston years:1
ikawaguch,isamu kawaguchi,,2,city:san diego years:2
iladner,ian ladner,,2,city:san diego years:5
ileonard,isaac leonard,,2,jersey:17;89 years:3
imackenzi,iain mackenzie,,3,city:toronto jersey:13;72 years:5
imasekkel,isaiah masek-kelly,,3,city:toronto jersey:17 years:5
imason,isaiah mason,,2,jersey:20 years:1
imcclella,ian mcclellan,,1,city:philadelphia
imccosky,ian mccosky,,3,city:madison jersey:11;23 years:6
imcnamara,ian mcnamara,,2,jersey:13 years:1
imeyer,ian meyer,,2,jersey:23 years:1
imoore,isaiah moore,,2,jersey:30 years:1
ipiper,ian piper,,3,city:pittsburgh jersey:25 years:1
isaul,isaac saul,,3,city:new york jersey:19 years:3
ismola,igor smola,,2,city:philadelphia years:1
isweeney,ian sweeney,,3,city:portland;seattle jersey:33;77 years:6
itan,isaac tan,,3,city:seattle jersey:6 years:1
itran,ivan tran,,2,city:boston years:6
ivilevac,ian vilevac,,1,years:1
iwallace,ian wallace,,3,city:ottawa jersey:14 years:2
iwoldemar,isaac woldemariam,,2,city:seattle years:1
iyudkovic,ilya yudkovich,,3,city:boston jersey:25 years:3
jabel,justin abel,,3,city:colorado jersey:12 years:1
jaceil,javid aceil,,2,city:san diego years:1
jackley,joshua ackley,,2,jersey:20 years:2
jagan,john agan,,2,jersey:21 years:2
jallen,justin allen,,3,city:raleigh jersey:1 years:8
jalorro,josue alorro,,3,city:new york jersey:30 years:7
janthuvan,jacob anthuvan,,2,jersey:29 years:2
jartz,jacob artz,,2,jersey:21 years:2
jbadgett,justin badgett,,3,city:nashville jersey:84 years:1
jbain,jonathan bain,,3,city:rochester jersey:9 years:2
jbajwa,jarnail bajwa,,2,jersey:9 years:2
jbakerjr,james baker jr,,2,jersey:13 years:1
jbanks,jarrod banks,,2,jersey:0 years:2
jbansfiel,johnny bansfield,,2,jersey:5;55 years:3
jbarrow,jack barrow,,2,jersey:20 years:2
jbartholo,jacob bartholomew,,2,jersey:34 years:3
jbates,jordan bates,,3,city:nashville jersey:21 years:2
jbaxandal,julian baxandall,,1,years:1
jbellavan,joel bellavance,,3,city:vancouver jersey:75 years:2
jbembenek,jack bembenek,,1,years:1
jbenites,jaime benites,,2,jersey:77 years:1
jbenson,jordan benson,,3,city:madison jersey:13 years:1
jbergen,john bergen,,2,city:san jose years:1
jbernat,julien bernat,,3,city:montreal jersey:20 years:5
jbesser,joseph besser,,2,jersey:35 years:4
jbest,john best,,2,jersey:33 years:1
jbest1,jason best,,3,city:austin jersey:44 years:1
jblackman,jacob blackman,,2,jersey:64 years:3
jboezi,john boezi,,2,city:atlanta years:2
jbolton,jesse bolton,,3,city:seattle jersey:21 years:5
jbotti,josh botti,,1,city:columbus
jboucher,jerome boucher,,2,city:montreal years:1
jbowen,jarrett bowen,,3,city:raleigh jersey:10 years:2
jboychuk,jay boychuk,,3,city:seattle;toronto jersey:24;25;82;89 years:4
jbranson,jeremiah branson,,2,jersey:4 years:4
jbranson1,joseph branson,,1,years:1
jbrissett,jakob brissette,,3,city:montreal jersey:86 years:5
jbrody,jared brody,,2,jersey:8 years:2
jburnett,justin burnett,,3,city:atlanta jersey:5;7 years:4
jburril,jeremy burril,,3,city:chicago jersey:12 years:4
jburris,jeffrey burris,,2,jersey:26 years:2
jbuss,john buss,,3,city:pittsburgh jersey:99 years:3
jbutrica,jake butrica,,3,city:philadelphia jersey:70 years:1
jcarden,john carden,,3,city:nashville jersey:34 years:4
jcarreiro,jac carreiro,,3,city:boston jersey:19 years:4
jcarrico,jake carrico,,3,city:madison jersey:3 years:5
jcarrprie,james carr-pries,,3,city:toronto jersey:42 years:2
jcasas,jedi casas,,3,city:oregon jersey:0 years:1
jcaswell,joel caswell,,3,city:oregon jersey:55 years:1
jcecil,john cecil,,3,city:austin;indianapolis jersey:1 years:4
jcercello,joe cercello,,3,city:chicago jersey:23 years:4
jchampagn,jean-levy champagne,,3,city:montreal jersey:10 years:5
jcheek,jason cheek,,3,city:indianapolis jersey:55 years:2
jcherwink,justine cherwink,,1,years:1
jcheung,justin cheung,,2,city:toronto years:2
jciccaron,jordan ciccarone,,2,city:philadelphia years:2
jclarke,jimmy clarke,,3,city:philadelphia jersey:56 years:1
jclary,jacob clary,,3,city:tampa bay jersey:11 years:4
jclose,joel close,,3,city:indianapolis jersey:77 years:4
jclutton,joel clutton,,3,city:austin jersey:19;77 years:4
jclyde,john clyde,,3,city:austin jersey:25 years:3
jcohen,jesse cohen,,3,city:san diego jersey:84 years:8
jcoleman,jake coleman,,2,city:raleigh;san francisco years:4
jconroy,jack conroy,,2,city:boston years:1
jcostello,jonathan costello,,2,city:dallas years:2
jcowan,jacob cowan,,3,city:new york jersey:24 years:2
jcretella,joey cretella,,3,city:raleigh jersey:12;21 years:5
jcrowe,jason crowe,,2,city:atlanta years:1
jcubitt,joseph cubitt,,3,city:indianapolis jersey:1;51 years:6
jcwengros,jesse cwengros,,1,years:1
jdahl,james dahl,,2,jersey:3 years:2
jdahms,jesse dahms,,2,jersey:5 years:3
jdasilva,jose dasilva,,2,city:philadelphia years:1
jdavis,jacob davis,,1,years:1
jdeamicis,jon deamicis,,3,city:dallas;pittsburgh jersey:50 years:6
jdean,jace dean,,2,jersey:92 years:2
jdean1,jasper dean,,2,city:seattle years:1
jdelgado,jorge delgado,,2,jersey:33 years:2
jdemaso,jason demaso,,1,city:rochester
jdewitt,jordan dewitt,,2,jersey:98 years:1
jdhillon,jordan dhillon,,2,city:vancouver years:2
jdick,jason dick,,2,city:dallas years:1
jdoherty,john doherty,,1,years:1
jdowling,jack dowling,,2,city:austin years:2
jdrescher,jay drescher,,2,jersey:9 years:4
jduennebe,jace duennebeil,,3,city:salt lake jersey:22 years:5
jduiella,jason duiella,,1,years:1
jdummeldi,jacob dummeldinger,,1,years:1
jduquette,jacob duquette,,3,city:montreal jersey:29 years:4
jerb,jonah erb,,2,jersey:99 years:2
jevans,jesse evans,,2,city:pittsburgh years:3
jfairfax,jacob fairfax,,3,city:charlotte;raleigh jersey:20 years:9
jfaries,jordan faries,,2,city:montreal years:1
jfeagans,jayden feagans,,3,city:chicago jersey:40 years:1
jfella,jacob fella,,3,city:indianapolis jersey:52 years:3
jfey,jon fey,,3,city:atlanta jersey:42 years:2
jfiala,james fiala,,1,years:1
jfindley,josh findley,,3,city:cincinnati jersey:0 years:1
jflowers,jacob flowers,,3,city:indianapolis;nashville jersey:18 years:2
jfloyd,jake floyd,,3,city:dallas jersey:0 years:2
jfoord,justin foord,,3,city:toronto jersey:28 years:1
jfranklin,james franklin,,2,jersey:84 years:4
jfreund,joe freund,,1,years:1
jfrohlich,johnny frohlichstein,,2,jersey:47 years:1
jfroude,jay froude,,3,city:colorado jersey:2 years:11
jgabella,joshua gabella,,2,jersey:19 years:1
jgallo,julian gallo,,1,years:1
jgao,jeff gao,,1,years:1
jgaynor,jon gaynor,,1,years:1
jgeraghty,john geraghty,,3,city:new york jersey:42 years:1
jgiard,jeremie giard,,3,city:montreal jersey:62 years:3
jgibson,jon gibson,,3,city:detroit jersey:5 years:1
jgolden,jonas golden,,3,city:seattle jersey:19 years:1
jgoodman,justin goodman,,3,city:san diego jersey:0;1 years:3
jgraber,josh graber,,2,jersey:5 years:1
jgraham,jeff graham,,2,city:boston jersey:85
jgreenber1,jacob greenberg,,2,city:san francisco years:1
jgreenber2,jesse greenberg,,2,jersey:4 years:1
jgreeno,james greeno,,3,city:pittsburgh jersey:49 years:1
jgroess,john groess,,2,jersey:35 years:1
jgu,joseph gu,,2,jersey:14 years:1
jguilleme,jean guillemette,,2,jersey:35 years:1
jhaig,john haig,,2,city:ottawa jersey:25
jhallett,jon hallett,,3,city:ottawa jersey:31 years:1
jhamner,jack hamner,,1,years:1
jhanni,john hanni,,2,jersey:19 years:2
jharris,jeremy harris,,1,years:1
jhastings,jd hastings,,3,city:raleigh jersey:3 years:4
jhatchett,jack hatchett,,3,city:portland jersey:27 years:1
jhau,jacky hau,,3,city:toronto jersey:15 years:6
jhausman,julian hausman,,3,city:seattle jersey:70 years:2
jhavey,jack havey,,3,city:detroit jersey:26 years:6
jheglie,jackson heglie,,2,jersey:77 years:1
jhelton,jonathan helton,,3,city:chicago;raleigh jersey:0 years:8
jhemmesch,josh hemmesch,,1,years:1
jhenry,jackson henry,,1,years:1
jhess,jeremy hess,,2,jersey:3 years:3
jhighsmit,james highsmith,,2,jersey:30 years:2
jhill,jeremy hill,,3,city:ottawa;toronto jersey:95 years:5
jhoffman,jonny hoffman,,2,jersey:24 years:5
jhoffman1,jacob hoffman,,2,jersey:27 years:1
jholk,john holk,,2,city:tampa bay years:1
jholleran,jason holleran,,3,city:austin jersey:1;7 years:4
jholloway,jonathan holloway,,1,years:2
jhron,james hron,,1,years:1
jhuang,john huang,,1,city:toronto
jhustad,jason hustad,,3,city:dallas jersey:9 years:4
jhuston,jordan huston,,2,jersey:39 years:3
jhuynh,jason huynh,,3,city:toronto jersey:83 years:3
jilowite,justin ilowite,,2,city:rochester years:1
jivey,james ivey,,1,years:1
jjahnke,jacob jahnke,,1,years:1
jjeffery,jordan jeffery,,3,city:new york;san francisco jersey:23 years:3
jjenkins,jesse jenkins,,3,city:indianapolis jersey:0 years:3
jjohnson,jesse johnson,,3,city:chicago jersey:0 years:7
jjohnson1,jake johnson,,3,city:portland jersey:0 years:2
jjoshi,jack joshi,,3,city:houston jersey:27 years:1
jkanter,jeremy kanter,,1,jersey:91
jkapilivs,joshuah kapilivsky,,2,jersey:32 years:1
jkaplan,jacob kaplan,,3,city:austin;boston jersey:18 years:2
jkauffman,jamie kauffman,,3,city:seattle jersey:95 years:2
jkautz,josh kautz,,2,jersey:0 years:3
jkeller,justin keller,,3,city:philadelphia jersey:12 years:5
jkempe,jason kempe,,2,city:indianapolis years:4
jkempe1,jack kempe,,2,city:indianapolis years:3
jkenniv,jake kenniv,,2,jersey:15 years:4
jkerr,jordan kerr,,3,city:salt lake jersey:66 years:6
jkeusch,jeremy keusch,,3,city:austin;indianapolis jersey:21 years:4
jkharrazi,jeremy kharrazi,,2,jersey:30 years:1
jkinde,jordan kinde,,2,jersey:76 years:2
jkingsley,jack kingsley,,1,years:1
jkinkead,justin kinkead,,2,city:pittsburgh years:1
jkinkead1,justin kinkead,,3,city:pittsburgh jersey:0 years:2
jkinzel,jay kinzel,,2,jersey:12;3 years:2
jkittlese,james kittlesen,,2,jersey:34 years:5
jklaassen,john klaassen,,2,city:seattle years:1
jklane,josh klane,,2,jersey:10;29 years:10
jkloss,james kloss,,3,city:houston jersey:13 years:3
jknopf,jeremy knopf,,3,city:colorado jersey:25;78 years:7
jkoerner,james koerner,,1,years:1
jkolb,john kolb,,2,city:chicago years:1
jkomenda,jacob komenda,,2,city:seattle years:1
jkrebs,jolie krebs,,2,jersey:24 years:1
jkrieger,jack krieger,,3,city:atlanta jersey:1 years:1
jkrugler,jack krugler,,2,city:atlanta years:1
jkula,jeff kula,,2,city:cincinnati;columbus years:1
jkurmanfa,jonah kurman-faber,,3,city:boston jersey:17 years:1
jlam,jason lam,,3,city:toronto jersey:6 years:1
jlaney,john laney,,1,years:1
jlaney1,john laney,,1,years:2
jlangdon,jeremy langdon,,3,city:atlanta jersey:20;22;25 years:8
jlangstaf,john langstaff,,3,city:atlanta jersey:14 years:1
jlarsen,jacob larsen,,2,jersey:0 years:1
jlatz,justin latz,,3,city:cincinnati jersey:33 years:2
jlayton,joshua layton,,1,years:3
jleibfort,joe leibforth,,3,city:madison jersey:64 years:2
jlieberma,jesse lieberman,,3,city:raleigh jersey:33 years:5
jlien,jacob lien,,2,jersey:13 years:3
jlightner,joshua lightner,,3,city:dc jersey:10 years:1
jlindquis,jeff lindquist,,3,city:toronto jersey:20 years:5
jlithio,john lithio,,3,city:chicago;new york jersey:54 years:4
jlochhead,jake lochhead,,2,city:ottawa jersey:1
jlontoc,jigo lontoc,,2,jersey:67 years:1
jloskorn,jeff loskorn,,3,city:austin jersey:5 years:2
jlouie,jacob louie,,1,years:1
jluo,justin luo,,2,city:toronto jersey:11
jlyle,jonathan lyle,,1,years:2
jlynch,johnnie lynch,,1,years:2
jmaldonad,jose maldonado,,1,years:1
jmalenfan,jonah malenfant,,2,jersey:25 years:1
jmalks,jonny malks,,2,jersey:53 years:6
jmarcy,jordan marcy,,3,city:san francisco jersey:32 years:3
jmarmerst,joseph marmerstein,,3,city:pittsburgh jersey:9 years:2
jmarsh,jack marsh,,2,city:new york years:2
jmarsh1,john marsh,,3,city:chicago jersey:20 years:2
jmartin,jonathan martin,,3,city:toronto jersey:13 years:2
jmaskalun,jeff maskalunas,,2,city:madison years:3
jmattes,john mattes,,1,city:seattle
jmattingl,justin mattingly,,2,city:atlanta years:1
jmcclean,james mcclean,,2,city:toronto years:2
jmcdonnel,john mcdonnell,,2,jersey:80 years:2
jmcgregor,jordan mcgregor,,3,city:ottawa jersey:5 years:3
jmcguinne1,jackson mcguinness,,2,city:boston years:1
jmcgurrin,jonathan mcgurrin,,3,city:san diego jersey:41 years:1
jmckeen,jason mckeen,,1,jersey:64
jmckisic,josh mckisic,,3,city:tampa bay jersey:28 years:5
jmclaughl,jade mclaughlin,,2,jersey:14 years:1
jmeade,jon meade,,3,city:nashville jersey:44 years:1
jmecham,justin mecham,,1,years:1
jmeron,jaret meron,,3,city:toronto jersey:6;9 years:6
jmickle,jimmy mickle,,2,jersey:23 years:3
jmieser,jibran mieser,,3,city:new york jersey:66 years:3
jmills,justin mills,,1,years:1
jmolder,joe molder,,2,city:pittsburgh years:4
jmoore,justin moore,,3,city:nashville jersey:6 years:1
jmorrow,jared morrow,,1,city:toronto
jmort,josiah mort,,2,jersey:10;2 years:1
jmorton,joel morton,,1,years:1
jmouw,jacob mouw,,3,city:raleigh jersey:9 years:6
jmunoz,jonah munoz,,3,city:ottawa jersey:24 years:1
jmurray,jake murray,,3,city:pittsburgh jersey:14 years:2
jnethercu,jonathan nethercutt,,3,city:colorado;raleigh jersey:7 years:9
jnewman,judah newman,,3,city:chicago jersey:13 years:3
jnguyen1,jackelyne nguyen,,1,years:1
jnickerso,josh nickerson,,3,city:san diego jersey:41 years:2
jnorden,justin norden,,1,years:2
jnorden1,jeremy norden,,3,city:seattle;toronto jersey:24;42 years:4
jnordgren,jeff nordgren,,3,city:raleigh jersey:23 years:7
jnorris,josh norris,,1,years:1
jnorris1,john norris,,3,city:vancouver jersey:5 years:1
joravic,jeffrey oravic,,2,city:atlanta years:1
jortiz,javier ortiz,,2,jersey:9 years:5
jpadgett,josiah padgett,,2,jersey:15 years:1
jpalumbo,jonathan palumbo,,2,city:philadelphia years:2
jpark,jack park,,3,city:toronto jersey:66 years:2
jpatel,jup patel,,1,years:1
jpeeters,joost peeters,,1,years:1
jperez,jaime perez,,3,city:atlanta;new york;tampa bay jersey:0;44;8 years:7
jperivier,jacques perivier,,3,city:atlanta jersey:21 years:5
jperry,jordan perry,,2,jersey:42 years:2
jperticon,justin perticone,,2,jersey:2 years:4
jpeterson,john peterson,,2,jersey:0 years:1
jpodnar,justin podnar,,3,city:toronto jersey:0 years:1
jpoe,james poe,,1,years:1
jpolk,jakeem polk,,3,city:atlanta;raleigh jersey:14 years:9
jpoterack,josh poterack,,2,jersey:9 years:2
jpotts,jackson potts,,3,city:austin jersey:28 years:6
jpressimo,jon pressimone,,2,jersey:63 years:3
jprice,jacob price,,3,city:new york jersey:34 years:2
jpruitt,jake pruitt,,2,jersey:27 years:1
jquandt,john quandt,,2,city:seattle years:3
jqueckboe,jordan queckboerner,,3,city:san diego jersey:33 years:4
jrainwate,jake rainwater,,1,city:philadelphia
jramerman,john ramerman,,1,city:rochester
jrandolph,john randolph,,3,city:new york;seattle jersey:34;6 years:7
jrapisura,june rapisura,,3,city:seattle jersey:15 years:1
jreeves,julian reeves,,2,jersey:20 years:1
jregruth,jared regruth,,1,jersey:35
jrhyne,jordan rhyne,,2,city:philadelphia years:3
jrichmond,jordan richmond,,1,years:1
jriopel,jean-philippe riopel,,3,city:montreal jersey:86 years:4
jrobarge,jordan robarge,,2,city:pittsburgh jersey:19
jrobin,jimmy robin,,3,city:chicago jersey:13 years:2
jrogers,joe rogers,,2,jersey:33 years:1
jrollins,jacob rollins,,2,city:pittsburgh years:1
jrominski,jonah rominski,,2,jersey:10 years:1
jroush,james roush,,3,city:chicago jersey:29 years:2
jrovner,jake rovner,,3,city:pittsburgh jersey:43 years:1
jrubinmil,jake rubin-miller,,3,city:chicago;madison jersey:75 years:3
jrussnogl,james russnogle,,1,years:1
jsaad,joshua saad,,1,years:1
jsalazar,jordan salazar,,2,jersey:24 years:4
jsames,jacob sames,,3,city:austin jersey:9 years:3
jsantosus,joe santosus,,3,city:new york jersey:5 years:2
jsaunders,jacob saunders,,2,jersey:12 years:3
jsaunt,julian saunt,,2,jersey:23 years:1
jscheinbe,jared scheinberg,,1,years:1
jschlache,joel schlachet,,2,city:san francisco years:2
jschmiesi,jude schmiesing,,2,city:pittsburgh years:2
jschroede,justin schroeder,,3,city:nashville jersey:7 years:2
jschubert,jeffery schubert,,3,city:indianapolis jersey:3 years:2
jscullion,jadon scullion,,3,city:madison jersey:44 years:3
jsears,josef sears,,1,years:1
jsefton,joe sefton,,3,city:austin;seattle jersey:24 years:3
jsellers,jeremy sellers,,1,years:1
jserafini,john serafini,,1,city:rochester
jseyler,jared seyler,,3,city:philadelphia jersey:13 years:1
jshanahan,jack shanahan,,3,city:chicago jersey:7 years:7
jshelley,john shelley,,2,jersey:47 years:2
jshey,jack shey,,3,city:chicago jersey:19 years:3
jshofner,jesse shofner,,3,city:nashville jersey:2 years:1
jshorey,james shorey,,2,jersey:27 years:1
jshoyer,jake shoyer,,3,city:seattle jersey:15 years:3
jsickles,john sickles,,2,city:colorado years:1
jsiemer,john siemer,,2,city:cincinnati years:1
jsimonell,joe simonelli,,1,years:2
jsingleto,josh singleton,,2,jersey:14 years:1
jslevin,jack slevin,,3,city:pittsburgh jersey:88 years:3
jsnchal,julien senechal,,3,city:montreal jersey:5 years:2
jsnyder,jon snyder,,3,city:oregon;portland jersey:11 years:3
jsolis,justin solis,,1,years:2
jspiro,jacob spiro,,2,city:madison years:1
jstangosb,jonah stang-osborne,,3,city:boston jersey:15 years:2
jstearns,jackson stearns,,3,city:oakland jersey:21 years:2
jsteslick,jake steslicki,,3,city:chicago jersey:10;15 years:5
jstone,jon stone,,2,jersey:40 years:2
jstubbs,john stubbs,,2,city:atlanta years:2
jsunukjia,joseph sunukjian,,2,jersey:42 years:1
jsykora,james sykora,,3,city:chicago;madison jersey:24;42 years:7
jtan1,john tan,,3,city:madison jersey:49 years:6
jtapper,jason tapper,,2,city:boston years:3
jtaris,joe taris,,1,city:columbus
jtaylor1,jake taylor,,1,jersey:0
jthompson,joe thompson,,2,jersey:24 years:3
jthorne,jake thorne,,2,jersey:16;23 years:3
jthornton,jesse thornton,,3,city:philadelphia jersey:9 years:1
jtom,jasper tom,,3,city:pittsburgh jersey:57 years:7
jtowle,jimmy towle,,3,city:pittsburgh jersey:48 years:10
jtozer,jake tozer,,1,years:2
jtschida,jason tschida,,2,jersey:66 years:5
jturner,josh turner,,2,city:atlanta years:3
jtylutki,joe tylutki,,2,city:dallas jersey:97
jvallee,jason vallee,,3,city:chicago jersey:94 years:8
jvenegas,joshua venegas,,3,city:indianapolis jersey:99 years:1
jwahl,jake wahl,,3,city:indianapolis jersey:8 years:4
jwaite,jared waite,,1,years:1
jwalden,john walden,,2,jersey:8 years:3
jwalker,jeffrey walker,,2,jersey:21 years:2
jwashingt,justin washington,,2,city:seattle years:1
jwelkener,joseph welkener,,3,city:dallas jersey:32 years:3
jwellers,john wellers,,1,years:3
jwells,jensen wells,,3,city:salt lake jersey:23;5 years:3
jwham,jacob wham,,3,city:madison jersey:12 years:4
jwhealan,james whealan,,2,jersey:19 years:1
jwherry,jason wherry,,1,years:1
jwhite,jesse white,,2,city:chicago years:1
jwhite2,joe white,,3,city:chicago jersey:91 years:3
jwilliams,jack williams,,3,city:new york;raleigh jersey:11;28 years:8
jwillison,joel willison,,3,city:chicago jersey:5 years:2
jwisner,jack wisner,,3,city:philadelphia jersey:14 years:2
jwodatch,john wodatch,,3,city:new york jersey:0 years:2
jwodatch1,jeff wodatch,,2,jersey:45 years:10
jwolfe,jerrod wolfe,,3,city:austin jersey:2 years:1
jwollin,justin wollin,,2,jersey:11 years:3
jwoo,jeffrey woo,,2,city:toronto jersey:8
jwooldrid,jack wooldridge,,3,city:dallas jersey:89 years:5
jworthing,jake worthington,,3,city:austin jersey:81 years:6
jwright,jake wright,,3,city:nashville jersey:11 years:3
jyaez,javier yanez,,2,jersey:70 years:1
jyanez,javier yanez,,2,jersey:70 years:1
jyoder,jason yoder,,3,city:indianapolis jersey:76 years:2
jyoung,joe young,,1,years:1
jyuan,joshua yuan,,2,city:san francisco years:1
jyun,jason yun,,3,city:san francisco jersey:0 years:3
jzdrodows,joshua zdrodowski,,3,city:austin jersey:99 years:2
jzeidman,jason zeidman,,1,jersey:21
jzhao,jeff zhao,,3,city:chicago;seattle jersey:10;99 years:4
jziemer,jack ziemer,,1,jersey:39
kadams,ken adams,,3,city:madison jersey:10;15 years:4
kaha,kevin aha,,1,years:1
kalexande,kelsen alexander,,3,city:madison jersey:55 years:7
kalexande1,ken alexander,,2,city:ottawa years:1
kallen,kiron allen,,3,city:raleigh jersey:14 years:5
kalzahran,khalid al-zahrani,,3,city:ottawa jersey:71 years:2
kanthony,kevin anthony,,2,jersey:35 years:2
kbauer,kolbe bauer,,3,city:austin jersey:1 years:2
kbaumann,kevin baumann,,2,city:columbus years:1
kblaeuer,kyle blaeuer,,2,city:oregon years:2
kcampbell,kayle campbell,,3,city:ottawa jersey:77 years:2
kcantal,kyle cantal,,3,city:ottawa jersey:88 years:2
kcard,koven card,,1,years:1
kcarroll,kegan carroll,,3,city:cincinnati jersey:18 years:2
kchan,kevin chan,,2,city:vancouver jersey:20
kcharnock,kieran charnock,,3,city:toronto jersey:22 years:1
kchristia,kevin christian,,3,city:dallas;portland jersey:12;21 years:4
kchunmoy,kainoa chun-moy,,3,city:madison;philadelphia jersey:5;93 years:4
kcocks,kevin cocks,,3,city:san francisco jersey:2 years:4
kcoley,kristopher coley,,1,years:1
kcombs,kaenan combs,,2,jersey:8 years:1
kconniff,kyle conniff,,3,city:madison jersey:13 years:3
kcoulter,kevin coulter,,1,years:2
kcox,kyle cox,,3,city:indianapolis jersey:22 years:6
kcreed,kai creed,,2,jersey:24 years:1
kcurtis,kip curtis,,3,city:indianapolis jersey:8 years:2
kdaftari,kamron daftari,,3,city:austin;raleigh jersey:52 years:5
kdeangeli,kevin deangelis,,2,jersey:16 years:1
kdew,kyle dew,,2,jersey:98 years:2
kdreger,kyle dreger,,2,city:madison years:2
kekwurtze,karl ekwurtzel,,3,city:atlanta jersey:32 years:5
kelsalaam,khalif el-salaam,,3,city:san diego;seattle jersey:99 years:8
kfauerbac,karl fauerbach,,2,jersey:19 years:2
kfroebe,kaden froebe,,1,years:2
kfurdella,kenny furdella,,3,city:pittsburgh jersey:14 years:4
kgarner,keith garner,,2,city:madison years:2
kgee,kinley gee,,3,city:ottawa jersey:55 years:4
kgibson,kurt gibson,,3,city:chicago jersey:1;7 years:7
kgill,kyle gill,,1,years:1
kgoldberg,kevin goldberg,,2,jersey:17 years:5
kgomatam,krishna gomatam,,3,city:san diego jersey:24 years:1
kgreene,ki greene,,3,city:atlanta jersey:77 years:1
kgreer,kevin greer,,2,city:vancouver years:2
kgroulx,kevin groulx,,3,city:montreal jersey:80 years:4
kguilleme,kevin guillemette,,1,jersey:13
khalprin,kevin halprin,,3,city:austin jersey:25 years:2
khancock,kyle hancock,,1,years:1
khanzel,kevin hanzel,,1,years:1
kharrison,kris harrison,,2,jersey:3 years:3
khealey,kevin healey,,2,jersey:18 years:6
khelms,kory helms,,3,city:san diego jersey:2 years:1
khelton,kaela helton,,2,jersey:5 years:1
khenke,kyle henke,,3,city:austin jersey:23 years:8
kherrera,kevin herrera,,2,city:chicago years:1
khood,kenji hood,,1,years:1
khorgan,kevin horgan,,2,city:toronto years:1
khuang,kelvin huang,,3,city:toronto jersey:26 years:4
khuang1,kai huang,,3,city:toronto jersey:13 years:1
khunter,kyle hunter,,2,city:ottawa jersey:10
kjay,kevin jay,,3,city:toronto jersey:4 years:4
kjohnson1,kristian johnson,,2,jersey:15;6 years:7
kjohnson3,kevin johnson,shame.,1,years:1
kkawaguch,kenta kawaguchi,,2,jersey:9 years:2
kkelly1,kevin kelly,,2,city:chicago years:1
kkhalifa,kyle khalifa,,2,jersey:9 years:2
kkhangaon,kushal khangaonkar,,2,jersey:6 years:2
kkhoroujn,kyra khoroujnikova,,2,jersey:22 years:1
kkingma,karl kingma,,3,city:chicago;indianapolis jersey:11 years:2
kkolafa,kyle kolafa,,1,years:2
kkula,kevin kula,,2,city:cincinnati;columbus years:1
kland,kevin land,,3,city:houston jersey:18 years:3
klaneiii,kenny lane iii,,2,city:seattle years:3
klaurence,keenan laurence,,3,city:colorado;oakland jersey:51 years:4
klew,kyle lew,,2,jersey:50 years:2
klin,kevin lin,,2,jersey:7 years:1
kloiseau,karl loiseau,,2,city:ottawa jersey:7
klore,kevin lore,,3,city:vancouver jersey:29 years:3
kludwig,kevin ludwig,,3,city:new york jersey:85 years:2
kmallany,kelsi mallany,,2,city:toronto years:1
kmarcus,kai marcus,,3,city:madison jersey:97 years:1
kmarshall,kai marshall,,3,city:colorado;dallas jersey:31 years:8
kmaurer,kaplan maurer,,2,jersey:2 years:4
kmccarter,keali mccarter,,3,city:oregon;portland jersey:3 years:2
kmccracke,kobi mccracken,,3,city:san diego jersey:28 years:2
kmcrae,keith mcrae,,3,city:toronto jersey:41 years:5
kmoldenha,keven moldenhauer,,3,city:dc jersey:7 years:1
kmorris,kade morris,,3,city:austin jersey:45 years:2
kmoses,kelly moses,,1,city:rochester
knicholl,kevin nicholl,,3,city:pittsburgh jersey:45 years:9
knoh,ken noh,,1,years:1
knorth,keegan north,,3,city:chicago;cincinnati jersey:15;23 years:8
knorton,kevin norton,,3,city:new york jersey:15 years:2
kolson,kyle olson,,3,city:san diego jersey:18 years:1
kolson1,kane olson,,1,years:1
korser,keaton orser,,3,city:seattle jersey:6 years:1
kpenningt,kendrick pennington,,2,jersey:1 years:1
kpettitsc,kevin pettit-scantling,,3,city:madison jersey:80 years:8
kpew,kimball pew,,2,city:salt lake years:2
kplew,keenan plew,,3,city:indianapolis jersey:1 years:4
kporter,ken porter,,3,city:charlotte jersey:0 years:1
kquinlan,kevin quinlan,,3,city:montreal;rochester jersey:81 years:11
kraslan,kamal raslan,,3,city:seattle jersey:36 years:2
krichards,kevin richardson,,3,city:dallas jersey:19 years:4
krobertso,khirode robertson,,3,city:ottawa jersey:8 years:1
kromard,kyle romard,,3,city:cincinnati jersey:13 years:3
krubin,kyle rubin,,2,jersey:18 years:8
krutledge,kyle rutledge,,2,city:chicago years:2
kschniede,kai schniedergers,,3,city:new york jersey:58 years:1
kseiler,kevin seiler,,1,years:1
kshin,kunwoo shin,,1,years:1
ksilva,kyle silva,,2,jersey:25 years:2
kskwarek,kamil skwarek,,3,city:new york jersey:48 years:1
ksmart,kodi smart,,3,city:seattle jersey:2 years:3
ksmith,kyle smith,,3,city:san diego jersey:81 years:4
ksmith1,kevin smith,,3,city:san diego jersey:80 years:4
ksoneson,kevin soneson,,1,years:1
kstaber,karl staber,,3,city:atlanta;salt lake jersey:32 years:3
ksuelflow,kyle suelflow,,1,years:2
ksugahara,kota sugahara,,3,city:seattle jersey:74 years:1
ksugioka,kohji sugioka,,2,city:san francisco years:2
kterriere,kyle terriere,,1,years:1
kthiers,kaiden thiers,,2,jersey:20 years:1
kthomas,kiran thomas,,1,city:austin
kthomson,kris thomson,,1,years:1
ktien,kevin tien,,2,jersey:7 years:3
ktong,kevin tong,,1,jersey:13
kunderhil,kevin underhill,,3,city:vancouver jersey:89 years:3
kvanroosm,kevin van roosmalen,,2,jersey:21 years:1
kvenose,kevin venose,,2,city:philadelphia years:2
kversteeg,kevin versteeg,,2,jersey:51 years:3
kvezina,kyle vezina,,1,jersey:15
kwaugh,keivaun waugh,,2,city:austin years:1
kway,kielan way,,3,city:ottawa jersey:6 years:2
kweigand,kyle weigand,,2,city:madison years:3
kweinberg,kyle weinberg,,3,city:salt lake jersey:34 years:5
kwelch,kyle welch,,2,jersey:20 years:1
kwilliams,kelvin williams,,3,city:atlanta jersey:11 years:5
kyngve,kevin yngve,,1,city:chicago
kyoung,kydan young,,2,jersey:85 years:1
lambrose,lukas ambrose,,2,city:seattle years:3
lbarry,luke barry,,2,jersey:16 years:1
lbecker,liam becker,,3,city:pittsburgh jersey:13 years:1
lbertonci,louie bertoncin,,3,city:seattle jersey:63 years:3
lbestian,liam bestian,,1,years:1
lblacksto,lance blackstock,,3,city:ottawa jersey:23 years:3
lblake,lloyd blake,,2,jersey:14 years:1
lbleers,luke bleers,,1,years:2
lblooston,leo blooston,,2,city:boston years:1
lblumenfe,lev blumenfeld,,1,years:1
lbradford,liam bradford,,3,city:toronto jersey:6 years:2
lbrennan,luke brennan,,3,city:chicago jersey:74 years:2
lbroderic,luke broderick,,1,city:indianapolis
lcaballer,luis caballero,,1,years:2
lcall,logan call,,1,years:4
lchou,leon chou,,1,city:philadelphia
lchristie,lucius christie,,2,city:pittsburgh years:1
lclarke,logan clarke,,2,jersey:18 years:2
lcomire,luc comire,,3,city:toronto jersey:15;5 years:6
lconiaris,lucas coniaris,,3,city:indianapolis jersey:8 years:5
ldallmann,lucas dallmann,,3,city:san francisco jersey:35 years:4
ldecraene,lander decraene,,3,city:boston jersey:50 years:1
ldecter,leo decter,,2,jersey:13 years:2
ldiehl,logan diehl,,2,jersey:23 years:2
ldillow,lucas dillow,,1,years:1
ldoyle,lauren doyle,,3,city:new york jersey:32 years:1
levans,landon evans,,1,years:1
lfaye,laurent faye,,2,jersey:66 years:1
lfitzpatr,langley fitzpatrick,,2,city:seattle years:2
lforestna,leon forest-nault,,3,city:ottawa jersey:18 years:2
lgivol,lior givol,,3,city:san francisco jersey:0;10;22 years:3
lgordon,leo gordon,,2,jersey:47 years:2
lgosart,louis gosart,,1,years:2
lgovedic,luka govedic,,3,city:boston jersey:99 years:1
lgrench,lincoln grench,,2,jersey:77 years:3
lhaberfie,liam haberfield,,3,city:atlanta;new york jersey:37 years:4
lharwood,luca harwood,,2,city:boston years:4
lhenry,lucas henry,,2,jersey:82 years:2
lhuffman,luke huffman,,2,jersey:34 years:2
ljacobs,levi jacobs,,3,city:indianapolis jersey:7 years:7
ljay,liam jay,,1,years:1
ljeske,levi jeske,,3,city:vancouver jersey:46 years:1
lkeillor,logan keillor,,2,city:toronto years:1
lkinney,logan kinney,,3,city:austin jersey:29 years:2
llauzon,louis-pierre lauzon,,3,city:montreal jersey:52 years:2
llavoie,landon lavoie,,2,jersey:21 years:2
llohre,lisi lohre,,2,jersey:42 years:1
lloiseau,laurent loiseau,,3,city:ottawa jersey:16 years:3
lmargison,lochlan margison,,1,years:1
lmarks,luke marks,,3,city:madison jersey:74 years:6
lmarx,leandro marx,,2,city:portland years:2
lmcclamro,lukas mcclamrock,,3,city:atlanta jersey:45;8 years:5
lmcdonald,liam mcdonald,,3,city:madison jersey:22 years:2
lmckeown,liam mckeown,,3,city:montreal jersey:69 years:2
lmonteneg,lina montenegro,,2,jersey:14 years:1
lmorse,linda morse,,2,jersey:21 years:1
lnorby,luke norby,,3,city:dallas jersey:22 years:1
lpaz,luis paz,,2,jersey:53 years:1
lphelan,luke phelan,,3,city:ottawa jersey:4 years:2
lpierson,leo pierson,,2,jersey:78 years:5
lpruess,logan pruess,,2,city:madison years:5
lreavy,lucas reavy,,1,years:1
lrehfuss,luke rehfuss,,2,jersey:11 years:6
lrobertso,lauchlan robertson,,1,years:1
lrosen,liam rosen,,2,city:pittsburgh years:1
lshank,landon shank,,2,jersey:4 years:1
lshramko,liam shramko,,1,years:4
lsovellfe,leo sovell-fernandez,,2,jersey:30 years:3
lstahl,levi stahl,,1,years:1
lstorm,lucas storm,,3,city:pittsburgh jersey:31 years:2
ltapper,levi tapper,,2,jersey:12 years:1
ltarnowsk,lucas tarnowski,,1,city:cincinnati
lthomas,luke thomas,,1,jersey:23
luhl,lawrence uhl,,1,years:1
lwarren,leo warren,,2,city:philadelphia years:1
lwebb,luke webb,,2,city:boston jersey:0
lweiss,logan weiss,,2,jersey:17 years:3
lwininger,lionel wininger,,3,city:new york jersey:27 years:2
lyorgason,luke yorgason,,2,jersey:2 years:3
lyoung,lucas young,,2,jersey:15 years:3
lyoung1,lance young,,1,city:indianapolis
madams,marty adams,,2,jersey:12 years:3
magee,mathieu agee,,3,city:colorado jersey:24 years:3
mahmad,mutahir ahmad,,2,city:austin years:1
mames,michael ames,,3,city:cincinnati;indianapolis jersey:78 years:5
marbutine,michael arbutine,,2,jersey:10;13 years:3
marmour,matthew armour,,3,city:austin jersey:50 years:8
marmstron,myles armstrong,,3,city:austin;dallas jersey:2;22 years:4
martis,martis artis,,3,city:portland jersey:98 years:3
maugersem,malik auger-semmar,,3,city:montreal jersey:71 years:5
maverill,morey averill,,3,city:philadelphia;pittsburgh jersey:14;25 years:3
mawais,muhammad awais,,2,city:oakland years:1
mbaer,michael baer,,1,city:philadelphia
mbaldauf,mark baldauf,,3,city:houston jersey:26 years:3
mballman,matthew ballman,,3,city:philadelphia jersey:47 years:2
mbarowski,max barowski,,2,city:pittsburgh years:2
mbeidler,marcus beidler,,2,jersey:9 years:1
mbell,matthew bell,,2,jersey:78 years:1
mbenjemaa,munir ben jemaa,,1,years:1
mbennett,mitchell bennett,,3,city:austin jersey:0 years:4
mbiersche,matthew bierschenk,,2,city:austin years:3
mbode,matt bode,,3,city:raleigh jersey:79 years:6
mbordelea,mathieu bordeleau,,2,city:montreal years:1
mbrichet,melvyn brichet,,2,city:montreal years:3
mbrisbois,michael brisbois,,3,city:seattle jersey:69 years:1
mbrownlee,marques brownlee,,3,city:new york jersey:82 years:9
mbruggema,michael bruggeman,,2,jersey:28 years:1
mbryson,malcolm bryson,,3,city:vancouver jersey:45 years:3
mburkhard,matt burkhardt,,2,jersey:42 years:3
mburton,mark burton,,2,city:seattle years:5
mbustaman,martin bustamante,,1,years:1
mbuyco,michael buyco,,3,city:seattle jersey:29 years:1
mcaldwell,michael caldwell,,2,city:seattle years:2
mcarpente,max carpenter,,1,years:1
mcarter,matt carter,,3,city:philadelphia jersey:44 years:1
mcary,mason cary,,2,city:atlanta years:1
mcassell,max cassell,,1,years:4
mchapman,marquis chapman,,1,years:1
mcharles,max charles,,2,city:philadelphia years:2
mchope,mace chope,,3,city:indianapolis jersey:0;11 years:3
mchrouh,mohamed chrouh,,3,city:montreal jersey:51 years:1
mcihon,mitch cihon,,2,jersey:12 years:1
mcofer,marquis cofer,,1,city:pittsburgh
mcombs,max combs,,1,years:1
mcooper,myles cooper,,2,city:pittsburgh years:4
mcote,michael cote,,1,years:1
mcrawford,matthew crawford,,3,city:oakland jersey:5 years:10
mcrawford1,marshall crawford,,1,years:1
mdavis,micah davis,,2,jersey:88 years:1
mdayton,michael dayton,,3,city:nashville jersey:24 years:4
mdehlin,max dehlin,,2,jersey:9 years:3
mdenooyer,mitchell denooyer,,1,years:1
mdia,moussa dia,,2,jersey:17 years:5
mdiatta,mohamadou diatta,,3,city:pittsburgh jersey:77 years:1
mdillard,michael dillard,,3,city:boston;pittsburgh jersey:65 years:6
mdinges,marshall dinges,,1,jersey:6
mdomingue,mateo dominguez,,2,jersey:24;48 years:3
mdonohue,mark donohue,,2,city:boston;colorado years:2
mdregni,marco dregni,,2,jersey:22 years:2
mdunn,melissa dunn,,2,jersey:11 years:1
meckardt,miles eckardt,,2,city:philadelphia years:1
meckert,manuel eckert,,3,city:seattle jersey:86 years:3
medula,mahith edula,,2,city:pittsburgh years:1
megan,michael egan,,3,city:chicago jersey:3 years:6
melbogen,mark elbogen,,2,jersey:8 years:2
messer,matt esser,,3,city:philadelphia jersey:10 years:6
mfairley,michael fairley,,3,city:atlanta jersey:5 years:8
mfedorenk,mark fedorenko,,3,city:pittsburgh jersey:7 years:7
mfinley,matt finley,,1,city:chicago
mfioramon,michael fioramonti,,2,jersey:23 years:2
mflores,mark flores,,1,years:1
mfocchi,matteo focchi,,2,jersey:17 years:1
mfredrick1,marcus fredrickson,,2,jersey:1 years:1
mfreystae,mischa freystaetter,,3,city:raleigh jersey:11 years:5
mgaleanor,mauricio galeano rios,,1,years:1
mgallant,martin gallant,,3,city:ottawa;toronto jersey:33 years:3
mgallin,matthew gallin,,3,city:nashville jersey:0 years:2
mgardner,mason gardner,,2,jersey:1 years:2
mgazzerro,mark gazzerro,,2,jersey:15 years:1
mgibson,max gibson,,3,city:san diego jersey:99 years:4
mglass,mica glass,,2,city:chicago years:2
mglazer,matthew glazer,,2,city:philadelphia jersey:14
mgoderre,miguel goderre,,2,jersey:27 years:3
mgouchoeh,matt gouchoe-hanas,,3,city:raleigh jersey:21 years:3
mgubernic,matt gubernick,,3,city:chicago jersey:71 years:2
mgulbrons,matthew gulbronson,,2,city:toronto jersey:77
mgunter,matthew gunter,,1,years:1
mhanscom,max hanscom,,2,jersey:96 years:2
mhayes,michael hayes,,3,city:portland jersey:6 years:1
mhays,michael hays,,2,city:austin years:2
mhead,madison head,,2,city:atlanta years:1
mhefferna,matthew heffernan,,2,city:san jose years:1
mhenke,mark henke,,3,city:austin jersey:3 years:5
mhibbert,morgan hibbert,,3,city:vancouver jersey:8 years:3
mhickson,michael hickson,,1,jersey:87
mhiggins,morgan higgins,,3,city:seattle jersey:55 years:1
mhlavaty,michael hlavaty,,2,city:chicago years:1
mhogel,matthew hogel,,3,city:ottawa jersey:12 years:2
mhood,micah hood,,3,city:charlotte;raleigh jersey:23 years:3
mhritz,mark hritz,,1,years:1
mhuang,michael huang,,3,city:san diego jersey:3 years:2
mhume,maxwell hume,,3,city:san diego jersey:9;99 years:8
mhumm,michael-angelo humm,,3,city:atlanta jersey:83 years:1
mimm,matthew imm,,1,years:1
mjackson,matt jackson,,3,city:colorado jersey:6 years:9
mjaffe,matt jaffe,,3,city:chicago jersey:42 years:6
mjamison,matt jamison,,2,jersey:32 years:1
mjarriel,megan jarriel,,2,jersey:5 years:1
mjo,micah jo,,2,city:atlanta years:1
mjohnson1,matt johnson,,2,jersey:0 years:1
mjones1,monte jones,,1,years:1
mjordan,michael jordan,,2,jersey:10;23 years:5
mjudeh,mohammed judeh,,2,city:tampa bay years:1
mjunga,max junga,,3,city:madison jersey:23 years:2
mkelley,mason kelley,,2,city:dallas years:1
mkerrigan,matt kerrigan,,2,jersey:87 years:4
mkesselri,max kesselring,,1,city:rochester
mking,matthew king,,2,city:seattle years:1
mkissmann,matthew kissmann,,2,jersey:88 years:1
mkiyoi,michael kiyoi,,2,jersey:1 years:8
mknowles,matthew knowles,,3,city:atlanta jersey:3 years:8
mkobyra,mike kobyra,,3,city:atlanta;madison jersey:18;44 years:6
mkrauss,matt krauss,,3,city:philadelphia jersey:77 years:1
mkulczak,mitch kulczak,,2,city:seattle years:1
mkuzmowyc,markian kuzmowycz,,3,city:new york jersey:1 years:2
mlabar,matt labar,,3,city:new york jersey:2 years:6
mladyman,mathew ladyman,,2,jersey:5 years:1
mlam,matthew lam,,3,city:toronto jersey:6 years:1
mle,martin le,,3,city:seattle jersey:0 years:2
mlee,mike lee,,3,city:ottawa jersey:8 years:2
mlefebvre,matt lefebvre,,2,jersey:20 years:1
mleonard,max leonard,,3,city:atlanta jersey:6 years:2
mlin,mark lin,,3,city:new york;raleigh jersey:33 years:8
mling,matthias ling,,3,city:new york jersey:84 years:2
mlittle,mat little,,2,city:boston jersey:11
mlloyd,mark lloyd,,3,city:toronto jersey:89 years:4
mlun,michael lun,,2,city:colorado years:1
mlyle,matt lyle,,3,city:houston jersey:82 years:3
mmaroon,michael maroon,,2,city:philadelphia years:2
mmarshall,malachi marshall,,2,jersey:2;22 years:5
mmartinez,mauricio martinez,,2,jersey:52 years:1
mmason1,matt mason,,2,jersey:20 years:1
mmastroma,mazden mastromauro,,3,city:san diego jersey:8 years:1
mmatthis,michael matthis,,3,city:austin jersey:3;6 years:7
mmattimor,maketa mattimore,,2,jersey:2 years:1
mmcclella,mac mcclellan,,3,city:atlanta;nashville jersey:99 years:6
mmcknight,matthew mcknight,,3,city:raleigh jersey:50 years:3
mmeilstru,michael meilstrup,,1,city:columbus
mmendelev,mark mendelevitz,,3,city:san diego jersey:86 years:5
mmiller2,mike miller,,1,years:2
mmoar,merick moar,,2,jersey:23 years:1
mmontera,matthew montera,,1,years:2
mmoore,mike moore,,3,city:raleigh jersey:2 years:1
mmoran,mario moran,,2,jersey:10 years:1
mnatali,matthew natali,,2,city:san jose years:3
mnatenber,michael natenberg,,1,city:austin
mneeley,matthew neeley,,3,city:seattle jersey:18 years:3
mneil,malachi neil,,2,jersey:18 years:3
mnelson,matt nelson,,1,years:2
mneve,michael neve,,3,city:raleigh jersey:15 years:2
mnewman,martin newman,,3,city:atlanta jersey:30 years:2
mng,michael ng,,2,jersey:31 years:1
mnighting,matthew nightingale,,2,jersey:0 years:4
mobrien,matt obrien,,3,city:ottawa jersey:11 years:5
mobrien1,mario obrien,,3,city:seattle jersey:3 years:3
mogren,mike ogren,,1,years:1
molesen,maxwell olesen,,3,city:pittsburgh jersey:80 years:1
moliart,marcel oliart,,3,city:pittsburgh jersey:47 years:2
mosborne,marcel osborne,,3,city:san diego jersey:42 years:6
mpanna,michael panna,,1,city:philadelphia
mpardo,michael pardo,,3,city:chicago jersey:24 years:4
mpetrovic,matej petrovic,,2,jersey:25 years:2
mpettenuz,max pettenuzzo,,3,city:toronto jersey:49 years:1
mphilipso,mark philipson,,3,city:nashville;philadelphia jersey:14 years:3
mpisansky,marc pisansky,,1,years:1
mpoe,michael poe,,3,city:atlanta jersey:69 years:2
mpoole,mark poole,,3,city:atlanta jersey:19 years:2
mradhe,matthew radhe,,2,jersey:18 years:3
mramstad,max ramstad,,2,city:seattle years:1
mravanell,milan ravenell,,2,jersey:89 years:3
mraymond,malachi raymond,,3,city:boston jersey:24 years:3
mrehder,matthew rehder,,3,city:seattle jersey:14;31 years:7
mreynolds,matt reynolds,,3,city:pittsburgh jersey:88 years:2
mrick,maxwell rick,,3,city:boston jersey:7 years:4
mrivas,milan rivas,,3,city:chicago jersey:27 years:6
mrodrigue,mario rodriguez,,2,jersey:74 years:1
mrushing,mac rushing,,2,jersey:3 years:1
mrussell,matt russell,,1,years:1
msands,marc sands,,3,city:philadelphia jersey:41 years:4
msavage,mitchell savage,,1,years:1
msayasene,mitchell sayasene,,2,jersey:21 years:2
mschimmel,mark schimmel,,3,city:tampa bay jersey:91 years:2
mscott,mo scott,,1,jersey:20
msheppard,max sheppard,,3,city:pittsburgh jersey:1 years:9
mshiel,michael shiel,,3,city:chicago jersey:2 years:2
mshiu,martin shiu,,2,city:toronto years:1
mshofner,markham shofner,,2,jersey:90 years:2
msinclair,myles sinclair,,3,city:vancouver jersey:37 years:2
mslader,mark slader,,3,city:san diego jersey:42 years:3
msmith,matt smith,,1,years:8
msnead,michael snead,,1,years:1
msoldini,marc soldini,,2,jersey:16 years:2
msommer,morgan sommer,,2,jersey:28 years:2
msotomayo,miguel sotomayor,,1,years:1
mspanuth,malte spanuth,,3,city:atlanta jersey:31 years:1
mspear,michael spear,,3,city:atlanta;san francisco jersey:18 years:3
mstegeman,matt stegemann,,1,years:1
msteiner,mitchell steiner,,2,jersey:12;14 years:11
mstone,mason stone,,3,city:seattle jersey:21 years:1
mstumpf,mark stumpf,,3,city:raleigh jersey:29 years:1
msutton,matthew sutton,,2,city:dallas years:2
mtaylor,mac taylor,,3,city:san francisco jersey:40 years:1
mthahir,munis thahir,,3,city:oakland jersey:12;7;91 years:3
mthaw,marcus thaw,,3,city:pittsburgh jersey:66 years:5
mtheologi,matt theologidy,,2,jersey:23 years:3
mthomas,matt thomas,,1,years:1
mthorne,max thorne,,3,city:atlanta;pittsburgh jersey:10 years:4
mtran,michael tran,,3,city:san diego jersey:21 years:8
mtrifilli,max trifillis,,3,city:philadelphia jersey:37;7 years:3
mtrotter,max trotter,,3,city:chicago jersey:50 years:2
mtucker,matt tucker,,3,city:madison jersey:6;9 years:3
mturner,mark turner,,3,city:houston jersey:55 years:2
mvanness,michael van ness,,2,city:pittsburgh jersey:47
mvenezia,michael venezia,,2,jersey:25 years:1
mverdugo,mario verdugo,,2,jersey:3 years:1
mvoelpel,mike voelpel,,1,years:1
mvolz,michael volz,,1,years:1
mwagner,micah wagner,,2,jersey:17;34 years:2
mwalter,mick walter,,2,city:austin years:9
mweaver,matthew weaver,,2,city:indianapolis years:2
mweber,matt weber,,1,years:2
mweber1,michael weber,,2,jersey:84 years:2
mweber2,mac weber,,2,city:madison years:4
mwhitton,mark whitton,,2,jersey:88 years:6
mwilbur,morgan wilbur,,3,city:portland jersey:15 years:1
mwildmann,marshall wildmann,,1,years:1
mwilken,matt wilken,,1,years:1
mwormley,michael wormley,,2,city:chicago years:1
mwuensch,mason wuensch,,3,city:austin jersey:16 years:2
myorgason,mckay yorgason,,1,years:4
mzetsch,mason zetsch,,3,city:austin jersey:29 years:5
mzhou,michael zhou,,1,years:1
mzimmerl,mark zimmerl,,2,city:montreal years:1
mzlatic,marijo zlatic,,3,city:toronto jersey:14 years:2
mzwerin,max zwerin,,2,jersey:13 years:1
nabbas,nikhar abbas,,2,city:san diego years:1
nalexande,nicholas alexander,,1,years:3
naugust,nate august,,3,city:boston jersey:88 years:1
naustin,nathaniel austin,,3,city:dallas jersey:18 years:4
nbacker,noah backer,,3,city:boston jersey:31;5 years:3
nbanks,nick banks,,2,city:colorado years:1
nbetsch,nicholas betsch,,2,jersey:2 years:6
nbinuya,nico binuya,,2,city:seattle years:1
nboddy,nate boddy,,1,jersey:8
nbosscher,nate bosscher,,3,city:madison jersey:17 years:3
nbotti,nate botti,,1,city:columbus
nboucher,nick boucher,,3,city:ottawa jersey:89 years:6
nbouillon,nicolas bouillon,,2,city:montreal years:1
nbridges,nathan bridges,,2,jersey:1;19 years:6
nbrochu,nicolas brochu,,3,city:montreal jersey:20 years:1
nbuchholz,nathan buchholz,,3,city:colorado jersey:81 years:3
nbush,noah bush,,2,jersey:95 years:1
nbussberg,nathan bussberg,,3,city:indianapolis jersey:10 years:2
nceluch,noah celuch,,3,city:pittsburgh jersey:5 years:5
nchambers,noah chambers,,3,city:austin;dallas jersey:26 years:6
nchampoux,nathan champoux,,2,jersey:42 years:2
ncoolman,noah coolman,,3,city:colorado;seattle jersey:59 years:5
ndacquist,nicholas dacquisto,,3,city:toronto jersey:10 years:2
ndahms,nicholas dahms,,2,jersey:14 years:2
ndanduran,nathan dandurand,,2,jersey:20 years:1
ndemorgan,nathan de morgan,,3,city:salt lake jersey:31 years:2
ndigiorgi,nicholas digiorgio,,3,city:philadelphia jersey:45;81 years:7
nfisher,noah fisher,,2,jersey:33 years:1
nfurrh,noah furrh,,2,city:houston years:1
ngonder,nathan gonder,,2,jersey:15 years:1
nhanke,neal hanke,,2,jersey:20 years:2
nhanson,noah hanson,,2,jersey:4 years:5
nhaser,nick haser,,3,city:pittsburgh jersey:14 years:1
nhaskell,nathan haskell,,2,city:atlanta years:2
nheid,nick heid,,1,years:2
nhirannet,nick hirannet,,1,city:philadelphia
nhirning,nicholas hirning,,3,city:seattle jersey:33 years:3
nhirst,nathan hirst,,3,city:toronto jersey:27 years:4
nho,nam ho,,3,city:toronto jersey:28 years:1
nhoward1,nolan howard,,2,jersey:5 years:1
nhsieh,nathan hsieh,,2,city:toronto years:3
nhuff,nathan huff,,3,city:salt lake jersey:1 years:4
njohnson,nathan johnson,,1,years:1
nkaczmare,nick kaczmarek,,3,city:pittsburgh jersey:11 years:1
nkirchhof,nate kirchhofer,,2,jersey:37 years:2
nlake,nico lake,,3,city:chicago jersey:13;6 years:3
nleitmann,nicolas leitmann-niimi,,2,jersey:33 years:1
nlemarois,nathanael le marois,,3,city:montreal jersey:55 years:1
nlhamo,nima lhamo,,2,city:new york years:1
nlittle,nate little,,3,city:philadelphia jersey:25 years:5
nlong,nate long,,2,city:philadelphia years:4
nlongo,nick longo,,3,city:chicago jersey:72 years:2
nlopresto,nicolas lopresto,,1,city:philadelphia
nloughran,nick loughran,,3,city:austin;indianapolis jersey:20;70 years:4
nlyle,nathan lyle,,1,years:2
nmahan,nick mahan,,1,city:seattle
nmbaevoge,nasser mbae vogel,,3,city:montreal;new york jersey:32 years:4
nmccloske,nolan mccloskey,,3,city:philadelphia jersey:66 years:1
nminfink,nanda min-fink,,3,city:colorado jersey:46 years:3
nminyen,nick minyen,,3,city:san diego jersey:27 years:1
nmock,nash mock,,3,city:austin jersey:13 years:4
nmurphy,nick murphy,,1,years:1
nmyhre,nick myhre,,3,city:chicago jersey:44 years:1
nnarayan,neil narayan,,2,city:cincinnati years:1
nnicol,noah nicol,,3,city:madison jersey:28 years:5
nnishizak,noah nishizaki,,2,city:toronto years:1
npeppers,nick peppers,,2,jersey:17 years:2
npetersen,noah petersen,,3,city:madison jersey:38 years:2
nphelps,neal phelps,,3,city:chicago jersey:64 years:5
nploeger,nathan ploeger,,2,jersey:3 years:5
npollack,noah pollack,,2,city:madison years:1
npowell,noah powell,,3,city:austin;houston jersey:24 years:5
nprior,nathan prior,,2,jersey:43 years:4
nproefroc,neil proefrock,,2,jersey:18 years:1
nranabhat,nico ranabhat,,3,city:madison jersey:19 years:6
nsany,nathan sany,,3,city:austin jersey:11 years:1
nsaul,noah saul,,3,city:raleigh jersey:24 years:8
nsawyer,noah sawyer,,1,years:1
nschlag,nick schlag,,1,city:san francisco
nschmalen,nolan schmalenberger,,3,city:san diego jersey:6 years:1
nsharma,nirek sharma,,1,jersey:55
nsimonell,nicholas simonelli,,2,jersey:71 years:2
nstoppel,nolan stoppel,,3,city:seattle jersey:42 years:2
nstuart,nick stuart,,2,city:seattle years:1
nstuart1,nayland stuart,,2,jersey:25 years:1
nsullivan,noah sullivan,,1,years:1
nthibedea,nate thibedeau,,3,city:madison jersey:29 years:2
nto,noriaki to,,3,city:new york jersey:27 years:7
ntolfa,nick tolfa,,2,jersey:15 years:1
nvanasse,nicolas vanasse,,2,jersey:25 years:3
nvickroy,nathan vickroy,,2,city:atlanta;tampa bay years:4
nwahl,noah wahl,,2,city:indianapolis years:4
nwalsh,nolan walsh,,1,years:1
nwarden,nathan warden,,2,jersey:21 years:1
nwhale,nicholas whale,,1,years:1
nwon,natasha won,,2,jersey:42 years:1
nzeman,nick zeman,,2,city:chicago jersey:20
oarmstron,oakley armstrong,,3,city:dallas jersey:44 years:5
oartus,oliver artus,,3,city:san diego jersey:52 years:3
obastien,olivier bastien,,1,city:montreal
obinnun,oren binnun,,2,city:toronto years:2
obrown,oscar brown,,3,city:salt lake jersey:11 years:3
ocable,orion cable,,3,city:boston jersey:27 years:6
ochartock,oliver chartock,,3,city:new york jersey:13 years:5
ocordes,owen cordes,,2,city:boston years:2
ocunningh,oliver cunningham,,2,jersey:52 years:1
oedwards,owen edwards,,1,years:1
oerdman,owen erdman,,2,city:philadelphia years:1
ofeder,oliver feder,,2,city:austin;new york years:3
ogamache,olivier gamache,,2,city:montreal years:1
ograff,oscar graff,,3,city:boston jersey:13;7 years:5
oheh,owen heh,,2,jersey:19 years:2
ohines,ocean hines,,2,city:seattle years:2
oimpas,orlando impas,,3,city:oregon jersey:1 years:2
ojohnson,owen johnson,,3,city:austin;dallas jersey:21 years:3
okohut,oscar kohut,,3,city:new york jersey:2 years:2
omurphy,owen murphy,,3,city:new york jersey:44 years:1
opoissant,owen poissant,,1,years:1
ostonehou,oscar stonehouse,,3,city:toronto jersey:8 years:1
ostout,owen stout,,2,jersey:85 years:1
osuelflow,owen suelflow,,2,jersey:77 years:1
otelfer,oliver telfer,,3,city:vancouver jersey:22 years:1
owatt,owen watt,,3,city:ottawa;pittsburgh jersey:22 years:4
owilliams1,otis williams,,2,city:seattle years:1
owoodward,owen woodward,,2,city:indianapolis years:2
panderson,peter anderson,,2,jersey:48 years:2
papplegat,paige applegate,,2,jersey:7 years:1
parters,paul arters,,2,city:chicago years:4
pbarry,peter barry,,2,jersey:4 years:1
pbaylis,patrick baylis,,3,city:san francisco jersey:8 years:3
pbeckett,patrick beckett,,3,city:austin jersey:42 years:1
pbender,peter bender,,2,city:seattle years:1
pbisson,philippe bisson,,3,city:montreal jersey:3 years:1
pboerth,peter boerth,,3,city:boston jersey:11 years:4
pbray,parker bray,,3,city:atlanta jersey:7 years:6
pbuermeye,patrick buermeyer,,2,jersey:62 years:1
pburt,paul burt,,1,city:dallas
pburt1,peter burt,,3,city:philadelphia jersey:69 years:2
pcarleton,peter carleton,,2,city:indianapolis years:1
pcauchy,peter cauchy,,2,city:philadelphia years:1
pcherosky,phil cherosky,,2,city:columbus years:1
pchurch,patrick church,,3,city:vancouver jersey:17 years:1
pdiviney,patrick diviney,,2,city:philadelphia years:1
peberle,patrick eberle,,1,jersey:14
pgagnon,philippe gagnon,,1,years:1
pgalbrait,peter galbraith,,3,city:vancouver jersey:2 years:1
pgeertzla,peter geertz-larson,,2,city:seattle years:4
pgraffy,peter graffy,,3,city:chicago;madison jersey:26 years:7
phooley,paul hooley,,2,city:montreal years:5
phornberg,philip hornberger,,1,years:1
phoward,parker howard,,2,city:seattle years:3
pjanas,pawel janas,,3,city:chicago jersey:55 years:9
pjoyce,phillip joyce,,2,jersey:0;12 years:4
pkalmakis,peter kalmakis,,1,years:1
pkaufmann,patrick kaufmann,,3,city:chicago jersey:26 years:3
pkaye,phillip kaye,,1,city:new york
pkeenan,patrick keenan,,3,city:ottawa jersey:45 years:1
pklimkows,paul klimkowski,,2,city:philadelphia jersey:31
pkorolog,phillip korolog,,3,city:seattle jersey:39 years:2
pkotz,peter kotz,,3,city:boston jersey:15 years:2
pkrantz,patrick krantz,,2,jersey:21 years:3
pkrenik,paul krenik,,2,jersey:23 years:6
plahey,patrick lahey,,2,city:san francisco years:1
plally,paul lally,,3,city:atlanta;nashville jersey:22;27 years:8
plaurie,payton laurie,,2,jersey:12 years:1
plebourda,philippe le bourdais,,3,city:montreal jersey:30 years:2
plemerle,pierre lemerle,,2,city:ottawa years:1
plenz,peter lenz,,3,city:san diego;seattle jersey:11;21 years:4
plindsey,patrick lindsey,,3,city:philadelphia jersey:31 years:1
pmancini,peter mancini,,1,years:4
pmans,peter mans,,2,jersey:13 years:4
pmapp,patrick mapp,,1,city:ottawa
pmcmullen,patrick mcmullen,,3,city:pittsburgh jersey:9 years:3
pmensah,paul mensah,,3,city:ottawa;toronto jersey:3 years:4
pmurray,phil murray,,3,city:seattle jersey:6 years:2
posseward,peter osseward,,2,city:seattle years:1
poverrigh,pete overright,,2,jersey:0 years:1
powens,paul owens,,3,city:philadelphia jersey:88 years:7
poyler,porter oyler,,3,city:salt lake jersey:17 years:5
ppierce,player pierce,,3,city:atlanta jersey:4 years:6
preimers,pablo reimers,,1,city:boston
prenaud,paul renaud,,3,city:ottawa jersey:20 years:3
psamuels,phillip samuels,,1,years:1
pshering,pavel shering,,2,jersey:27 years:1
pstarkel,paul starkel,,3,city:austin jersey:32 years:5
pstegemoe,patrick stegemoeller,,2,city:rochester years:2
pstobbe,porter stobbe,,2,city:salt lake years:2
pstogdon,percy stogdon,,3,city:chicago jersey:63 years:1
ptatulea,paul tatulea,,3,city:toronto jersey:10 years:1
pthivierg,philippe thivierge,,3,city:montreal jersey:12 years:2
pvandebur,peter van de burgt,,2,jersey:37 years:1
pweeks,paul weeks,,3,city:raleigh jersey:66 years:2
pxu,patrick xu,,1,years:2
pyu,peter yu,,3,city:vancouver jersey:24 years:3
pzhou,peter zhou,,2,jersey:11 years:1
qbergeron,quinn bergeron,,1,years:2
qbonnaud,quentin bonnaud,,3,city:montreal jersey:44 years:3
qbuermeye,quinn buermeyer,,3,city:portland jersey:62 years:4
qfiner,quinn finer,,3,city:colorado jersey:88 years:5
qhunziker,quinn hunziker,,3,city:philadelphia jersey:13 years:1
qsnider,quinn snider,,2,jersey:98 years:5
qtitcomb,qxhna titcomb,,3,city:seattle jersey:9 years:2
qwharton,quint wharton,,1,years:2
radkins,raekwon adkins,,3,city:oakland jersey:26 years:4
ralin,rainor alin,,3,city:salt lake jersey:5 years:1
rallan,rob allan,,1,years:1
rallenson,ryan allenson,,1,years:1
ralongi,robert alongi,,2,jersey:19;29 years:3
rarchibal,ryan archibald,,3,city:atlanta jersey:4 years:3
rarcibar,rodrigo arcibar,,3,city:chicago jersey:22 years:1
rbacon,reid bacon,,3,city:austin;dallas jersey:14 years:5
rbalch,ryan balch,,2,city:nashville jersey:21
rbarker,ross barker,,3,city:chicago;madison jersey:25 years:5
rbarr,russ barr,,1,years:1
rbergeron,rhys bergeron,,2,jersey:21 years:6
rbigley,ryan bigley,,2,city:austin years:2
rbowman,reese bowman,,2,city:austin years:7
rbradham,robert bradham,,3,city:atlanta jersey:25 years:3
rbrinn,reno brinn,,2,city:chicago jersey:17
rbrowning,reed browning,,3,city:boston;salt lake jersey:33 years:2
rbuckingh,ryan buckingham,,3,city:dallas jersey:35 years:1
rcarvalho,rui carvalho,,2,city:toronto years:3
rcarver,ryan carver,,1,city:salt lake
rcastro,rafael castro,,2,jersey:1;2 years:1
rchard,ryan chard,,3,city:tampa bay jersey:75 years:6
rcicioni,ryan cicioni,,2,city:pittsburgh years:1
rcraven,robbie craven,,2,city:indianapolis jersey:15
rdavenpor,ray davenport,,3,city:nashville jersey:15 years:2
rdennis,robert dennis,,2,jersey:0 years:2
rdrost,ryan drost,,3,city:new york jersey:80 years:12
rduncan,reid duncan,,3,city:pittsburgh jersey:0 years:5
rdunkerle,roan dunkerley,,3,city:boston jersey:66 years:3
rdusaire,ryan dusaire,,2,jersey:11 years:1
rfennig,robyn fennig,,2,jersey:49 years:1
rflamberg,ryan flamberg,,3,city:philadelphia jersey:11 years:2
rflick,ryan flick,,3,city:atlanta jersey:15 years:3
rforster,ryan forster,,3,city:philadelphia jersey:35 years:4
rgallaghe,rory gallagher,,2,city:chicago years:1
rgoode,robert goode,,3,city:raleigh jersey:12 years:1
rgorman,ryan gorman,,3,city:cincinnati jersey:5 years:1
rgouldrod,rodrigo gould rodriguez,,2,jersey:10 years:2
rgreenber,rob greenberg,,2,city:chicago years:1
rgretsch,rhys gretsch,,2,jersey:81 years:3
rgross,rick gross,,3,city:indianapolis jersey:2 years:8
rgrundy,royce grundy,,1,years:1
rhahn,ryan hahn,,2,city:salt lake years:1
rhausmann,robert hausmann,,3,city:austin jersey:10 years:4
rhendrick,reed hendrickson,,2,city:seattle years:2
rhiser,ryan hiser,,3,city:tampa bay jersey:17;7 years:4
rholmes,ryan holmes,,2,jersey:23 years:6
rhowd,russell howd,,1,years:1
rhuang,ridge huang,,3,city:oakland jersey:21 years:1
rhunt,robert hunt,,2,city:atlanta years:1
rillian,ray illian,,3,city:seattle jersey:99 years:1
rishaque,raheem ishaque,,2,jersey:42 years:1
rjames,ryan james,,3,city:atlanta jersey:17 years:2
rjamieson,rowan jamieson,,1,years:2
rjarvis,ryan jarvis,,3,city:indianapolis jersey:17 years:2
rjimenez,rudy jimenez,,2,jersey:45 years:1
rjones,robert jones,,1,years:1
rkamrat,raina kamrat,,2,jersey:89 years:1
rkawaoka,ryo kawaoka,,2,city:san francisco years:3
rkindell,ryan kindell,,3,city:pittsburgh jersey:29 years:4
rkirkpatr,ricky kirkpatrick,,2,jersey:3 years:1
rkoss,reid koss,,3,city:seattle jersey:11 years:2
rkubalanz,ron kubalanza,,2,city:chicago years:1
rlacy,ryan lacy,,2,jersey:36 years:3
rlalondel,raphael lalonde-landry,,3,city:montreal jersey:23 years:4
rlange,richard lange,,2,city:rochester years:1
rlenta,ross lenta,,3,city:san diego jersey:14 years:2
rliao,ryan liao,,2,city:seattle years:2
rlu,raymond lu,,2,jersey:16 years:1
rmaillard,robin maillard,,2,city:pittsburgh years:2
rmaitra,raj maitra,,2,city:san francisco years:1
rmariouw,ryan mariouw,,2,jersey:30 years:2
rmarkle,ross markle,,2,city:nashville years:1
rmartin,reid martin,,3,city:chicago jersey:13;20 years:4
rmartin1,ryan martin,,2,jersey:16 years:1
rmast,rachel mast,,1,years:1
rmatthews,roy matthews,,2,city:raleigh years:1
rmauntel,ray mauntel,,3,city:chicago jersey:2 years:2
rmcdevitt,rees mcdevitt,,2,jersey:34 years:3
rmenon,rudra menon,,1,years:1
rnam,ryan nam,,1,years:1
rnemours,raynald nemours,,3,city:montreal jersey:3 years:2
rnicolls,russ nicolls,,3,city:ottawa jersey:74 years:3
rntende,ryan ntende,,2,jersey:20 years:2
rojo,remi ojo,,3,city:toronto jersey:12 years:5
rorloff,rory orloff,,3,city:austin jersey:24 years:6
rosborn,ross osborn,,1,years:1
rosgar,ryan osgar,,3,city:new york jersey:1 years:6
rpaust,rami paust,,3,city:madison jersey:22 years:4
rpesch,ryan pesch,,2,jersey:35 years:1
rpieran,pieran robert,,3,city:madison jersey:94 years:3
rpoloz,ryan poloz,,3,city:toronto jersey:18 years:3
rpurcell,ryan purcell,,3,city:austin jersey:33 years:2
rramirez,ricky ramirez,,3,city:chicago jersey:20;83 years:2
rramnarai,ravin ramnarain,,1,city:toronto
rroos,robert roos,,2,city:philadelphia years:2
rrosenfel,raul rosenfeld,,1,city:chicago
rsaffa,ryan saffa,,3,city:new york jersey:2 years:4
rsalvas,raphael salvas,,3,city:montreal jersey:15 years:5
rschanz,ryan schanz,,2,jersey:3 years:1
rseay,ryan seay,,2,jersey:15 years:1
rsegal,ryan segal,,3,city:seattle jersey:45 years:2
rshephard,ryan shephard,,1,years:2
rsheridan,ryan sheridan,,1,jersey:11
rshigley,ryan shigley,,3,city:seattle jersey:6 years:1
rsitler,ryan sitler,,3,city:raleigh jersey:29 years:1
rslaughte,ryan slaughter,,3,city:san diego jersey:31 years:4
rsmith3,rutledge smith,,1,years:2
rstacklin,richard stacklin,,1,jersey:0
rsturm,ryan sturm,,3,city:seattle jersey:46 years:1
rsung,reggie sung,,2,city:san diego years:7
rsutter,ryan sutter,,2,jersey:0 years:1
rswift,ryan swift,,1,years:2
rszeto,ricky szeto,,3,city:toronto jersey:74 years:1
rtakayama,ryan takayama,,1,years:1
rtejpar,rumi tejpar,,3,city:vancouver jersey:81 years:3
rthomas,ryan thomas,,2,jersey:28 years:1
rtoogood,rhys toogood,,3,city:ottawa;toronto jersey:61 years:1
rtucker,ryan tucker,,3,city:madison jersey:25 years:4
rturner,ryan turner,,3,city:boston jersey:10 years:2
rulmer,riley ulmer,,1,years:2
rvanepps,raleigh van epps,,2,city:rochester years:1
rvickersb,robin vickers batzdorf,,2,jersey:2 years:5
rwallace,ryan wallace,,3,city:ottawa jersey:16 years:3
rward1,ryan ward,,3,city:pittsburgh jersey:28 years:1
rware,richard ware,,2,jersey:12;28 years:2
rwartenbe,ryan wartenberg,,2,jersey:99 years:1
rweaver,ryan weaver,,3,city:philadelphia jersey:48 years:4
rwerkmeis,ryan werkmeister,,3,city:charlotte jersey:8 years:2
rwiseman,robyn fennig,,3,city:madison jersey:44 years:1
rwolfe,ryan wolfe,,3,city:oregon jersey:81;9 years:3
rwoodhous,ryan woodhouse,,3,city:boston jersey:33 years:3
rwynne,russell wynne,,3,city:san francisco jersey:7 years:2
rye1,ray ye,,3,city:seattle jersey:46 years:1
ryeagle,robert yeagle,,2,jersey:13;25 years:4
ryergin,ryan yergin,,2,jersey:25 years:2
sabel,stephen abel,,1,years:1
sacevedo,santiago acevedo,,1,jersey:57
salladi,shashank alladi,,3,city:new york jersey:10 years:5
salston,sam alston,blueprint,2,city:new york years:2
sanderson,sean anderson,,1,city:philadelphia
sanderson1,sam anderson,,2,jersey:8 years:1
sayotte,simon ayotte,,3,city:montreal jersey:29 years:1
sbatson,sam batson,,3,city:atlanta jersey:82 years:3
sbenaloh,steven benaloh,,2,city:seattle years:2
sbender,stephen bender,,3,city:raleigh jersey:54 years:2
sberglund,sam berglund,,1,years:1
sblair,sawyer blair,,3,city:seattle jersey:47 years:1
sbonneau,steve bonneau,,1,city:montreal
sbontemps,sofiene bontemps,,3,city:chicago jersey:9 years:1
sborik,steven borik,,3,city:dallas jersey:32 years:2
sbrady,sean brady,,2,city:austin jersey:16
sbrauer,sebastian brauer,,2,jersey:9 years:6
sbrecker,sam brecker,,1,jersey:20
sbrooks,steven brooks,,2,jersey:6 years:3
sbroome,steven broome,,2,city:philadelphia years:1
sbrown,spencer brown,,1,years:1
sbrown1,sandy brown,,3,city:colorado jersey:29 years:3
sbrunner,skylar brunner,,2,city:rochester years:1
sburningh,seokhee burningham,,1,years:1
scanetti,seth canetti,shuyamouf,1,years:1
scarapell,simon carapella,,3,city:boston jersey:2;9 years:4
schang,steven chang,,2,jersey:12 years:6
scharette,simon charette,,3,city:montreal jersey:64 years:3
schattert,sam chatterton-kirchmeier,,2,jersey:14 years:1
schilders,sean childers,,2,city:new york years:1
schoi,sun choi,,3,city:atlanta jersey:23 years:6
sconnole,sean connole,,2,jersey:7 years:3
scook,sam cook,,3,city:seattle jersey:29 years:5
screed,sam creed,,3,city:vancouver jersey:74 years:1
sdahl,soren dahl,,3,city:seattle jersey:52 years:1
sdarroh,steven darroh,,2,city:dallas years:1
sdastrup,simon dastrup,,3,city:chicago jersey:61 years:4
sdavidson,shane davidson,,2,jersey:11 years:2
sdavies,steele davies,,3,city:atlanta jersey:30 years:1
sdavies1,sam davies,,2,city:philadelphia years:1
sdiffin,sam diffin,,2,city:atlanta years:1
sdolan,stephen dolan,,1,years:1
sdonnella,sean donnellan,,2,city:rochester years:1
sdupontgr,samuel dupont-gratton,,1,city:ottawa
searley,shane earley,,3,city:oakland jersey:13;4;84 years:5
sebastian,sebastian,,1,years:1
sellison,sam ellison,,2,city:indianapolis years:1
sevans,simon evans,,2,jersey:40 years:1
sfaris,seth faris,,3,city:colorado jersey:11 years:5
sfil,sawyer fil,,2,jersey:25 years:2
sfisherol,seth fisher-olvera,,2,city:boston years:1
sfraner,sam franer,,3,city:portland jersey:30 years:2
sfrankste,sasha frank-stempel,,2,city:dc years:1
sfroebe,shane froebe,,1,years:1
sgabriels,sam gabrielson,,3,city:atlanta;chicago;raleigh jersey:42 years:5
sgainer,sam gainer,,3,city:atlanta jersey:29;92 years:4
sgoldstei,sam goldstein,,2,jersey:9 years:4
sgraham,scott graham,,3,city:ottawa;toronto jersey:36 years:2
sgrondin,stephen grondin,,3,city:detroit jersey:64 years:3
sgrossber,sam grossberg,,2,city:philadelphia years:1
sgudeman,seth gudeman,,3,city:indianapolis jersey:17 years:5
sguerin,stephen guerin,,1,jersey:40
sharkness,sam harkness,,3,city:seattle jersey:9 years:3
shawkins,spencer hawkins,,2,city:indianapolis years:1
shean,stuart hean,,3,city:philadelphia jersey:14 years:1
shearne,scott hearne,,3,city:austin jersey:6 years:4
sheath,shane heath,,2,city:austin years:1
shebert,sam hebert,,3,city:madison jersey:12 years:1
sheyman,scott heyman,,2,jersey:44 years:6
shicks,steven hicks,,3,city:atlanta jersey:62 years:2
shiggins,simon higgins,,3,city:san francisco jersey:1 years:3
shightshu,steven hightshue,,2,city:indianapolis years:1
shoy,samson hoy,,2,city:vancouver years:1
sierardi,stephen ierardi,,2,jersey:24 years:1
singham,samuel ingham,,2,city:indianapolis years:2
sishii,satoru ishii,,2,jersey:20 years:1
siwata,shun iwata,,2,jersey:0 years:1
sjeziersk,sadie jezierski,,2,jersey:77 years:1
sjohansen,simon johansen,,1,city:chicago
sjonas,sam jonas,,1,jersey:12
sjones,selim jones,,3,city:oakland jersey:36 years:1
sjones1,stephen jones,,2,city:austin years:1
skaltenec,scott kaltenecker,,2,jersey:14 years:2
skaminsky,sam kaminsky,,2,city:chicago years:2
skanner,sam kanner,,3,city:san francisco jersey:32 years:3
skeegan,sean keegan,,3,city:new york jersey:2;3 years:2
skelley1,stewart kelley,,1,years:2
skelly,steven kelly,,2,city:houston years:4
sknoche,sterling knoche,,3,city:madison jersey:18 years:2
skoenigsb,seiji koenigsberg,,1,years:1
skunz,sam kunz,,1,years:1
sland,spencer land,,2,city:seattle years:2
slarson,sten larson,,2,jersey:30 years:2
slatarski,spencer latarski,,2,jersey:21 years:2
slauzy,sebastien lauzy,,2,city:austin years:1
slebel,simon-philippe lebel,,2,city:montreal jersey:2
slim,stephanie lim,,3,city:seattle jersey:31 years:2
sliston,sean liston,,2,jersey:20 years:1
slofink,spencer lofink,,3,city:seattle jersey:9 years:5
sloscar,spencer loscar,,3,city:indianapolis jersey:19 years:5
smadiraju,suraj madiraju,,2,city:raleigh years:6
smadiraju1,suhas madiraju,,2,jersey:2 years:3
smagerr,stephen magerr,,1,years:1
smatonis,spencer matonis,,2,city:pittsburgh years:1
smaxcy,sean maxcy,,1,years:1
smccall,sean mccall,,1,years:1
smccall1,stefan mccall,,2,city:oakland years:2
smccrory,samuel mccrory,,2,jersey:8 years:2
smcdonald,sean mcdonald,,2,jersey:11 years:3
smcdougal,sean mcdougall,,2,jersey:10 years:8
smcguinne,sean mcguinness,,2,jersey:42 years:1
smeyer,seth meyer,,3,city:madison jersey:3 years:3
smilardov,steven milardovich,,3,city:san diego jersey:11 years:5
smoghazy,sharief moghazy,,2,city:houston years:1
smolitern,steven moliterno,,1,years:1
smondsche,sarah mondschein,drag'n thrust,1,years:1
smontague,simon montague,,2,city:seattle years:1
smoore,stephen moore,,3,city:cincinnati jersey:43 years:1
smorgan,sam morgan,,2,city:philadelphia years:3
smott,sean mott,,3,city:philadelphia jersey:81 years:11
smurphy,sam murphy,,3,city:austin jersey:99 years:1
snaji,steven naji,,3,city:austin;indianapolis jersey:36 years:4
snewlin,sean newlin,,2,jersey:12 years:2
sng,stephen ng,,3,city:philadelphia jersey:17 years:4
solinger,scott olinger,,1,city:pittsburgh
sotis,shane otis,,3,city:madison jersey:27 years:4
spalchuru,saaketh palchuru,,3,city:austin jersey:0 years:3
spaterka,sam paterka,,1,years:1
spearlman,steven pearlman,,2,city:colorado jersey:30
speezick,sam peezick,,3,city:philadelphia jersey:7 years:1
sperez,simon perez,,2,city:chicago years:1
speterson,stanley peterson,,2,jersey:22 years:2
spew,sam pew,,1,jersey:29;4
spickel,sam pickel,,2,city:seattle years:2
splasman,sam plasman,,2,jersey:26 years:2
splunkett,sean plunkett,,2,jersey:9 years:1
spoulos,stephen poulos,,3,city:tampa bay jersey:14;80 years:8
spritchar,stephanie pritchard,,2,jersey:28 years:1
sradlauer,scott radlauer,,3,city:oregon;san diego jersey:4;94 years:6
sraina,sachin raina,,3,city:toronto jersey:61 years:3
sredding,schuyler redding,,1,years:1
sreinhard,seth reinhardt,,3,city:san francisco jersey:2;31 years:3
sreis,samuel reis,,2,jersey:99 years:2
sreischel,sean reischel,,2,jersey:31 years:1
sreppermu,shayna reppermund,,3,city:pittsburgh jersey:6 years:1
srichgels,scott richgels,,3,city:madison jersey:12 years:3
sroberts,samuel roberts,,2,jersey:57 years:2
srobinson,seamus robinson,,2,jersey:30 years:5
sroeder,scott roeder,,2,jersey:1 years:2
srossi,sebastian rossi,,3,city:boston jersey:80 years:1
sruelle,simon ruelle,,1,years:1
srueschem,solomon rueschemeyer-bailey,,3,city:new york jersey:9 years:6
ssamu,stefan samu,,2,city:san diego years:1
sschlatte,stephen schlatter,,2,city:philadelphia years:1
sschott,stephen schott,,2,city:indianapolis years:1
sschriner,scott schriner,,3,city:cincinnati jersey:1 years:1
sschurer,sam schurer,,3,city:pittsburgh jersey:24;48 years:2
ssears,sean sears,,3,city:atlanta jersey:22 years:3
sseidenbe,shaun seidenberger,,3,city:houston jersey:24 years:2
ssemrin,saeed semrin,,3,city:colorado jersey:10;13 years:4
sshaw,stephen shaw,,1,jersey:18
ssih,spencer sih,,1,years:1
ssisco,shane sisco,,3,city:raleigh jersey:13 years:8
sstjeanti,shawn st-jean timmins,,2,jersey:37 years:1
sswafford,skyler swafford,,2,jersey:40 years:1
sswink,sam swink,,3,city:san francisco jersey:20 years:4
staylor,sam taylor,,1,years:1
staylor1,skylohr taylor,,3,city:san francisco jersey:11;40 years:2
sterada,souichi terada,,1,years:1
sthompson,sawyer thompson,,3,city:oakland;san francisco jersey:17;18 years:4
strimble,scott trimble,,2,city:pittsburgh years:4
stsukamot,shintaro tsukamoto,,3,city:ottawa jersey:15 years:1
svandusen,sam vandusen,,2,city:colorado;pittsburgh years:9
svankan,sef van kan,,3,city:madison jersey:23 years:2
swalker,simon walker,,2,city:ottawa years:2
swallis,spencer wallis,,3,city:seattle jersey:22 years:2
swartinbe,steven wartinbee,,3,city:dc jersey:27 years:3
sweaver,seth weaver,,3,city:chicago;raleigh jersey:4 years:6
swells,seth wells,,3,city:colorado jersey:47 years:4
swestwell,scott westwell,,3,city:ottawa jersey:3 years:3
swhitcomb,spencer whitcomb,,2,jersey:17;77 years:2
swildavsk,saul wildavsky,,2,jersey:90 years:2
swiles,sean wiles,,1,jersey:13
swilkes,sullivan wilkes,,2,jersey:49 years:1
swilliams,sebastian williamson,,3,city:oregon jersey:11 years:1
sworthing,shane worthington,,3,city:seattle jersey:90 years:6
sxu,scott xu,,3,city:philadelphia jersey:11 years:8
szaccaro,sonny zaccaro,,3,city:san francisco jersey:10 years:5
tabeltins,toms abeltins,,2,city:toronto years:1
tadair,tyrell adair,,1,years:1
tadams,tommy adams,,2,jersey:9 years:3
tadams1,trip adams,,3,city:indianapolis jersey:95 years:1
takyuz,tarik akyuz,,3,city:madison;seattle jersey:64 years:6
tallen1,turner allen,,3,city:boston jersey:7 years:5
tanderson,thomas anderson,long beach legacy,1,years:1
tannen,tom annen,,2,city:madison years:9
tbacon,tyler bacon,,2,jersey:55 years:8
tbankston,tucker bankston,,2,city:dallas years:1
tbarbieri,ty barbieri,,3,city:toronto;vancouver jersey:5 years:2
tbarcus,tanner barcus,,2,jersey:14 years:3
tbarrett,tyler barrett,,2,city:chicago years:1
tbarton,taylor barton,,1,jersey:11
tbertrand,tom bertrand,,1,jersey:62
tblasman,tom blasman,,3,city:toronto jersey:1 years:1
tbrooks,taylor brooks,,3,city:new york jersey:7 years:4
tbrooks1,tobias brooks,,3,city:colorado jersey:1 years:4
tcarpente,travis carpenter,,3,city:indianapolis jersey:37 years:9
tcatron,travis catron,,2,jersey:12 years:3
tchamberl,todd chamberlain,,2,city:cincinnati years:1
tchan,tyler chan,,3,city:boston jersey:44 years:4
tchiu,tyler chiu,,2,jersey:50 years:1
tchrzanow,tom chrzanowski,,3,city:tampa bay jersey:34 years:1
tchu,ted chu,,2,city:vancouver years:1
tchukwume,toya chukwumerije,,3,city:houston jersey:25 years:4
tcompo,travis compo,,2,jersey:21 years:3
tcondit,tyler condit,,1,years:1
tconger,tyler conger,,2,jersey:10 years:2
tcoolidge,thomas coolidge,,3,city:madison jersey:48 years:6
tcrowley,trip crowley,,3,city:atlanta jersey:1 years:4
tdavis,topher davis,,2,city:boston years:5
tdebyl,tim debyl,,2,city:madison years:2
tdecraene,tobe decraene,,3,city:boston jersey:33 years:3
tdegirola,tyler degirolamo,,3,city:pittsburgh jersey:81 years:5
tdoi,tom doi,,2,jersey:9;93 years:5
tdubois,thomas dubois,,3,city:montreal jersey:34 years:1
tduellman,tom duellman,,1,years:2
tduke,thomas duke,,3,city:portland jersey:28 years:1
tdunn,travis dunn,,3,city:san diego jersey:80 years:11
tduplaix,thomas duplaix,,3,city:montreal jersey:43;47 years:3
tdynes,trey dynes,,3,city:indianapolis jersey:45 years:1
techols,thomas echols,,3,city:colorado jersey:20 years:3
tedmonds,thomas edmonds,,3,city:boston;pittsburgh jersey:8 years:8
telam,trevor elam,,3,city:austin jersey:22;89 years:4
telliott,timothy elliott,,3,city:colorado jersey:14 years:3
temig,tyler emig,,1,years:1
tfaber,thomas faber,,2,city:montreal years:1
tfarrell,timmer farrell,,2,jersey:33 years:1
tfong,tomas fong,,2,jersey:25 years:2
tfrench,tyler french,,3,city:atlanta jersey:5 years:1
tfriesen,timothy friesen,,2,city:montreal years:1
tgaither,terry gaither,,3,city:indianapolis jersey:33 years:5
tgilligan,tim gilligan,,3,city:san francisco jersey:99 years:2
tgilman,taylor gilman,,2,jersey:67 years:1
tgoforth,taylor goforth,,3,city:atlanta jersey:88 years:1
tgrace,todd grace,,2,city:cincinnati years:1
tgraham,tanner graham,,2,jersey:28 years:2
tgrant,tyler grant,,2,jersey:13 years:2
tgreen,tristan green,,3,city:raleigh jersey:34 years:6
tgriesman,trevor griesman,,3,city:philadelphia jersey:16 years:1
tgrovende,tristan grovender,,2,jersey:10;9 years:4
tgunaseke,tyler gunasekera,,1,years:1
thalberg,tate halberg,,2,jersey:61 years:2
thalkyard,tanner halkyard,,3,city:boston jersey:4 years:1
thansen,thomas hansen,,3,city:pittsburgh jersey:88 years:3
tharper,trevor harper,,1,years:1
thaskell,tyler haskell,,3,city:atlanta;new york jersey:18 years:2
thawks,trevor hawks,,1,years:1
thebert,tyler hebert,,3,city:tampa bay jersey:0 years:2
thebert1,trenton hebert,,3,city:austin jersey:9 years:2
thedges,tannon hedges,,3,city:atlanta jersey:19;87 years:6
thenry,trevor henry,,2,city:toronto years:3
thershber,todd hershberger,,1,jersey:2
thoffman,tucker hoffman,,1,years:1
tholland,troy holland,,2,jersey:80;91 years:6
thorvath,thomas horvath,,1,years:1
thusband,tyler husband,,1,years:1
thustad,tyler hustad,,2,city:dallas years:1
tkelley,trevor kelley,,2,city:salt lake years:1
tkim,theo kim,,1,years:1
tkinley,tyler kinley,,2,city:seattle jersey:2
tknechtel,trevor knechtel,,2,city:vancouver years:2
tknight,travis knight,,2,city:cincinnati years:1
tkoch,trey koch,,2,city:indianapolis years:2
tkominos,tim kominos,,3,city:new york;rochester jersey:11 years:3
tkonogeri,thomas konogeris,,3,city:san diego jersey:16 years:3
tkotwa,taylor kotwa,,2,city:toronto years:1
tkraemer,taylor kraemer,,2,city:chicago years:1
tkuhl,trent kuhl,,3,city:chicago jersey:11 years:1
tkunsa,tyler kunsa,,3,city:atlanta;pittsburgh;tampa bay jersey:8 years:5
tlahey,taylor lahey,,3,city:san francisco jersey:2 years:2
tlalondel,thomas lalonde-landry,,3,city:montreal jersey:24 years:5
tlamar,tommy lamar,,2,city:raleigh years:1
tlassette,thomas lassetter,,1,years:1
tlatham,tyler latham,,2,jersey:22 years:2
tleighton,tavis leighton,,2,city:chicago years:1
tlemos,tucker lemos,,2,jersey:33 years:2
tlin,tommy lin,,3,city:seattle jersey:25;51 years:7
tlootens,tim lootens,,2,city:tampa bay years:4
tlynch,trevor lynch,,3,city:raleigh jersey:76 years:6
tmackey,tyler mackey,,2,city:philadelphia years:2
tmasterso,taylor masterson,,3,city:austin jersey:22 years:1
tmazur,thomas mazur,,2,city:pittsburgh years:1
tmcalear,thomas mcalear,,2,jersey:4 years:1
tmcallist,tim mcallister,,3,city:raleigh jersey:51 years:5
tmccarthy,tyler mccarthy,,2,jersey:16 years:2
tmcknight,thomson mcknight,,3,city:toronto jersey:19 years:6
tmeyer,tyler meyer,,2,jersey:18 years:1
tmeyer1,thomas meyer,,1,years:1
tmiller,tremont miller,,2,city:seattle jersey:7
tminch,taylor minch,,3,city:atlanta;raleigh jersey:22 years:4
tmitchell,terrence mitchell,,3,city:raleigh jersey:8 years:9
tmitchuso,tyler mitchuson,,2,jersey:36 years:2
tmonroe,tyler monroe,,3,city:dc jersey:10 years:6
tmosher,timothy mosher,,3,city:austin;dallas jersey:13;16 years:3
tmurthy,tej murthy,,3,city:new york jersey:10;3 years:3
tnadon,taylor nadon,,2,city:vancouver years:1
tnaquin,ty naquin,,2,jersey:28 years:2
tnguyen,tyler nguyen,,3,city:colorado jersey:27 years:3
tnye,thomas nye,,3,city:philadelphia jersey:22 years:2
tokita,tim okita,,3,city:san diego jersey:44 years:3
tpage,thomas page,,2,jersey:18 years:1
tperston,timmy perston,,3,city:portland jersey:13 years:1
tpeterson,tynan peterson,,3,city:montreal jersey:2 years:2
tphillips,tom phillips,,2,city:cincinnati years:1
tpolisukb,trevor polisuk-balfour,,2,jersey:4 years:4
tpope,taylor pope,,3,city:raleigh jersey:5 years:1
tposl,tim posl,,2,jersey:0 years:1
tpratt,travis pratt,,1,years:1
tpreston,thomas preston,,3,city:philadelphia jersey:2 years:1
tpuckrin,travis puckrin,,1,years:1
tpurdy,trevor purdy,,3,city:san diego jersey:55 years:5
tradcliff,tom radcliffe,,2,jersey:55 years:3
trandall,tyler randall,,3,city:atlanta jersey:11 years:4
treinhard,tyler reinhardt,,3,city:dallas;houston jersey:13;34 years:5
trepasky,tanner repasky,,2,city:jacksonville years:4
triedl,thomas riedl,,2,jersey:95 years:1
troberts,troy roberts,,2,jersey:98 years:2
troberts1,tanner roberts,,3,city:dallas jersey:98 years:5
trobinson,tanner robinson,,3,city:atlanta jersey:22 years:5
trowe,thomas rowe,,2,city:vancouver years:1
tsadler,tyler sadler,,2,city:ottawa years:1
tsander,tynan sander,,3,city:san diego jersey:15 years:2
tsawatzky,trevor sawatzky,,2,city:austin years:2
tschaidhe,theo schaid hefley,,2,jersey:42 years:1
tschewe,ted schewe,,3,city:madison jersey:66 years:7
tschoch,tim schoch,,2,city:chicago years:2
tscott,trevor scott,,2,city:chicago years:1
tsettles,tim settles,,3,city:cincinnati jersey:8 years:3
tshanahan,tyler shanahan,,2,jersey:26 years:1
tshapinsk,theo shapinsky,,2,jersey:23 years:2
tshope,thomas shope,,1,years:3
tslack,thomas slack,,3,city:dallas jersey:27 years:4
tspinks,trenton spinks,,3,city:atlanta jersey:87 years:10
tstanton,tj stanton,,1,years:3
tstanton1,thomas stanton,,3,city:ottawa jersey:81 years:1
ttaliafer,trey taliaferro,,3,city:detroit jersey:8 years:1
ttaylor,trey taylor,,1,years:1
tthomegre,tyler thomegreene,,2,jersey:7 years:5
ttsang,tim tsang,,3,city:vancouver jersey:16 years:3
tvandemoo,tristan van de moortele,,2,jersey:99 years:5
tvenneri,tony venneri,,2,city:seattle years:3
tward,thalia ward,,2,jersey:4 years:1
twarren,toby warren,,3,city:oakland jersey:31 years:2
twight,thomas wight,,2,city:rochester years:1
twissel,tad wissel,,3,city:pittsburgh jersey:71 years:3
twolma,todd wolma,,3,city:colorado jersey:35 years:1
twong,trey wong,,2,city:houston years:1
tyarter,tristan yarter,,3,city:new york;pittsburgh jersey:46 years:5
upatel,unmil patel,,2,jersey:25 years:2
valanguil,von alanguilan,,3,city:chicago jersey:10 years:6
vbrussel,peter van brussel,,1,years:2
vcalderon,vincent calderon,,2,city:raleigh years:1
vcurodeau,victor curodeau,,2,jersey:33 years:2
vdevaraj,vivek devaraj,,2,city:pittsburgh years:1
vgenest,vincent genest,,3,city:montreal jersey:16 years:1
vhoule,vincent houle,,1,jersey:69
vlemieux,vincent lemieux,,3,city:montreal jersey:6 years:1
vluo,victor luo,,3,city:chicago;madison jersey:10 years:9
vmader,vance mader,,2,city:austin years:2
vpendhark,vikrant pendharkar,,3,city:tampa bay jersey:44 years:1
vpria,victor pria,,2,city:atlanta years:1
vrenshaw,valley renshaw,,2,jersey:85 years:1
vsachdeva,vedant sachdeva,,2,city:chicago years:3
vsauv,victor sauve,,3,city:montreal jersey:4 years:2
vsethuram,vikram sethuraman,,2,jersey:0;15 years:2
vtaggart,victor taggart,,2,city:seattle jersey:38
vtranquil,vince tranquillo,,1,city:pittsburgh
vvalsaraj,vinay valsaraj,,2,city:austin years:2
vvitiello,vincenzo vitiello,,3,city:san francisco jersey:16 years:3
vwu,victor wu,,3,city:nashville jersey:3 years:1
vzhivich,victor zhivich,,2,jersey:63 years:1
vzhou,victor zhou,,2,jersey:27 years:1
wanderson,watson anderson,,3,city:dallas jersey:42 years:2
wberreman,wyatt berreman,,2,jersey:98 years:5
wbrockman,warner brockman,,1,years:1
wbrooks,wyatt brooks,,2,city:pittsburgh years:1
wcasperso,will casperson,,3,city:madison jersey:11 years:3
wchen,will chen,,3,city:seattle jersey:25 years:3
wchen1,wesley chen,,2,jersey:2 years:3
wcoffin,william coffin,,3,city:seattle jersey:12;24 years:7
wdickson,will dickson,,3,city:ottawa jersey:40 years:1
wdillende,will dillender-kinast,,2,jersey:99 years:3
wellard,walter ellard,,3,city:atlanta jersey:11 years:2
wfrankenb,walker frankenberg,,2,jersey:4 years:4
wfrolich,will frolich,,3,city:atlanta;chicago jersey:36 years:3
wgardner,wilson gardner,,1,city:rochester
wgoal,willy goal,,3,city:dallas jersey:10 years:1
wgriffin,will griffin,,3,city:san diego jersey:17;4 years:4
wgroth,wesley groth,,3,city:chicago;indianapolis;san diego jersey:22;33 years:5
whelenski,will helenski,,3,city:philadelphia jersey:15 years:1
wherold,will herold,,3,city:seattle jersey:20 years:3
whoffenka,will hoffenkamp,,3,city:pittsburgh jersey:24 years:3
wjansen,walt jansen,,3,city:chicago jersey:6 years:1
wjohnson1,walt johnson,,2,jersey:83 years:3
wkasprzyc,walter kasprzycki,,3,city:indianapolis;seattle jersey:30 years:5
wkellman,wyatt kellman,,3,city:boston jersey:10 years:3
wkrisky,wyatt krisky,,2,city:pittsburgh years:1
wkrisky1,wyatt krisky,,2,city:pittsburgh years:1
wlohre,will lohre,,2,jersey:42 years:1
wlu,wayne lu,,1,jersey:50
wmaroon,william maroon,,1,city:philadelphia
wmatthews,walker matthews,,3,city:raleigh jersey:23 years:5
wmatthews1,wilson matthews,,3,city:chicago jersey:0;11 years:5
wmcdonald,will mcdonald,,2,jersey:51 years:2
wmekler,wyatt mekler,,2,jersey:48 years:1
wmiaw,wesley miaw,,2,city:dallas years:1
wnelson,walden nelson,,2,city:chicago years:1
wquigley,will quigley,,2,jersey:99 years:1
wsaxen,willie saxen,,2,city:seattle jersey:5
wselfridg,will selfridge,,3,city:atlanta;salt lake jersey:5;8 years:4
wstpierre,william st-pierre,,3,city:montreal jersey:10 years:4
wturner,will turner,,1,years:1
wvandenbr,wiebe van den brink,,1,years:1
wvu,william vu,,3,city:vancouver jersey:1 years:1
wwallace,william wallace,,1,years:1
wyan,wes yan,,1,years:1
wzamsky,will zamsky,,2,city:philadelphia years:1
xcharles,xavier charles,,2,jersey:0 years:2
xching,xavier ching,,1,city:san diego
xdaniel,xavier daniel,,2,city:houston jersey:4
xfuzat,xavier fuzat,,3,city:houston jersey:10 years:3
xmaxstadt,xavier maxstadt,,2,jersey:80 years:6
xpayne,xavier payne,,3,city:chicago;cincinnati jersey:23 years:9
xprochask,xavier prochaska,,1,years:1
xschafer,xavier schafer,,1,years:4
yabdullah,yusuf abdullah,,3,city:atlanta jersey:13 years:3
ycabot,yoland cabot,,3,city:montreal jersey:33 years:1
ycohonner,ywan cohonner,,3,city:montreal jersey:22 years:4
ydemiralp,yigit demiralp,,2,city:boston years:1
yhou,yiding hou,,3,city:chicago jersey:16 years:1
ywang,yipeng wang,,2,jersey:38 years:2
zabdulla,zubair abdulla,,3,city:chicago jersey:63 years:4
zarmstron,zachary armstrong,,1,years:4
zavello,zack avello,,3,city:atlanta jersey:3;7 years:4
zbranieck,zibi braniecki,,2,jersey:49 years:1
zburpee,zachary burpee,,3,city:new york jersey:0;6 years:5
zbyrnes,zac byrnes,,1,years:5
zcole,zachary cole,,1,city:atlanta
zcotter,zachary cotter,,3,city:houston jersey:20 years:4
zfloyd,zach floyd,,2,jersey:25 years:1
zgrappone,zach grappone,,2,jersey:32 years:1
zheiden,zach heiden,,2,jersey:45 years:1
zivers,zeke ivers,,3,city:san diego jersey:3 years:2
zkaylor,zach kaylor,,3,city:cincinnati jersey:47 years:1
zkieffer,zach kieffer,,3,city:chicago jersey:0;15 years:3
zmassi,zakarie massi,,3,city:montreal jersey:88 years:3
zmaynard,zach maynard,,1,city:indianapolis
zmorneau,zacharie morneau,,2,city:montreal years:1
zmorton,zach morton,,1,years:2
zpetty,zac petty,,2,jersey:19 years:1
zrankin,zane rankin,,3,city:chicago;seattle jersey:17;27 years:4
zraunig,zeppelin raunig,,3,city:seattle jersey:0;30 years:5
zriggins,zach riggins,,2,city:dallas jersey:21
zsabin,zach sabin,,3,city:seattle jersey:34 years:2
zscheuerm,zac scheuerman,,2,jersey:18 years:2
zsinger,zach singer,,1,years:4
ztheodore,zach theodore,,2,jersey:16 years:5
zthoreson,zeke thoreson,,3,city:colorado jersey:1 years:3
zwenner,zachary wenner,,3,city:dallas jersey:2;5 years:2
zwolfe,zach wolfe,,2,jersey:20 years:1
zzebarth,zach zebarth,,3,city:indianapolis jersey:23 years:4
